z_window,z_threshold,hold_days,signal_date,entry_date,exit_date,signal_z_score,entry_price,exit_price,return,winner,year
5,-1.25,1,2021-01-26,2021-01-27,2021-01-27,-1.3678398818143918,35.78824894463621,32.110191650390625,-0.10277276487976472,False,2021
5,-1.25,1,2021-02-18,2021-02-19,2021-02-19,-1.2705629499690398,43.338726512614365,44.37014004135132,0.023798888701465293,True,2021
5,-1.25,1,2021-02-22,2021-02-23,2021-02-23,-1.3570996793117178,37.370562633059265,38.73167251968384,0.03642198004855546,True,2021
5,-1.25,1,2021-04-14,2021-04-15,2021-04-15,-1.397526545890668,41.12895574704121,42.1323173904419,0.024395504947213986,True,2021
5,-1.25,1,2021-04-19,2021-04-20,2021-04-20,-1.5301677688380682,37.885258638039126,36.549568782806396,-0.03525618943225628,False,2021
5,-1.25,1,2021-04-30,2021-05-03,2021-05-03,-1.5340653337715822,36.63245801109698,34.5141954574585,-0.057824745284545176,False,2021
5,-1.25,1,2021-05-10,2021-05-11,2021-05-11,-1.424801520038772,28.183293496078416,31.121896419525147,0.1042675485693545,True,2021
5,-1.25,1,2021-06-18,2021-06-21,2021-06-21,-1.5633812161757379,36.467358586928334,36.946956184387204,0.013151421326983215,True,2021
5,-1.25,1,2021-07-07,2021-07-08,2021-07-08,-1.4206403911186063,37.438525441748055,38.55587269592285,0.029844852087278717,True,2021
5,-1.25,1,2021-07-15,2021-07-16,2021-07-16,-1.6459661713140536,38.87585504510513,35.628806201934815,-0.08352353509403143,False,2021
5,-1.25,1,2021-07-27,2021-07-28,2021-07-28,-1.657992168978995,38.39998143666492,39.912790786743166,0.03939609586982207,True,2021
5,-1.25,1,2021-08-10,2021-08-11,2021-08-11,-1.597148484343668,43.7608262254665,42.81077643585205,-0.02171005146748295,False,2021
5,-1.25,1,2021-08-12,2021-08-13,2021-08-13,-1.3516599796489477,41.27464028514248,42.142016086578366,0.021014739206536737,True,2021
5,-1.25,1,2021-08-17,2021-08-18,2021-08-18,-1.6303527429974147,39.12835955420487,37.470338985443114,-0.042373883997484874,False,2021
5,-1.25,1,2021-09-08,2021-09-09,2021-09-09,-1.4875212964699196,43.615154285323946,44.14831618881225,0.012224235182121346,True,2021
5,-1.25,1,2021-09-17,2021-09-20,2021-09-20,-1.4575569163394086,42.48860320187897,41.967557693481446,-0.012263182809796103,False,2021
5,-1.25,1,2021-11-26,2021-11-29,2021-11-29,-1.4945150665103286,62.10619762274401,66.3048674697876,0.06760468371526862,True,2021
5,-1.25,1,2021-12-13,2021-12-14,2021-12-14,-1.3928489548196787,58.27007997904644,59.62688264465332,0.023284722898866406,True,2021
5,-1.25,1,2022-03-31,2022-04-01,2022-04-01,-1.3475793303845833,37.959580648833054,35.18814622879028,-0.07301014322791188,False,2022
5,-1.25,1,2022-04-05,2022-04-06,2022-04-06,-1.4554765878357339,29.97320472399012,29.583641292572022,-0.012997056371029103,False,2022
5,-1.25,1,2022-07-26,2022-07-27,2022-07-27,-1.3094537720563677,16.849374037026216,18.184655113220217,0.07924811172567847,True,2022
5,-1.25,1,2022-08-09,2022-08-10,2022-08-10,-1.6977630475495098,18.56155034397228,19.330297874450682,0.04141612722172461,True,2022
5,-1.25,1,2022-08-22,2022-08-23,2022-08-23,-1.5346900966995287,16.615895715491366,16.825418100357055,0.012609755649245269,True,2022
5,-1.25,1,2022-12-06,2022-12-07,2022-12-07,-1.4733785299392534,11.136297701975419,11.396525301933288,0.02336751467336473,True,2022
5,-1.25,1,2023-01-30,2023-01-31,2023-01-31,-1.4423056443154962,13.389680995917725,14.193835055351258,0.060057745937241114,True,2023
5,-1.25,1,2023-02-17,2023-02-21,2023-02-21,-1.341020551107981,14.486711535417783,13.695288728713988,-0.054630949527012196,False,2023
5,-1.25,1,2023-04-04,2023-04-05,2023-04-05,-1.2656767680825702,15.940766754820636,15.585843752861022,-0.02226511481025728,False,2023
5,-1.25,1,2023-04-12,2023-04-13,2023-04-13,-1.3490809032977926,15.097132263041104,15.341090772628784,0.016159261595985797,True,2023
5,-1.25,1,2023-04-19,2023-04-20,2023-04-20,-1.6197637960192615,14.50855120822883,14.880957189559936,0.025668033698629245,True,2023
5,-1.25,1,2023-04-21,2023-04-24,2023-04-24,-1.3363205061529229,14.49873980360003,14.322920127868652,-0.012126548797552816,False,2023
5,-1.25,1,2023-04-25,2023-04-26,2023-04-26,-1.7032257618443751,13.360814472170603,13.089366974830627,-0.02031668787148988,False,2023
5,-1.25,1,2023-05-04,2023-05-05,2023-05-05,-1.2775308398422134,13.360814412333522,14.16627856349945,0.060285557923953625,True,2023
5,-1.25,1,2023-05-24,2023-05-25,2023-05-25,-1.6201453318052021,17.81441975929096,18.748046464920044,0.05240848246781438,True,2023
5,-1.25,1,2023-06-20,2023-06-21,2023-06-21,-1.2809040520692014,23.746660375177495,22.33628965187073,-0.05939238196125607,False,2023
5,-1.25,1,2023-07-20,2023-07-21,2023-07-21,-1.5592558018264884,24.571943505890648,24.434601608276367,-0.005589378698569569,False,2023
5,-1.25,1,2023-08-02,2023-08-03,2023-08-03,-1.4541138854609805,23.86455968921045,24.660125827789308,0.03333671976099972,True,2023
5,-1.25,1,2023-08-08,2023-08-09,2023-08-09,-1.3949751179999015,23.972631924380487,22.640251361846925,-0.0555792358025784,False,2023
5,-1.25,1,2023-11-28,2023-11-29,2023-11-29,-1.6248555088954826,23.087323651783716,22.80547979736328,-0.01220773176966583,False,2023
5,-1.25,1,2023-12-04,2023-12-05,2023-12-05,-1.2867637636310176,21.335599608811798,21.53850806236267,0.009510323462719628,True,2023
5,-1.25,1,2023-12-20,2023-12-21,2023-12-21,-1.7501443873075508,29.343188701449197,29.78658222198486,0.01511061136016778,True,2023
5,-1.25,1,2024-01-02,2024-01-03,2024-01-03,-1.7513322558852733,26.226400861672825,25.83931959915161,-0.014759221616523543,False,2024
5,-1.25,1,2024-01-12,2024-01-16,2024-01-16,-1.2878604743228224,27.765069279774334,28.733324781417846,0.03487315273327418,True,2024
5,-1.25,1,2024-01-26,2024-01-29,2024-01-29,-1.3890421774419806,33.761926423001555,34.491798900604245,0.02161821184188817,True,2024
5,-1.25,1,2024-02-28,2024-02-29,2024-02-29,-1.3227414918548208,40.646479032260466,42.16976693344116,0.03747650319162177,True,2024
5,-1.25,1,2024-03-14,2024-03-15,2024-03-15,-1.4273036468808038,41.23827559807437,42.07133183670044,0.020201044455529393,True,2024
5,-1.25,1,2024-04-12,2024-04-15,2024-04-15,-1.4022113060977295,42.43705497587952,39.18988160705566,-0.07651740608931268,False,2024
5,-1.25,1,2024-06-24,2024-06-25,2024-06-25,-1.4536533252440398,53.68277869468384,54.63260671234131,0.017693346744577676,True,2024
5,-1.25,1,2024-07-17,2024-07-18,2024-07-18,-1.7484324087255723,53.613488324659784,51.036539783477785,-0.04806530262640485,False,2024
5,-1.25,1,2024-08-22,2024-08-23,2024-08-23,-1.5300357781618539,38.76484443567189,39.91242875289917,0.029603738488661602,True,2024
5,-1.25,1,2024-10-01,2024-10-02,2024-10-02,-1.329995084409319,33.567801968718875,34.59928103256225,0.030728227746475323,True,2024
5,-1.25,1,2024-10-15,2024-10-16,2024-10-16,-1.5669318167777775,35.45196556078818,34.10444174194336,-0.038009847903475724,False,2024
5,-1.25,1,2024-10-23,2024-10-24,2024-10-24,-1.6612053945246938,34.29172253324224,33.93619889831543,-0.010367622524128595,False,2024
5,-1.25,1,2024-10-31,2024-11-01,2024-11-01,-1.5471607320464118,30.434150582705534,30.511897974014282,0.002554610193488571,True,2024
5,-1.25,1,2024-11-12,2024-11-13,2024-11-13,-1.2728015580323608,30.57298524778542,29.38366332435608,-0.0389010727539435,False,2024
5,-1.25,1,2024-11-15,2024-11-18,2024-11-18,-1.4626660304210528,26.477413909633217,27.384502910614014,0.034258972725836,True,2024
5,-1.25,1,2024-11-27,2024-11-29,2024-11-29,-1.5306475463732707,27.320326604381687,27.770478624343873,0.0164768169312437,True,2024
5,-1.25,1,2024-12-10,2024-12-11,2024-12-11,-1.5405055461573194,28.093825835278203,28.819544094085693,0.025831948381205727,True,2024
5,-1.25,1,2024-12-19,2024-12-20,2024-12-20,-1.33129418121041,25.604750189263072,27.018320920944213,0.05520736274450733,True,2024
5,-1.25,1,2024-12-30,2024-12-31,2024-12-31,-1.6223836825274622,28.044005721247803,27.104664087295532,-0.03349527322484358,False,2024
5,-1.25,1,2025-05-19,2025-05-20,2025-05-20,-1.438152257420263,17.57693769935488,17.890264434814455,0.01782601388358307,True,2025
5,-1.25,1,2025-05-21,2025-05-22,2025-05-22,-1.6680343735336967,16.92852358573872,16.436742376327516,-0.029050448901846382,False,2025
5,-1.25,1,2025-06-13,2025-06-16,2025-06-16,-1.389872563924819,20.779089921195233,21.802825160980223,0.04926756867925919,True,2025
5,-1.25,1,2025-07-22,2025-07-23,2025-07-23,-1.6680922567930943,25.668191678003822,25.746739923477172,0.0030601394308840124,True,2025
5,-1.25,1,2025-07-31,2025-08-01,2025-08-01,-1.322019635179756,23.596724056565943,24.048932670593263,0.01916404213327616,True,2025
5,-1.25,1,2025-08-19,2025-08-20,2025-08-20,-1.2742506994676737,26.128519009906032,25.766712759017945,-0.013847177895957907,False,2025
5,-1.25,1,2025-08-29,2025-09-02,2025-09-02,-1.590027342803307,24.097078995766488,25.21742357826233,0.04649296218403376,True,2025
5,-1.25,1,2025-10-10,2025-10-13,2025-10-13,-1.6157459693088616,38.26822954177856,39.10085939025879,0.021757731111422984,True,2025
5,-1.25,1,2025-10-22,2025-10-23,2025-10-23,-1.5161545276138848,37.76772954177856,41.128828170776366,0.08899392867341338,True,2025
5,-1.25,1,2025-11-04,2025-11-05,2025-11-05,-1.707625816318811,43.26322122192382,46.78317182922363,0.08136126963925805,True,2025
5,-1.25,1,2025-11-13,2025-11-14,2025-11-14,-1.40389218424212,35.77574168014526,38.821140609741214,0.08512469026703884,True,2025
5,-1.25,1,2025-12-12,2025-12-15,2025-12-15,-1.7394666220687278,43.15311061096191,41.138820304870606,-0.04667775457140799,False,2025
5,-1.25,1,2026-05-15,2026-05-18,2026-05-18,-1.4144026719221219,173.12294694519042,151.59825,-0.1243318538934356,False,2026
5,-1.25,1,2026-06-05,2026-06-08,2026-06-08,-1.5506494524841414,210.83061511230466,211.22856243896484,0.001887521536889647,True,2026
5,-1.25,2,2021-01-26,2021-01-27,2021-01-28,-1.3678398818143918,35.78824894463621,34.03811714172363,-0.04890241502511061,False,2021
5,-1.25,2,2021-02-18,2021-02-19,2021-02-22,-1.2705629499690398,43.338726512614365,39.53385186767578,-0.08779387285021223,False,2021
5,-1.25,2,2021-02-22,2021-02-23,2021-02-24,-1.3570996793117178,37.370562633059265,42.38085171890259,0.13407047506988978,True,2021
5,-1.25,2,2021-04-14,2021-04-15,2021-04-16,-1.397526545890668,41.12895574704121,41.43448000717163,0.007428446810308298,True,2021
5,-1.25,2,2021-04-19,2021-04-20,2021-04-21,-1.5301677688380682,37.885258638039126,39.49601742553711,0.0425167689334629,True,2021
5,-1.25,2,2021-04-30,2021-05-03,2021-05-04,-1.5340653337715822,36.63245801109698,32.9246649055481,-0.10121606102505287,False,2021
5,-1.25,2,2021-05-10,2021-05-11,2021-05-12,-1.424801520038772,28.183293496078416,27.26437245941162,-0.03260516861858809,False,2021
5,-1.25,2,2021-06-18,2021-06-21,2021-06-22,-1.5633812161757379,36.467358586928334,37.41218872833252,0.025908927271273585,True,2021
5,-1.25,2,2021-07-07,2021-07-08,2021-07-09,-1.4206403911186063,37.438525441748055,40.484648014068604,0.08136331589928991,True,2021
5,-1.25,2,2021-07-15,2021-07-16,2021-07-19,-1.6459661713140536,38.87585504510513,35.70634241867065,-0.08152907820952371,False,2021
5,-1.25,2,2021-07-27,2021-07-28,2021-07-29,-1.657992168978995,38.39998143666492,42.112942863464355,0.09669175056564572,True,2021
5,-1.25,2,2021-08-10,2021-08-11,2021-08-12,-1.597148484343668,43.7608262254665,41.30848079681397,-0.05603974239465792,False,2021
5,-1.25,2,2021-08-12,2021-08-13,2021-08-16,-1.3516599796489477,41.27464028514248,41.686486049652096,0.009978179377564844,True,2021
5,-1.25,2,2021-08-17,2021-08-18,2021-08-19,-1.6303527429974147,39.12835955420487,38.41049514770508,-0.018346396697396128,False,2021
5,-1.25,2,2021-09-08,2021-09-09,2021-09-10,-1.4875212964699196,43.615154285323946,45.15632130432129,0.035335585629601374,True,2021
5,-1.25,2,2021-09-17,2021-09-20,2021-09-21,-1.4575569163394086,42.48860320187897,42.258324222564696,-0.005419782293622055,False,2021
5,-1.25,2,2021-11-26,2021-11-29,2021-11-30,-1.4945150665103286,62.10619762274401,62.67995978164673,0.009238404231216357,True,2021
5,-1.25,2,2021-12-13,2021-12-14,2021-12-15,-1.3928489548196787,58.27007997904644,66.02379963684082,0.13306519676277384,True,2021
5,-1.25,2,2022-03-31,2022-04-01,2022-04-04,-1.3475793303845833,37.959580648833054,36.807435962677005,-0.03035188130276323,False,2022
5,-1.25,2,2022-04-05,2022-04-06,2022-04-07,-1.4554765878357339,29.97320472399012,29.583641292572022,-0.012997056371029103,False,2022
5,-1.25,2,2022-07-26,2022-07-27,2022-07-28,-1.3094537720563677,16.849374037026216,18.806023326873778,0.11612593355384337,True,2022
5,-1.25,2,2022-08-09,2022-08-10,2022-08-11,-1.6977630475495098,18.56155034397228,19.204079538345336,0.034616138332524304,True,2022
5,-1.25,2,2022-08-22,2022-08-23,2022-08-24,-1.5346900966995287,16.615895715491366,16.903091508865355,0.017284400329151683,True,2022
5,-1.25,2,2022-12-06,2022-12-07,2022-12-08,-1.4733785299392534,11.136297701975419,12.29266100692749,0.10383731971775045,True,2022
5,-1.25,2,2023-01-30,2023-01-31,2023-02-01,-1.4423056443154962,13.389680995917725,16.422615434646605,0.22651282279641816,True,2023
5,-1.25,2,2023-02-17,2023-02-21,2023-02-22,-1.341020551107981,14.486711535417783,13.519333611488342,-0.06677691631840321,False,2023
5,-1.25,2,2023-04-04,2023-04-05,2023-04-06,-1.2656767680825702,15.940766754820636,15.331300615310669,-0.038233175912047,False,2023
5,-1.25,2,2023-04-12,2023-04-13,2023-04-14,-1.3490809032977926,15.097132263041104,15.252981262207031,0.010323086295498385,True,2023
5,-1.25,2,2023-04-19,2023-04-20,2023-04-21,-1.6197637960192615,14.50855120822883,14.54809279346466,0.0027253986058513036,True,2023
5,-1.25,2,2023-04-21,2023-04-24,2023-04-25,-1.3363205061529229,14.49873980360003,12.922936205863953,-0.10868555606086572,False,2023
5,-1.25,2,2023-04-25,2023-04-26,2023-04-27,-1.7032257618443751,13.360814472170603,13.255800601959228,-0.007859840463327217,False,2023
5,-1.25,2,2023-05-04,2023-05-05,2023-05-08,-1.2775308398422134,13.360814412333522,14.342500442504884,0.07347501431238768,True,2023
5,-1.25,2,2023-05-24,2023-05-25,2023-05-26,-1.6201453318052021,17.81441975929096,22.3997541847229,0.25739454258904493,True,2023
5,-1.25,2,2023-06-20,2023-06-21,2023-06-22,-1.2809040520692014,23.746660375177495,22.650052951812743,-0.046179437699418235,False,2023
5,-1.25,2,2023-07-20,2023-07-21,2023-07-24,-1.5592558018264884,24.571943505890648,24.414992712020872,-0.006387398450275139,False,2023
5,-1.25,2,2023-08-02,2023-08-03,2023-08-04,-1.4541138854609805,23.86455968921045,24.395381910324097,0.022243118164616327,True,2023
5,-1.25,2,2023-08-08,2023-08-09,2023-08-10,-1.3949751179999015,23.972631924380487,22.36570013809204,-0.06703193005079155,False,2023
5,-1.25,2,2023-11-28,2023-11-29,2023-11-30,-1.6248555088954826,23.087323651783716,22.40279526901245,-0.029649533791604288,False,2023
5,-1.25,2,2023-12-04,2023-12-05,2023-12-06,-1.2867637636310176,21.335599608811798,21.08672031211853,-0.0116649778425012,False,2023
5,-1.25,2,2023-12-20,2023-12-21,2023-12-22,-1.7501443873075508,29.343188701449197,30.032668058395387,0.023497083563796206,True,2023
5,-1.25,2,2024-01-02,2024-01-03,2024-01-04,-1.7513322558852733,26.226400861672825,25.1798006401062,-0.039906361040035865,False,2024
5,-1.25,2,2024-01-12,2024-01-16,2024-01-17,-1.2878604743228224,27.765069279774334,27.985212329864503,0.007928777265848064,True,2024
5,-1.25,2,2024-01-26,2024-01-29,2024-01-30,-1.3890421774419806,33.761926423001555,33.005425128936764,-0.022406935095664382,False,2024
5,-1.25,2,2024-02-28,2024-02-29,2024-03-01,-1.3227414918548208,40.646479032260466,47.57387660980225,0.1704304466825679,True,2024
5,-1.25,2,2024-03-14,2024-03-15,2024-03-18,-1.4273036468808038,41.23827559807437,41.87446164321899,0.015427076809543694,True,2024
5,-1.25,2,2024-04-12,2024-04-15,2024-04-16,-1.4022113060977295,42.43705497587952,39.93861332702637,-0.05887405830289649,False,2024
5,-1.25,2,2024-06-24,2024-06-25,2024-06-26,-1.4536533252440398,53.68277869468384,54.11888068771362,0.008123685167455097,True,2024
5,-1.25,2,2024-07-17,2024-07-18,2024-07-19,-1.7484324087255723,53.613488324659784,46.432776420593264,-0.1339348012683539,False,2024
5,-1.25,2,2024-08-22,2024-08-23,2024-08-26,-1.5300357781618539,38.76484443567189,36.918995738983156,-0.0476165640172197,False,2024
5,-1.25,2,2024-10-01,2024-10-02,2024-10-03,-1.329995084409319,33.567801968718875,34.84670639419556,0.03809914115521962,True,2024
5,-1.25,2,2024-10-15,2024-10-16,2024-10-17,-1.5669318167777775,35.45196556078818,34.84670639419556,-0.01707265470386432,False,2024
5,-1.25,2,2024-10-23,2024-10-24,2024-10-25,-1.6612053945246938,34.29172253324224,34.915984428405764,0.018204448451324184,True,2024
5,-1.25,2,2024-10-31,2024-11-01,2024-11-04,-1.5471607320464118,30.434150582705534,30.036848596572877,-0.013054479212520786,False,2024
5,-1.25,2,2024-11-12,2024-11-13,2024-11-14,-1.2728015580323608,30.57298524778542,29.29458966064453,-0.04181454891564751,False,2024
5,-1.25,2,2024-11-15,2024-11-18,2024-11-19,-1.4626660304210528,26.477413909633217,27.56264642715454,0.04098710399834338,True,2024
5,-1.25,2,2024-11-27,2024-11-29,2024-12-02,-1.5306475463732707,27.320326604381687,29.888397571563722,0.09399854563854904,True,2024
5,-1.25,2,2024-12-10,2024-12-11,2024-12-12,-1.5405055461573194,28.093825835278203,28.166351200103758,0.002581541056415393,True,2024
5,-1.25,2,2024-12-19,2024-12-20,2024-12-23,-1.33129418121041,25.604750189263072,29.367524236679078,0.14695609289692912,True,2024
5,-1.25,2,2024-12-30,2024-12-31,2025-01-02,-1.6223836825274622,28.044005721247803,27.461959098815917,-0.02075476050808578,False,2024
5,-1.25,2,2025-05-19,2025-05-20,2025-05-21,-1.438152257420263,17.57693769935488,16.924567737579345,-0.03711510918079197,False,2025
5,-1.25,2,2025-05-21,2025-05-22,2025-05-23,-1.6680343735336967,16.92852358573872,15.660202646255494,-0.07492212377881036,False,2025
5,-1.25,2,2025-06-13,2025-06-16,2025-06-17,-1.389872563924819,20.779089921195233,21.324955730438234,0.026269957505992814,True,2025
5,-1.25,2,2025-07-22,2025-07-23,2025-07-24,-1.6680922567930943,25.668191678003822,25.58694771194458,-0.0031651612656791173,False,2025
5,-1.25,2,2025-07-31,2025-08-01,2025-08-04,-1.322019635179756,23.596724056565943,24.96774598503113,0.058102214747207226,True,2025
5,-1.25,2,2025-08-19,2025-08-20,2025-08-21,-1.2742506994676737,26.128519009906032,25.317295377731323,-0.031047440226794065,False,2025
5,-1.25,2,2025-08-29,2025-09-02,2025-09-03,-1.590027342803307,24.097078995766488,24.877862508773802,0.032401583326530536,True,2025
5,-1.25,2,2025-10-10,2025-10-13,2025-10-14,-1.6157459693088616,38.26822954177856,36.593371067047116,-0.04376629111892805,False,2025
5,-1.25,2,2025-10-22,2025-10-23,2025-10-24,-1.5161545276138848,37.76772954177856,43.096859390258786,0.14110273275985952,True,2025
5,-1.25,2,2025-11-04,2025-11-05,2025-11-06,-1.707625816318811,43.26322122192382,42.96698832321167,-0.00684722242924507,False,2025
5,-1.25,2,2025-11-13,2025-11-14,2025-11-17,-1.40389218424212,35.77574168014526,36.803160152435304,0.028718299720400742,True,2025
5,-1.25,2,2025-12-12,2025-12-15,2025-12-16,-1.7394666220687278,43.15311061096191,40.44951167678833,-0.06265131055203232,False,2025
5,-1.25,2,2026-05-15,2026-05-18,2026-05-19,-1.4144026719221219,173.12294694519042,151.73810939025878,-0.12352399223946864,False,2026
5,-1.25,2,2026-06-05,2026-06-08,2026-06-09,-1.5506494524841414,210.83061511230466,201.47831268310546,-0.04435931861327369,False,2026
5,-1.25,3,2021-01-26,2021-01-27,2021-01-29,-1.3678398818143918,35.78824894463621,32.35884792709351,-0.09582477820716861,False,2021
5,-1.25,3,2021-02-18,2021-02-19,2021-02-23,-1.2705629499690398,43.338726512614365,38.73167251968384,-0.10630340029925833,False,2021
5,-1.25,3,2021-02-22,2021-02-23,2021-02-25,-1.3570996793117178,37.370562633059265,35.088956577301026,-0.061053564490352485,False,2021
5,-1.25,3,2021-04-14,2021-04-15,2021-04-19,-1.397526545890668,41.12895574704121,38.381410491943356,-0.06680318537616925,False,2021
5,-1.25,3,2021-04-19,2021-04-20,2021-04-22,-1.5301677688380682,37.885258638039126,36.8112658996582,-0.028348565563244388,False,2021
5,-1.25,3,2021-04-30,2021-05-03,2021-05-05,-1.5340653337715822,36.63245801109698,33.48681200408936,-0.0858704596359523,False,2021
5,-1.25,3,2021-05-10,2021-05-11,2021-05-13,-1.424801520038772,28.183293496078416,28.42744810295105,0.00866309705452295,True,2021
5,-1.25,3,2021-06-18,2021-06-21,2021-06-23,-1.5633812161757379,36.467358586928334,37.84834423828125,0.03786908909404607,True,2021
5,-1.25,3,2021-07-07,2021-07-08,2021-07-12,-1.4206403911186063,37.438525441748055,41.99663091659546,0.1217490651959443,True,2021
5,-1.25,3,2021-07-15,2021-07-16,2021-07-20,-1.6459661713140536,38.87585504510513,37.160190307617185,-0.044131884314759784,False,2021
5,-1.25,3,2021-07-27,2021-07-28,2021-07-30,-1.657992168978995,38.39998143666492,43.02401055908203,0.12041748327518742,True,2021
5,-1.25,3,2021-08-10,2021-08-11,2021-08-13,-1.597148484343668,43.7608262254665,42.142016086578366,-0.03699222063467522,False,2021
5,-1.25,3,2021-08-12,2021-08-13,2021-08-17,-1.3516599796489477,41.27464028514248,39.21495721435547,-0.04990190239231296,False,2021
5,-1.25,3,2021-08-17,2021-08-18,2021-08-20,-1.6303527429974147,39.12835955420487,39.18587636947632,0.0014699521249228464,True,2021
5,-1.25,3,2021-09-08,2021-09-09,2021-09-13,-1.4875212964699196,43.615154285323946,46.39692363739014,0.06377988104474563,True,2021
5,-1.25,3,2021-09-17,2021-09-20,2021-09-22,-1.4575569163394086,42.48860320187897,44.83646630859375,0.05525865596379376,True,2021
5,-1.25,3,2021-11-26,2021-11-29,2021-12-01,-1.4945150665103286,62.10619762274401,61.21642081832886,-0.0143266990811447,False,2021
5,-1.25,3,2021-12-13,2021-12-14,2021-12-16,-1.3928489548196787,58.27007997904644,57.40735604095459,-0.01480560758458005,False,2021
5,-1.25,3,2022-03-31,2022-04-01,2022-04-05,-1.3475793303845833,37.959580648833054,31.881689226150513,-0.1601148199952358,False,2022
5,-1.25,3,2022-04-05,2022-04-06,2022-04-08,-1.4554765878357339,29.97320472399012,27.431047124862673,-0.08481434075992345,False,2022
5,-1.25,3,2022-07-26,2022-07-27,2022-07-29,-1.3094537720563677,16.849374037026216,19.252626371383666,0.1426315499362969,True,2022
5,-1.25,3,2022-08-09,2022-08-10,2022-08-12,-1.6977630475495098,18.56155034397228,20.971088607788086,0.12981341639914712,True,2022
5,-1.25,3,2022-08-22,2022-08-23,2022-08-25,-1.5346900966995287,16.615895715491366,18.757476493835448,0.12888747107069531,True,2022
5,-1.25,3,2022-12-06,2022-12-07,2022-12-09,-1.4733785299392534,11.136297701975419,12.00044157886505,0.0775970524509546,True,2022
5,-1.25,3,2023-01-30,2023-01-31,2023-02-02,-1.4423056443154962,13.389680995917725,17.51745722579956,0.30828040123885847,True,2023
5,-1.25,3,2023-02-17,2023-02-21,2023-02-23,-1.341020551107981,14.486711535417783,14.741253092765808,0.017570692750090933,True,2023
5,-1.25,3,2023-04-04,2023-04-05,2023-04-10,-1.2656767680825702,15.940766754820636,16.04597638320923,0.006600035619790834,True,2023
5,-1.25,3,2023-04-12,2023-04-13,2023-04-17,-1.3490809032977926,15.097132263041104,15.252981262207031,0.010323086295498385,True,2023
5,-1.25,3,2023-04-19,2023-04-20,2023-04-24,-1.6197637960192615,14.50855120822883,14.322920127868652,-0.012794598006098168,False,2023
5,-1.25,3,2023-04-21,2023-04-24,2023-04-26,-1.3363205061529229,14.49873980360003,13.089366974830627,-0.09720657435479019,False,2023
5,-1.25,3,2023-04-25,2023-04-26,2023-04-28,-1.7032257618443751,13.360814472170603,13.931317646026612,0.04269973024805607,True,2023
5,-1.25,3,2023-05-04,2023-05-05,2023-05-09,-1.2775308398422134,13.360814412333522,13.647403083801269,0.021449940297291636,True,2023
5,-1.25,3,2023-05-24,2023-05-25,2023-05-30,-1.6201453318052021,17.81441975929096,22.389967838287355,0.25684519287304064,True,2023
5,-1.25,3,2023-06-20,2023-06-21,2023-06-23,-1.2809040520692014,23.746660375177495,21.463620409011842,-0.0961415175900745,False,2023
5,-1.25,3,2023-07-20,2023-07-21,2023-07-25,-1.5592558018264884,24.571943505890648,25.62103415107727,0.04269465477710899,True,2023
5,-1.25,3,2023-08-02,2023-08-03,2023-08-07,-1.4541138854609805,23.86455968921045,25.160189838409423,0.05429097230671931,True,2023
5,-1.25,3,2023-08-08,2023-08-09,2023-08-11,-1.3949751179999015,23.972631924380487,20.72822868347168,-0.13533779900108522,False,2023
5,-1.25,3,2023-11-28,2023-11-29,2023-12-01,-1.6248555088954826,23.087323651783716,22.658158699035646,-0.01858877015027738,False,2023
5,-1.25,3,2023-12-04,2023-12-05,2023-12-07,-1.2867637636310176,21.335599608811798,22.766193408966064,0.0670519613408671,True,2023
5,-1.25,3,2023-12-20,2023-12-21,2023-12-26,-1.7501443873075508,29.343188701449197,31.65685668182373,0.07884855337007957,True,2023
5,-1.25,3,2024-01-02,2024-01-03,2024-01-05,-1.7513322558852733,26.226400861672825,25.52432347869873,-0.026769871576244775,False,2024
5,-1.25,3,2024-01-12,2024-01-16,2024-01-18,-1.2878604743228224,27.765069279774334,30.70203243255615,0.10577906805085013,True,2024
5,-1.25,3,2024-01-26,2024-01-29,2024-01-31,-1.3890421774419806,33.761926423001555,31.597791812896727,-0.06409985564776399,False,2024
5,-1.25,3,2024-02-28,2024-02-29,2024-03-04,-1.3227414918548208,40.646479032260466,48.991345813751224,0.2053035583935221,True,2024
5,-1.25,3,2024-03-14,2024-03-15,2024-03-19,-1.4273036468808038,41.23827559807437,40.80555100250244,-0.010493275707971983,False,2024
5,-1.25,3,2024-04-12,2024-04-15,2024-04-17,-1.4022113060977295,42.43705497587952,36.51023285293579,-0.13966148514105015,False,2024
5,-1.25,3,2024-06-24,2024-06-25,2024-06-27,-1.4536533252440398,53.68277869468384,53.15071453857422,-0.00991126333336223,False,2024
5,-1.25,3,2024-07-17,2024-07-18,2024-07-22,-1.7484324087255723,53.613488324659784,52.29121189498901,-0.024663129950874385,False,2024
5,-1.25,3,2024-08-22,2024-08-23,2024-08-27,-1.5300357781618539,38.76484443567189,38.02548930358887,-0.019072825980507635,False,2024
5,-1.25,3,2024-10-01,2024-10-02,2024-10-04,-1.329995084409319,33.567801968718875,36.30153749084473,0.08143921739866578,True,2024
5,-1.25,3,2024-10-15,2024-10-16,2024-10-18,-1.5669318167777775,35.45196556078818,34.90608756637573,-0.015397679247895368,False,2024
5,-1.25,3,2024-10-23,2024-10-24,2024-10-28,-1.6612053945246938,34.29172253324224,34.985258651733396,0.020224592620532222,True,2024
5,-1.25,3,2024-10-31,2024-11-01,2024-11-05,-1.5471607320464118,30.434150582705534,31.056219669342042,0.020439837311904574,True,2024
5,-1.25,3,2024-11-12,2024-11-13,2024-11-15,-1.2728015580323608,30.57298524778542,26.384923656463624,-0.13698569365662983,False,2024
5,-1.25,3,2024-11-15,2024-11-18,2024-11-20,-1.4626660304210528,26.477413909633217,26.850076171875,0.014074722837875031,True,2024
5,-1.25,3,2024-11-27,2024-11-29,2024-12-03,-1.5306475463732707,27.320326604381687,29.423246961593627,0.07697273856435771,True,2024
5,-1.25,3,2024-12-10,2024-12-11,2024-12-13,-1.5405055461573194,28.093825835278203,30.383240673065185,0.08149174310435492,True,2024
5,-1.25,3,2024-12-19,2024-12-20,2024-12-24,-1.33129418121041,25.604750189263072,30.25083155822754,0.18145388393254946,True,2024
5,-1.25,3,2024-12-30,2024-12-31,2025-01-03,-1.6223836825274622,28.044005721247803,29.59579419708252,0.055334052177110626,True,2024
5,-1.25,3,2025-05-19,2025-05-20,2025-05-22,-1.438152257420263,17.57693769935488,16.436742376327516,-0.06486882655726833,False,2025
5,-1.25,3,2025-05-21,2025-05-22,2025-05-27,-1.6680343735336967,16.92852358573872,17.213282106399536,0.016821225975117482,True,2025
5,-1.25,3,2025-06-13,2025-06-16,2025-06-18,-1.389872563924819,20.779089921195233,21.51411269760132,0.035373193878734055,True,2025
5,-1.25,3,2025-07-22,2025-07-23,2025-07-25,-1.6680922567930943,25.668191678003822,25.566972970962524,-0.003943351690334995,False,2025
5,-1.25,3,2025-07-31,2025-08-01,2025-08-05,-1.322019635179756,23.596724056565943,24.48836553955078,0.03778666398129671,True,2025
5,-1.25,3,2025-08-19,2025-08-20,2025-08-22,-1.2742506994676737,26.128519009906032,27.41458601760864,0.04922081527908362,True,2025
5,-1.25,3,2025-08-29,2025-09-02,2025-09-04,-1.590027342803307,24.097078995766488,25.616906965255737,0.06307104565479738,True,2025
5,-1.25,3,2025-10-10,2025-10-13,2025-10-15,-1.6157459693088616,38.26822954177856,39.94001954269409,0.04368610779577309,True,2025
5,-1.25,3,2025-10-22,2025-10-23,2025-10-27,-1.5161545276138848,37.76772954177856,46.793160152435306,0.23897201976816862,True,2025
5,-1.25,3,2025-11-04,2025-11-05,2025-11-07,-1.707625816318811,43.26322122192382,41.69826167678833,-0.036172977899815884,False,2025
5,-1.25,3,2025-11-13,2025-11-14,2025-11-18,-1.40389218424212,35.77574168014526,34.315648475646974,-0.040812381125521324,False,2025
5,-1.25,3,2025-12-12,2025-12-15,2025-12-17,-1.7394666220687278,43.15311061096191,35.97398832321167,-0.166363958150599,False,2025
5,-1.25,3,2026-05-15,2026-05-18,2026-05-20,-1.4144026719221219,173.12294694519042,173.02679695129393,-0.0005553856123240442,False,2026
5,-1.25,3,2026-06-05,2026-06-08,2026-06-10,-1.5506494524841414,210.83061511230466,180.4693439025879,-0.14400788611058224,False,2026
5,-1.25,5,2021-01-26,2021-01-27,2021-02-02,-1.3678398818143918,35.78824894463621,37.83003294754028,0.057051799490460686,True,2021
5,-1.25,5,2021-02-18,2021-02-19,2021-02-25,-1.2705629499690398,43.338726512614365,35.088956577301026,-0.19035561492357478,False,2021
5,-1.25,5,2021-02-22,2021-02-23,2021-03-01,-1.3570996793117178,37.370562633059265,41.23054443740845,0.10328936821878387,True,2021
5,-1.25,5,2021-04-14,2021-04-15,2021-04-21,-1.397526545890668,41.12895574704121,39.49601742553711,-0.039702887949484844,False,2021
5,-1.25,5,2021-04-19,2021-04-20,2021-04-26,-1.5301677688380682,37.885258638039126,40.91109339523315,0.0798683938284086,True,2021
5,-1.25,5,2021-04-30,2021-05-03,2021-05-07,-1.5340653337715822,36.63245801109698,35.79358114242554,-0.022899824751517417,False,2021
5,-1.25,5,2021-05-10,2021-05-11,2021-05-17,-1.424801520038772,28.183293496078416,30.142975959777832,0.06953347961167489,True,2021
5,-1.25,5,2021-06-18,2021-06-21,2021-06-25,-1.5633812161757379,36.467358586928334,39.4087939453125,0.08065940260994164,True,2021
5,-1.25,5,2021-07-07,2021-07-08,2021-07-14,-1.4206403911186063,37.438525441748055,40.86263802337646,0.09145960053784985,True,2021
5,-1.25,5,2021-07-15,2021-07-16,2021-07-22,-1.6459661713140536,38.87585504510513,39.486337783813475,0.015703390652116456,True,2021
5,-1.25,5,2021-07-27,2021-07-28,2021-08-03,-1.657992168978995,38.39998143666492,44.55540228652954,0.16029749545626926,True,2021
5,-1.25,5,2021-08-10,2021-08-11,2021-08-17,-1.597148484343668,43.7608262254665,39.21495721435547,-0.10387987163883972,False,2021
5,-1.25,5,2021-08-12,2021-08-13,2021-08-19,-1.3516599796489477,41.27464028514248,38.41049514770508,-0.06939237065788317,False,2021
5,-1.25,5,2021-08-17,2021-08-18,2021-08-24,-1.6303527429974147,39.12835955420487,42.384323432922365,0.08321237884269017,True,2021
5,-1.25,5,2021-09-08,2021-09-09,2021-09-15,-1.4875212964699196,43.615154285323946,47.0947724533081,0.07978002657564853,True,2021
5,-1.25,5,2021-09-17,2021-09-20,2021-09-24,-1.4575569163394086,42.48860320187897,46.474471286773685,0.09381028757185517,True,2021
5,-1.25,5,2021-11-26,2021-11-29,2021-12-03,-1.4945150665103286,62.10619762274401,60.9934879989624,-0.017916241315248826,False,2021
5,-1.25,5,2021-12-13,2021-12-14,2021-12-20,-1.3928489548196787,58.27007997904644,55.7790535697937,-0.042749665182345686,False,2021
5,-1.25,5,2022-03-31,2022-04-01,2022-04-07,-1.3475793303845833,37.959580648833054,29.583641292572022,-0.2206541593213971,False,2022
5,-1.25,5,2022-04-05,2022-04-06,2022-04-12,-1.4554765878357339,29.97320472399012,25.44328506088257,-0.15113230983545334,False,2022
5,-1.25,5,2022-07-26,2022-07-27,2022-08-02,-1.3094537720563677,16.849374037026216,19.340008003234864,0.14781759611576795,True,2022
5,-1.25,5,2022-08-09,2022-08-10,2022-08-16,-1.6977630475495098,18.56155034397228,20.52448175239563,0.1057525568741513,True,2022
5,-1.25,5,2022-08-22,2022-08-23,2022-08-29,-1.5346900966995287,16.615895715491366,14.61180217552185,-0.12061303069572438,False,2022
5,-1.25,5,2022-12-06,2022-12-07,2022-12-13,-1.4733785299392534,11.136297701975419,13.276463207244873,0.19217926482782688,True,2022
5,-1.25,5,2023-01-30,2023-01-31,2023-02-06,-1.4423056443154962,13.389680995917725,15.73833907699585,0.175408068481556,True,2023
5,-1.25,5,2023-02-17,2023-02-21,2023-02-27,-1.341020551107981,14.486711535417783,14.174281416893006,-0.02156666941016483,False,2023
5,-1.25,5,2023-04-04,2023-04-05,2023-04-12,-1.2656767680825702,15.940766754820636,15.008226376533509,-0.05850034647832225,False,2023
5,-1.25,5,2023-04-12,2023-04-13,2023-04-19,-1.3490809032977926,15.097132263041104,14.939697180747986,-0.010428144865533895,False,2023
5,-1.25,5,2023-04-19,2023-04-20,2023-04-26,-1.6197637960192615,14.50855120822883,13.089366974830627,-0.0978170882143824,False,2023
5,-1.25,5,2023-04-21,2023-04-24,2023-04-28,-1.3363205061529229,14.49873980360003,13.931317646026612,-0.03913596390167151,False,2023
5,-1.25,5,2023-04-25,2023-04-26,2023-05-02,-1.7032257618443751,13.360814472170603,14.048796675682068,0.05149253475111659,True,2023
5,-1.25,5,2023-05-04,2023-05-05,2023-05-11,-1.2775308398422134,13.360814412333522,13.774675128936767,0.03097571029960622,True,2023
5,-1.25,5,2023-05-24,2023-05-25,2023-06-01,-1.6201453318052021,17.81441975929096,21.69486666870117,0.21782617462948206,True,2023
5,-1.25,5,2023-06-20,2023-06-21,2023-06-27,-1.2809040520692014,23.746660375177495,23.895319805145263,0.006260224706088113,True,2023
5,-1.25,5,2023-07-20,2023-07-21,2023-07-27,-1.5592558018264884,24.571943505890648,25.944602851867675,0.055862872452395074,True,2023
5,-1.25,5,2023-08-02,2023-08-03,2023-08-09,-1.4541138854609805,23.86455968921045,22.640251361846925,-0.051302363978542376,False,2023
5,-1.25,5,2023-08-08,2023-08-09,2023-08-15,-1.3949751179999015,23.972631924380487,21.37537561225891,-0.10834255997899556,False,2023
5,-1.25,5,2023-11-28,2023-11-29,2023-12-05,-1.6248555088954826,23.087323651783716,21.53850806236267,-0.06708510751532626,False,2023
5,-1.25,5,2023-12-04,2023-12-05,2023-12-11,-1.2867637636310176,21.335599608811798,25.64388801383972,0.20192956767189063,True,2023
5,-1.25,5,2023-12-20,2023-12-21,2023-12-28,-1.7501443873075508,29.343188701449197,31.71591583442688,0.08086125734728,True,2023
5,-1.25,5,2024-01-02,2024-01-03,2024-01-09,-1.7513322558852733,26.226400861672825,27.975370725631713,0.06668737632676192,True,2024
5,-1.25,5,2024-01-12,2024-01-16,2024-01-22,-1.2878604743228224,27.765069279774334,34.70835230255127,0.2500725985162522,True,2024
5,-1.25,5,2024-01-26,2024-01-29,2024-02-02,-1.3890421774419806,33.761926423001555,33.12353581237793,-0.018908595517484916,False,2024
5,-1.25,5,2024-02-28,2024-02-29,2024-03-06,-1.3227414918548208,40.646479032260466,49.434311370849606,0.2162015640177437,True,2024
5,-1.25,5,2024-03-14,2024-03-15,2024-03-21,-1.4273036468808038,41.23827559807437,45.62301722717285,0.10632698786520622,True,2024
5,-1.25,5,2024-04-12,2024-04-15,2024-04-19,-1.4022113060977295,42.43705497587952,30.333249515533446,-0.2852178471674264,False,2024
5,-1.25,5,2024-06-24,2024-06-25,2024-07-01,-1.4536533252440398,53.68277869468384,54.69188117980957,0.018797508431240395,True,2024
5,-1.25,5,2024-07-17,2024-07-18,2024-07-24,-1.7484324087255723,53.613488324659784,42.38225793457031,-0.20948516392140093,False,2024
5,-1.25,5,2024-08-22,2024-08-23,2024-08-29,-1.5300357781618539,38.76484443567189,35.753235328674315,-0.0776891833525909,False,2024
5,-1.25,5,2024-10-01,2024-10-02,2024-10-08,-1.329995084409319,33.567801968718875,37.07348891830444,0.10443599949893767,True,2024
5,-1.25,5,2024-10-15,2024-10-16,2024-10-22,-1.5669318167777775,35.45196556078818,34.33206956863403,-0.031589108655594944,False,2024
5,-1.25,5,2024-10-23,2024-10-24,2024-10-30,-1.6612053945246938,34.29172253324224,33.659082950592044,-0.018448754857296024,False,2024
5,-1.25,5,2024-10-31,2024-11-01,2024-11-07,-1.5471607320464118,30.434150582705534,35.83638497543335,0.17750567337330847,True,2024
5,-1.25,5,2024-11-12,2024-11-13,2024-11-19,-1.2728015580323608,30.57298524778542,27.56264642715454,-0.09846401312246533,False,2024
5,-1.25,5,2024-11-15,2024-11-18,2024-11-22,-1.4626660304210528,26.477413909633217,28.19604178619385,0.06490920459325333,True,2024
5,-1.25,5,2024-11-27,2024-11-29,2024-12-05,-1.5306475463732707,27.320326604381687,28.819544094085693,0.05487553320330951,True,2024
5,-1.25,5,2024-12-10,2024-12-11,2024-12-17,-1.5405055461573194,28.093825835278203,30.808801929473876,0.09663960010695316,True,2024
5,-1.25,5,2024-12-19,2024-12-20,2024-12-27,-1.33129418121041,25.604750189263072,29.466772956848146,0.1508322767860688,True,2024
5,-1.25,5,2024-12-30,2024-12-31,2025-01-07,-1.6223836825274622,28.044005721247803,30.915792457580565,0.10240287228856637,True,2024
5,-1.25,5,2025-05-19,2025-05-20,2025-05-27,-1.438152257420263,17.57693769935488,17.213282106399536,-0.020689360068033347,False,2025
5,-1.25,5,2025-05-21,2025-05-22,2025-05-29,-1.6680343735336967,16.92852358573872,17.123682540893554,0.011528409678871476,True,2025
5,-1.25,5,2025-06-13,2025-06-16,2025-06-23,-1.389872563924819,20.779089921195233,21.484246810913085,0.03393588903037448,True,2025
5,-1.25,5,2025-07-22,2025-07-23,2025-07-29,-1.6680922567930943,25.668191678003822,26.995127889633178,0.0516957418845545,True,2025
5,-1.25,5,2025-07-31,2025-08-01,2025-08-07,-1.322019635179756,23.596724056565943,24.96774598503113,0.058102214747207226,True,2025
5,-1.25,5,2025-08-19,2025-08-20,2025-08-26,-1.2742506994676737,26.128519009906032,27.903952880859375,0.06795003843425751,True,2025
5,-1.25,5,2025-08-29,2025-09-02,2025-09-08,-1.590027342803307,24.097078995766488,27.04506188392639,0.12233776918263906,True,2025
5,-1.25,5,2025-10-10,2025-10-13,2025-10-17,-1.6157459693088616,38.26822954177856,40.24971091461182,0.05177875738071491,True,2025
5,-1.25,5,2025-10-22,2025-10-23,2025-10-29,-1.5161545276138848,37.76772954177856,49.33062106704712,0.30615797310446546,True,2025
5,-1.25,5,2025-11-04,2025-11-05,2025-11-11,-1.707625816318811,43.26322122192382,41.76819137191772,-0.03455660045138953,False,2025
5,-1.25,5,2025-11-13,2025-11-14,2025-11-20,-1.40389218424212,35.77574168014526,30.779189466476442,-0.13966313426401422,False,2025
5,-1.25,5,2025-12-12,2025-12-15,2025-12-19,-1.7394666220687278,43.15311061096191,41.67828121948242,-0.034176664685322766,False,2025
5,-1.25,5,2026-05-15,2026-05-18,2026-05-22,-1.4144026719221219,173.12294694519042,190.36943756103517,0.09961989973117125,True,2026
5,-1.25,5,2026-06-05,2026-06-08,2026-06-12,-1.5506494524841414,210.83061511230466,234.44531268310547,0.11200791478136041,True,2026
5,-1.5,1,2021-01-27,2021-01-28,2021-01-28,-1.6522276372549272,33.97683041966189,34.03811714172363,0.001803779849525844,True,2021
5,-1.5,1,2021-04-19,2021-04-20,2021-04-20,-1.5301677688380682,37.885258638039126,36.549568782806396,-0.03525618943225628,False,2021
5,-1.5,1,2021-04-30,2021-05-03,2021-05-03,-1.5340653337715822,36.63245801109698,34.5141954574585,-0.057824745284545176,False,2021
5,-1.5,1,2021-06-18,2021-06-21,2021-06-21,-1.5633812161757379,36.467358586928334,36.946956184387204,0.013151421326983215,True,2021
5,-1.5,1,2021-07-08,2021-07-09,2021-07-09,-1.5024642555808476,39.02154069043881,40.484648014068604,0.037494863035694825,True,2021
5,-1.5,1,2021-07-15,2021-07-16,2021-07-16,-1.6459661713140536,38.87585504510513,35.628806201934815,-0.08352353509403143,False,2021
5,-1.5,1,2021-07-27,2021-07-28,2021-07-28,-1.657992168978995,38.39998143666492,39.912790786743166,0.03939609586982207,True,2021
5,-1.5,1,2021-08-10,2021-08-11,2021-08-11,-1.597148484343668,43.7608262254665,42.81077643585205,-0.02171005146748295,False,2021
5,-1.5,1,2021-08-17,2021-08-18,2021-08-18,-1.6303527429974147,39.12835955420487,37.470338985443114,-0.042373883997484874,False,2021
5,-1.5,1,2022-08-09,2022-08-10,2022-08-10,-1.6977630475495098,18.56155034397228,19.330297874450682,0.04141612722172461,True,2022
5,-1.5,1,2022-08-22,2022-08-23,2022-08-23,-1.5346900966995287,16.615895715491366,16.825418100357055,0.012609755649245269,True,2022
5,-1.5,1,2023-04-19,2023-04-20,2023-04-20,-1.6197637960192615,14.50855120822883,14.880957189559936,0.025668033698629245,True,2023
5,-1.5,1,2023-04-25,2023-04-26,2023-04-26,-1.7032257618443751,13.360814472170603,13.089366974830627,-0.02031668787148988,False,2023
5,-1.5,1,2023-05-24,2023-05-25,2023-05-25,-1.6201453318052021,17.81441975929096,18.748046464920044,0.05240848246781438,True,2023
5,-1.5,1,2023-06-21,2023-06-22,2023-06-22,-1.5367252864397833,21.88976119722896,22.650052951812743,0.034732756914681584,True,2023
5,-1.5,1,2023-07-20,2023-07-21,2023-07-21,-1.5592558018264884,24.571943505890648,24.434601608276367,-0.005589378698569569,False,2023
5,-1.5,1,2023-11-28,2023-11-29,2023-11-29,-1.6248555088954826,23.087323651783716,22.80547979736328,-0.01220773176966583,False,2023
5,-1.5,1,2023-12-20,2023-12-21,2023-12-21,-1.7501443873075508,29.343188701449197,29.78658222198486,0.01511061136016778,True,2023
5,-1.5,1,2024-01-02,2024-01-03,2024-01-03,-1.7513322558852733,26.226400861672825,25.83931959915161,-0.014759221616523543,False,2024
5,-1.5,1,2024-07-17,2024-07-18,2024-07-18,-1.7484324087255723,53.613488324659784,51.036539783477785,-0.04806530262640485,False,2024
5,-1.5,1,2024-08-22,2024-08-23,2024-08-23,-1.5300357781618539,38.76484443567189,39.91242875289917,0.029603738488661602,True,2024
5,-1.5,1,2024-10-15,2024-10-16,2024-10-16,-1.5669318167777775,35.45196556078818,34.10444174194336,-0.038009847903475724,False,2024
5,-1.5,1,2024-10-23,2024-10-24,2024-10-24,-1.6612053945246938,34.29172253324224,33.93619889831543,-0.010367622524128595,False,2024
5,-1.5,1,2024-10-31,2024-11-01,2024-11-01,-1.5471607320464118,30.434150582705534,30.511897974014282,0.002554610193488571,True,2024
5,-1.5,1,2024-11-27,2024-11-29,2024-11-29,-1.5306475463732707,27.320326604381687,27.770478624343873,0.0164768169312437,True,2024
5,-1.5,1,2024-12-10,2024-12-11,2024-12-11,-1.5405055461573194,28.093825835278203,28.819544094085693,0.025831948381205727,True,2024
5,-1.5,1,2024-12-30,2024-12-31,2024-12-31,-1.6223836825274622,28.044005721247803,27.104664087295532,-0.03349527322484358,False,2024
5,-1.5,1,2025-05-21,2025-05-22,2025-05-22,-1.6680343735336967,16.92852358573872,16.436742376327516,-0.029050448901846382,False,2025
5,-1.5,1,2025-07-22,2025-07-23,2025-07-23,-1.6680922567930943,25.668191678003822,25.746739923477172,0.0030601394308840124,True,2025
5,-1.5,1,2025-08-29,2025-09-02,2025-09-02,-1.590027342803307,24.097078995766488,25.21742357826233,0.04649296218403376,True,2025
5,-1.5,1,2025-10-10,2025-10-13,2025-10-13,-1.6157459693088616,38.26822954177856,39.10085939025879,0.021757731111422984,True,2025
5,-1.5,1,2025-10-22,2025-10-23,2025-10-23,-1.5161545276138848,37.76772954177856,41.128828170776366,0.08899392867341338,True,2025
5,-1.5,1,2025-11-04,2025-11-05,2025-11-05,-1.707625816318811,43.26322122192382,46.78317182922363,0.08136126963925805,True,2025
5,-1.5,1,2025-12-12,2025-12-15,2025-12-15,-1.7394666220687278,43.15311061096191,41.138820304870606,-0.04667775457140799,False,2025
5,-1.5,1,2026-06-05,2026-06-08,2026-06-08,-1.5506494524841414,210.83061511230466,211.22856243896484,0.001887521536889647,True,2026
5,-1.5,2,2021-01-27,2021-01-28,2021-01-29,-1.6522276372549272,33.97683041966189,32.35884792709351,-0.04762017152818576,False,2021
5,-1.5,2,2021-04-19,2021-04-20,2021-04-21,-1.5301677688380682,37.885258638039126,39.49601742553711,0.0425167689334629,True,2021
5,-1.5,2,2021-04-30,2021-05-03,2021-05-04,-1.5340653337715822,36.63245801109698,32.9246649055481,-0.10121606102505287,False,2021
5,-1.5,2,2021-06-18,2021-06-21,2021-06-22,-1.5633812161757379,36.467358586928334,37.41218872833252,0.025908927271273585,True,2021
5,-1.5,2,2021-07-08,2021-07-09,2021-07-12,-1.5024642555808476,39.02154069043881,41.99663091659546,0.07624225423999231,True,2021
5,-1.5,2,2021-07-15,2021-07-16,2021-07-19,-1.6459661713140536,38.87585504510513,35.70634241867065,-0.08152907820952371,False,2021
5,-1.5,2,2021-07-27,2021-07-28,2021-07-29,-1.657992168978995,38.39998143666492,42.112942863464355,0.09669175056564572,True,2021
5,-1.5,2,2021-08-10,2021-08-11,2021-08-12,-1.597148484343668,43.7608262254665,41.30848079681397,-0.05603974239465792,False,2021
5,-1.5,2,2021-08-17,2021-08-18,2021-08-19,-1.6303527429974147,39.12835955420487,38.41049514770508,-0.018346396697396128,False,2021
5,-1.5,2,2022-08-09,2022-08-10,2022-08-11,-1.6977630475495098,18.56155034397228,19.204079538345336,0.034616138332524304,True,2022
5,-1.5,2,2022-08-22,2022-08-23,2022-08-24,-1.5346900966995287,16.615895715491366,16.903091508865355,0.017284400329151683,True,2022
5,-1.5,2,2023-04-19,2023-04-20,2023-04-21,-1.6197637960192615,14.50855120822883,14.54809279346466,0.0027253986058513036,True,2023
5,-1.5,2,2023-04-25,2023-04-26,2023-04-27,-1.7032257618443751,13.360814472170603,13.255800601959228,-0.007859840463327217,False,2023
5,-1.5,2,2023-05-24,2023-05-25,2023-05-26,-1.6201453318052021,17.81441975929096,22.3997541847229,0.25739454258904493,True,2023
5,-1.5,2,2023-06-21,2023-06-22,2023-06-23,-1.5367252864397833,21.88976119722896,21.463620409011842,-0.019467585067628024,False,2023
5,-1.5,2,2023-07-20,2023-07-21,2023-07-24,-1.5592558018264884,24.571943505890648,24.414992712020872,-0.006387398450275139,False,2023
5,-1.5,2,2023-11-28,2023-11-29,2023-11-30,-1.6248555088954826,23.087323651783716,22.40279526901245,-0.029649533791604288,False,2023
5,-1.5,2,2023-12-20,2023-12-21,2023-12-22,-1.7501443873075508,29.343188701449197,30.032668058395387,0.023497083563796206,True,2023
5,-1.5,2,2024-01-02,2024-01-03,2024-01-04,-1.7513322558852733,26.226400861672825,25.1798006401062,-0.039906361040035865,False,2024
5,-1.5,2,2024-07-17,2024-07-18,2024-07-19,-1.7484324087255723,53.613488324659784,46.432776420593264,-0.1339348012683539,False,2024
5,-1.5,2,2024-08-22,2024-08-23,2024-08-26,-1.5300357781618539,38.76484443567189,36.918995738983156,-0.0476165640172197,False,2024
5,-1.5,2,2024-10-15,2024-10-16,2024-10-17,-1.5669318167777775,35.45196556078818,34.84670639419556,-0.01707265470386432,False,2024
5,-1.5,2,2024-10-23,2024-10-24,2024-10-25,-1.6612053945246938,34.29172253324224,34.915984428405764,0.018204448451324184,True,2024
5,-1.5,2,2024-10-31,2024-11-01,2024-11-04,-1.5471607320464118,30.434150582705534,30.036848596572877,-0.013054479212520786,False,2024
5,-1.5,2,2024-11-27,2024-11-29,2024-12-02,-1.5306475463732707,27.320326604381687,29.888397571563722,0.09399854563854904,True,2024
5,-1.5,2,2024-12-10,2024-12-11,2024-12-12,-1.5405055461573194,28.093825835278203,28.166351200103758,0.002581541056415393,True,2024
5,-1.5,2,2024-12-30,2024-12-31,2025-01-02,-1.6223836825274622,28.044005721247803,27.461959098815917,-0.02075476050808578,False,2024
5,-1.5,2,2025-05-21,2025-05-22,2025-05-23,-1.6680343735336967,16.92852358573872,15.660202646255494,-0.07492212377881036,False,2025
5,-1.5,2,2025-07-22,2025-07-23,2025-07-24,-1.6680922567930943,25.668191678003822,25.58694771194458,-0.0031651612656791173,False,2025
5,-1.5,2,2025-08-29,2025-09-02,2025-09-03,-1.590027342803307,24.097078995766488,24.877862508773802,0.032401583326530536,True,2025
5,-1.5,2,2025-10-10,2025-10-13,2025-10-14,-1.6157459693088616,38.26822954177856,36.593371067047116,-0.04376629111892805,False,2025
5,-1.5,2,2025-10-22,2025-10-23,2025-10-24,-1.5161545276138848,37.76772954177856,43.096859390258786,0.14110273275985952,True,2025
5,-1.5,2,2025-11-04,2025-11-05,2025-11-06,-1.707625816318811,43.26322122192382,42.96698832321167,-0.00684722242924507,False,2025
5,-1.5,2,2025-12-12,2025-12-15,2025-12-16,-1.7394666220687278,43.15311061096191,40.44951167678833,-0.06265131055203232,False,2025
5,-1.5,2,2026-06-05,2026-06-08,2026-06-09,-1.5506494524841414,210.83061511230466,201.47831268310546,-0.04435931861327369,False,2026
5,-1.5,3,2021-01-27,2021-01-28,2021-02-01,-1.6522276372549272,33.97683041966189,36.183049530029294,0.06493304652368925,True,2021
5,-1.5,3,2021-04-19,2021-04-20,2021-04-22,-1.5301677688380682,37.885258638039126,36.8112658996582,-0.028348565563244388,False,2021
5,-1.5,3,2021-04-30,2021-05-03,2021-05-05,-1.5340653337715822,36.63245801109698,33.48681200408936,-0.0858704596359523,False,2021
5,-1.5,3,2021-06-18,2021-06-21,2021-06-23,-1.5633812161757379,36.467358586928334,37.84834423828125,0.03786908909404607,True,2021
5,-1.5,3,2021-07-08,2021-07-09,2021-07-13,-1.5024642555808476,39.02154069043881,41.30848079681397,0.05860711970646282,True,2021
5,-1.5,3,2021-07-15,2021-07-16,2021-07-20,-1.6459661713140536,38.87585504510513,37.160190307617185,-0.044131884314759784,False,2021
5,-1.5,3,2021-07-27,2021-07-28,2021-07-30,-1.657992168978995,38.39998143666492,43.02401055908203,0.12041748327518742,True,2021
5,-1.5,3,2021-08-10,2021-08-11,2021-08-13,-1.597148484343668,43.7608262254665,42.142016086578366,-0.03699222063467522,False,2021
5,-1.5,3,2021-08-17,2021-08-18,2021-08-20,-1.6303527429974147,39.12835955420487,39.18587636947632,0.0014699521249228464,True,2021
5,-1.5,3,2022-08-09,2022-08-10,2022-08-12,-1.6977630475495098,18.56155034397228,20.971088607788086,0.12981341639914712,True,2022
5,-1.5,3,2022-08-22,2022-08-23,2022-08-25,-1.5346900966995287,16.615895715491366,18.757476493835448,0.12888747107069531,True,2022
5,-1.5,3,2023-04-19,2023-04-20,2023-04-24,-1.6197637960192615,14.50855120822883,14.322920127868652,-0.012794598006098168,False,2023
5,-1.5,3,2023-04-25,2023-04-26,2023-04-28,-1.7032257618443751,13.360814472170603,13.931317646026612,0.04269973024805607,True,2023
5,-1.5,3,2023-05-24,2023-05-25,2023-05-30,-1.6201453318052021,17.81441975929096,22.389967838287355,0.25684519287304064,True,2023
5,-1.5,3,2023-06-21,2023-06-22,2023-06-26,-1.5367252864397833,21.88976119722896,21.659728425979615,-0.010508692588134028,False,2023
5,-1.5,3,2023-07-20,2023-07-21,2023-07-25,-1.5592558018264884,24.571943505890648,25.62103415107727,0.04269465477710899,True,2023
5,-1.5,3,2023-11-28,2023-11-29,2023-12-01,-1.6248555088954826,23.087323651783716,22.658158699035646,-0.01858877015027738,False,2023
5,-1.5,3,2023-12-20,2023-12-21,2023-12-26,-1.7501443873075508,29.343188701449197,31.65685668182373,0.07884855337007957,True,2023
5,-1.5,3,2024-01-02,2024-01-03,2024-01-05,-1.7513322558852733,26.226400861672825,25.52432347869873,-0.026769871576244775,False,2024
5,-1.5,3,2024-07-17,2024-07-18,2024-07-22,-1.7484324087255723,53.613488324659784,52.29121189498901,-0.024663129950874385,False,2024
5,-1.5,3,2024-08-22,2024-08-23,2024-08-27,-1.5300357781618539,38.76484443567189,38.02548930358887,-0.019072825980507635,False,2024
5,-1.5,3,2024-10-15,2024-10-16,2024-10-18,-1.5669318167777775,35.45196556078818,34.90608756637573,-0.015397679247895368,False,2024
5,-1.5,3,2024-10-23,2024-10-24,2024-10-28,-1.6612053945246938,34.29172253324224,34.985258651733396,0.020224592620532222,True,2024
5,-1.5,3,2024-10-31,2024-11-01,2024-11-05,-1.5471607320464118,30.434150582705534,31.056219669342042,0.020439837311904574,True,2024
5,-1.5,3,2024-11-27,2024-11-29,2024-12-03,-1.5306475463732707,27.320326604381687,29.423246961593627,0.07697273856435771,True,2024
5,-1.5,3,2024-12-10,2024-12-11,2024-12-13,-1.5405055461573194,28.093825835278203,30.383240673065185,0.08149174310435492,True,2024
5,-1.5,3,2024-12-30,2024-12-31,2025-01-03,-1.6223836825274622,28.044005721247803,29.59579419708252,0.055334052177110626,True,2024
5,-1.5,3,2025-05-21,2025-05-22,2025-05-27,-1.6680343735336967,16.92852358573872,17.213282106399536,0.016821225975117482,True,2025
5,-1.5,3,2025-07-22,2025-07-23,2025-07-25,-1.6680922567930943,25.668191678003822,25.566972970962524,-0.003943351690334995,False,2025
5,-1.5,3,2025-08-29,2025-09-02,2025-09-04,-1.590027342803307,24.097078995766488,25.616906965255737,0.06307104565479738,True,2025
5,-1.5,3,2025-10-10,2025-10-13,2025-10-15,-1.6157459693088616,38.26822954177856,39.94001954269409,0.04368610779577309,True,2025
5,-1.5,3,2025-10-22,2025-10-23,2025-10-27,-1.5161545276138848,37.76772954177856,46.793160152435306,0.23897201976816862,True,2025
5,-1.5,3,2025-11-04,2025-11-05,2025-11-07,-1.707625816318811,43.26322122192382,41.69826167678833,-0.036172977899815884,False,2025
5,-1.5,3,2025-12-12,2025-12-15,2025-12-17,-1.7394666220687278,43.15311061096191,35.97398832321167,-0.166363958150599,False,2025
5,-1.5,3,2026-06-05,2026-06-08,2026-06-10,-1.5506494524841414,210.83061511230466,180.4693439025879,-0.14400788611058224,False,2026
5,-1.5,5,2021-01-27,2021-01-28,2021-02-03,-1.6522276372549272,33.97683041966189,35.490032913208005,0.04453630532500896,True,2021
5,-1.5,5,2021-04-19,2021-04-20,2021-04-26,-1.5301677688380682,37.885258638039126,40.91109339523315,0.0798683938284086,True,2021
5,-1.5,5,2021-04-30,2021-05-03,2021-05-07,-1.5340653337715822,36.63245801109698,35.79358114242554,-0.022899824751517417,False,2021
5,-1.5,5,2021-06-18,2021-06-21,2021-06-25,-1.5633812161757379,36.467358586928334,39.4087939453125,0.08065940260994164,True,2021
5,-1.5,5,2021-07-08,2021-07-09,2021-07-15,-1.5024642555808476,39.02154069043881,38.206955909729004,-0.02087525931310552,False,2021
5,-1.5,5,2021-07-15,2021-07-16,2021-07-22,-1.6459661713140536,38.87585504510513,39.486337783813475,0.015703390652116456,True,2021
5,-1.5,5,2021-07-27,2021-07-28,2021-08-03,-1.657992168978995,38.39998143666492,44.55540228652954,0.16029749545626926,True,2021
5,-1.5,5,2021-08-10,2021-08-11,2021-08-17,-1.597148484343668,43.7608262254665,39.21495721435547,-0.10387987163883972,False,2021
5,-1.5,5,2021-08-17,2021-08-18,2021-08-24,-1.6303527429974147,39.12835955420487,42.384323432922365,0.08321237884269017,True,2021
5,-1.5,5,2022-08-09,2022-08-10,2022-08-16,-1.6977630475495098,18.56155034397228,20.52448175239563,0.1057525568741513,True,2022
5,-1.5,5,2022-08-22,2022-08-23,2022-08-29,-1.5346900966995287,16.615895715491366,14.61180217552185,-0.12061303069572438,False,2022
5,-1.5,5,2023-04-19,2023-04-20,2023-04-26,-1.6197637960192615,14.50855120822883,13.089366974830627,-0.0978170882143824,False,2023
5,-1.5,5,2023-04-25,2023-04-26,2023-05-02,-1.7032257618443751,13.360814472170603,14.048796675682068,0.05149253475111659,True,2023
5,-1.5,5,2023-05-24,2023-05-25,2023-06-01,-1.6201453318052021,17.81441975929096,21.69486666870117,0.21782617462948206,True,2023
5,-1.5,5,2023-06-21,2023-06-22,2023-06-28,-1.5367252864397833,21.88976119722896,23.257972560882568,0.06250462722392824,True,2023
5,-1.5,5,2023-07-20,2023-07-21,2023-07-27,-1.5592558018264884,24.571943505890648,25.944602851867675,0.055862872452395074,True,2023
5,-1.5,5,2023-11-28,2023-11-29,2023-12-05,-1.6248555088954826,23.087323651783716,21.53850806236267,-0.06708510751532626,False,2023
5,-1.5,5,2023-12-20,2023-12-21,2023-12-28,-1.7501443873075508,29.343188701449197,31.71591583442688,0.08086125734728,True,2023
5,-1.5,5,2024-01-02,2024-01-03,2024-01-09,-1.7513322558852733,26.226400861672825,27.975370725631713,0.06668737632676192,True,2024
5,-1.5,5,2024-07-17,2024-07-18,2024-07-24,-1.7484324087255723,53.613488324659784,42.38225793457031,-0.20948516392140093,False,2024
5,-1.5,5,2024-08-22,2024-08-23,2024-08-29,-1.5300357781618539,38.76484443567189,35.753235328674315,-0.0776891833525909,False,2024
5,-1.5,5,2024-10-15,2024-10-16,2024-10-22,-1.5669318167777775,35.45196556078818,34.33206956863403,-0.031589108655594944,False,2024
5,-1.5,5,2024-10-23,2024-10-24,2024-10-30,-1.6612053945246938,34.29172253324224,33.659082950592044,-0.018448754857296024,False,2024
5,-1.5,5,2024-10-31,2024-11-01,2024-11-07,-1.5471607320464118,30.434150582705534,35.83638497543335,0.17750567337330847,True,2024
5,-1.5,5,2024-11-27,2024-11-29,2024-12-05,-1.5306475463732707,27.320326604381687,28.819544094085693,0.05487553320330951,True,2024
5,-1.5,5,2024-12-10,2024-12-11,2024-12-17,-1.5405055461573194,28.093825835278203,30.808801929473876,0.09663960010695316,True,2024
5,-1.5,5,2024-12-30,2024-12-31,2025-01-07,-1.6223836825274622,28.044005721247803,30.915792457580565,0.10240287228856637,True,2024
5,-1.5,5,2025-05-21,2025-05-22,2025-05-29,-1.6680343735336967,16.92852358573872,17.123682540893554,0.011528409678871476,True,2025
5,-1.5,5,2025-07-22,2025-07-23,2025-07-29,-1.6680922567930943,25.668191678003822,26.995127889633178,0.0516957418845545,True,2025
5,-1.5,5,2025-08-29,2025-09-02,2025-09-08,-1.590027342803307,24.097078995766488,27.04506188392639,0.12233776918263906,True,2025
5,-1.5,5,2025-10-10,2025-10-13,2025-10-17,-1.6157459693088616,38.26822954177856,40.24971091461182,0.05177875738071491,True,2025
5,-1.5,5,2025-10-22,2025-10-23,2025-10-29,-1.5161545276138848,37.76772954177856,49.33062106704712,0.30615797310446546,True,2025
5,-1.5,5,2025-11-04,2025-11-05,2025-11-11,-1.707625816318811,43.26322122192382,41.76819137191772,-0.03455660045138953,False,2025
5,-1.5,5,2025-12-12,2025-12-15,2025-12-19,-1.7394666220687278,43.15311061096191,41.67828121948242,-0.034176664685322766,False,2025
5,-1.5,5,2026-06-05,2026-06-08,2026-06-12,-1.5506494524841414,210.83061511230466,234.44531268310547,0.11200791478136041,True,2026
5,-1.75,1,2023-12-20,2023-12-21,2023-12-21,-1.7501443873075508,29.343188701449197,29.78658222198486,0.01511061136016778,True,2023
5,-1.75,1,2024-01-02,2024-01-03,2024-01-03,-1.7513322558852733,26.226400861672825,25.83931959915161,-0.014759221616523543,False,2024
5,-1.75,2,2023-12-20,2023-12-21,2023-12-22,-1.7501443873075508,29.343188701449197,30.032668058395387,0.023497083563796206,True,2023
5,-1.75,2,2024-01-02,2024-01-03,2024-01-04,-1.7513322558852733,26.226400861672825,25.1798006401062,-0.039906361040035865,False,2024
5,-1.75,3,2023-12-20,2023-12-21,2023-12-26,-1.7501443873075508,29.343188701449197,31.65685668182373,0.07884855337007957,True,2023
5,-1.75,3,2024-01-02,2024-01-03,2024-01-05,-1.7513322558852733,26.226400861672825,25.52432347869873,-0.026769871576244775,False,2024
5,-1.75,5,2023-12-20,2023-12-21,2023-12-28,-1.7501443873075508,29.343188701449197,31.71591583442688,0.08086125734728,True,2023
5,-1.75,5,2024-01-02,2024-01-03,2024-01-09,-1.7513322558852733,26.226400861672825,27.975370725631713,0.06668737632676192,True,2024
10,-1.25,1,2021-01-27,2021-01-28,2021-01-28,-2.294786590258944,33.97683041966189,34.03811714172363,0.001803779849525844,True,2021
10,-1.25,1,2021-04-19,2021-04-20,2021-04-20,-2.1797701969810404,37.885258638039126,36.549568782806396,-0.03525618943225628,False,2021
10,-1.25,1,2021-04-22,2021-04-23,2021-04-23,-1.455206153920154,37.21515956155478,38.91449198913574,0.045662371130512636,True,2021
10,-1.25,1,2021-04-30,2021-05-03,2021-05-03,-1.626848957969754,36.63245801109698,34.5141954574585,-0.057824745284545176,False,2021
10,-1.25,1,2021-05-10,2021-05-11,2021-05-11,-1.581224696819866,28.183293496078416,31.121896419525147,0.1042675485693545,True,2021
10,-1.25,1,2021-06-18,2021-06-21,2021-06-21,-1.519456718272313,36.467358586928334,36.946956184387204,0.013151421326983215,True,2021
10,-1.25,1,2021-07-08,2021-07-09,2021-07-09,-1.5906037502402046,39.02154069043881,40.484648014068604,0.037494863035694825,True,2021
10,-1.25,1,2021-07-15,2021-07-16,2021-07-16,-1.7971039703078868,38.87585504510513,35.628806201934815,-0.08352353509403143,False,2021
10,-1.25,1,2021-08-12,2021-08-13,2021-08-13,-1.8182137089664983,41.27464028514248,42.142016086578366,0.021014739206536737,True,2021
10,-1.25,1,2021-08-17,2021-08-18,2021-08-18,-1.7962730937594023,39.12835955420487,37.470338985443114,-0.042373883997484874,False,2021
10,-1.25,1,2021-11-26,2021-11-29,2021-11-29,-1.7062391363028784,62.10619762274401,66.3048674697876,0.06760468371526862,True,2021
10,-1.25,1,2021-12-16,2021-12-17,2021-12-17,-1.4367778215327087,55.686780945125086,57.14566654586792,0.026198059503214077,True,2021
10,-1.25,1,2022-04-01,2022-04-04,2022-04-04,-1.4320253687311184,35.54034865982122,36.807435962677005,0.03565207857086228,True,2022
10,-1.25,1,2022-04-05,2022-04-06,2022-04-06,-1.7878790515212353,29.97320472399012,29.583641292572022,-0.012997056371029103,False,2022
10,-1.25,1,2022-08-09,2022-08-10,2022-08-10,-1.7926551940948485,18.56155034397228,19.330297874450682,0.04141612722172461,True,2022
10,-1.25,1,2022-08-22,2022-08-23,2022-08-23,-1.7742442835516128,16.615895715491366,16.825418100357055,0.012609755649245269,True,2022
10,-1.25,1,2022-08-26,2022-08-29,2022-08-29,-1.5208461581461221,15.059370254629362,14.61180217552185,-0.029720238731093418,False,2022
10,-1.25,1,2022-11-28,2022-11-29,2022-11-29,-1.25973509881845,11.663343468824676,11.425746196746827,-0.02037128313274239,False,2022
10,-1.25,1,2022-12-06,2022-12-07,2022-12-07,-1.3434708092035113,11.136297701975419,11.396525301933288,0.02336751467336473,True,2022
10,-1.25,1,2023-02-17,2023-02-21,2023-02-21,-1.4820177670082044,14.486711535417783,13.695288728713988,-0.054630949527012196,False,2023
10,-1.25,1,2023-04-12,2023-04-13,2023-04-13,-1.3842625642438982,15.097132263041104,15.341090772628784,0.016159261595985797,True,2023
10,-1.25,1,2023-04-19,2023-04-20,2023-04-20,-1.3440318469973418,14.50855120822883,14.880957189559936,0.025668033698629245,True,2023
10,-1.25,1,2023-04-21,2023-04-24,2023-04-24,-1.5683945356505566,14.49873980360003,14.322920127868652,-0.012126548797552816,False,2023
10,-1.25,1,2023-06-23,2023-06-26,2023-06-26,-1.459109731315596,21.929062319310482,21.659728425979615,-0.012282052438406965,False,2023
10,-1.25,1,2023-09-12,2023-09-13,2023-09-13,-1.5259032669388546,20.514283742221,20.81647919654846,0.014730977601986828,True,2023
10,-1.25,1,2023-12-04,2023-12-05,2023-12-05,-1.4003856754036488,21.335599608811798,21.53850806236267,0.009510323462719628,True,2023
10,-1.25,1,2024-01-02,2024-01-03,2024-01-03,-1.624013770509687,26.226400861672825,25.83931959915161,-0.014759221616523543,False,2024
10,-1.25,1,2024-01-31,2024-02-01,2024-02-01,-1.27086336525093,31.838589736350293,31.942318462371826,0.003257956048948518,True,2024
10,-1.25,1,2024-03-14,2024-03-15,2024-03-15,-1.5949034065118446,41.23827559807437,42.07133183670044,0.020201044455529393,True,2024
10,-1.25,1,2024-04-12,2024-04-15,2024-04-15,-1.5403935361643057,42.43705497587952,39.18988160705566,-0.07651740608931268,False,2024
10,-1.25,1,2024-06-24,2024-06-25,2024-06-25,-1.3919314443495545,53.68277869468384,54.63260671234131,0.017693346744577676,True,2024
10,-1.25,1,2024-07-17,2024-07-18,2024-07-18,-2.431054961205587,53.613488324659784,51.036539783477785,-0.04806530262640485,False,2024
10,-1.25,1,2024-10-15,2024-10-16,2024-10-16,-1.340398540703521,35.45196556078818,34.10444174194336,-0.038009847903475724,False,2024
10,-1.25,1,2024-10-31,2024-11-01,2024-11-01,-2.2935639432098114,30.434150582705534,30.511897974014282,0.002554610193488571,True,2024
10,-1.25,1,2024-11-15,2024-11-18,2024-11-18,-1.7546630705288184,26.477413909633217,27.384502910614014,0.034258972725836,True,2024
10,-1.25,1,2024-12-10,2024-12-11,2024-12-11,-1.4097791597655571,28.093825835278203,28.819544094085693,0.025831948381205727,True,2024
10,-1.25,1,2024-12-19,2024-12-20,2024-12-20,-1.5229748415063544,25.604750189263072,27.018320920944213,0.05520736274450733,True,2024
10,-1.25,1,2025-05-23,2025-05-27,2025-05-27,-1.8898491928734664,16.69908622252445,17.213282106399536,0.030791857531792255,True,2025
10,-1.25,1,2025-07-22,2025-07-23,2025-07-23,-1.7739024346501204,25.668191678003822,25.746739923477172,0.0030601394308840124,True,2025
10,-1.25,1,2025-07-31,2025-08-01,2025-08-01,-1.5972318525203557,23.596724056565943,24.048932670593263,0.01916404213327616,True,2025
10,-1.25,1,2025-09-02,2025-09-03,2025-09-03,-1.2833223824498114,25.428022679868224,24.877862508773802,-0.021635979250954174,False,2025
10,-1.25,1,2025-11-06,2025-11-07,2025-11-07,-1.3550606219133687,41.14109847259521,41.69826167678833,0.013542740103652084,True,2025
10,-1.25,1,2025-11-13,2025-11-14,2025-11-14,-1.6237907794425925,35.77574168014526,38.821140609741214,0.08512469026703884,True,2025
10,-1.25,1,2025-12-12,2025-12-15,2025-12-15,-1.463588341103698,43.15311061096191,41.138820304870606,-0.04667775457140799,False,2025
10,-1.25,1,2026-06-05,2026-06-08,2026-06-08,-1.5100123357343318,210.83061511230466,211.22856243896484,0.001887521536889647,True,2026
10,-1.25,1,2026-06-10,2026-06-11,2026-06-11,-1.3205821003549636,192.49230305480955,223.7660154876709,0.16246733992245166,True,2026
10,-1.25,2,2021-01-27,2021-01-28,2021-01-29,-2.294786590258944,33.97683041966189,32.35884792709351,-0.04762017152818576,False,2021
10,-1.25,2,2021-04-19,2021-04-20,2021-04-21,-2.1797701969810404,37.885258638039126,39.49601742553711,0.0425167689334629,True,2021
10,-1.25,2,2021-04-22,2021-04-23,2021-04-26,-1.455206153920154,37.21515956155478,40.91109339523315,0.09931258866605708,True,2021
10,-1.25,2,2021-04-30,2021-05-03,2021-05-04,-1.626848957969754,36.63245801109698,32.9246649055481,-0.10121606102505287,False,2021
10,-1.25,2,2021-05-10,2021-05-11,2021-05-12,-1.581224696819866,28.183293496078416,27.26437245941162,-0.03260516861858809,False,2021
10,-1.25,2,2021-06-18,2021-06-21,2021-06-22,-1.519456718272313,36.467358586928334,37.41218872833252,0.025908927271273585,True,2021
10,-1.25,2,2021-07-08,2021-07-09,2021-07-12,-1.5906037502402046,39.02154069043881,41.99663091659546,0.07624225423999231,True,2021
10,-1.25,2,2021-07-15,2021-07-16,2021-07-19,-1.7971039703078868,38.87585504510513,35.70634241867065,-0.08152907820952371,False,2021
10,-1.25,2,2021-08-12,2021-08-13,2021-08-16,-1.8182137089664983,41.27464028514248,41.686486049652096,0.009978179377564844,True,2021
10,-1.25,2,2021-08-17,2021-08-18,2021-08-19,-1.7962730937594023,39.12835955420487,38.41049514770508,-0.018346396697396128,False,2021
10,-1.25,2,2021-11-26,2021-11-29,2021-11-30,-1.7062391363028784,62.10619762274401,62.67995978164673,0.009238404231216357,True,2021
10,-1.25,2,2021-12-16,2021-12-17,2021-12-20,-1.4367778215327087,55.686780945125086,55.7790535697937,0.0016569933313175245,True,2021
10,-1.25,2,2022-04-01,2022-04-04,2022-04-05,-1.4320253687311184,35.54034865982122,31.881689226150513,-0.10294382502237143,False,2022
10,-1.25,2,2022-04-05,2022-04-06,2022-04-07,-1.7878790515212353,29.97320472399012,29.583641292572022,-0.012997056371029103,False,2022
10,-1.25,2,2022-08-09,2022-08-10,2022-08-11,-1.7926551940948485,18.56155034397228,19.204079538345336,0.034616138332524304,True,2022
10,-1.25,2,2022-08-22,2022-08-23,2022-08-24,-1.7742442835516128,16.615895715491366,16.903091508865355,0.017284400329151683,True,2022
10,-1.25,2,2022-08-26,2022-08-29,2022-08-30,-1.5208461581461221,15.059370254629362,14.048689018249512,-0.06711311424653765,False,2022
10,-1.25,2,2022-11-28,2022-11-29,2022-11-30,-1.25973509881845,11.663343468824676,13.461534908294677,0.15417461076032302,True,2022
10,-1.25,2,2022-12-06,2022-12-07,2022-12-08,-1.3434708092035113,11.136297701975419,12.29266100692749,0.10383731971775045,True,2022
10,-1.25,2,2023-02-17,2023-02-21,2023-02-22,-1.4820177670082044,14.486711535417783,13.519333611488342,-0.06677691631840321,False,2023
10,-1.25,2,2023-04-12,2023-04-13,2023-04-14,-1.3842625642438982,15.097132263041104,15.252981262207031,0.010323086295498385,True,2023
10,-1.25,2,2023-04-19,2023-04-20,2023-04-21,-1.3440318469973418,14.50855120822883,14.54809279346466,0.0027253986058513036,True,2023
10,-1.25,2,2023-04-21,2023-04-24,2023-04-25,-1.5683945356505566,14.49873980360003,12.922936205863953,-0.10868555606086572,False,2023
10,-1.25,2,2023-06-23,2023-06-26,2023-06-27,-1.459109731315596,21.929062319310482,23.895319805145263,0.08966445793276434,True,2023
10,-1.25,2,2023-09-12,2023-09-13,2023-09-14,-1.5259032669388546,20.514283742221,21.22829841041565,0.03480573229691264,True,2023
10,-1.25,2,2023-12-04,2023-12-05,2023-12-06,-1.4003856754036488,21.335599608811798,21.08672031211853,-0.0116649778425012,False,2023
10,-1.25,2,2024-01-02,2024-01-03,2024-01-04,-1.624013770509687,26.226400861672825,25.1798006401062,-0.039906361040035865,False,2024
10,-1.25,2,2024-01-31,2024-02-01,2024-02-02,-1.27086336525093,31.838589736350293,33.12353581237793,0.0403581341594601,True,2024
10,-1.25,2,2024-03-14,2024-03-15,2024-03-18,-1.5949034065118446,41.23827559807437,41.87446164321899,0.015427076809543694,True,2024
10,-1.25,2,2024-04-12,2024-04-15,2024-04-16,-1.5403935361643057,42.43705497587952,39.93861332702637,-0.05887405830289649,False,2024
10,-1.25,2,2024-06-24,2024-06-25,2024-06-26,-1.3919314443495545,53.68277869468384,54.11888068771362,0.008123685167455097,True,2024
10,-1.25,2,2024-07-17,2024-07-18,2024-07-19,-2.431054961205587,53.613488324659784,46.432776420593264,-0.1339348012683539,False,2024
10,-1.25,2,2024-10-15,2024-10-16,2024-10-17,-1.340398540703521,35.45196556078818,34.84670639419556,-0.01707265470386432,False,2024
10,-1.25,2,2024-10-31,2024-11-01,2024-11-04,-2.2935639432098114,30.434150582705534,30.036848596572877,-0.013054479212520786,False,2024
10,-1.25,2,2024-11-15,2024-11-18,2024-11-19,-1.7546630705288184,26.477413909633217,27.56264642715454,0.04098710399834338,True,2024
10,-1.25,2,2024-12-10,2024-12-11,2024-12-12,-1.4097791597655571,28.093825835278203,28.166351200103758,0.002581541056415393,True,2024
10,-1.25,2,2024-12-19,2024-12-20,2024-12-23,-1.5229748415063544,25.604750189263072,29.367524236679078,0.14695609289692912,True,2024
10,-1.25,2,2025-05-23,2025-05-27,2025-05-28,-1.8898491928734664,16.69908622252445,16.9643914604187,0.01588741050611464,True,2025
10,-1.25,2,2025-07-22,2025-07-23,2025-07-24,-1.7739024346501204,25.668191678003822,25.58694771194458,-0.0031651612656791173,False,2025
10,-1.25,2,2025-07-31,2025-08-01,2025-08-04,-1.5972318525203557,23.596724056565943,24.96774598503113,0.058102214747207226,True,2025
10,-1.25,2,2025-09-02,2025-09-03,2025-09-04,-1.2833223824498114,25.428022679868224,25.616906965255737,0.0074281939954794485,True,2025
10,-1.25,2,2025-11-06,2025-11-07,2025-11-10,-1.3550606219133687,41.14109847259521,44.91503908538818,0.09173164433873482,True,2025
10,-1.25,2,2025-11-13,2025-11-14,2025-11-17,-1.6237907794425925,35.77574168014526,36.803160152435304,0.028718299720400742,True,2025
10,-1.25,2,2025-12-12,2025-12-15,2025-12-16,-1.463588341103698,43.15311061096191,40.44951167678833,-0.06265131055203232,False,2025
10,-1.25,2,2026-06-05,2026-06-08,2026-06-09,-1.5100123357343318,210.83061511230466,201.47831268310546,-0.04435931861327369,False,2026
10,-1.25,2,2026-06-10,2026-06-11,2026-06-12,-1.3205821003549636,192.49230305480955,234.44531268310547,0.21794642675323161,True,2026
10,-1.25,3,2021-01-27,2021-01-28,2021-02-01,-2.294786590258944,33.97683041966189,36.183049530029294,0.06493304652368925,True,2021
10,-1.25,3,2021-04-19,2021-04-20,2021-04-22,-2.1797701969810404,37.885258638039126,36.8112658996582,-0.028348565563244388,False,2021
10,-1.25,3,2021-04-22,2021-04-23,2021-04-27,-1.455206153920154,37.21515956155478,40.06787465286255,0.07665465162360285,True,2021
10,-1.25,3,2021-04-30,2021-05-03,2021-05-05,-1.626848957969754,36.63245801109698,33.48681200408936,-0.0858704596359523,False,2021
10,-1.25,3,2021-05-10,2021-05-11,2021-05-13,-1.581224696819866,28.183293496078416,28.42744810295105,0.00866309705452295,True,2021
10,-1.25,3,2021-06-18,2021-06-21,2021-06-23,-1.519456718272313,36.467358586928334,37.84834423828125,0.03786908909404607,True,2021
10,-1.25,3,2021-07-08,2021-07-09,2021-07-13,-1.5906037502402046,39.02154069043881,41.30848079681397,0.05860711970646282,True,2021
10,-1.25,3,2021-07-15,2021-07-16,2021-07-20,-1.7971039703078868,38.87585504510513,37.160190307617185,-0.044131884314759784,False,2021
10,-1.25,3,2021-08-12,2021-08-13,2021-08-17,-1.8182137089664983,41.27464028514248,39.21495721435547,-0.04990190239231296,False,2021
10,-1.25,3,2021-08-17,2021-08-18,2021-08-20,-1.7962730937594023,39.12835955420487,39.18587636947632,0.0014699521249228464,True,2021
10,-1.25,3,2021-11-26,2021-11-29,2021-12-01,-1.7062391363028784,62.10619762274401,61.21642081832886,-0.0143266990811447,False,2021
10,-1.25,3,2021-12-16,2021-12-17,2021-12-21,-1.4367778215327087,55.686780945125086,61.56093222427368,0.10548556011770738,True,2021
10,-1.25,3,2022-04-01,2022-04-04,2022-04-06,-1.4320253687311184,35.54034865982122,29.583641292572022,-0.1676040779527671,False,2022
10,-1.25,3,2022-04-05,2022-04-06,2022-04-08,-1.7878790515212353,29.97320472399012,27.431047124862673,-0.08481434075992345,False,2022
10,-1.25,3,2022-08-09,2022-08-10,2022-08-12,-1.7926551940948485,18.56155034397228,20.971088607788086,0.12981341639914712,True,2022
10,-1.25,3,2022-08-22,2022-08-23,2022-08-25,-1.7742442835516128,16.615895715491366,18.757476493835448,0.12888747107069531,True,2022
10,-1.25,3,2022-08-26,2022-08-29,2022-08-31,-1.5208461581461221,15.059370254629362,13.631209691047669,-0.09483534433604002,False,2022
10,-1.25,3,2022-11-28,2022-11-29,2022-12-01,-1.25973509881845,11.663343468824676,13.149835201263429,0.12744988059487783,True,2022
10,-1.25,3,2022-12-06,2022-12-07,2022-12-09,-1.3434708092035113,11.136297701975419,12.00044157886505,0.0775970524509546,True,2022
10,-1.25,3,2023-02-17,2023-02-21,2023-02-23,-1.4820177670082044,14.486711535417783,14.741253092765808,0.017570692750090933,True,2023
10,-1.25,3,2023-04-12,2023-04-13,2023-04-17,-1.3842625642438982,15.097132263041104,15.252981262207031,0.010323086295498385,True,2023
10,-1.25,3,2023-04-19,2023-04-20,2023-04-24,-1.3440318469973418,14.50855120822883,14.322920127868652,-0.012794598006098168,False,2023
10,-1.25,3,2023-04-21,2023-04-24,2023-04-26,-1.5683945356505566,14.49873980360003,13.089366974830627,-0.09720657435479019,False,2023
10,-1.25,3,2023-06-23,2023-06-26,2023-06-28,-1.459109731315596,21.929062319310482,23.257972560882568,0.060600413379365614,True,2023
10,-1.25,3,2023-09-12,2023-09-13,2023-09-15,-1.5259032669388546,20.514283742221,19.404526245117186,-0.05409681912607034,False,2023
10,-1.25,3,2023-12-04,2023-12-05,2023-12-07,-1.4003856754036488,21.335599608811798,22.766193408966064,0.0670519613408671,True,2023
10,-1.25,3,2024-01-02,2024-01-03,2024-01-05,-1.624013770509687,26.226400861672825,25.52432347869873,-0.026769871576244775,False,2024
10,-1.25,3,2024-01-31,2024-02-01,2024-02-05,-1.27086336525093,31.838589736350293,34.55085995864868,0.08518813944833026,True,2024
10,-1.25,3,2024-03-14,2024-03-15,2024-03-19,-1.5949034065118446,41.23827559807437,40.80555100250244,-0.010493275707971983,False,2024
10,-1.25,3,2024-04-12,2024-04-15,2024-04-17,-1.5403935361643057,42.43705497587952,36.51023285293579,-0.13966148514105015,False,2024
10,-1.25,3,2024-06-24,2024-06-25,2024-06-27,-1.3919314443495545,53.68277869468384,53.15071453857422,-0.00991126333336223,False,2024
10,-1.25,3,2024-07-17,2024-07-18,2024-07-22,-2.431054961205587,53.613488324659784,52.29121189498901,-0.024663129950874385,False,2024
10,-1.25,3,2024-10-15,2024-10-16,2024-10-18,-1.340398540703521,35.45196556078818,34.90608756637573,-0.015397679247895368,False,2024
10,-1.25,3,2024-10-31,2024-11-01,2024-11-05,-2.2935639432098114,30.434150582705534,31.056219669342042,0.020439837311904574,True,2024
10,-1.25,3,2024-11-15,2024-11-18,2024-11-20,-1.7546630705288184,26.477413909633217,26.850076171875,0.014074722837875031,True,2024
10,-1.25,3,2024-12-10,2024-12-11,2024-12-13,-1.4097791597655571,28.093825835278203,30.383240673065185,0.08149174310435492,True,2024
10,-1.25,3,2024-12-19,2024-12-20,2024-12-24,-1.5229748415063544,25.604750189263072,30.25083155822754,0.18145388393254946,True,2024
10,-1.25,3,2025-05-23,2025-05-27,2025-05-29,-1.8898491928734664,16.69908622252445,17.123682540893554,0.025426320501081623,True,2025
10,-1.25,3,2025-07-22,2025-07-23,2025-07-25,-1.7739024346501204,25.668191678003822,25.566972970962524,-0.003943351690334995,False,2025
10,-1.25,3,2025-07-31,2025-08-01,2025-08-05,-1.5972318525203557,23.596724056565943,24.48836553955078,0.03778666398129671,True,2025
10,-1.25,3,2025-09-02,2025-09-03,2025-09-05,-1.2833223824498114,25.428022679868224,26.415875644683837,0.03884898866311426,True,2025
10,-1.25,3,2025-11-06,2025-11-07,2025-11-11,-1.3550606219133687,41.14109847259521,41.76819137191772,0.015242492850311873,True,2025
10,-1.25,3,2025-11-13,2025-11-14,2025-11-18,-1.6237907794425925,35.77574168014526,34.315648475646974,-0.040812381125521324,False,2025
10,-1.25,3,2025-12-12,2025-12-15,2025-12-17,-1.463588341103698,43.15311061096191,35.97398832321167,-0.166363958150599,False,2025
10,-1.25,3,2026-06-05,2026-06-08,2026-06-10,-1.5100123357343318,210.83061511230466,180.4693439025879,-0.14400788611058224,False,2026
10,-1.25,3,2026-06-10,2026-06-11,2026-06-15,-1.3205821003549636,192.49230305480955,272.2275,0.41422537774139956,True,2026
10,-1.25,5,2021-01-27,2021-01-28,2021-02-03,-2.294786590258944,33.97683041966189,35.490032913208005,0.04453630532500896,True,2021
10,-1.25,5,2021-04-19,2021-04-20,2021-04-26,-2.1797701969810404,37.885258638039126,40.91109339523315,0.0798683938284086,True,2021
10,-1.25,5,2021-04-22,2021-04-23,2021-04-29,-1.455206153920154,37.21515956155478,39.069572044372556,0.0498294916551556,True,2021
10,-1.25,5,2021-04-30,2021-05-03,2021-05-07,-1.626848957969754,36.63245801109698,35.79358114242554,-0.022899824751517417,False,2021
10,-1.25,5,2021-05-10,2021-05-11,2021-05-17,-1.581224696819866,28.183293496078416,30.142975959777832,0.06953347961167489,True,2021
10,-1.25,5,2021-06-18,2021-06-21,2021-06-25,-1.519456718272313,36.467358586928334,39.4087939453125,0.08065940260994164,True,2021
10,-1.25,5,2021-07-08,2021-07-09,2021-07-15,-1.5906037502402046,39.02154069043881,38.206955909729004,-0.02087525931310552,False,2021
10,-1.25,5,2021-07-15,2021-07-16,2021-07-22,-1.7971039703078868,38.87585504510513,39.486337783813475,0.015703390652116456,True,2021
10,-1.25,5,2021-08-12,2021-08-13,2021-08-19,-1.8182137089664983,41.27464028514248,38.41049514770508,-0.06939237065788317,False,2021
10,-1.25,5,2021-08-17,2021-08-18,2021-08-24,-1.7962730937594023,39.12835955420487,42.384323432922365,0.08321237884269017,True,2021
10,-1.25,5,2021-11-26,2021-11-29,2021-12-03,-1.7062391363028784,62.10619762274401,60.9934879989624,-0.017916241315248826,False,2021
10,-1.25,5,2021-12-16,2021-12-17,2021-12-23,-1.4367778215327087,55.686780945125086,65.35153708648681,0.1735556621756531,True,2021
10,-1.25,5,2022-04-01,2022-04-04,2022-04-08,-1.4320253687311184,35.54034865982122,27.431047124862673,-0.22817169332179932,False,2022
10,-1.25,5,2022-04-05,2022-04-06,2022-04-12,-1.7878790515212353,29.97320472399012,25.44328506088257,-0.15113230983545334,False,2022
10,-1.25,5,2022-08-09,2022-08-10,2022-08-16,-1.7926551940948485,18.56155034397228,20.52448175239563,0.1057525568741513,True,2022
10,-1.25,5,2022-08-22,2022-08-23,2022-08-29,-1.7742442835516128,16.615895715491366,14.61180217552185,-0.12061303069572438,False,2022
10,-1.25,5,2022-08-26,2022-08-29,2022-09-02,-1.5208461581461221,15.059370254629362,12.4855669298172,-0.17091042196940187,False,2022
10,-1.25,5,2022-11-28,2022-11-29,2022-12-05,-1.25973509881845,11.663343468824676,12.263440112113953,0.05145151087192912,True,2022
10,-1.25,5,2022-12-06,2022-12-07,2022-12-13,-1.3434708092035113,11.136297701975419,13.276463207244873,0.19217926482782688,True,2022
10,-1.25,5,2023-02-17,2023-02-21,2023-02-27,-1.4820177670082044,14.486711535417783,14.174281416893006,-0.02156666941016483,False,2023
10,-1.25,5,2023-04-12,2023-04-13,2023-04-19,-1.3842625642438982,15.097132263041104,14.939697180747986,-0.010428144865533895,False,2023
10,-1.25,5,2023-04-19,2023-04-20,2023-04-26,-1.3440318469973418,14.50855120822883,13.089366974830627,-0.0978170882143824,False,2023
10,-1.25,5,2023-04-21,2023-04-24,2023-04-28,-1.5683945356505566,14.49873980360003,13.931317646026612,-0.03913596390167151,False,2023
10,-1.25,5,2023-06-23,2023-06-26,2023-06-30,-1.459109731315596,21.929062319310482,24.34635681152344,0.1102324603311613,True,2023
10,-1.25,5,2023-09-12,2023-09-13,2023-09-19,-1.5259032669388546,20.514283742221,19.0831354637146,-0.06976350217682292,False,2023
10,-1.25,5,2023-12-04,2023-12-05,2023-12-11,-1.4003856754036488,21.335599608811798,25.64388801383972,0.20192956767189063,True,2023
10,-1.25,5,2024-01-02,2024-01-03,2024-01-09,-1.624013770509687,26.226400861672825,27.975370725631713,0.06668737632676192,True,2024
10,-1.25,5,2024-01-31,2024-02-01,2024-02-07,-1.27086336525093,31.838589736350293,34.80679121017456,0.09322653730593644,True,2024
10,-1.25,5,2024-03-14,2024-03-15,2024-03-21,-1.5949034065118446,41.23827559807437,45.62301722717285,0.10632698786520622,True,2024
10,-1.25,5,2024-04-12,2024-04-15,2024-04-19,-1.5403935361643057,42.43705497587952,30.333249515533446,-0.2852178471674264,False,2024
10,-1.25,5,2024-06-24,2024-06-25,2024-07-01,-1.3919314443495545,53.68277869468384,54.69188117980957,0.018797508431240395,True,2024
10,-1.25,5,2024-07-17,2024-07-18,2024-07-24,-2.431054961205587,53.613488324659784,42.38225793457031,-0.20948516392140093,False,2024
10,-1.25,5,2024-10-15,2024-10-16,2024-10-22,-1.340398540703521,35.45196556078818,34.33206956863403,-0.031589108655594944,False,2024
10,-1.25,5,2024-10-31,2024-11-01,2024-11-07,-2.2935639432098114,30.434150582705534,35.83638497543335,0.17750567337330847,True,2024
10,-1.25,5,2024-11-15,2024-11-18,2024-11-22,-1.7546630705288184,26.477413909633217,28.19604178619385,0.06490920459325333,True,2024
10,-1.25,5,2024-12-10,2024-12-11,2024-12-17,-1.4097791597655571,28.093825835278203,30.808801929473876,0.09663960010695316,True,2024
10,-1.25,5,2024-12-19,2024-12-20,2024-12-27,-1.5229748415063544,25.604750189263072,29.466772956848146,0.1508322767860688,True,2024
10,-1.25,5,2025-05-23,2025-05-27,2025-06-02,-1.8898491928734664,16.69908622252445,16.82501033592224,0.0075407786821255485,True,2025
10,-1.25,5,2025-07-22,2025-07-23,2025-07-29,-1.7739024346501204,25.668191678003822,26.995127889633178,0.0516957418845545,True,2025
10,-1.25,5,2025-07-31,2025-08-01,2025-08-07,-1.5972318525203557,23.596724056565943,24.96774598503113,0.058102214747207226,True,2025
10,-1.25,5,2025-09-02,2025-09-03,2025-09-09,-1.2833223824498114,25.428022679868224,27.144933683395386,0.06752042914003176,True,2025
10,-1.25,5,2025-11-06,2025-11-07,2025-11-13,-1.3550606219133687,41.14109847259521,39.18078121948242,-0.047648636664832655,False,2025
10,-1.25,5,2025-11-13,2025-11-14,2025-11-20,-1.6237907794425925,35.77574168014526,30.779189466476442,-0.13966313426401422,False,2025
10,-1.25,5,2025-12-12,2025-12-15,2025-12-19,-1.463588341103698,43.15311061096191,41.67828121948242,-0.034176664685322766,False,2025
10,-1.25,5,2026-06-05,2026-06-08,2026-06-12,-1.5100123357343318,210.83061511230466,234.44531268310547,0.11200791478136041,True,2026
10,-1.25,5,2026-06-10,2026-06-11,2026-06-17,-1.3205821003549636,192.49230305480955,233.6261406097412,0.21369081725423245,True,2026
10,-1.5,1,2021-01-27,2021-01-28,2021-01-28,-2.294786590258944,33.97683041966189,34.03811714172363,0.001803779849525844,True,2021
10,-1.5,1,2021-04-19,2021-04-20,2021-04-20,-2.1797701969810404,37.885258638039126,36.549568782806396,-0.03525618943225628,False,2021
10,-1.5,1,2021-04-30,2021-05-03,2021-05-03,-1.626848957969754,36.63245801109698,34.5141954574585,-0.057824745284545176,False,2021
10,-1.5,1,2021-05-10,2021-05-11,2021-05-11,-1.581224696819866,28.183293496078416,31.121896419525147,0.1042675485693545,True,2021
10,-1.5,1,2021-06-18,2021-06-21,2021-06-21,-1.519456718272313,36.467358586928334,36.946956184387204,0.013151421326983215,True,2021
10,-1.5,1,2021-07-08,2021-07-09,2021-07-09,-1.5906037502402046,39.02154069043881,40.484648014068604,0.037494863035694825,True,2021
10,-1.5,1,2021-07-15,2021-07-16,2021-07-16,-1.7971039703078868,38.87585504510513,35.628806201934815,-0.08352353509403143,False,2021
10,-1.5,1,2021-08-12,2021-08-13,2021-08-13,-1.8182137089664983,41.27464028514248,42.142016086578366,0.021014739206536737,True,2021
10,-1.5,1,2021-08-17,2021-08-18,2021-08-18,-1.7962730937594023,39.12835955420487,37.470338985443114,-0.042373883997484874,False,2021
10,-1.5,1,2021-11-26,2021-11-29,2021-11-29,-1.7062391363028784,62.10619762274401,66.3048674697876,0.06760468371526862,True,2021
10,-1.5,1,2022-04-05,2022-04-06,2022-04-06,-1.7878790515212353,29.97320472399012,29.583641292572022,-0.012997056371029103,False,2022
10,-1.5,1,2022-08-09,2022-08-10,2022-08-10,-1.7926551940948485,18.56155034397228,19.330297874450682,0.04141612722172461,True,2022
10,-1.5,1,2022-08-22,2022-08-23,2022-08-23,-1.7742442835516128,16.615895715491366,16.825418100357055,0.012609755649245269,True,2022
10,-1.5,1,2022-08-26,2022-08-29,2022-08-29,-1.5208461581461221,15.059370254629362,14.61180217552185,-0.029720238731093418,False,2022
10,-1.5,1,2023-02-21,2023-02-22,2023-02-22,-2.170449096345092,13.820657350235287,13.519333611488342,-0.021802417288191767,False,2023
10,-1.5,1,2023-04-21,2023-04-24,2023-04-24,-1.5683945356505566,14.49873980360003,14.322920127868652,-0.012126548797552816,False,2023
10,-1.5,1,2023-09-12,2023-09-13,2023-09-13,-1.5259032669388546,20.514283742221,20.81647919654846,0.014730977601986828,True,2023
10,-1.5,1,2023-12-05,2023-12-06,2023-12-06,-2.10271998480572,22.46733218321533,21.08672031211853,-0.06144974667389369,False,2023
10,-1.5,1,2024-01-02,2024-01-03,2024-01-03,-1.624013770509687,26.226400861672825,25.83931959915161,-0.014759221616523543,False,2024
10,-1.5,1,2024-03-14,2024-03-15,2024-03-15,-1.5949034065118446,41.23827559807437,42.07133183670044,0.020201044455529393,True,2024
10,-1.5,1,2024-04-12,2024-04-15,2024-04-15,-1.5403935361643057,42.43705497587952,39.18988160705566,-0.07651740608931268,False,2024
10,-1.5,1,2024-07-17,2024-07-18,2024-07-18,-2.431054961205587,53.613488324659784,51.036539783477785,-0.04806530262640485,False,2024
10,-1.5,1,2024-10-31,2024-11-01,2024-11-01,-2.2935639432098114,30.434150582705534,30.511897974014282,0.002554610193488571,True,2024
10,-1.5,1,2024-11-15,2024-11-18,2024-11-18,-1.7546630705288184,26.477413909633217,27.384502910614014,0.034258972725836,True,2024
10,-1.5,1,2024-12-19,2024-12-20,2024-12-20,-1.5229748415063544,25.604750189263072,27.018320920944213,0.05520736274450733,True,2024
10,-1.5,1,2025-05-23,2025-05-27,2025-05-27,-1.8898491928734664,16.69908622252445,17.213282106399536,0.030791857531792255,True,2025
10,-1.5,1,2025-07-22,2025-07-23,2025-07-23,-1.7739024346501204,25.668191678003822,25.746739923477172,0.0030601394308840124,True,2025
10,-1.5,1,2025-07-31,2025-08-01,2025-08-01,-1.5972318525203557,23.596724056565943,24.048932670593263,0.01916404213327616,True,2025
10,-1.5,1,2025-11-07,2025-11-10,2025-11-10,-1.6642243134581431,45.1050613746643,44.91503908538818,-0.004212881736213703,False,2025
10,-1.5,1,2025-11-13,2025-11-14,2025-11-14,-1.6237907794425925,35.77574168014526,38.821140609741214,0.08512469026703884,True,2025
10,-1.5,1,2026-06-05,2026-06-08,2026-06-08,-1.5100123357343318,210.83061511230466,211.22856243896484,0.001887521536889647,True,2026
10,-1.5,2,2021-01-27,2021-01-28,2021-01-29,-2.294786590258944,33.97683041966189,32.35884792709351,-0.04762017152818576,False,2021
10,-1.5,2,2021-04-19,2021-04-20,2021-04-21,-2.1797701969810404,37.885258638039126,39.49601742553711,0.0425167689334629,True,2021
10,-1.5,2,2021-04-30,2021-05-03,2021-05-04,-1.626848957969754,36.63245801109698,32.9246649055481,-0.10121606102505287,False,2021
10,-1.5,2,2021-05-10,2021-05-11,2021-05-12,-1.581224696819866,28.183293496078416,27.26437245941162,-0.03260516861858809,False,2021
10,-1.5,2,2021-06-18,2021-06-21,2021-06-22,-1.519456718272313,36.467358586928334,37.41218872833252,0.025908927271273585,True,2021
10,-1.5,2,2021-07-08,2021-07-09,2021-07-12,-1.5906037502402046,39.02154069043881,41.99663091659546,0.07624225423999231,True,2021
10,-1.5,2,2021-07-15,2021-07-16,2021-07-19,-1.7971039703078868,38.87585504510513,35.70634241867065,-0.08152907820952371,False,2021
10,-1.5,2,2021-08-12,2021-08-13,2021-08-16,-1.8182137089664983,41.27464028514248,41.686486049652096,0.009978179377564844,True,2021
10,-1.5,2,2021-08-17,2021-08-18,2021-08-19,-1.7962730937594023,39.12835955420487,38.41049514770508,-0.018346396697396128,False,2021
10,-1.5,2,2021-11-26,2021-11-29,2021-11-30,-1.7062391363028784,62.10619762274401,62.67995978164673,0.009238404231216357,True,2021
10,-1.5,2,2022-04-05,2022-04-06,2022-04-07,-1.7878790515212353,29.97320472399012,29.583641292572022,-0.012997056371029103,False,2022
10,-1.5,2,2022-08-09,2022-08-10,2022-08-11,-1.7926551940948485,18.56155034397228,19.204079538345336,0.034616138332524304,True,2022
10,-1.5,2,2022-08-22,2022-08-23,2022-08-24,-1.7742442835516128,16.615895715491366,16.903091508865355,0.017284400329151683,True,2022
10,-1.5,2,2022-08-26,2022-08-29,2022-08-30,-1.5208461581461221,15.059370254629362,14.048689018249512,-0.06711311424653765,False,2022
10,-1.5,2,2023-02-21,2023-02-22,2023-02-23,-2.170449096345092,13.820657350235287,14.741253092765808,0.06661012708739555,True,2023
10,-1.5,2,2023-04-21,2023-04-24,2023-04-25,-1.5683945356505566,14.49873980360003,12.922936205863953,-0.10868555606086572,False,2023
10,-1.5,2,2023-09-12,2023-09-13,2023-09-14,-1.5259032669388546,20.514283742221,21.22829841041565,0.03480573229691264,True,2023
10,-1.5,2,2023-12-05,2023-12-06,2023-12-07,-2.10271998480572,22.46733218321533,22.766193408966064,0.013302034407716823,True,2023
10,-1.5,2,2024-01-02,2024-01-03,2024-01-04,-1.624013770509687,26.226400861672825,25.1798006401062,-0.039906361040035865,False,2024
10,-1.5,2,2024-03-14,2024-03-15,2024-03-18,-1.5949034065118446,41.23827559807437,41.87446164321899,0.015427076809543694,True,2024
10,-1.5,2,2024-04-12,2024-04-15,2024-04-16,-1.5403935361643057,42.43705497587952,39.93861332702637,-0.05887405830289649,False,2024
10,-1.5,2,2024-07-17,2024-07-18,2024-07-19,-2.431054961205587,53.613488324659784,46.432776420593264,-0.1339348012683539,False,2024
10,-1.5,2,2024-10-31,2024-11-01,2024-11-04,-2.2935639432098114,30.434150582705534,30.036848596572877,-0.013054479212520786,False,2024
10,-1.5,2,2024-11-15,2024-11-18,2024-11-19,-1.7546630705288184,26.477413909633217,27.56264642715454,0.04098710399834338,True,2024
10,-1.5,2,2024-12-19,2024-12-20,2024-12-23,-1.5229748415063544,25.604750189263072,29.367524236679078,0.14695609289692912,True,2024
10,-1.5,2,2025-05-23,2025-05-27,2025-05-28,-1.8898491928734664,16.69908622252445,16.9643914604187,0.01588741050611464,True,2025
10,-1.5,2,2025-07-22,2025-07-23,2025-07-24,-1.7739024346501204,25.668191678003822,25.58694771194458,-0.0031651612656791173,False,2025
10,-1.5,2,2025-07-31,2025-08-01,2025-08-04,-1.5972318525203557,23.596724056565943,24.96774598503113,0.058102214747207226,True,2025
10,-1.5,2,2025-11-07,2025-11-10,2025-11-11,-1.6642243134581431,45.1050613746643,41.76819137191772,-0.07397994595393487,False,2025
10,-1.5,2,2025-11-13,2025-11-14,2025-11-17,-1.6237907794425925,35.77574168014526,36.803160152435304,0.028718299720400742,True,2025
10,-1.5,2,2026-06-05,2026-06-08,2026-06-09,-1.5100123357343318,210.83061511230466,201.47831268310546,-0.04435931861327369,False,2026
10,-1.5,3,2021-01-27,2021-01-28,2021-02-01,-2.294786590258944,33.97683041966189,36.183049530029294,0.06493304652368925,True,2021
10,-1.5,3,2021-04-19,2021-04-20,2021-04-22,-2.1797701969810404,37.885258638039126,36.8112658996582,-0.028348565563244388,False,2021
10,-1.5,3,2021-04-30,2021-05-03,2021-05-05,-1.626848957969754,36.63245801109698,33.48681200408936,-0.0858704596359523,False,2021
10,-1.5,3,2021-05-10,2021-05-11,2021-05-13,-1.581224696819866,28.183293496078416,28.42744810295105,0.00866309705452295,True,2021
10,-1.5,3,2021-06-18,2021-06-21,2021-06-23,-1.519456718272313,36.467358586928334,37.84834423828125,0.03786908909404607,True,2021
10,-1.5,3,2021-07-08,2021-07-09,2021-07-13,-1.5906037502402046,39.02154069043881,41.30848079681397,0.05860711970646282,True,2021
10,-1.5,3,2021-07-15,2021-07-16,2021-07-20,-1.7971039703078868,38.87585504510513,37.160190307617185,-0.044131884314759784,False,2021
10,-1.5,3,2021-08-12,2021-08-13,2021-08-17,-1.8182137089664983,41.27464028514248,39.21495721435547,-0.04990190239231296,False,2021
10,-1.5,3,2021-08-17,2021-08-18,2021-08-20,-1.7962730937594023,39.12835955420487,39.18587636947632,0.0014699521249228464,True,2021
10,-1.5,3,2021-11-26,2021-11-29,2021-12-01,-1.7062391363028784,62.10619762274401,61.21642081832886,-0.0143266990811447,False,2021
10,-1.5,3,2022-04-05,2022-04-06,2022-04-08,-1.7878790515212353,29.97320472399012,27.431047124862673,-0.08481434075992345,False,2022
10,-1.5,3,2022-08-09,2022-08-10,2022-08-12,-1.7926551940948485,18.56155034397228,20.971088607788086,0.12981341639914712,True,2022
10,-1.5,3,2022-08-22,2022-08-23,2022-08-25,-1.7742442835516128,16.615895715491366,18.757476493835448,0.12888747107069531,True,2022
10,-1.5,3,2022-08-26,2022-08-29,2022-08-31,-1.5208461581461221,15.059370254629362,13.631209691047669,-0.09483534433604002,False,2022
10,-1.5,3,2023-02-21,2023-02-22,2023-02-24,-2.170449096345092,13.820657350235287,13.988551385879516,0.012148049936378191,True,2023
10,-1.5,3,2023-04-21,2023-04-24,2023-04-26,-1.5683945356505566,14.49873980360003,13.089366974830627,-0.09720657435479019,False,2023
10,-1.5,3,2023-09-12,2023-09-13,2023-09-15,-1.5259032669388546,20.514283742221,19.404526245117186,-0.05409681912607034,False,2023
10,-1.5,3,2023-12-05,2023-12-06,2023-12-08,-2.10271998480572,22.46733218321533,23.27690502548218,0.03603333211371029,True,2023
10,-1.5,3,2024-01-02,2024-01-03,2024-01-05,-1.624013770509687,26.226400861672825,25.52432347869873,-0.026769871576244775,False,2024
10,-1.5,3,2024-03-14,2024-03-15,2024-03-19,-1.5949034065118446,41.23827559807437,40.80555100250244,-0.010493275707971983,False,2024
10,-1.5,3,2024-04-12,2024-04-15,2024-04-17,-1.5403935361643057,42.43705497587952,36.51023285293579,-0.13966148514105015,False,2024
10,-1.5,3,2024-07-17,2024-07-18,2024-07-22,-2.431054961205587,53.613488324659784,52.29121189498901,-0.024663129950874385,False,2024
10,-1.5,3,2024-10-31,2024-11-01,2024-11-05,-2.2935639432098114,30.434150582705534,31.056219669342042,0.020439837311904574,True,2024
10,-1.5,3,2024-11-15,2024-11-18,2024-11-20,-1.7546630705288184,26.477413909633217,26.850076171875,0.014074722837875031,True,2024
10,-1.5,3,2024-12-19,2024-12-20,2024-12-24,-1.5229748415063544,25.604750189263072,30.25083155822754,0.18145388393254946,True,2024
10,-1.5,3,2025-05-23,2025-05-27,2025-05-29,-1.8898491928734664,16.69908622252445,17.123682540893554,0.025426320501081623,True,2025
10,-1.5,3,2025-07-22,2025-07-23,2025-07-25,-1.7739024346501204,25.668191678003822,25.566972970962524,-0.003943351690334995,False,2025
10,-1.5,3,2025-07-31,2025-08-01,2025-08-05,-1.5972318525203557,23.596724056565943,24.48836553955078,0.03778666398129671,True,2025
10,-1.5,3,2025-11-07,2025-11-10,2025-11-12,-1.6642243134581431,45.1050613746643,43.666289085388186,-0.03189824479618775,False,2025
10,-1.5,3,2025-11-13,2025-11-14,2025-11-18,-1.6237907794425925,35.77574168014526,34.315648475646974,-0.040812381125521324,False,2025
10,-1.5,3,2026-06-05,2026-06-08,2026-06-10,-1.5100123357343318,210.83061511230466,180.4693439025879,-0.14400788611058224,False,2026
10,-1.5,5,2021-01-27,2021-01-28,2021-02-03,-2.294786590258944,33.97683041966189,35.490032913208005,0.04453630532500896,True,2021
10,-1.5,5,2021-04-19,2021-04-20,2021-04-26,-2.1797701969810404,37.885258638039126,40.91109339523315,0.0798683938284086,True,2021
10,-1.5,5,2021-04-30,2021-05-03,2021-05-07,-1.626848957969754,36.63245801109698,35.79358114242554,-0.022899824751517417,False,2021
10,-1.5,5,2021-05-10,2021-05-11,2021-05-17,-1.581224696819866,28.183293496078416,30.142975959777832,0.06953347961167489,True,2021
10,-1.5,5,2021-06-18,2021-06-21,2021-06-25,-1.519456718272313,36.467358586928334,39.4087939453125,0.08065940260994164,True,2021
10,-1.5,5,2021-07-08,2021-07-09,2021-07-15,-1.5906037502402046,39.02154069043881,38.206955909729004,-0.02087525931310552,False,2021
10,-1.5,5,2021-07-15,2021-07-16,2021-07-22,-1.7971039703078868,38.87585504510513,39.486337783813475,0.015703390652116456,True,2021
10,-1.5,5,2021-08-12,2021-08-13,2021-08-19,-1.8182137089664983,41.27464028514248,38.41049514770508,-0.06939237065788317,False,2021
10,-1.5,5,2021-08-17,2021-08-18,2021-08-24,-1.7962730937594023,39.12835955420487,42.384323432922365,0.08321237884269017,True,2021
10,-1.5,5,2021-11-26,2021-11-29,2021-12-03,-1.7062391363028784,62.10619762274401,60.9934879989624,-0.017916241315248826,False,2021
10,-1.5,5,2022-04-05,2022-04-06,2022-04-12,-1.7878790515212353,29.97320472399012,25.44328506088257,-0.15113230983545334,False,2022
10,-1.5,5,2022-08-09,2022-08-10,2022-08-16,-1.7926551940948485,18.56155034397228,20.52448175239563,0.1057525568741513,True,2022
10,-1.5,5,2022-08-22,2022-08-23,2022-08-29,-1.7742442835516128,16.615895715491366,14.61180217552185,-0.12061303069572438,False,2022
10,-1.5,5,2022-08-26,2022-08-29,2022-09-02,-1.5208461581461221,15.059370254629362,12.4855669298172,-0.17091042196940187,False,2022
10,-1.5,5,2023-02-21,2023-02-22,2023-02-28,-2.170449096345092,13.820657350235287,14.320913698196412,0.03619627744787479,True,2023
10,-1.5,5,2023-04-21,2023-04-24,2023-04-28,-1.5683945356505566,14.49873980360003,13.931317646026612,-0.03913596390167151,False,2023
10,-1.5,5,2023-09-12,2023-09-13,2023-09-19,-1.5259032669388546,20.514283742221,19.0831354637146,-0.06976350217682292,False,2023
10,-1.5,5,2023-12-05,2023-12-06,2023-12-12,-2.10271998480572,22.46733218321533,26.174244729995728,0.16499121998782407,True,2023
10,-1.5,5,2024-01-02,2024-01-03,2024-01-09,-1.624013770509687,26.226400861672825,27.975370725631713,0.06668737632676192,True,2024
10,-1.5,5,2024-03-14,2024-03-15,2024-03-21,-1.5949034065118446,41.23827559807437,45.62301722717285,0.10632698786520622,True,2024
10,-1.5,5,2024-04-12,2024-04-15,2024-04-19,-1.5403935361643057,42.43705497587952,30.333249515533446,-0.2852178471674264,False,2024
10,-1.5,5,2024-07-17,2024-07-18,2024-07-24,-2.431054961205587,53.613488324659784,42.38225793457031,-0.20948516392140093,False,2024
10,-1.5,5,2024-10-31,2024-11-01,2024-11-07,-2.2935639432098114,30.434150582705534,35.83638497543335,0.17750567337330847,True,2024
10,-1.5,5,2024-11-15,2024-11-18,2024-11-22,-1.7546630705288184,26.477413909633217,28.19604178619385,0.06490920459325333,True,2024
10,-1.5,5,2024-12-19,2024-12-20,2024-12-27,-1.5229748415063544,25.604750189263072,29.466772956848146,0.1508322767860688,True,2024
10,-1.5,5,2025-05-23,2025-05-27,2025-06-02,-1.8898491928734664,16.69908622252445,16.82501033592224,0.0075407786821255485,True,2025
10,-1.5,5,2025-07-22,2025-07-23,2025-07-29,-1.7739024346501204,25.668191678003822,26.995127889633178,0.0516957418845545,True,2025
10,-1.5,5,2025-07-31,2025-08-01,2025-08-07,-1.5972318525203557,23.596724056565943,24.96774598503113,0.058102214747207226,True,2025
10,-1.5,5,2025-11-07,2025-11-10,2025-11-14,-1.6642243134581431,45.1050613746643,38.821140609741214,-0.1393174196732785,False,2025
10,-1.5,5,2025-11-13,2025-11-14,2025-11-20,-1.6237907794425925,35.77574168014526,30.779189466476442,-0.13966313426401422,False,2025
10,-1.5,5,2026-06-05,2026-06-08,2026-06-12,-1.5100123357343318,210.83061511230466,234.44531268310547,0.11200791478136041,True,2026
10,-1.75,1,2021-01-27,2021-01-28,2021-01-28,-2.294786590258944,33.97683041966189,34.03811714172363,0.001803779849525844,True,2021
10,-1.75,1,2021-04-19,2021-04-20,2021-04-20,-2.1797701969810404,37.885258638039126,36.549568782806396,-0.03525618943225628,False,2021
10,-1.75,1,2021-05-04,2021-05-05,2021-05-05,-1.8335941063183065,34.05886045842303,33.48681200408936,-0.016795877684515848,False,2021
10,-1.75,1,2021-07-15,2021-07-16,2021-07-16,-1.7971039703078868,38.87585504510513,35.628806201934815,-0.08352353509403143,False,2021
10,-1.75,1,2021-08-12,2021-08-13,2021-08-13,-1.8182137089664983,41.27464028514248,42.142016086578366,0.021014739206536737,True,2021
10,-1.75,1,2021-08-17,2021-08-18,2021-08-18,-1.7962730937594023,39.12835955420487,37.470338985443114,-0.042373883997484874,False,2021
10,-1.75,1,2022-04-05,2022-04-06,2022-04-06,-1.7878790515212353,29.97320472399012,29.583641292572022,-0.012997056371029103,False,2022
10,-1.75,1,2022-08-09,2022-08-10,2022-08-10,-1.7926551940948485,18.56155034397228,19.330297874450682,0.04141612722172461,True,2022
10,-1.75,1,2022-08-22,2022-08-23,2022-08-23,-1.7742442835516128,16.615895715491366,16.825418100357055,0.012609755649245269,True,2022
10,-1.75,1,2023-02-21,2023-02-22,2023-02-22,-2.170449096345092,13.820657350235287,13.519333611488342,-0.021802417288191767,False,2023
10,-1.75,1,2023-04-25,2023-04-26,2023-04-26,-2.5056100284012914,13.360814472170603,13.089366974830627,-0.02031668787148988,False,2023
10,-1.75,1,2023-12-05,2023-12-06,2023-12-06,-2.10271998480572,22.46733218321533,21.08672031211853,-0.06144974667389369,False,2023
10,-1.75,1,2024-01-03,2024-01-04,2024-01-04,-1.8867886585545066,24.618687906106164,25.1798006401062,0.022792146199670738,True,2024
10,-1.75,1,2024-07-17,2024-07-18,2024-07-18,-2.431054961205587,53.613488324659784,51.036539783477785,-0.04806530262640485,False,2024
10,-1.75,1,2024-10-31,2024-11-01,2024-11-01,-2.2935639432098114,30.434150582705534,30.511897974014282,0.002554610193488571,True,2024
10,-1.75,1,2024-11-15,2024-11-18,2024-11-18,-1.7546630705288184,26.477413909633217,27.384502910614014,0.034258972725836,True,2024
10,-1.75,1,2025-05-23,2025-05-27,2025-05-27,-1.8898491928734664,16.69908622252445,17.213282106399536,0.030791857531792255,True,2025
10,-1.75,1,2025-07-22,2025-07-23,2025-07-23,-1.7739024346501204,25.668191678003822,25.746739923477172,0.0030601394308840124,True,2025
10,-1.75,1,2025-08-01,2025-08-04,2025-08-04,-1.8095723773428327,24.607440819190096,24.96774598503113,0.014642122620083686,True,2025
10,-1.75,2,2021-01-27,2021-01-28,2021-01-29,-2.294786590258944,33.97683041966189,32.35884792709351,-0.04762017152818576,False,2021
10,-1.75,2,2021-04-19,2021-04-20,2021-04-21,-2.1797701969810404,37.885258638039126,39.49601742553711,0.0425167689334629,True,2021
10,-1.75,2,2021-05-04,2021-05-05,2021-05-06,-1.8335941063183065,34.05886045842303,34.31066003036499,0.0073930709528391425,True,2021
10,-1.75,2,2021-07-15,2021-07-16,2021-07-19,-1.7971039703078868,38.87585504510513,35.70634241867065,-0.08152907820952371,False,2021
10,-1.75,2,2021-08-12,2021-08-13,2021-08-16,-1.8182137089664983,41.27464028514248,41.686486049652096,0.009978179377564844,True,2021
10,-1.75,2,2021-08-17,2021-08-18,2021-08-19,-1.7962730937594023,39.12835955420487,38.41049514770508,-0.018346396697396128,False,2021
10,-1.75,2,2022-04-05,2022-04-06,2022-04-07,-1.7878790515212353,29.97320472399012,29.583641292572022,-0.012997056371029103,False,2022
10,-1.75,2,2022-08-09,2022-08-10,2022-08-11,-1.7926551940948485,18.56155034397228,19.204079538345336,0.034616138332524304,True,2022
10,-1.75,2,2022-08-22,2022-08-23,2022-08-24,-1.7742442835516128,16.615895715491366,16.903091508865355,0.017284400329151683,True,2022
10,-1.75,2,2023-02-21,2023-02-22,2023-02-23,-2.170449096345092,13.820657350235287,14.741253092765808,0.06661012708739555,True,2023
10,-1.75,2,2023-04-25,2023-04-26,2023-04-27,-2.5056100284012914,13.360814472170603,13.255800601959228,-0.007859840463327217,False,2023
10,-1.75,2,2023-12-05,2023-12-06,2023-12-07,-2.10271998480572,22.46733218321533,22.766193408966064,0.013302034407716823,True,2023
10,-1.75,2,2024-01-03,2024-01-04,2024-01-05,-1.8867886585545066,24.618687906106164,25.52432347869873,0.03678650852744836,True,2024
10,-1.75,2,2024-07-17,2024-07-18,2024-07-19,-2.431054961205587,53.613488324659784,46.432776420593264,-0.1339348012683539,False,2024
10,-1.75,2,2024-10-31,2024-11-01,2024-11-04,-2.2935639432098114,30.434150582705534,30.036848596572877,-0.013054479212520786,False,2024
10,-1.75,2,2024-11-15,2024-11-18,2024-11-19,-1.7546630705288184,26.477413909633217,27.56264642715454,0.04098710399834338,True,2024
10,-1.75,2,2025-05-23,2025-05-27,2025-05-28,-1.8898491928734664,16.69908622252445,16.9643914604187,0.01588741050611464,True,2025
10,-1.75,2,2025-07-22,2025-07-23,2025-07-24,-1.7739024346501204,25.668191678003822,25.58694771194458,-0.0031651612656791173,False,2025
10,-1.75,2,2025-08-01,2025-08-04,2025-08-05,-1.8095723773428327,24.607440819190096,24.48836553955078,-0.00483899485989836,False,2025
10,-1.75,3,2021-01-27,2021-01-28,2021-02-01,-2.294786590258944,33.97683041966189,36.183049530029294,0.06493304652368925,True,2021
10,-1.75,3,2021-04-19,2021-04-20,2021-04-22,-2.1797701969810404,37.885258638039126,36.8112658996582,-0.028348565563244388,False,2021
10,-1.75,3,2021-05-04,2021-05-05,2021-05-07,-1.8335941063183065,34.05886045842303,35.79358114242554,0.05093302185257054,True,2021
10,-1.75,3,2021-07-15,2021-07-16,2021-07-20,-1.7971039703078868,38.87585504510513,37.160190307617185,-0.044131884314759784,False,2021
10,-1.75,3,2021-08-12,2021-08-13,2021-08-17,-1.8182137089664983,41.27464028514248,39.21495721435547,-0.04990190239231296,False,2021
10,-1.75,3,2021-08-17,2021-08-18,2021-08-20,-1.7962730937594023,39.12835955420487,39.18587636947632,0.0014699521249228464,True,2021
10,-1.75,3,2022-04-05,2022-04-06,2022-04-08,-1.7878790515212353,29.97320472399012,27.431047124862673,-0.08481434075992345,False,2022
10,-1.75,3,2022-08-09,2022-08-10,2022-08-12,-1.7926551940948485,18.56155034397228,20.971088607788086,0.12981341639914712,True,2022
10,-1.75,3,2022-08-22,2022-08-23,2022-08-25,-1.7742442835516128,16.615895715491366,18.757476493835448,0.12888747107069531,True,2022
10,-1.75,3,2023-02-21,2023-02-22,2023-02-24,-2.170449096345092,13.820657350235287,13.988551385879516,0.012148049936378191,True,2023
10,-1.75,3,2023-04-25,2023-04-26,2023-04-28,-2.5056100284012914,13.360814472170603,13.931317646026612,0.04269973024805607,True,2023
10,-1.75,3,2023-12-05,2023-12-06,2023-12-08,-2.10271998480572,22.46733218321533,23.27690502548218,0.03603333211371029,True,2023
10,-1.75,3,2024-01-03,2024-01-04,2024-01-08,-1.8867886585545066,24.618687906106164,27.985212329864503,0.13674670382914034,True,2024
10,-1.75,3,2024-07-17,2024-07-18,2024-07-22,-2.431054961205587,53.613488324659784,52.29121189498901,-0.024663129950874385,False,2024
10,-1.75,3,2024-10-31,2024-11-01,2024-11-05,-2.2935639432098114,30.434150582705534,31.056219669342042,0.020439837311904574,True,2024
10,-1.75,3,2024-11-15,2024-11-18,2024-11-20,-1.7546630705288184,26.477413909633217,26.850076171875,0.014074722837875031,True,2024
10,-1.75,3,2025-05-23,2025-05-27,2025-05-29,-1.8898491928734664,16.69908622252445,17.123682540893554,0.025426320501081623,True,2025
10,-1.75,3,2025-07-22,2025-07-23,2025-07-25,-1.7739024346501204,25.668191678003822,25.566972970962524,-0.003943351690334995,False,2025
10,-1.75,3,2025-08-01,2025-08-04,2025-08-06,-1.8095723773428327,24.607440819190096,23.959049194335936,-0.02634941315589845,False,2025
10,-1.75,5,2021-01-27,2021-01-28,2021-02-03,-2.294786590258944,33.97683041966189,35.490032913208005,0.04453630532500896,True,2021
10,-1.75,5,2021-04-19,2021-04-20,2021-04-26,-2.1797701969810404,37.885258638039126,40.91109339523315,0.0798683938284086,True,2021
10,-1.75,5,2021-05-04,2021-05-05,2021-05-11,-1.8335941063183065,34.05886045842303,31.121896419525147,-0.08623201127011126,False,2021
10,-1.75,5,2021-07-15,2021-07-16,2021-07-22,-1.7971039703078868,38.87585504510513,39.486337783813475,0.015703390652116456,True,2021
10,-1.75,5,2021-08-12,2021-08-13,2021-08-19,-1.8182137089664983,41.27464028514248,38.41049514770508,-0.06939237065788317,False,2021
10,-1.75,5,2021-08-17,2021-08-18,2021-08-24,-1.7962730937594023,39.12835955420487,42.384323432922365,0.08321237884269017,True,2021
10,-1.75,5,2022-04-05,2022-04-06,2022-04-12,-1.7878790515212353,29.97320472399012,25.44328506088257,-0.15113230983545334,False,2022
10,-1.75,5,2022-08-09,2022-08-10,2022-08-16,-1.7926551940948485,18.56155034397228,20.52448175239563,0.1057525568741513,True,2022
10,-1.75,5,2022-08-22,2022-08-23,2022-08-29,-1.7742442835516128,16.615895715491366,14.61180217552185,-0.12061303069572438,False,2022
10,-1.75,5,2023-02-21,2023-02-22,2023-02-28,-2.170449096345092,13.820657350235287,14.320913698196412,0.03619627744787479,True,2023
10,-1.75,5,2023-04-25,2023-04-26,2023-05-02,-2.5056100284012914,13.360814472170603,14.048796675682068,0.05149253475111659,True,2023
10,-1.75,5,2023-12-05,2023-12-06,2023-12-12,-2.10271998480572,22.46733218321533,26.174244729995728,0.16499121998782407,True,2023
10,-1.75,5,2024-01-03,2024-01-04,2024-01-10,-1.8867886585545066,24.618687906106164,27.72927917289734,0.1263508144160541,True,2024
10,-1.75,5,2024-07-17,2024-07-18,2024-07-24,-2.431054961205587,53.613488324659784,42.38225793457031,-0.20948516392140093,False,2024
10,-1.75,5,2024-10-31,2024-11-01,2024-11-07,-2.2935639432098114,30.434150582705534,35.83638497543335,0.17750567337330847,True,2024
10,-1.75,5,2024-11-15,2024-11-18,2024-11-22,-1.7546630705288184,26.477413909633217,28.19604178619385,0.06490920459325333,True,2024
10,-1.75,5,2025-05-23,2025-05-27,2025-06-02,-1.8898491928734664,16.69908622252445,16.82501033592224,0.0075407786821255485,True,2025
10,-1.75,5,2025-07-22,2025-07-23,2025-07-29,-1.7739024346501204,25.668191678003822,26.995127889633178,0.0516957418845545,True,2025
10,-1.75,5,2025-08-01,2025-08-04,2025-08-08,-1.8095723773428327,24.607440819190096,25.67682928276062,0.043457930933499034,True,2025
10,-2.0,1,2021-01-27,2021-01-28,2021-01-28,-2.294786590258944,33.97683041966189,34.03811714172363,0.001803779849525844,True,2021
10,-2.0,1,2021-04-19,2021-04-20,2021-04-20,-2.1797701969810404,37.885258638039126,36.549568782806396,-0.03525618943225628,False,2021
10,-2.0,1,2021-07-16,2021-07-19,2021-07-19,-2.1643308219910367,34.194821828958005,35.70634241867065,0.04420320121196264,True,2021
10,-2.0,1,2023-02-21,2023-02-22,2023-02-22,-2.170449096345092,13.820657350235287,13.519333611488342,-0.021802417288191767,False,2023
10,-2.0,1,2023-04-25,2023-04-26,2023-04-26,-2.5056100284012914,13.360814472170603,13.089366974830627,-0.02031668787148988,False,2023
10,-2.0,1,2023-12-05,2023-12-06,2023-12-06,-2.10271998480572,22.46733218321533,21.08672031211853,-0.06144974667389369,False,2023
10,-2.0,1,2024-07-17,2024-07-18,2024-07-18,-2.431054961205587,53.613488324659784,51.036539783477785,-0.04806530262640485,False,2024
10,-2.0,1,2024-10-31,2024-11-01,2024-11-01,-2.2935639432098114,30.434150582705534,30.511897974014282,0.002554610193488571,True,2024
10,-2.0,1,2025-07-23,2025-07-24,2025-07-24,-2.079967103641729,25.678200211537476,25.58694771194458,-0.0035536953073486144,False,2025
10,-2.0,2,2021-01-27,2021-01-28,2021-01-29,-2.294786590258944,33.97683041966189,32.35884792709351,-0.04762017152818576,False,2021
10,-2.0,2,2021-04-19,2021-04-20,2021-04-21,-2.1797701969810404,37.885258638039126,39.49601742553711,0.0425167689334629,True,2021
10,-2.0,2,2021-07-16,2021-07-19,2021-07-20,-2.1643308219910367,34.194821828958005,37.160190307617185,0.08671981077988677,True,2021
10,-2.0,2,2023-02-21,2023-02-22,2023-02-23,-2.170449096345092,13.820657350235287,14.741253092765808,0.06661012708739555,True,2023
10,-2.0,2,2023-04-25,2023-04-26,2023-04-27,-2.5056100284012914,13.360814472170603,13.255800601959228,-0.007859840463327217,False,2023
10,-2.0,2,2023-12-05,2023-12-06,2023-12-07,-2.10271998480572,22.46733218321533,22.766193408966064,0.013302034407716823,True,2023
10,-2.0,2,2024-07-17,2024-07-18,2024-07-19,-2.431054961205587,53.613488324659784,46.432776420593264,-0.1339348012683539,False,2024
10,-2.0,2,2024-10-31,2024-11-01,2024-11-04,-2.2935639432098114,30.434150582705534,30.036848596572877,-0.013054479212520786,False,2024
10,-2.0,2,2025-07-23,2025-07-24,2025-07-25,-2.079967103641729,25.678200211537476,25.566972970962524,-0.004331582418497404,False,2025
10,-2.0,3,2021-01-27,2021-01-28,2021-02-01,-2.294786590258944,33.97683041966189,36.183049530029294,0.06493304652368925,True,2021
10,-2.0,3,2021-04-19,2021-04-20,2021-04-22,-2.1797701969810404,37.885258638039126,36.8112658996582,-0.028348565563244388,False,2021
10,-2.0,3,2021-07-16,2021-07-19,2021-07-21,-2.1643308219910367,34.194821828958005,40.56218041992187,0.18620826927577805,True,2021
10,-2.0,3,2023-02-21,2023-02-22,2023-02-24,-2.170449096345092,13.820657350235287,13.988551385879516,0.012148049936378191,True,2023
10,-2.0,3,2023-04-25,2023-04-26,2023-04-28,-2.5056100284012914,13.360814472170603,13.931317646026612,0.04269973024805607,True,2023
10,-2.0,3,2023-12-05,2023-12-06,2023-12-08,-2.10271998480572,22.46733218321533,23.27690502548218,0.03603333211371029,True,2023
10,-2.0,3,2024-07-17,2024-07-18,2024-07-22,-2.431054961205587,53.613488324659784,52.29121189498901,-0.024663129950874385,False,2024
10,-2.0,3,2024-10-31,2024-11-01,2024-11-05,-2.2935639432098114,30.434150582705534,31.056219669342042,0.020439837311904574,True,2024
10,-2.0,3,2025-07-23,2025-07-24,2025-07-28,-2.079967103641729,25.678200211537476,26.84532019042969,0.045451782807107044,True,2025
10,-2.0,5,2021-01-27,2021-01-28,2021-02-03,-2.294786590258944,33.97683041966189,35.490032913208005,0.04453630532500896,True,2021
10,-2.0,5,2021-04-19,2021-04-20,2021-04-26,-2.1797701969810404,37.885258638039126,40.91109339523315,0.0798683938284086,True,2021
10,-2.0,5,2021-07-16,2021-07-19,2021-07-23,-2.1643308219910367,34.194821828958005,40.27140626907349,0.17770481362676693,True,2021
10,-2.0,5,2023-02-21,2023-02-22,2023-02-28,-2.170449096345092,13.820657350235287,14.320913698196412,0.03619627744787479,True,2023
10,-2.0,5,2023-04-25,2023-04-26,2023-05-02,-2.5056100284012914,13.360814472170603,14.048796675682068,0.05149253475111659,True,2023
10,-2.0,5,2023-12-05,2023-12-06,2023-12-12,-2.10271998480572,22.46733218321533,26.174244729995728,0.16499121998782407,True,2023
10,-2.0,5,2024-07-17,2024-07-18,2024-07-24,-2.431054961205587,53.613488324659784,42.38225793457031,-0.20948516392140093,False,2024
10,-2.0,5,2024-10-31,2024-11-01,2024-11-07,-2.2935639432098114,30.434150582705534,35.83638497543335,0.17750567337330847,True,2024
10,-2.0,5,2025-07-23,2025-07-24,2025-07-30,-2.079967103641729,25.678200211537476,27.57438013458252,0.07384395742007932,True,2025
20,-1.25,1,2021-04-30,2021-05-03,2021-05-03,-1.937871012822662,36.63245801109698,34.5141954574585,-0.057824745284545176,False,2021
20,-1.25,1,2021-05-10,2021-05-11,2021-05-11,-2.0759198493760844,28.183293496078416,31.121896419525147,0.1042675485693545,True,2021
20,-1.25,1,2021-07-16,2021-07-19,2021-07-19,-1.8581954738576243,34.194821828958005,35.70634241867065,0.04420320121196264,True,2021
20,-1.25,1,2021-08-17,2021-08-18,2021-08-18,-1.2706665890505087,39.12835955420487,37.470338985443114,-0.042373883997484874,False,2021
20,-1.25,1,2021-12-14,2021-12-15,2021-12-15,-1.3394551341551126,60.05704069615193,66.02379963684082,0.09935153100327843,True,2021
20,-1.25,1,2021-12-16,2021-12-17,2021-12-17,-1.8239801517257737,55.686780945125086,57.14566654586792,0.026198059503214077,True,2021
20,-1.25,1,2022-04-06,2022-04-07,2022-04-07,-1.3765810491184014,29.390257104998632,29.583641292572022,0.006579873965801397,True,2022
20,-1.25,1,2022-08-22,2022-08-23,2022-08-23,-1.8369123476379174,16.615895715491366,16.825418100357055,0.012609755649245269,True,2022
20,-1.25,1,2022-08-26,2022-08-29,2022-08-29,-2.081367110030328,15.059370254629362,14.61180217552185,-0.029720238731093418,False,2022
20,-1.25,1,2023-02-21,2023-02-22,2023-02-22,-1.5328191771163324,13.820657350235287,13.519333611488342,-0.021802417288191767,False,2023
20,-1.25,1,2023-04-12,2023-04-13,2023-04-13,-1.2768435083787693,15.097132263041104,15.341090772628784,0.016159261595985797,True,2023
20,-1.25,1,2023-04-21,2023-04-24,2023-04-24,-1.3622151212011238,14.49873980360003,14.322920127868652,-0.012126548797552816,False,2023
20,-1.25,1,2023-05-04,2023-05-05,2023-05-05,-1.283603779204179,13.360814412333522,14.16627856349945,0.060285557923953625,True,2023
20,-1.25,1,2024-04-12,2024-04-15,2024-04-15,-1.6150226949666961,42.43705497587952,39.18988160705566,-0.07651740608931268,False,2024
20,-1.25,1,2024-07-17,2024-07-18,2024-07-18,-1.6524284051303944,53.613488324659784,51.036539783477785,-0.04806530262640485,False,2024
20,-1.25,1,2024-10-23,2024-10-24,2024-10-24,-1.280528923637386,34.29172253324224,33.93619889831543,-0.010367622524128595,False,2024
20,-1.25,1,2024-10-31,2024-11-01,2024-11-01,-2.467440184774537,30.434150582705534,30.511897974014282,0.002554610193488571,True,2024
20,-1.25,1,2024-11-13,2024-11-14,2024-11-14,-1.7370098023544134,30.334984042522205,29.29458966064453,-0.034296849486365244,False,2024
20,-1.25,1,2024-12-10,2024-12-11,2024-12-11,-1.264511347067328,28.093825835278203,28.819544094085693,0.025831948381205727,True,2024
20,-1.25,1,2024-12-19,2024-12-20,2024-12-20,-1.8050427239849247,25.604750189263072,27.018320920944213,0.05520736274450733,True,2024
20,-1.25,1,2025-07-31,2025-08-01,2025-08-01,-1.9535859398403244,23.596724056565943,24.048932670593263,0.01916404213327616,True,2025
20,-1.25,1,2025-11-13,2025-11-14,2025-11-14,-1.4395392233056314,35.77574168014526,38.821140609741214,0.08512469026703884,True,2025
20,-1.25,2,2021-04-30,2021-05-03,2021-05-04,-1.937871012822662,36.63245801109698,32.9246649055481,-0.10121606102505287,False,2021
20,-1.25,2,2021-05-10,2021-05-11,2021-05-12,-2.0759198493760844,28.183293496078416,27.26437245941162,-0.03260516861858809,False,2021
20,-1.25,2,2021-07-16,2021-07-19,2021-07-20,-1.8581954738576243,34.194821828958005,37.160190307617185,0.08671981077988677,True,2021
20,-1.25,2,2021-08-17,2021-08-18,2021-08-19,-1.2706665890505087,39.12835955420487,38.41049514770508,-0.018346396697396128,False,2021
20,-1.25,2,2021-12-14,2021-12-15,2021-12-16,-1.3394551341551126,60.05704069615193,57.40735604095459,-0.04411946750095386,False,2021
20,-1.25,2,2021-12-16,2021-12-17,2021-12-20,-1.8239801517257737,55.686780945125086,55.7790535697937,0.0016569933313175245,True,2021
20,-1.25,2,2022-04-06,2022-04-07,2022-04-08,-1.3765810491184014,29.390257104998632,27.431047124862673,-0.0666618863910089,False,2022
20,-1.25,2,2022-08-22,2022-08-23,2022-08-24,-1.8369123476379174,16.615895715491366,16.903091508865355,0.017284400329151683,True,2022
20,-1.25,2,2022-08-26,2022-08-29,2022-08-30,-2.081367110030328,15.059370254629362,14.048689018249512,-0.06711311424653765,False,2022
20,-1.25,2,2023-02-21,2023-02-22,2023-02-23,-1.5328191771163324,13.820657350235287,14.741253092765808,0.06661012708739555,True,2023
20,-1.25,2,2023-04-12,2023-04-13,2023-04-14,-1.2768435083787693,15.097132263041104,15.252981262207031,0.010323086295498385,True,2023
20,-1.25,2,2023-04-21,2023-04-24,2023-04-25,-1.3622151212011238,14.49873980360003,12.922936205863953,-0.10868555606086572,False,2023
20,-1.25,2,2023-05-04,2023-05-05,2023-05-08,-1.283603779204179,13.360814412333522,14.342500442504884,0.07347501431238768,True,2023
20,-1.25,2,2024-04-12,2024-04-15,2024-04-16,-1.6150226949666961,42.43705497587952,39.93861332702637,-0.05887405830289649,False,2024
20,-1.25,2,2024-07-17,2024-07-18,2024-07-19,-1.6524284051303944,53.613488324659784,46.432776420593264,-0.1339348012683539,False,2024
20,-1.25,2,2024-10-23,2024-10-24,2024-10-25,-1.280528923637386,34.29172253324224,34.915984428405764,0.018204448451324184,True,2024
20,-1.25,2,2024-10-31,2024-11-01,2024-11-04,-2.467440184774537,30.434150582705534,30.036848596572877,-0.013054479212520786,False,2024
20,-1.25,2,2024-11-13,2024-11-14,2024-11-15,-1.7370098023544134,30.334984042522205,26.384923656463624,-0.13021468481808218,False,2024
20,-1.25,2,2024-12-10,2024-12-11,2024-12-12,-1.264511347067328,28.093825835278203,28.166351200103758,0.002581541056415393,True,2024
20,-1.25,2,2024-12-19,2024-12-20,2024-12-23,-1.8050427239849247,25.604750189263072,29.367524236679078,0.14695609289692912,True,2024
20,-1.25,2,2025-07-31,2025-08-01,2025-08-04,-1.9535859398403244,23.596724056565943,24.96774598503113,0.058102214747207226,True,2025
20,-1.25,2,2025-11-13,2025-11-14,2025-11-17,-1.4395392233056314,35.77574168014526,36.803160152435304,0.028718299720400742,True,2025
20,-1.25,3,2021-04-30,2021-05-03,2021-05-05,-1.937871012822662,36.63245801109698,33.48681200408936,-0.0858704596359523,False,2021
20,-1.25,3,2021-05-10,2021-05-11,2021-05-13,-2.0759198493760844,28.183293496078416,28.42744810295105,0.00866309705452295,True,2021
20,-1.25,3,2021-07-16,2021-07-19,2021-07-21,-1.8581954738576243,34.194821828958005,40.56218041992187,0.18620826927577805,True,2021
20,-1.25,3,2021-08-17,2021-08-18,2021-08-20,-1.2706665890505087,39.12835955420487,39.18587636947632,0.0014699521249228464,True,2021
20,-1.25,3,2021-12-14,2021-12-15,2021-12-17,-1.3394551341551126,60.05704069615193,57.14566654586792,-0.04847681664858583,False,2021
20,-1.25,3,2021-12-16,2021-12-17,2021-12-21,-1.8239801517257737,55.686780945125086,61.56093222427368,0.10548556011770738,True,2021
20,-1.25,3,2022-04-06,2022-04-07,2022-04-11,-1.3765810491184014,29.390257104998632,25.685697206497192,-0.12604720963367744,False,2022
20,-1.25,3,2022-08-22,2022-08-23,2022-08-25,-1.8369123476379174,16.615895715491366,18.757476493835448,0.12888747107069531,True,2022
20,-1.25,3,2022-08-26,2022-08-29,2022-08-31,-2.081367110030328,15.059370254629362,13.631209691047669,-0.09483534433604002,False,2022
20,-1.25,3,2023-02-21,2023-02-22,2023-02-24,-1.5328191771163324,13.820657350235287,13.988551385879516,0.012148049936378191,True,2023
20,-1.25,3,2023-04-12,2023-04-13,2023-04-17,-1.2768435083787693,15.097132263041104,15.252981262207031,0.010323086295498385,True,2023
20,-1.25,3,2023-04-21,2023-04-24,2023-04-26,-1.3622151212011238,14.49873980360003,13.089366974830627,-0.09720657435479019,False,2023
20,-1.25,3,2023-05-04,2023-05-05,2023-05-09,-1.283603779204179,13.360814412333522,13.647403083801269,0.021449940297291636,True,2023
20,-1.25,3,2024-04-12,2024-04-15,2024-04-17,-1.6150226949666961,42.43705497587952,36.51023285293579,-0.13966148514105015,False,2024
20,-1.25,3,2024-07-17,2024-07-18,2024-07-22,-1.6524284051303944,53.613488324659784,52.29121189498901,-0.024663129950874385,False,2024
20,-1.25,3,2024-10-23,2024-10-24,2024-10-28,-1.280528923637386,34.29172253324224,34.985258651733396,0.020224592620532222,True,2024
20,-1.25,3,2024-10-31,2024-11-01,2024-11-05,-2.467440184774537,30.434150582705534,31.056219669342042,0.020439837311904574,True,2024
20,-1.25,3,2024-11-13,2024-11-14,2024-11-18,-1.7370098023544134,30.334984042522205,27.384502910614014,-0.09726331577337699,False,2024
20,-1.25,3,2024-12-10,2024-12-11,2024-12-13,-1.264511347067328,28.093825835278203,30.383240673065185,0.08149174310435492,True,2024
20,-1.25,3,2024-12-19,2024-12-20,2024-12-24,-1.8050427239849247,25.604750189263072,30.25083155822754,0.18145388393254946,True,2024
20,-1.25,3,2025-07-31,2025-08-01,2025-08-05,-1.9535859398403244,23.596724056565943,24.48836553955078,0.03778666398129671,True,2025
20,-1.25,3,2025-11-13,2025-11-14,2025-11-18,-1.4395392233056314,35.77574168014526,34.315648475646974,-0.040812381125521324,False,2025
20,-1.25,5,2021-04-30,2021-05-03,2021-05-07,-1.937871012822662,36.63245801109698,35.79358114242554,-0.022899824751517417,False,2021
20,-1.25,5,2021-05-10,2021-05-11,2021-05-17,-2.0759198493760844,28.183293496078416,30.142975959777832,0.06953347961167489,True,2021
20,-1.25,5,2021-07-16,2021-07-19,2021-07-23,-1.8581954738576243,34.194821828958005,40.27140626907349,0.17770481362676693,True,2021
20,-1.25,5,2021-08-17,2021-08-18,2021-08-24,-1.2706665890505087,39.12835955420487,42.384323432922365,0.08321237884269017,True,2021
20,-1.25,5,2021-12-14,2021-12-15,2021-12-21,-1.3394551341551126,60.05704069615193,61.56093222427368,0.025041052817277976,True,2021
20,-1.25,5,2021-12-16,2021-12-17,2021-12-23,-1.8239801517257737,55.686780945125086,65.35153708648681,0.1735556621756531,True,2021
20,-1.25,5,2022-04-06,2022-04-07,2022-04-13,-1.3765810491184014,29.390257104998632,27.178938188552856,-0.07523986294320917,False,2022
20,-1.25,5,2022-08-22,2022-08-23,2022-08-29,-1.8369123476379174,16.615895715491366,14.61180217552185,-0.12061303069572438,False,2022
20,-1.25,5,2022-08-26,2022-08-29,2022-09-02,-2.081367110030328,15.059370254629362,12.4855669298172,-0.17091042196940187,False,2022
20,-1.25,5,2023-02-21,2023-02-22,2023-02-28,-1.5328191771163324,13.820657350235287,14.320913698196412,0.03619627744787479,True,2023
20,-1.25,5,2023-04-12,2023-04-13,2023-04-19,-1.2768435083787693,15.097132263041104,14.939697180747986,-0.010428144865533895,False,2023
20,-1.25,5,2023-04-21,2023-04-24,2023-04-28,-1.3622151212011238,14.49873980360003,13.931317646026612,-0.03913596390167151,False,2023
20,-1.25,5,2023-05-04,2023-05-05,2023-05-11,-1.283603779204179,13.360814412333522,13.774675128936767,0.03097571029960622,True,2023
20,-1.25,5,2024-04-12,2024-04-15,2024-04-19,-1.6150226949666961,42.43705497587952,30.333249515533446,-0.2852178471674264,False,2024
20,-1.25,5,2024-07-17,2024-07-18,2024-07-24,-1.6524284051303944,53.613488324659784,42.38225793457031,-0.20948516392140093,False,2024
20,-1.25,5,2024-10-23,2024-10-24,2024-10-30,-1.280528923637386,34.29172253324224,33.659082950592044,-0.018448754857296024,False,2024
20,-1.25,5,2024-10-31,2024-11-01,2024-11-07,-2.467440184774537,30.434150582705534,35.83638497543335,0.17750567337330847,True,2024
20,-1.25,5,2024-11-13,2024-11-14,2024-11-20,-1.7370098023544134,30.334984042522205,26.850076171875,-0.11488082096111274,False,2024
20,-1.25,5,2024-12-10,2024-12-11,2024-12-17,-1.264511347067328,28.093825835278203,30.808801929473876,0.09663960010695316,True,2024
20,-1.25,5,2024-12-19,2024-12-20,2024-12-27,-1.8050427239849247,25.604750189263072,29.466772956848146,0.1508322767860688,True,2024
20,-1.25,5,2025-07-31,2025-08-01,2025-08-07,-1.9535859398403244,23.596724056565943,24.96774598503113,0.058102214747207226,True,2025
20,-1.25,5,2025-11-13,2025-11-14,2025-11-20,-1.4395392233056314,35.77574168014526,30.779189466476442,-0.13966313426401422,False,2025
20,-1.5,1,2021-04-30,2021-05-03,2021-05-03,-1.937871012822662,36.63245801109698,34.5141954574585,-0.057824745284545176,False,2021
20,-1.5,1,2021-05-10,2021-05-11,2021-05-11,-2.0759198493760844,28.183293496078416,31.121896419525147,0.1042675485693545,True,2021
20,-1.5,1,2021-07-16,2021-07-19,2021-07-19,-1.8581954738576243,34.194821828958005,35.70634241867065,0.04420320121196264,True,2021
20,-1.5,1,2021-08-18,2021-08-19,2021-08-19,-1.7912277791052063,37.07919854279063,38.41049514770508,0.03590413647636126,True,2021
20,-1.5,1,2021-12-16,2021-12-17,2021-12-17,-1.8239801517257737,55.686780945125086,57.14566654586792,0.026198059503214077,True,2021
20,-1.5,1,2022-08-22,2022-08-23,2022-08-23,-1.8369123476379174,16.615895715491366,16.825418100357055,0.012609755649245269,True,2022
20,-1.5,1,2022-08-26,2022-08-29,2022-08-29,-2.081367110030328,15.059370254629362,14.61180217552185,-0.029720238731093418,False,2022
20,-1.5,1,2023-02-21,2023-02-22,2023-02-22,-1.5328191771163324,13.820657350235287,13.519333611488342,-0.021802417288191767,False,2023
20,-1.5,1,2023-04-25,2023-04-26,2023-04-26,-2.2701556560469087,13.360814472170603,13.089366974830627,-0.02031668787148988,False,2023
20,-1.5,1,2024-04-12,2024-04-15,2024-04-15,-1.6150226949666961,42.43705497587952,39.18988160705566,-0.07651740608931268,False,2024
20,-1.5,1,2024-07-17,2024-07-18,2024-07-18,-1.6524284051303944,53.613488324659784,51.036539783477785,-0.04806530262640485,False,2024
20,-1.5,1,2024-07-19,2024-07-22,2024-07-22,-1.9878647339725664,49.54495919421819,52.29121189498901,0.05542950777303912,True,2024
20,-1.5,1,2024-10-31,2024-11-01,2024-11-01,-2.467440184774537,30.434150582705534,30.511897974014282,0.002554610193488571,True,2024
20,-1.5,1,2024-11-13,2024-11-14,2024-11-14,-1.7370098023544134,30.334984042522205,29.29458966064453,-0.034296849486365244,False,2024
20,-1.5,1,2024-12-19,2024-12-20,2024-12-20,-1.8050427239849247,25.604750189263072,27.018320920944213,0.05520736274450733,True,2024
20,-1.5,1,2025-07-31,2025-08-01,2025-08-01,-1.9535859398403244,23.596724056565943,24.048932670593263,0.01916404213327616,True,2025
20,-1.5,1,2025-08-05,2025-08-06,2025-08-06,-1.7124814084269437,23.856909249400758,23.959049194335936,0.00428135697995935,True,2025
20,-1.5,2,2021-04-30,2021-05-03,2021-05-04,-1.937871012822662,36.63245801109698,32.9246649055481,-0.10121606102505287,False,2021
20,-1.5,2,2021-05-10,2021-05-11,2021-05-12,-2.0759198493760844,28.183293496078416,27.26437245941162,-0.03260516861858809,False,2021
20,-1.5,2,2021-07-16,2021-07-19,2021-07-20,-1.8581954738576243,34.194821828958005,37.160190307617185,0.08671981077988677,True,2021
20,-1.5,2,2021-08-18,2021-08-19,2021-08-20,-1.7912277791052063,37.07919854279063,39.18587636947632,0.05681562464880452,True,2021
20,-1.5,2,2021-12-16,2021-12-17,2021-12-20,-1.8239801517257737,55.686780945125086,55.7790535697937,0.0016569933313175245,True,2021
20,-1.5,2,2022-08-22,2022-08-23,2022-08-24,-1.8369123476379174,16.615895715491366,16.903091508865355,0.017284400329151683,True,2022
20,-1.5,2,2022-08-26,2022-08-29,2022-08-30,-2.081367110030328,15.059370254629362,14.048689018249512,-0.06711311424653765,False,2022
20,-1.5,2,2023-02-21,2023-02-22,2023-02-23,-1.5328191771163324,13.820657350235287,14.741253092765808,0.06661012708739555,True,2023
20,-1.5,2,2023-04-25,2023-04-26,2023-04-27,-2.2701556560469087,13.360814472170603,13.255800601959228,-0.007859840463327217,False,2023
20,-1.5,2,2024-04-12,2024-04-15,2024-04-16,-1.6150226949666961,42.43705497587952,39.93861332702637,-0.05887405830289649,False,2024
20,-1.5,2,2024-07-17,2024-07-18,2024-07-19,-1.6524284051303944,53.613488324659784,46.432776420593264,-0.1339348012683539,False,2024
20,-1.5,2,2024-07-19,2024-07-22,2024-07-23,-1.9878647339725664,49.54495919421819,49.92017603302002,0.007573259619227279,True,2024
20,-1.5,2,2024-10-31,2024-11-01,2024-11-04,-2.467440184774537,30.434150582705534,30.036848596572877,-0.013054479212520786,False,2024
20,-1.5,2,2024-11-13,2024-11-14,2024-11-15,-1.7370098023544134,30.334984042522205,26.384923656463624,-0.13021468481808218,False,2024
20,-1.5,2,2024-12-19,2024-12-20,2024-12-23,-1.8050427239849247,25.604750189263072,29.367524236679078,0.14695609289692912,True,2024
20,-1.5,2,2025-07-31,2025-08-01,2025-08-04,-1.9535859398403244,23.596724056565943,24.96774598503113,0.058102214747207226,True,2025
20,-1.5,2,2025-08-05,2025-08-06,2025-08-07,-1.7124814084269437,23.856909249400758,24.96774598503113,0.04656247479577735,True,2025
20,-1.5,3,2021-04-30,2021-05-03,2021-05-05,-1.937871012822662,36.63245801109698,33.48681200408936,-0.0858704596359523,False,2021
20,-1.5,3,2021-05-10,2021-05-11,2021-05-13,-2.0759198493760844,28.183293496078416,28.42744810295105,0.00866309705452295,True,2021
20,-1.5,3,2021-07-16,2021-07-19,2021-07-21,-1.8581954738576243,34.194821828958005,40.56218041992187,0.18620826927577805,True,2021
20,-1.5,3,2021-08-18,2021-08-19,2021-08-23,-1.7912277791052063,37.07919854279063,42.345559135437014,0.14203005457544693,True,2021
20,-1.5,3,2021-12-16,2021-12-17,2021-12-21,-1.8239801517257737,55.686780945125086,61.56093222427368,0.10548556011770738,True,2021
20,-1.5,3,2022-08-22,2022-08-23,2022-08-25,-1.8369123476379174,16.615895715491366,18.757476493835448,0.12888747107069531,True,2022
20,-1.5,3,2022-08-26,2022-08-29,2022-08-31,-2.081367110030328,15.059370254629362,13.631209691047669,-0.09483534433604002,False,2022
20,-1.5,3,2023-02-21,2023-02-22,2023-02-24,-1.5328191771163324,13.820657350235287,13.988551385879516,0.012148049936378191,True,2023
20,-1.5,3,2023-04-25,2023-04-26,2023-04-28,-2.2701556560469087,13.360814472170603,13.931317646026612,0.04269973024805607,True,2023
20,-1.5,3,2024-04-12,2024-04-15,2024-04-17,-1.6150226949666961,42.43705497587952,36.51023285293579,-0.13966148514105015,False,2024
20,-1.5,3,2024-07-17,2024-07-18,2024-07-22,-1.6524284051303944,53.613488324659784,52.29121189498901,-0.024663129950874385,False,2024
20,-1.5,3,2024-07-19,2024-07-22,2024-07-24,-1.9878647339725664,49.54495919421819,42.38225793457031,-0.1445697277006487,False,2024
20,-1.5,3,2024-10-31,2024-11-01,2024-11-05,-2.467440184774537,30.434150582705534,31.056219669342042,0.020439837311904574,True,2024
20,-1.5,3,2024-11-13,2024-11-14,2024-11-18,-1.7370098023544134,30.334984042522205,27.384502910614014,-0.09726331577337699,False,2024
20,-1.5,3,2024-12-19,2024-12-20,2024-12-24,-1.8050427239849247,25.604750189263072,30.25083155822754,0.18145388393254946,True,2024
20,-1.5,3,2025-07-31,2025-08-01,2025-08-05,-1.9535859398403244,23.596724056565943,24.48836553955078,0.03778666398129671,True,2025
20,-1.5,3,2025-08-05,2025-08-06,2025-08-08,-1.7124814084269437,23.856909249400758,25.67682928276062,0.07628482023108574,True,2025
20,-1.5,5,2021-04-30,2021-05-03,2021-05-07,-1.937871012822662,36.63245801109698,35.79358114242554,-0.022899824751517417,False,2021
20,-1.5,5,2021-05-10,2021-05-11,2021-05-17,-2.0759198493760844,28.183293496078416,30.142975959777832,0.06953347961167489,True,2021
20,-1.5,5,2021-07-16,2021-07-19,2021-07-23,-1.8581954738576243,34.194821828958005,40.27140626907349,0.17770481362676693,True,2021
20,-1.5,5,2021-08-18,2021-08-19,2021-08-25,-1.7912277791052063,37.07919854279063,43.40201962280273,0.1705220535636809,True,2021
20,-1.5,5,2021-12-16,2021-12-17,2021-12-23,-1.8239801517257737,55.686780945125086,65.35153708648681,0.1735556621756531,True,2021
20,-1.5,5,2022-08-22,2022-08-23,2022-08-29,-1.8369123476379174,16.615895715491366,14.61180217552185,-0.12061303069572438,False,2022
20,-1.5,5,2022-08-26,2022-08-29,2022-09-02,-2.081367110030328,15.059370254629362,12.4855669298172,-0.17091042196940187,False,2022
20,-1.5,5,2023-02-21,2023-02-22,2023-02-28,-1.5328191771163324,13.820657350235287,14.320913698196412,0.03619627744787479,True,2023
20,-1.5,5,2023-04-25,2023-04-26,2023-05-02,-2.2701556560469087,13.360814472170603,14.048796675682068,0.05149253475111659,True,2023
20,-1.5,5,2024-04-12,2024-04-15,2024-04-19,-1.6150226949666961,42.43705497587952,30.333249515533446,-0.2852178471674264,False,2024
20,-1.5,5,2024-07-17,2024-07-18,2024-07-24,-1.6524284051303944,53.613488324659784,42.38225793457031,-0.20948516392140093,False,2024
20,-1.5,5,2024-07-19,2024-07-22,2024-07-26,-1.9878647339725664,49.54495919421819,41.41408797454834,-0.16411096813697057,False,2024
20,-1.5,5,2024-10-31,2024-11-01,2024-11-07,-2.467440184774537,30.434150582705534,35.83638497543335,0.17750567337330847,True,2024
20,-1.5,5,2024-11-13,2024-11-14,2024-11-20,-1.7370098023544134,30.334984042522205,26.850076171875,-0.11488082096111274,False,2024
20,-1.5,5,2024-12-19,2024-12-20,2024-12-27,-1.8050427239849247,25.604750189263072,29.466772956848146,0.1508322767860688,True,2024
20,-1.5,5,2025-07-31,2025-08-01,2025-08-07,-1.9535859398403244,23.596724056565943,24.96774598503113,0.058102214747207226,True,2025
20,-1.5,5,2025-08-05,2025-08-06,2025-08-12,-1.7124814084269437,23.856909249400758,27.963875198364256,0.17214995899213803,True,2025
20,-1.75,1,2021-04-30,2021-05-03,2021-05-03,-1.937871012822662,36.63245801109698,34.5141954574585,-0.057824745284545176,False,2021
20,-1.75,1,2021-05-10,2021-05-11,2021-05-11,-2.0759198493760844,28.183293496078416,31.121896419525147,0.1042675485693545,True,2021
20,-1.75,1,2021-07-16,2021-07-19,2021-07-19,-1.8581954738576243,34.194821828958005,35.70634241867065,0.04420320121196264,True,2021
20,-1.75,1,2021-08-18,2021-08-19,2021-08-19,-1.7912277791052063,37.07919854279063,38.41049514770508,0.03590413647636126,True,2021
20,-1.75,1,2021-12-16,2021-12-17,2021-12-17,-1.8239801517257737,55.686780945125086,57.14566654586792,0.026198059503214077,True,2021
20,-1.75,1,2022-08-22,2022-08-23,2022-08-23,-1.8369123476379174,16.615895715491366,16.825418100357055,0.012609755649245269,True,2022
20,-1.75,1,2022-08-26,2022-08-29,2022-08-29,-2.081367110030328,15.059370254629362,14.61180217552185,-0.029720238731093418,False,2022
20,-1.75,1,2023-04-25,2023-04-26,2023-04-26,-2.2701556560469087,13.360814472170603,13.089366974830627,-0.02031668787148988,False,2023
20,-1.75,1,2024-07-19,2024-07-22,2024-07-22,-1.9878647339725664,49.54495919421819,52.29121189498901,0.05542950777303912,True,2024
20,-1.75,1,2024-10-31,2024-11-01,2024-11-01,-2.467440184774537,30.434150582705534,30.511897974014282,0.002554610193488571,True,2024
20,-1.75,1,2024-11-15,2024-11-18,2024-11-18,-2.237718270123663,26.477413909633217,27.384502910614014,0.034258972725836,True,2024
20,-1.75,1,2024-12-19,2024-12-20,2024-12-20,-1.8050427239849247,25.604750189263072,27.018320920944213,0.05520736274450733,True,2024
20,-1.75,1,2025-07-31,2025-08-01,2025-08-01,-1.9535859398403244,23.596724056565943,24.048932670593263,0.01916404213327616,True,2025
20,-1.75,1,2025-08-06,2025-08-07,2025-08-07,-1.86844042008476,25.49807144846988,24.96774598503113,-0.02079864998851022,False,2025
20,-1.75,2,2021-04-30,2021-05-03,2021-05-04,-1.937871012822662,36.63245801109698,32.9246649055481,-0.10121606102505287,False,2021
20,-1.75,2,2021-05-10,2021-05-11,2021-05-12,-2.0759198493760844,28.183293496078416,27.26437245941162,-0.03260516861858809,False,2021
20,-1.75,2,2021-07-16,2021-07-19,2021-07-20,-1.8581954738576243,34.194821828958005,37.160190307617185,0.08671981077988677,True,2021
20,-1.75,2,2021-08-18,2021-08-19,2021-08-20,-1.7912277791052063,37.07919854279063,39.18587636947632,0.05681562464880452,True,2021
20,-1.75,2,2021-12-16,2021-12-17,2021-12-20,-1.8239801517257737,55.686780945125086,55.7790535697937,0.0016569933313175245,True,2021
20,-1.75,2,2022-08-22,2022-08-23,2022-08-24,-1.8369123476379174,16.615895715491366,16.903091508865355,0.017284400329151683,True,2022
20,-1.75,2,2022-08-26,2022-08-29,2022-08-30,-2.081367110030328,15.059370254629362,14.048689018249512,-0.06711311424653765,False,2022
20,-1.75,2,2023-04-25,2023-04-26,2023-04-27,-2.2701556560469087,13.360814472170603,13.255800601959228,-0.007859840463327217,False,2023
20,-1.75,2,2024-07-19,2024-07-22,2024-07-23,-1.9878647339725664,49.54495919421819,49.92017603302002,0.007573259619227279,True,2024
20,-1.75,2,2024-10-31,2024-11-01,2024-11-04,-2.467440184774537,30.434150582705534,30.036848596572877,-0.013054479212520786,False,2024
20,-1.75,2,2024-11-15,2024-11-18,2024-11-19,-2.237718270123663,26.477413909633217,27.56264642715454,0.04098710399834338,True,2024
20,-1.75,2,2024-12-19,2024-12-20,2024-12-23,-1.8050427239849247,25.604750189263072,29.367524236679078,0.14695609289692912,True,2024
20,-1.75,2,2025-07-31,2025-08-01,2025-08-04,-1.9535859398403244,23.596724056565943,24.96774598503113,0.058102214747207226,True,2025
20,-1.75,2,2025-08-06,2025-08-07,2025-08-08,-1.86844042008476,25.49807144846988,25.67682928276062,0.007010641359759262,True,2025
20,-1.75,3,2021-04-30,2021-05-03,2021-05-05,-1.937871012822662,36.63245801109698,33.48681200408936,-0.0858704596359523,False,2021
20,-1.75,3,2021-05-10,2021-05-11,2021-05-13,-2.0759198493760844,28.183293496078416,28.42744810295105,0.00866309705452295,True,2021
20,-1.75,3,2021-07-16,2021-07-19,2021-07-21,-1.8581954738576243,34.194821828958005,40.56218041992187,0.18620826927577805,True,2021
20,-1.75,3,2021-08-18,2021-08-19,2021-08-23,-1.7912277791052063,37.07919854279063,42.345559135437014,0.14203005457544693,True,2021
20,-1.75,3,2021-12-16,2021-12-17,2021-12-21,-1.8239801517257737,55.686780945125086,61.56093222427368,0.10548556011770738,True,2021
20,-1.75,3,2022-08-22,2022-08-23,2022-08-25,-1.8369123476379174,16.615895715491366,18.757476493835448,0.12888747107069531,True,2022
20,-1.75,3,2022-08-26,2022-08-29,2022-08-31,-2.081367110030328,15.059370254629362,13.631209691047669,-0.09483534433604002,False,2022
20,-1.75,3,2023-04-25,2023-04-26,2023-04-28,-2.2701556560469087,13.360814472170603,13.931317646026612,0.04269973024805607,True,2023
20,-1.75,3,2024-07-19,2024-07-22,2024-07-24,-1.9878647339725664,49.54495919421819,42.38225793457031,-0.1445697277006487,False,2024
20,-1.75,3,2024-10-31,2024-11-01,2024-11-05,-2.467440184774537,30.434150582705534,31.056219669342042,0.020439837311904574,True,2024
20,-1.75,3,2024-11-15,2024-11-18,2024-11-20,-2.237718270123663,26.477413909633217,26.850076171875,0.014074722837875031,True,2024
20,-1.75,3,2024-12-19,2024-12-20,2024-12-24,-1.8050427239849247,25.604750189263072,30.25083155822754,0.18145388393254946,True,2024
20,-1.75,3,2025-07-31,2025-08-01,2025-08-05,-1.9535859398403244,23.596724056565943,24.48836553955078,0.03778666398129671,True,2025
20,-1.75,3,2025-08-06,2025-08-07,2025-08-11,-1.86844042008476,25.49807144846988,25.57695938873291,0.0030938787046093097,True,2025
20,-1.75,5,2021-04-30,2021-05-03,2021-05-07,-1.937871012822662,36.63245801109698,35.79358114242554,-0.022899824751517417,False,2021
20,-1.75,5,2021-05-10,2021-05-11,2021-05-17,-2.0759198493760844,28.183293496078416,30.142975959777832,0.06953347961167489,True,2021
20,-1.75,5,2021-07-16,2021-07-19,2021-07-23,-1.8581954738576243,34.194821828958005,40.27140626907349,0.17770481362676693,True,2021
20,-1.75,5,2021-08-18,2021-08-19,2021-08-25,-1.7912277791052063,37.07919854279063,43.40201962280273,0.1705220535636809,True,2021
20,-1.75,5,2021-12-16,2021-12-17,2021-12-23,-1.8239801517257737,55.686780945125086,65.35153708648681,0.1735556621756531,True,2021
20,-1.75,5,2022-08-22,2022-08-23,2022-08-29,-1.8369123476379174,16.615895715491366,14.61180217552185,-0.12061303069572438,False,2022
20,-1.75,5,2022-08-26,2022-08-29,2022-09-02,-2.081367110030328,15.059370254629362,12.4855669298172,-0.17091042196940187,False,2022
20,-1.75,5,2023-04-25,2023-04-26,2023-05-02,-2.2701556560469087,13.360814472170603,14.048796675682068,0.05149253475111659,True,2023
20,-1.75,5,2024-07-19,2024-07-22,2024-07-26,-1.9878647339725664,49.54495919421819,41.41408797454834,-0.16411096813697057,False,2024
20,-1.75,5,2024-10-31,2024-11-01,2024-11-07,-2.467440184774537,30.434150582705534,35.83638497543335,0.17750567337330847,True,2024
20,-1.75,5,2024-11-15,2024-11-18,2024-11-22,-2.237718270123663,26.477413909633217,28.19604178619385,0.06490920459325333,True,2024
20,-1.75,5,2024-12-19,2024-12-20,2024-12-27,-1.8050427239849247,25.604750189263072,29.466772956848146,0.1508322767860688,True,2024
20,-1.75,5,2025-07-31,2025-08-01,2025-08-07,-1.9535859398403244,23.596724056565943,24.96774598503113,0.058102214747207226,True,2025
20,-1.75,5,2025-08-06,2025-08-07,2025-08-13,-1.86844042008476,25.49807144846988,29.23223790550232,0.14644897613448826,True,2025
20,-2.0,1,2021-05-03,2021-05-04,2021-05-04,-2.107182409457807,33.4178927628791,32.9246649055481,-0.014759394340952636,False,2021
20,-2.0,1,2021-05-10,2021-05-11,2021-05-11,-2.0759198493760844,28.183293496078416,31.121896419525147,0.1042675485693545,True,2021
20,-2.0,1,2022-08-26,2022-08-29,2022-08-29,-2.081367110030328,15.059370254629362,14.61180217552185,-0.029720238731093418,False,2022
20,-2.0,1,2023-04-25,2023-04-26,2023-04-26,-2.2701556560469087,13.360814472170603,13.089366974830627,-0.02031668787148988,False,2023
20,-2.0,1,2024-10-31,2024-11-01,2024-11-01,-2.467440184774537,30.434150582705534,30.511897974014282,0.002554610193488571,True,2024
20,-2.0,1,2024-11-15,2024-11-18,2024-11-18,-2.237718270123663,26.477413909633217,27.384502910614014,0.034258972725836,True,2024
20,-2.0,1,2025-08-01,2025-08-04,2025-08-04,-2.3975479187975384,24.607440819190096,24.96774598503113,0.014642122620083686,True,2025
20,-2.0,2,2021-05-03,2021-05-04,2021-05-05,-2.107182409457807,33.4178927628791,33.48681200408936,0.002062345513503372,True,2021
20,-2.0,2,2021-05-10,2021-05-11,2021-05-12,-2.0759198493760844,28.183293496078416,27.26437245941162,-0.03260516861858809,False,2021
20,-2.0,2,2022-08-26,2022-08-29,2022-08-30,-2.081367110030328,15.059370254629362,14.048689018249512,-0.06711311424653765,False,2022
20,-2.0,2,2023-04-25,2023-04-26,2023-04-27,-2.2701556560469087,13.360814472170603,13.255800601959228,-0.007859840463327217,False,2023
20,-2.0,2,2024-10-31,2024-11-01,2024-11-04,-2.467440184774537,30.434150582705534,30.036848596572877,-0.013054479212520786,False,2024
20,-2.0,2,2024-11-15,2024-11-18,2024-11-19,-2.237718270123663,26.477413909633217,27.56264642715454,0.04098710399834338,True,2024
20,-2.0,2,2025-08-01,2025-08-04,2025-08-05,-2.3975479187975384,24.607440819190096,24.48836553955078,-0.00483899485989836,False,2025
20,-2.0,3,2021-05-03,2021-05-04,2021-05-06,-2.107182409457807,33.4178927628791,34.31066003036499,0.026715247242566686,True,2021
20,-2.0,3,2021-05-10,2021-05-11,2021-05-13,-2.0759198493760844,28.183293496078416,28.42744810295105,0.00866309705452295,True,2021
20,-2.0,3,2022-08-26,2022-08-29,2022-08-31,-2.081367110030328,15.059370254629362,13.631209691047669,-0.09483534433604002,False,2022
20,-2.0,3,2023-04-25,2023-04-26,2023-04-28,-2.2701556560469087,13.360814472170603,13.931317646026612,0.04269973024805607,True,2023
20,-2.0,3,2024-10-31,2024-11-01,2024-11-05,-2.467440184774537,30.434150582705534,31.056219669342042,0.020439837311904574,True,2024
20,-2.0,3,2024-11-15,2024-11-18,2024-11-20,-2.237718270123663,26.477413909633217,26.850076171875,0.014074722837875031,True,2024
20,-2.0,3,2025-08-01,2025-08-04,2025-08-06,-2.3975479187975384,24.607440819190096,23.959049194335936,-0.02634941315589845,False,2025
20,-2.0,5,2021-05-03,2021-05-04,2021-05-10,-2.107182409457807,33.4178927628791,30.947439931869507,-0.07392605059029311,False,2021
20,-2.0,5,2021-05-10,2021-05-11,2021-05-17,-2.0759198493760844,28.183293496078416,30.142975959777832,0.06953347961167489,True,2021
20,-2.0,5,2022-08-26,2022-08-29,2022-09-02,-2.081367110030328,15.059370254629362,12.4855669298172,-0.17091042196940187,False,2022
20,-2.0,5,2023-04-25,2023-04-26,2023-05-02,-2.2701556560469087,13.360814472170603,14.048796675682068,0.05149253475111659,True,2023
20,-2.0,5,2024-10-31,2024-11-01,2024-11-07,-2.467440184774537,30.434150582705534,35.83638497543335,0.17750567337330847,True,2024
20,-2.0,5,2024-11-15,2024-11-18,2024-11-22,-2.237718270123663,26.477413909633217,28.19604178619385,0.06490920459325333,True,2024
20,-2.0,5,2025-08-01,2025-08-04,2025-08-08,-2.3975479187975384,24.607440819190096,25.67682928276062,0.043457930933499034,True,2025
