z_window,z_threshold,hold_days,year,trades,avg_return,median_return,win_rate
3,-1.1,1,2021,21,-0.00786089422509543,-0.007724430762015566,0.42857142857142855
3,-1.1,1,2022,6,0.03971628758939425,0.05094797421347241,0.6666666666666666
3,-1.1,1,2023,21,0.008273764987091028,0.014730977601986828,0.5714285714285714
3,-1.1,1,2024,21,0.007186872066266823,0.013656950731239847,0.6190476190476191
3,-1.1,1,2025,21,0.008698613785703913,0.013943348763167274,0.6666666666666666
3,-1.1,1,2026,6,-0.00369253753652532,-0.00046593437446562636,0.5
3,-1.1,2,2021,21,0.0028655792719828005,0.007428173443635888,0.5238095238095238
3,-1.1,2,2022,6,0.0902678707655206,0.10178780532356713,1.0
3,-1.1,2,2023,21,0.013976717696852043,0.010322960083364308,0.5238095238095238
3,-1.1,2,2024,21,0.0035791395258765075,0.0009123307637148859,0.5238095238095238
3,-1.1,2,2025,21,-0.003931963465675682,-0.00684722242924507,0.42857142857142855
3,-1.1,2,2026,6,0.018707709207449852,0.047185430404016016,0.6666666666666666
3,-1.1,3,2021,21,0.000876786579027355,-0.01401938676151715,0.47619047619047616
3,-1.1,3,2022,6,0.08869657960125814,0.12724525208302162,0.8333333333333334
3,-1.1,3,2023,21,0.03295838047960411,-0.010508775829327188,0.47619047619047616
3,-1.1,3,2024,21,0.022098274709569026,0.02323476870194585,0.6190476190476191
3,-1.1,3,2025,21,0.016402997699877853,0.020987145283186237,0.6190476190476191
3,-1.1,3,2026,6,-0.007218105057281913,-0.038759018581173255,0.3333333333333333
3,-1.1,4,2021,21,0.022421136445795593,0.043377302220632075,0.6190476190476191
3,-1.1,4,2022,6,0.0665428913625047,0.11371333282474494,0.6666666666666666
3,-1.1,4,2023,21,0.0414616371105229,0.016102398927202444,0.6666666666666666
3,-1.1,4,2024,21,0.023088887343231435,0.02526511673986298,0.7619047619047619
3,-1.1,4,2025,21,0.02524849608339081,0.043487321576409776,0.7142857142857143
3,-1.1,4,2026,6,0.044005209499806554,0.04537390666991259,0.8333333333333334
3,-1.1,5,2021,21,0.022118626069122415,0.057051887006433155,0.5714285714285714
3,-1.1,5,2022,6,0.03625421924323805,0.07130195562229658,0.6666666666666666
3,-1.1,5,2023,21,0.03601482132081809,0.0015201592279754372,0.5238095238095238
3,-1.1,5,2024,21,0.03373323311424428,0.08054892417541515,0.6666666666666666
3,-1.1,5,2025,21,0.05209214402084641,0.0516957418845545,0.7142857142857143
3,-1.1,5,2026,6,0.10978036928970836,0.10581390725626583,1.0
3,-1.1,6,2021,21,0.0058710157269185525,0.002504775475627774,0.5238095238095238
3,-1.1,6,2022,6,0.04392938941844293,0.02296018830465596,0.6666666666666666
3,-1.1,6,2023,21,0.050578712859206086,0.023929053175226755,0.5714285714285714
3,-1.1,6,2024,21,0.05449530524567817,0.08382917062517103,0.6666666666666666
3,-1.1,6,2025,21,0.059158336201443784,0.07712358460309865,0.7619047619047619
3,-1.1,6,2026,6,0.18560489377508282,0.18296054939741668,0.8333333333333334
3,-1.1,7,2021,21,0.006033302273552746,-0.010681789710107359,0.47619047619047616
3,-1.1,7,2022,6,0.06073434400441263,0.03489969460685877,0.5
3,-1.1,7,2023,21,0.04454720251448371,-0.0034634738653360753,0.47619047619047616
3,-1.1,7,2024,21,0.02830531189383339,0.06656165971698247,0.6190476190476191
3,-1.1,7,2025,21,0.06599273057430993,0.08362704049162484,0.6666666666666666
3,-1.1,7,2026,6,0.08296501928937476,0.06745226405278104,0.8333333333333334
3,-1.0,1,2021,30,-0.0066708921057734814,-0.0098729793464431,0.43333333333333335
3,-1.0,1,2022,10,0.011956918790350279,-0.00019365036089197263,0.5
3,-1.0,1,2023,32,0.007314235467418263,0.0081526559915861,0.59375
3,-1.0,1,2024,29,0.00498744161912565,0.007025539420228988,0.6206896551724138
3,-1.0,1,2025,27,0.015461667722394146,0.01782601388358307,0.7037037037037037
3,-1.0,1,2026,8,0.02427274009837227,0.013902521359955844,0.625
3,-1.0,2,2021,30,0.000954023501640607,0.007410736842102805,0.5333333333333333
3,-1.0,2,2022,10,0.056220421217173855,0.06414980911218915,0.8
3,-1.0,2,2023,32,0.011549058994214517,0.0065241465115347674,0.5625
3,-1.0,2,2024,29,-0.004540413241245158,-0.0072969726455894834,0.4827586206896552
3,-1.0,2,2025,27,0.009191886041451965,0.007010641359759262,0.5555555555555556
3,-1.0,2,2026,8,0.0497170548884797,0.06735384461677796,0.75
3,-1.0,3,2021,30,-0.00887497995891923,-0.01456631237944711,0.4
3,-1.0,3,2022,10,0.046281891522535076,0.0673943754710723,0.7
3,-1.0,3,2023,32,0.03317773570702272,0.008461526852501122,0.53125
3,-1.0,3,2024,29,0.01393010620396667,0.0029737637690494534,0.5172413793103449
3,-1.0,3,2025,27,0.0259885071188465,0.024768330384266513,0.6666666666666666
3,-1.0,3,2026,8,0.058274878109287734,0.04736344593213487,0.5
3,-1.0,4,2021,30,-0.0002264258215058712,-0.012320233445557938,0.4666666666666667
3,-1.0,4,2022,10,0.029100643678596706,0.03608284589305821,0.5
3,-1.0,4,2023,32,0.033041300224461806,0.019697458963751968,0.625
3,-1.0,4,2024,29,0.012760543065113853,0.02294131219155382,0.6551724137931034
3,-1.0,4,2025,27,0.04601109494823673,0.04585942504997731,0.7407407407407407
3,-1.0,4,2026,8,0.06496498632345908,0.07157908941097046,0.875
3,-1.0,5,2021,30,-0.0010820416090880174,-0.011188554205737222,0.4666666666666667
3,-1.0,5,2022,10,0.012312660506090266,0.007874002683074921,0.5
3,-1.0,5,2023,32,0.03740033907643896,0.013807974885362784,0.5625
3,-1.0,5,2024,29,0.019516211512696266,0.025563094366196193,0.5862068965517241
3,-1.0,5,2025,27,0.06967501255613219,0.05177875738071491,0.7407407407407407
3,-1.0,5,2026,8,0.1258648853831969,0.12327698242722651,1.0
3,-1.0,6,2021,30,-0.014395591518026333,-0.015699517772968852,0.43333333333333335
3,-1.0,6,2022,10,0.023950133563030874,0.017685579286919606,0.6
3,-1.0,6,2023,32,0.05938618991220282,0.029550270453945315,0.5625
3,-1.0,6,2024,29,0.04816268353830278,0.062370042327470676,0.6206896551724138
3,-1.0,6,2025,27,0.07653395249650966,0.08815228847903889,0.7777777777777778
3,-1.0,6,2026,8,0.2187244952244395,0.23895829463748308,0.875
3,-1.0,7,2021,30,-0.003912081799398685,-0.01964016299788912,0.43333333333333335
3,-1.0,7,2022,10,-0.0004958167358236731,-0.012874699112195853,0.4
3,-1.0,7,2023,32,0.05902054166249049,0.038595272629121435,0.53125
3,-1.0,7,2024,29,0.018011790965613464,0.05145301401301894,0.5517241379310345
3,-1.0,7,2025,27,0.08196413511762712,0.08362704049162484,0.7037037037037037
3,-1.0,7,2026,8,0.14881784859336622,0.10179506835874774,0.875
4,-1.4,1,2021,7,-0.009058760203626995,0.001803779849526066,0.5714285714285714
4,-1.4,1,2022,4,0.04723464750717507,0.04931510861747912,0.75
4,-1.4,1,2023,9,-0.007827326798376574,-0.005589378698569569,0.3333333333333333
4,-1.4,1,2024,5,-0.009627782522516549,-0.01969000521255826,0.4
4,-1.4,1,2025,9,0.0260585624489676,0.04649296218403376,0.7777777777777778
4,-1.4,1,2026,1,0.001887521536889647,0.001887521536889647,1.0
4,-1.4,2,2021,7,6.115330940557686e-05,-0.018346591486168795,0.42857142857142855
4,-1.4,2,2022,4,0.06688172034469325,0.07159242748626204,0.75
4,-1.4,2,2023,9,0.002710537169000814,-0.007859911770405348,0.3333333333333333
4,-1.4,2,2024,5,0.003955487949475867,-0.005478350709307578,0.4
4,-1.4,2,2025,9,0.020285457427572706,0.026269957505992814,0.5555555555555556
4,-1.4,2,2026,1,-0.04435931861327369,-0.04435931861327369,0.0
4,-1.4,3,2021,7,0.03790210928681002,0.037869094193039965,0.7142857142857143
4,-1.4,3,2022,4,0.06166878984128499,0.12724525208302162,0.75
4,-1.4,3,2023,9,0.05299401033169161,0.042694573466460994,0.6666666666666666
4,-1.4,3,2024,5,0.05544594282451909,0.055334052177110626,0.8
4,-1.4,3,2025,9,0.016621871890798,0.016821225975117482,0.6666666666666666
4,-1.4,3,2026,1,-0.14400788611058224,-0.14400788611058224,0.0
4,-1.4,4,2021,7,0.07541551238726206,0.09182244554258467,0.8571428571428571
4,-1.4,4,2022,4,0.07681216100388144,0.11371333282474494,0.75
4,-1.4,4,2023,9,0.04080163596725677,-2.853145255610201e-06,0.4444444444444444
4,-1.4,4,2024,5,0.08457027443840437,0.14525395250129458,0.8
4,-1.4,4,2025,9,0.03885690540896716,0.03818064898568618,0.8888888888888888
4,-1.4,4,2026,1,0.06135446869742256,0.06135446869742256,1.0
4,-1.4,5,2021,7,0.053141223438977106,0.08065973003977622,0.8571428571428571
4,-1.4,5,2022,4,0.03236312403632646,0.07130195562229658,0.75
4,-1.4,5,2023,9,0.02868768123458581,-0.03076027107059298,0.4444444444444444
4,-1.4,5,2024,5,0.05193062575036962,0.10154366199188969,0.8
4,-1.4,5,2025,9,0.05398790058761086,0.0516957418845545,0.7777777777777778
4,-1.4,5,2026,1,0.11200791478136041,0.11200791478136041,1.0
4,-1.4,6,2021,7,0.06486678914144495,0.0703507619983732,0.8571428571428571
4,-1.4,6,2022,4,0.0006182134184418431,0.0006897062094123885,0.5
4,-1.4,6,2023,9,0.03698145225546375,-0.011585482866295016,0.4444444444444444
4,-1.4,6,2024,5,-0.020159739159053048,-0.013599296139736539,0.4
4,-1.4,6,2025,9,0.08834410932315045,0.08815228847903889,0.8888888888888888
4,-1.4,6,2026,1,0.2912142757587206,0.2912142757587206,1.0
4,-1.4,7,2021,7,0.05623934307551548,0.04710254884359655,0.7142857142857143
4,-1.4,7,2022,4,-0.04096165548876704,-0.03262425731962387,0.25
4,-1.4,7,2023,9,0.012161288025880198,-0.04314650236133577,0.2222222222222222
4,-1.4,7,2024,5,-0.043514262477741525,-0.07351036197643956,0.2
4,-1.4,7,2025,9,0.08947264138611478,0.08391992580919094,0.6666666666666666
4,-1.4,7,2026,1,0.07177893646327926,0.07177893646327926,1.0
4,-1.3,1,2021,15,0.008812115215756628,0.012224235182121568,0.6
4,-1.3,1,2022,7,0.01265450391483623,0.012609755649245269,0.5714285714285714
4,-1.3,1,2023,14,0.0053038497449906285,0.0081526559915861,0.5714285714285714
4,-1.3,1,2024,11,-0.005311152340024842,0.0038307022844503713,0.5454545454545454
4,-1.3,1,2025,12,0.02882732870381143,0.03412534664772837,0.8333333333333334
4,-1.3,1,2026,1,0.001887521536889647,0.001887521536889647,1.0
4,-1.3,2,2021,15,-0.0006930829064954199,-0.005419871985498981,0.4666666666666667
4,-1.3,2,2022,7,0.05347545714405533,0.03329272354695023,0.7142857142857143
4,-1.3,2,2023,14,0.018379041855664476,-0.007123693851923907,0.42857142857142855
4,-1.3,2,2024,11,-0.004341641280134489,-0.017072547209610933,0.36363636363636365
4,-1.3,2,2025,12,0.023379565092439852,0.013459590063092608,0.5833333333333334
4,-1.3,2,2026,1,-0.04435931861327369,-0.04435931861327369,0.0
4,-1.3,3,2021,15,0.017424017730200244,0.00866303529902579,0.6
4,-1.3,3,2022,7,0.037868340292671006,0.0775973181706977,0.7142857142857143
4,-1.3,3,2023,14,0.05534847279951719,0.024647333544049466,0.5714285714285714
4,-1.3,3,2024,11,0.026138345042622278,0.02323476870194585,0.6363636363636364
4,-1.3,3,2025,12,0.03808527541378252,0.030070762131500284,0.75
4,-1.3,3,2026,1,-0.14400788611058224,-0.14400788611058224,0.0
4,-1.3,4,2021,15,0.04797957234440861,0.08222158575017091,0.7333333333333333
4,-1.3,4,2022,7,0.03071858067752455,0.08819802390232367,0.5714285714285714
4,-1.3,4,2023,14,0.044938234202965346,0.002491952048272794,0.5
4,-1.3,4,2024,11,0.03884421249957192,0.02526511673986298,0.5454545454545454
4,-1.3,4,2025,12,0.061260849220855416,0.05247380406549507,0.9166666666666666
4,-1.3,4,2026,1,0.06135446869742256,0.06135446869742256,1.0
4,-1.3,5,2021,15,0.03489697210053191,0.0604590182137108,0.6666666666666666
4,-1.3,5,2022,7,0.010639540596369259,0.051451435175733806,0.5714285714285714
4,-1.3,5,2023,14,0.03788937247354797,0.010366167493800815,0.5
4,-1.3,5,2024,11,0.026124745573773363,0.06490920459325333,0.5454545454545454
4,-1.3,5,2025,12,0.08277580810079871,0.05494048606396107,0.8333333333333334
4,-1.3,5,2026,1,0.11200791478136041,0.11200791478136041,1.0
4,-1.3,6,2021,15,0.03502105032979933,0.04167753764196891,0.6666666666666666
4,-1.3,6,2022,7,-0.004805527274991458,-0.021206349335006647,0.42857142857142855
4,-1.3,6,2023,14,0.05062525563533632,0.0012685400584794837,0.5
4,-1.3,6,2024,11,-0.006540289770050884,-0.011427534717942556,0.45454545454545453
4,-1.3,6,2025,12,0.10631510971897969,0.10856993833564887,0.9166666666666666
4,-1.3,6,2026,1,0.2912142757587206,0.2912142757587206,1.0
4,-1.3,7,2021,15,0.039560122792124425,0.038891234077382375,0.6666666666666666
4,-1.3,7,2022,7,-0.08513244254370733,-0.04237178784458151,0.14285714285714285
4,-1.3,7,2023,14,0.03607337880379915,-0.02684761037961586,0.35714285714285715
4,-1.3,7,2024,11,-0.0467985290252591,-0.04275550420113439,0.18181818181818182
4,-1.3,7,2025,12,0.1149630263312451,0.09755920537536789,0.75
4,-1.3,7,2026,1,0.07177893646327926,0.07177893646327926,1.0
4,-1.2,1,2021,19,0.006978117827331715,0.012224235182121568,0.5789473684210527
4,-1.2,1,2022,8,0.01863266857613423,0.01798863516130511,0.625
4,-1.2,1,2023,16,-0.002568714184026641,0.0060948110578086245,0.5625
4,-1.2,1,2024,18,-0.0035592799148242487,0.0035443291666994448,0.6111111111111112
4,-1.2,1,2025,15,0.01674038682342515,0.021757731111422984,0.7333333333333333
4,-1.2,1,2026,3,-0.009366586926493725,0.001887521536889647,0.6666666666666666
4,-1.2,2,2021,19,0.011579310159946066,0.009238281509726054,0.5789473684210527
4,-1.2,2,2022,8,0.05866688683572692,0.06414980911218915,0.75
4,-1.2,2,2023,16,0.012089494483076987,-0.009026271542008246,0.4375
4,-1.2,2,2024,18,0.004411585086231061,-0.009266352839640668,0.4444444444444444
4,-1.2,2,2025,15,0.005511406627522164,0.0006492226201924023,0.5333333333333333
4,-1.2,2,2026,3,-0.04689212738945311,-0.04435931861327369,0.3333333333333333
4,-1.2,3,2021,19,0.009675410135656835,0.0014698547305365128,0.5263157894736842
4,-1.2,3,2022,8,0.04028372685251799,0.0673943754710723,0.75
4,-1.2,3,2023,16,0.048116535528173215,0.012085390674490215,0.5625
4,-1.2,3,2024,18,0.024369098015502497,0.029615551542123586,0.6666666666666666
4,-1.2,3,2025,15,0.01616990509883765,0.016821225975117482,0.6
4,-1.2,3,2026,3,-0.08393321233386808,-0.10723636527869795,0.0
4,-1.2,4,2021,19,0.028741676229970703,0.043377302220632075,0.631578947368421
4,-1.2,4,2022,8,0.023546195301803352,0.03076876078703933,0.5
4,-1.2,4,2023,16,0.03349510779394773,-0.002228865644566813,0.4375
4,-1.2,4,2024,18,0.028246159203391758,0.0554163114055064,0.6111111111111112
4,-1.2,4,2025,15,0.030884705318208274,0.03818064898568618,0.8
4,-1.2,4,2026,3,-0.00516048776172251,0.02939334464240262,0.6666666666666666
4,-1.2,5,2021,19,0.024892989832466374,0.04453618837950546,0.5789473684210527
4,-1.2,5,2022,8,0.004846669295625106,0.007874002683074921,0.5
4,-1.2,5,2023,16,0.033117900332732896,-0.0034772139637800348,0.5
4,-1.2,5,2024,18,0.020324609565640996,0.07272906438433424,0.6111111111111112
4,-1.2,5,2025,15,0.04043277926352818,0.0516957418845545,0.6666666666666666
4,-1.2,5,2026,3,0.0826887216976464,0.09961989973117125,1.0
4,-1.2,6,2021,19,0.02117173254047079,0.04167753764196891,0.631578947368421
4,-1.2,6,2022,8,0.012809006761530267,0.0010641327602369244,0.5
4,-1.2,6,2023,16,0.04478022210399222,-0.009143700801916732,0.4375
4,-1.2,6,2024,18,0.008780506322995874,0.04286862712961925,0.5555555555555556
4,-1.2,6,2025,15,0.05251997007801769,0.08815228847903889,0.7333333333333333
4,-1.2,6,2026,3,0.22294482498055465,0.2912142757587206,1.0
4,-1.2,7,2021,19,0.026706405886593187,0.033404722650485885,0.631578947368421
4,-1.2,7,2022,8,-0.06076535212577645,-0.03262425731962387,0.25
4,-1.2,7,2023,16,0.030835906399661404,-0.02684761037961586,0.375
4,-1.2,7,2024,18,-0.017468580450123013,-0.010306591210689275,0.3888888888888889
4,-1.2,7,2025,15,0.06898559057528025,0.08362704049162484,0.6666666666666666
4,-1.2,7,2026,3,0.13091686081728718,0.07177893646327926,1.0
4,-1.1,1,2021,23,0.003676411255349855,0.013123209996515284,0.5652173913043478
4,-1.1,1,2022,11,0.004032254216993694,-0.012997056371029214,0.45454545454545453
4,-1.1,1,2023,22,-0.000585915917604934,0.0060948110578086245,0.5454545454545454
4,-1.1,1,2024,25,0.002692275150848915,0.012015034173460615,0.68
4,-1.1,1,2025,20,0.012568235396087268,0.017338000577854285,0.7
4,-1.1,1,2026,4,-0.001021909590522535,0.012949821977140341,0.75
4,-1.1,2,2021,23,0.012992912985282032,0.009977903385981923,0.6086956521739131
4,-1.1,2,2022,11,0.027126651721447903,0.01728428618272293,0.5454545454545454
4,-1.1,2,2023,22,0.011783820506116345,0.0020426278616185733,0.5454545454545454
4,-1.1,2,2024,25,0.006206365043547271,-0.0009727819953488925,0.48
4,-1.1,2,2025,20,0.014835245912507239,0.013459590063092608,0.55
4,-1.1,2,2026,4,-0.00894908737653241,-0.008576194964445338,0.5
4,-1.1,3,2021,23,-0.010124133088093384,-0.014805864317004369,0.43478260869565216
4,-1.1,3,2022,11,0.003681558544374373,0.026545777572965612,0.6363636363636364
4,-1.1,3,2023,22,0.03046371688388796,0.0139468239053534,0.5909090909090909
4,-1.1,3,2024,25,0.018479113010547065,0.020440026254803012,0.56
4,-1.1,3,2025,20,0.02407666070140963,0.020794778179691997,0.6
4,-1.1,3,2026,4,-0.03523232714679686,-0.053895875445511,0.25
4,-1.1,4,2021,23,0.012350244109033568,0.010559378509061856,0.5652173913043478
4,-1.1,4,2022,11,-0.01813863675611964,-0.026660502328245017,0.36363636363636365
4,-1.1,4,2023,22,0.01628625136890104,-0.009801392327350444,0.4090909090909091
4,-1.1,4,2024,25,0.027578881129388454,0.03680827878886417,0.64
4,-1.1,4,2025,20,0.04024377740423142,0.042020037017831746,0.75
4,-1.1,4,2026,4,-0.010360086905640054,0.0017172301525049671,0.5
4,-1.1,5,2021,23,0.014755064119492846,0.015703401265500627,0.5217391304347826
4,-1.1,5,2022,11,-0.03088135072487532,-0.035703429809583964,0.45454545454545453
4,-1.1,5,2023,22,0.024290555767365364,-0.0020839171592117456,0.5
4,-1.1,5,2024,25,0.027036554857918237,0.06490920459325333,0.64
4,-1.1,5,2025,20,0.05399283530965086,0.05173724963263471,0.7
4,-1.1,5,2026,4,0.06896538747686665,0.0680291251557894,1.0
4,-1.1,6,2021,23,0.006757764764475036,0.0031696501317270975,0.5217391304347826
4,-1.1,6,2022,11,-0.026792624988934654,-0.021206349335006647,0.45454545454545453
4,-1.1,6,2023,22,0.023467252741381294,-0.012500331859002844,0.36363636363636365
4,-1.1,6,2024,25,0.03840523293300772,0.062370042327470676,0.64
4,-1.1,6,2025,20,0.05976011172126763,0.0954181083447544,0.75
4,-1.1,6,2026,4,0.15839374633874845,0.18296054939741668,0.75
4,-1.1,7,2021,23,0.015063691293537993,0.018332652662383486,0.6086956521739131
4,-1.1,7,2022,11,-0.08113667407278875,-0.04237178784458151,0.36363636363636365
4,-1.1,7,2023,22,0.018217911799546207,-0.026614962309427337,0.36363636363636365
4,-1.1,7,2024,25,0.016760373508529023,0.05145301401301894,0.52
4,-1.1,7,2025,20,0.07279256688691788,0.056281691478430984,0.7
4,-1.1,7,2026,4,0.05780588819593693,0.06745226405278104,0.75
4,-1.0,1,2021,26,0.0036641929509526904,0.012673722589318426,0.5384615384615384
4,-1.0,1,2022,12,0.0042123879411927745,-0.016684169751885913,0.4166666666666667
4,-1.0,1,2023,24,0.0063919612279754595,0.0060948110578086245,0.5416666666666666
4,-1.0,1,2024,27,-0.0013281231139079036,0.010664036776783403,0.6296296296296297
4,-1.0,1,2025,20,0.012074611974296268,0.017338000577854285,0.7
4,-1.0,1,2026,6,0.018803960692521826,0.024964821800206538,0.8333333333333334
4,-1.0,2,2021,26,0.005241829161028794,0.009608092447853989,0.5384615384615384
4,-1.0,2,2022,12,0.029398335330969055,0.010147833587960509,0.5
4,-1.0,2,2023,24,0.013663346979688901,0.0065241465115347674,0.5833333333333334
4,-1.0,2,2024,27,0.005223487846363674,-0.005478350709307578,0.4444444444444444
4,-1.0,2,2025,20,0.011187063215858823,-0.0012579693227433575,0.5
4,-1.0,2,2026,6,0.049787831022311047,0.06573963852108622,0.6666666666666666
4,-1.0,3,2021,26,-0.005639423441193349,-0.0141730736017035,0.46153846153846156
4,-1.0,3,2022,12,0.0011830880415644545,0.015457308253058466,0.5833333333333334
4,-1.0,3,2023,24,0.033476545658442075,0.018861610349684255,0.625
4,-1.0,3,2024,27,0.02511112172256036,0.03470653624263598,0.6296296296296297
4,-1.0,3,2025,20,0.02066531134322372,0.02075034200586512,0.55
4,-1.0,3,2026,6,-0.0005706915278193744,0.001467863439245376,0.5
4,-1.0,4,2021,26,0.0103721934292989,0.010795627394977192,0.5769230769230769
4,-1.0,4,2022,12,0.007085092285733295,0.02288206114691843,0.5
4,-1.0,4,2023,24,0.01700836724750192,-0.002228865644566813,0.4583333333333333
4,-1.0,4,2024,27,0.024974838666129685,0.03139287305322069,0.5925925925925926
4,-1.0,4,2025,20,0.03604133811105299,0.04083398528104798,0.7
4,-1.0,4,2026,6,-0.01585764235003606,0.0017172301525049671,0.5
4,-1.0,5,2021,26,0.005743090750302177,0.008199487954381524,0.5384615384615384
4,-1.0,5,2022,12,-0.015846325332659183,-0.0013418733983067144,0.5
4,-1.0,5,2023,24,0.027811438759777266,-0.015997441170485904,0.4583333333333333
4,-1.0,5,2024,27,0.025526445223414147,0.05487560558245552,0.5925925925925926
4,-1.0,5,2025,20,0.050373976556779186,0.05173724963263471,0.65
4,-1.0,5,2026,5,0.1059077038619701,0.09961989973117125,1.0
4,-1.0,6,2021,26,0.0015246575612530887,0.002645589248928548,0.5384615384615384
4,-1.0,6,2022,12,-0.005720471399632572,0.0010641327602369244,0.5
4,-1.0,6,2023,24,0.0372706415470501,-0.011515154015809215,0.4166666666666667
4,-1.0,6,2024,27,0.03478139487438417,0.05967721195282549,0.6296296296296297
4,-1.0,6,2025,20,0.05684185440614855,0.08263793654106877,0.75
4,-1.0,6,2026,5,0.21517549616277573,0.2912142757587206,0.8
4,-1.0,7,2021,26,0.007751615254034437,0.012332951322677754,0.5384615384615384
4,-1.0,7,2022,12,-0.053610145724929274,-0.03262425731962387,0.4166666666666667
4,-1.0,7,2023,24,0.03094348861316273,-0.02247120101723904,0.4166666666666667
4,-1.0,7,2024,27,0.020502121515545202,0.0211921417254064,0.5555555555555556
4,-1.0,7,2025,20,0.07232779586779539,0.08377348315040789,0.7
4,-1.0,7,2026,5,0.11079003499344486,0.07177893646327926,0.8
5,-1.7,1,2023,2,-0.00260303825566105,-0.00260303825566105,0.5
5,-1.7,1,2024,2,-0.03141226212146425,-0.03141226212146425,0.0
5,-1.7,1,2025,2,0.01734175753392503,0.01734175753392503,0.5
5,-1.7,2,2023,2,0.007818651101348328,0.007818651101348328,0.5
5,-1.7,2,2024,2,-0.08692054960622414,-0.08692054960622414,0.0
5,-1.7,2,2025,2,-0.0347492664906387,-0.0347492664906387,0.0
5,-1.7,3,2023,2,0.06077403370176904,0.06077403370176904,1.0
5,-1.7,3,2024,2,-0.02571653621662101,-0.02571653621662101,0.0
5,-1.7,3,2025,2,-0.10126846802520745,-0.10126846802520745,0.0
5,-1.7,4,2023,2,0.07971504037550337,0.07971504037550337,1.0
5,-1.7,4,2024,2,-0.000912520786430282,-0.000912520786430282,0.5
5,-1.7,4,2025,2,-0.03434370049916757,-0.03434370049916757,0.5
5,-1.7,5,2023,2,0.0661769987421773,0.0661769987421773,1.0
5,-1.7,5,2024,2,-0.07139882874323206,-0.07139882874323206,0.5
5,-1.7,5,2025,2,-0.03436663256835615,-0.03436663256835615,0.0
5,-1.7,6,2023,2,0.033737990478798996,0.033737990478798996,1.0
5,-1.7,6,2024,2,-0.10483648789837768,-0.10483648789837768,0.5
5,-1.7,6,2025,2,0.005395552118759639,0.005395552118759639,1.0
5,-1.7,7,2023,2,-0.03141275594095899,-0.03141275594095899,0.0
5,-1.7,7,2024,2,-0.07967748142185732,-0.07967748142185732,0.5
5,-1.7,7,2025,2,-0.04135112685739595,-0.04135112685739595,0.5
5,-1.6,1,2021,4,-0.021174385843041987,-0.020285052073979404,0.5
5,-1.6,1,2022,1,0.04141612722172461,0.04141612722172461,1.0
5,-1.6,1,2023,5,0.012132541577091139,0.01511061136016778,0.6
5,-1.6,1,2024,4,-0.02667185499797517,-0.024127247420683562,0.0
5,-1.6,1,2025,5,0.006090187341662135,0.0030601394308840124,0.6
5,-1.6,2,2021,4,-0.012701022595509287,-0.03298337874044294,0.25
5,-1.6,2,2022,1,0.0346161390028179,0.0346161390028179,1.0
5,-1.6,2,2023,5,0.049221582901405346,0.0027253329397052273,0.6
5,-1.6,2,2024,4,-0.04409788060011918,-0.030330597100838852,0.25
5,-1.6,2,2025,5,-0.038270421828938986,-0.04376629111892805,0.0
5,-1.6,3,2021,4,0.03567220622324743,0.03320161533496335,0.75
5,-1.6,3,2022,1,0.12981371565141253,0.12981371565141253,1.0
5,-1.6,3,2023,5,0.06940201133018413,0.04269944501974332,0.6
5,-1.6,3,2024,4,0.006031420873916921,-0.00221921222582111,0.5
5,-1.6,3,2025,5,-0.029194590793971863,-0.003943351690334995,0.4
5,-1.6,4,2021,4,0.09503005051762503,0.09781422675381901,1.0
5,-1.6,4,2022,1,0.1392286417471662,0.1392286417471662,1.0
5,-1.6,4,2023,5,0.03230850906930014,0.07420768973305547,0.6
5,-1.6,4,2024,4,0.06103225665724529,0.08159547633650288,0.75
5,-1.6,4,2025,5,0.00767579810558594,0.03818064898568618,0.8
5,-1.6,5,2021,4,0.0759373869868184,0.06387438100548426,1.0
5,-1.6,5,2022,1,0.10575255053233068,0.10575255053233068,1.0
5,-1.6,5,2023,5,0.03705563225831317,0.05149260605819461,0.6
5,-1.6,5,2024,4,-0.014710857230981728,0.024119366300366374,0.5
5,-1.6,5,2025,5,0.00925392876148572,0.011528409678871476,0.6
5,-1.6,6,2021,4,0.10429041941744527,0.08978620455748176,1.0
5,-1.6,6,2022,1,0.022585761753831424,0.022585761753831424,1.0
5,-1.6,6,2023,5,0.020921795453013158,0.014122562983253983,0.6
5,-1.6,6,2024,4,-0.06829522982737818,-0.037139171774290214,0.5
5,-1.6,6,2025,5,0.027738399000227808,0.009316640140982102,0.8
5,-1.6,7,2021,4,0.09445931676991676,0.07692353356865445,1.0
5,-1.6,7,2022,1,0.09267611600838377,0.09267611600838377,1.0
5,-1.6,7,2023,5,0.007181538007884658,-0.013909210095575997,0.2
5,-1.6,7,2024,4,-0.06913329935063511,-0.058589117279412906,0.25
5,-1.6,7,2025,5,-0.006651319646148002,-0.006114724021395679,0.4
5,-1.5,1,2021,9,-0.016538027243752713,-0.02171005146748295,0.4444444444444444
5,-1.5,1,2022,2,0.02701294143548494,0.02701294143548494,1.0
5,-1.5,1,2023,7,0.012829440871652498,0.01511061136016778,0.5714285714285714
5,-1.5,1,2024,9,-0.00780335043341962,-0.010367622524128595,0.4444444444444444
5,-1.5,1,2025,7,0.023705403937965403,0.021757731111422984,0.7142857142857143
5,-1.5,1,2026,1,0.001887521536889647,0.001887521536889647,1.0
5,-1.5,2,2021,9,-0.007043555478316033,-0.018346591486168795,0.4444444444444444
5,-1.5,2,2022,2,0.025950212592770416,0.025950212592770416,1.0
5,-1.5,2,2023,7,0.03146469400936754,-0.006387475933442466,0.42857142857142855
5,-1.5,2,2024,9,-0.017506084121591974,-0.017072547209610933,0.3333333333333333
5,-1.5,2,2025,7,-0.0025496847226149804,-0.00684722242924507,0.2857142857142857
5,-1.5,2,2026,1,-0.04435931861327369,-0.04435931861327369,0.0
5,-1.5,3,2021,9,0.009772554162342696,0.0014698547305365128,0.5555555555555556
5,-1.5,3,2022,2,0.12935082929679542,0.12935082929679542,1.0
5,-1.5,3,2023,7,0.054170836326864924,0.042694573466460994,0.5714285714285714
5,-1.5,3,2024,9,0.01872883182888352,0.020224703751799078,0.5555555555555556
5,-1.5,3,2025,7,0.022295730207586666,0.016821225975117482,0.5714285714285714
5,-1.5,3,2026,1,-0.14400788611058224,-0.14400788611058224,0.0
5,-1.5,4,2021,9,0.04838978834847696,0.047181663829937825,0.7777777777777778
5,-1.5,4,2022,2,0.03647831319251599,0.03647831319251599,0.5
5,-1.5,4,2023,7,0.03616577915090957,0.07420768973305547,0.5714285714285714
5,-1.5,4,2024,9,0.058877041041423835,0.09612824807584985,0.6666666666666666
5,-1.5,4,2025,7,0.05382177315666884,0.04585942504997731,0.8571428571428571
5,-1.5,4,2026,1,0.06135446869742256,0.06135446869742256,1.0
5,-1.5,5,2021,9,0.035180247882167365,0.04453618837950546,0.6666666666666666
5,-1.5,5,2022,2,-0.007430161618423747,-0.007430161618423747,0.5
5,-1.5,5,2023,7,0.04337799757493239,0.05586302275106658,0.7142857142857143
5,-1.5,5,2024,9,0.017877710866300373,0.05487560558245552,0.5555555555555556
5,-1.5,5,2025,7,0.06782362658493331,0.0516957418845545,0.7142857142857143
5,-1.5,5,2026,1,0.11200791478136041,0.11200791478136041,1.0
5,-1.5,6,2021,9,0.0276686120292093,0.05761078976998846,0.6666666666666666
5,-1.5,6,2022,2,-0.06595854284331865,-0.06595854284331865,0.5
5,-1.5,6,2023,7,0.04206371910815686,0.05335341797434401,0.7142857142857143
5,-1.5,6,2024,9,-0.015170916159848113,-0.011427534717942556,0.4444444444444444
5,-1.5,6,2025,7,0.0740992083477067,0.07426267033108491,0.8571428571428571
5,-1.5,6,2026,1,0.2912142757587206,0.2912142757587206,1.0
5,-1.5,7,2021,9,0.02390203841601511,0.033404722650485885,0.6666666666666666
5,-1.5,7,2022,2,-0.043476044681702464,-0.043476044681702464,0.5
5,-1.5,7,2023,7,0.04025847747514993,-0.0034634738653360753,0.42857142857142855
5,-1.5,7,2024,9,-0.05577292345376672,-0.04275550420113439,0.3333333333333333
5,-1.5,7,2025,7,0.059416299703011086,0.011660576586263183,0.5714285714285714
5,-1.5,7,2026,1,0.07177893646327926,0.07177893646327926,1.0
5,-1.4,1,2021,13,0.0011800791165198499,0.001803779849526066,0.5384615384615384
5,-1.4,1,2022,4,0.016099085293326404,0.01798863516130511,0.75
5,-1.4,1,2023,11,0.015724110076927623,0.01511061136016778,0.6363636363636364
5,-1.4,1,2024,13,-0.005738015081857399,0.002554610193488571,0.5384615384615384
5,-1.4,1,2025,9,0.02987650352404219,0.021757731111422984,0.7777777777777778
5,-1.4,1,2026,2,-0.061222166178272974,-0.061222166178272974,0.5
5,-1.4,2,2021,13,-0.003978671501985344,-0.005419871985498981,0.46153846153846156
5,-1.4,2,2022,4,0.035685218272074964,0.025950212592770416,0.75
5,-1.4,2,2023,11,0.05403104855888741,0.022243197151414984,0.6363636363636364
5,-1.4,2,2024,13,-0.011683913524806765,-0.013054354969973758,0.46153846153846156
5,-1.4,2,2025,9,-0.002916066946521788,-0.00684722242924507,0.3333333333333333
5,-1.4,2,2026,2,-0.08394165542637116,-0.08394165542637116,0.0
5,-1.4,3,2021,13,0.020343840794467886,0.00866303529902579,0.6153846153846154
5,-1.4,3,2022,4,0.06287121910335414,0.10324263055643801,0.75
5,-1.4,3,2023,11,0.07281909050465721,0.04269944501974332,0.7272727272727273
5,-1.4,3,2024,13,0.0017360243680893095,-0.00991133432228386,0.46153846153846156
5,-1.4,3,2025,9,0.005598767085590779,-0.003943351690334995,0.4444444444444444
5,-1.4,3,2026,2,-0.07228163586145314,-0.07228163586145314,0.0
5,-1.4,4,2021,13,0.05675857218292475,0.08222158575017091,0.7692307692307693
5,-1.4,4,2022,4,0.016309480953101335,0.034526898893154134,0.5
5,-1.4,4,2023,11,0.046362591025020605,0.025586703770441144,0.6363636363636364
5,-1.4,4,2024,13,0.03544886838625329,0.06490920459325333,0.6923076923076923
5,-1.4,4,2025,9,0.030205479275889888,0.03818064898568618,0.7777777777777778
5,-1.4,4,2026,2,0.04537390666991259,0.04537390666991259,1.0
5,-1.4,5,2021,13,0.050320369501326886,0.07978011978226651,0.7692307692307693
5,-1.4,5,2022,4,0.006546780562024512,-0.007430161618423747,0.5
5,-1.4,5,2023,11,0.043287375153442144,0.05149260605819461,0.7272727272727273
5,-1.4,5,2024,13,0.0050550248082998905,0.05487560558245552,0.6153846153846154
5,-1.4,5,2025,9,0.034934765751387285,0.011528409678871476,0.5555555555555556
5,-1.4,5,2026,2,0.10581390725626583,0.10581390725626583,1.0
5,-1.4,6,2021,13,0.042571144516751036,0.05761078976998846,0.7692307692307693
5,-1.4,6,2022,4,-0.02201683043439487,-0.0353197738174067,0.5
5,-1.4,6,2023,11,0.05095864713367184,0.03831822466184853,0.7272727272727273
5,-1.4,6,2024,13,-0.009732321898028144,0.05730409691335514,0.5384615384615384
5,-1.4,6,2025,9,0.04109688121489119,0.009316640140982102,0.6666666666666666
5,-1.4,6,2026,2,0.2970638259527756,0.2970638259527756,1.0
5,-1.4,7,2021,13,0.036895049996100146,0.038891234077382375,0.6923076923076923
5,-1.4,7,2022,4,-0.06533437130871844,-0.08719269793573442,0.25
5,-1.4,7,2023,11,0.03839333411729189,0.00639939953344193,0.5454545454545454
5,-1.4,7,2024,13,-0.034691496082396606,-0.006952612005012737,0.46153846153846156
5,-1.4,7,2025,9,0.043497779546455985,0.001352842102580798,0.5555555555555556
5,-1.4,7,2026,2,0.16481249540478937,0.16481249540478937,1.0
5,-1.3,1,2021,17,0.0009342018168611674,0.013151421326983215,0.5882352941176471
5,-1.3,1,2022,6,0.011772384945178738,0.01798863516130511,0.6666666666666666
5,-1.3,1,2023,15,0.001809360595289644,0.011567076334587645,0.5333333333333333
5,-1.3,1,2024,17,0.00414330055649099,0.017693346744577676,0.6470588235294118
5,-1.3,1,2025,11,0.030665467502628642,0.021757731111422984,0.8181818181818182
5,-1.3,1,2026,2,-0.061222166178272974,-0.061222166178272974,0.5
5,-1.3,2,2021,17,0.013619784026646549,0.009238281509726054,0.5882352941176471
5,-1.3,2,2022,6,0.03808578190625961,0.025950212592770416,0.6666666666666666
5,-1.3,2,2023,15,0.02059079502435423,0.0027253329397052273,0.5333333333333333
5,-1.3,2,2024,17,0.010658089837583755,0.002581541056415393,0.5294117647058824
5,-1.3,2,2025,11,0.00528432452131854,-0.0031651612656791173,0.45454545454545453
5,-1.3,2,2026,2,-0.08394165542637116,-0.08394165542637116,0.0
5,-1.3,3,2021,17,-0.00522665772671223,-0.014805864317004369,0.4117647058823529
5,-1.3,3,2022,6,0.03900018598584396,0.10324263055643801,0.6666666666666666
5,-1.3,3,2023,15,0.04134966416051093,0.03603359535075734,0.6666666666666666
5,-1.3,3,2024,17,0.025097931820094174,0.01407465087309423,0.5294117647058824
5,-1.3,3,2025,11,0.01123170560275889,0.016821225975117482,0.5454545454545454
5,-1.3,3,2026,2,-0.07228163586145314,-0.07228163586145314,0.0
5,-1.3,4,2021,17,0.02448393310893339,0.027166697676802354,0.6470588235294118
5,-1.3,4,2022,6,-0.0004022019345210996,0.034526898893154134,0.5
5,-1.3,4,2023,15,0.031122770758509645,0.0049867572418011985,0.5333333333333333
5,-1.3,4,2024,17,0.04704161454752026,0.06706270459715591,0.7058823529411765
5,-1.3,4,2025,11,0.027582969250551523,0.01620845676771876,0.8181818181818182
5,-1.3,4,2026,2,0.04537390666991259,0.04537390666991259,1.0
5,-1.3,5,2021,17,0.0363602755345034,0.06953348173827156,0.6470588235294118
5,-1.3,5,2022,6,-0.0077750097106811245,-0.007430161618423747,0.5
5,-1.3,5,2023,15,0.028365511561216878,0.012213035934730776,0.5333333333333333
5,-1.3,5,2024,17,0.030486849529809394,0.06490920459325333,0.6470588235294118
5,-1.3,5,2025,11,0.03695009050364248,0.03393588903037448,0.6363636363636364
5,-1.3,5,2026,2,0.10581390725626583,0.10581390725626583,1.0
5,-1.3,6,2021,17,0.022059711481602157,0.03589784303627552,0.5882352941176471
5,-1.3,6,2022,6,-0.02061483239181916,-0.0353197738174067,0.5
5,-1.3,6,2023,15,0.03643890746701042,0.00639939953344193,0.5333333333333333
5,-1.3,6,2024,17,0.026935211476994587,0.060020491252268604,0.6470588235294118
5,-1.3,6,2025,11,0.05537620308724734,0.07426267033108491,0.7272727272727273
5,-1.3,6,2026,2,0.2970638259527756,0.2970638259527756,1.0
5,-1.3,7,2021,17,0.02448105824901238,0.025945985300549923,0.6470588235294118
5,-1.3,7,2022,6,-0.052162522915317124,-0.08719269793573442,0.3333333333333333
5,-1.3,7,2023,15,0.027862708514344633,-0.009420574233575563,0.4
5,-1.3,7,2024,17,-0.006192973476074687,0.05145301401301894,0.5294117647058824
5,-1.3,7,2025,11,0.05970852133869955,0.011660576586263183,0.6363636363636364
5,-1.3,7,2026,2,0.16481249540478937,0.16481249540478937,1.0
5,-1.2,1,2021,19,0.002779133136032654,0.013151421326983215,0.631578947368421
5,-1.2,1,2022,7,-0.010105252914265164,-0.012997056371029214,0.42857142857142855
5,-1.2,1,2023,17,0.001367161772405165,-0.005589378698569569,0.47058823529411764
5,-1.2,1,2024,23,0.0026959560016414615,0.01647681693124392,0.6521739130434783
5,-1.2,1,2025,12,0.026956080386079762,0.020460886622349572,0.75
5,-1.2,1,2026,2,-0.061222166178272974,-0.061222166178272974,0.5
5,-1.2,2,2021,19,0.00973532480977446,0.009238281509726054,0.5789473684210527
5,-1.2,2,2022,7,0.010110357187746126,-0.012997056371029214,0.42857142857142855
5,-1.2,2,2023,17,0.016783735200017184,-0.006387475933442466,0.47058823529411764
5,-1.2,2,2024,23,0.011533152049798956,0.002581541056415393,0.5217391304347826
5,-1.2,2,2025,12,0.0022566774589758234,-0.005006191847462094,0.4166666666666667
5,-1.2,2,2026,2,-0.08394165542637116,-0.08394165542637116,0.0
5,-1.2,3,2021,19,-0.008231211633385698,-0.014805864317004369,0.42105263157894735
5,-1.2,3,2022,7,-0.01196160215859172,-0.040043455026970154,0.42857142857142855
5,-1.2,3,2023,17,0.035239527031145454,0.021449802906754245,0.7058823529411765
5,-1.2,3,2024,23,0.02825395982108052,0.020224703751799078,0.5652173913043478
5,-1.2,3,2025,12,0.014397464742452617,0.02609720992692577,0.5833333333333334
5,-1.2,3,2026,2,-0.07228163586145314,-0.07228163586145314,0.0
5,-1.2,4,2021,19,0.025335525107976885,0.027166697676802354,0.631578947368421
5,-1.2,4,2022,7,-0.006121512994221161,0.06527092189236372,0.5714285714285714
5,-1.2,4,2023,17,0.023626965853725885,0.0049867572418011985,0.5294117647058824
5,-1.2,4,2024,23,0.05178400664181164,0.06490920459325333,0.7391304347826086
5,-1.2,4,2025,12,0.028908331944373044,0.02719455287670247,0.8333333333333334
5,-1.2,4,2026,2,0.04537390666991259,0.04537390666991259,1.0
5,-1.2,5,2021,19,0.025696210497062832,0.0604590182137108,0.631578947368421
5,-1.2,5,2022,7,-0.035034137731985875,-0.11889104918642457,0.42857142857142855
5,-1.2,5,2023,17,0.03212073019302107,0.006260310547110404,0.5294117647058824
5,-1.2,5,2024,23,0.042644113261594396,0.06490920459325333,0.6956521739130435
5,-1.2,5,2025,12,0.0395334194978604,0.04281581545746449,0.6666666666666666
5,-1.2,5,2026,2,0.10581390725626583,0.10581390725626583,1.0
5,-1.2,6,2021,19,0.01882602382924666,0.03589784303627552,0.5789473684210527
5,-1.2,6,2022,7,-0.04328083025785555,-0.09322530938864482,0.42857142857142855
5,-1.2,6,2023,17,0.034308920503148016,-0.010100888662151863,0.47058823529411764
5,-1.2,6,2024,23,0.04748728475114331,0.06807449694917822,0.6956521739130435
5,-1.2,6,2025,12,0.05718848488023495,0.07569312746709178,0.75
5,-1.2,6,2026,2,0.2970638259527756,0.2970638259527756,1.0
5,-1.2,7,2021,19,0.02606404478596015,0.025945985300549923,0.631578947368421
5,-1.2,7,2022,7,-0.0652301470702321,-0.12111435061900533,0.2857142857142857
5,-1.2,7,2023,17,0.030902265270602285,-0.013909210095575997,0.35294117647058826
5,-1.2,7,2024,23,0.03159508078846712,0.058860246047907516,0.6086956521739131
5,-1.2,7,2025,12,0.062274610454186856,0.04764380853894401,0.6666666666666666
5,-1.2,7,2026,2,0.16481249540478937,0.16481249540478937,1.0
5,-1.1,1,2021,19,0.0030519394674367126,0.013151421326983215,0.631578947368421
5,-1.1,1,2022,10,0.030065112572291407,0.03239182094754478,0.6
5,-1.1,1,2023,17,0.005806538044940416,0.009510323462719628,0.5294117647058824
5,-1.1,1,2024,24,-0.002665037842266571,0.006960996412865961,0.5833333333333334
5,-1.1,1,2025,13,0.030405456708168417,0.021757731111422984,0.7692307692307693
5,-1.1,1,2026,2,-0.061222166178272974,-0.061222166178272974,0.5
5,-1.1,2,2021,19,0.009297382175318438,0.007428173443635888,0.5789473684210527
5,-1.1,2,2022,10,0.03163233769210413,0.010809541315894344,0.5
5,-1.1,2,2023,17,0.03191006594221658,0.010322960083364308,0.5882352941176471
5,-1.1,2,2024,24,0.0046736134696171066,-0.015063451089792346,0.4583333333333333
5,-1.1,2,2025,13,0.007155479610059057,-0.0031651612656791173,0.46153846153846156
5,-1.1,2,2026,2,-0.08394165542637116,-0.08394165542637116,0.0
5,-1.1,3,2021,19,-5.290503251476648e-05,-0.014326760441889852,0.47368421052631576
5,-1.1,3,2022,10,0.005795376946507069,0.018776931571863775,0.5
5,-1.1,3,2023,17,0.046835202988019735,0.042694573466460994,0.7647058823529411
5,-1.1,3,2024,24,0.022624715272030447,0.020332365003301045,0.5833333333333334
5,-1.1,3,2025,13,0.020284599114336443,0.035373193878734055,0.6153846153846154
5,-1.1,3,2026,2,-0.07228163586145314,-0.07228163586145314,0.0
5,-1.1,4,2021,19,0.03746106690928687,0.043377302220632075,0.6842105263157895
5,-1.1,4,2022,10,0.012247050016200845,0.06324543082922818,0.6
5,-1.1,4,2023,17,0.03327349583894124,0.023292519000301493,0.5882352941176471
5,-1.1,4,2024,24,0.046164594727710194,0.06598595459520462,0.7083333333333334
5,-1.1,4,2025,13,0.034400087511748494,0.03818064898568618,0.8461538461538461
5,-1.1,4,2026,2,0.04537390666991259,0.04537390666991259,1.0
5,-1.1,5,2021,19,0.0384829632153617,0.06953348173827156,0.6842105263157895
5,-1.1,5,2022,10,-0.025570307082023215,-0.0655019603673796,0.4
5,-1.1,5,2023,17,0.049330425640407544,0.03097557162780129,0.5882352941176471
5,-1.1,5,2024,24,0.040296214567236796,0.06579829046000762,0.6666666666666666
5,-1.1,5,2025,13,0.045259081742699506,0.0516957418845545,0.6923076923076923
5,-1.1,5,2026,2,0.10581390725626583,0.10581390725626583,1.0
5,-1.1,6,2021,19,0.03573684881597574,0.04167753764196891,0.631578947368421
5,-1.1,6,2022,10,-0.03513385661430264,-0.018019970621214243,0.4
5,-1.1,6,2023,17,0.056487266616428645,0.02731188573446741,0.5294117647058824
5,-1.1,6,2024,24,0.048516149290940586,0.06522226963832445,0.6666666666666666
5,-1.1,6,2025,13,0.054077362822466675,0.07426267033108491,0.7692307692307693
5,-1.1,6,2026,2,0.2970638259527756,0.2970638259527756,1.0
5,-1.1,7,2021,19,0.0366825841321803,0.033404722650485885,0.631578947368421
5,-1.1,7,2022,10,-0.06679233581649816,-0.10245059932630762,0.3
5,-1.1,7,2023,17,0.054118164431418,-0.009420574233575563,0.47058823529411764
5,-1.1,7,2024,24,0.03298854347488471,0.05515663003046323,0.5833333333333334
5,-1.1,7,2025,13,0.056399480790417754,0.011660576586263183,0.6153846153846154
5,-1.1,7,2026,2,0.16481249540478937,0.16481249540478937,1.0
5,-1.0,1,2021,20,0.0023654699401765957,0.01313731566174925,0.6
5,-1.0,1,2022,10,0.011538228092865855,0.005185229151167869,0.5
5,-1.0,1,2023,20,0.005245957357262987,0.003984437221972115,0.5
5,-1.0,1,2024,26,0.0011527509036699268,0.013570426854013662,0.6153846153846154
5,-1.0,1,2025,13,0.026559038742303493,0.01916404213327616,0.7692307692307693
5,-1.0,1,2026,2,-0.061222166178272974,-0.061222166178272974,0.5
5,-1.0,2,2021,20,0.010992417230000051,0.016333581525106555,0.6
5,-1.0,2,2022,10,0.033257354065305486,0.010809541315894344,0.5
5,-1.0,2,2023,20,0.03398844471316965,0.016283078617389646,0.6
5,-1.0,2,2024,26,0.00761951383492957,-0.006296121321073156,0.5
5,-1.0,2,2025,13,0.015441887614231872,0.007010641359759262,0.5384615384615384
5,-1.0,2,2026,2,-0.08394165542637116,-0.08394165542637116,0.0
5,-1.0,3,2021,20,-0.00012837281983045789,-0.00642845285567667,0.5
5,-1.0,3,2022,10,0.008709582156924611,0.018776931571863775,0.5
5,-1.0,3,2023,20,0.049951559880321614,0.04759014017654617,0.75
5,-1.0,3,2024,26,0.023588271041016774,0.020332365003301045,0.5769230769230769
5,-1.0,3,2025,13,0.013406517114556546,0.015242492850311873,0.6153846153846154
5,-1.0,3,2026,2,-0.07228163586145314,-0.07228163586145314,0.0
5,-1.0,4,2021,20,0.035134472185536544,0.035271999948717214,0.65
5,-1.0,4,2022,10,0.014944858429823949,0.0767344728973437,0.6
5,-1.0,4,2023,20,0.034428344580962396,0.019697458963751968,0.6
5,-1.0,4,2024,26,0.05080635641824402,0.07027072670791912,0.7307692307692307
5,-1.0,4,2025,13,0.03868196033733064,0.043487321576409776,0.8461538461538461
5,-1.0,4,2026,2,0.04537390666991259,0.04537390666991259,1.0
5,-1.0,5,2021,20,0.026107002101155536,0.06499624997599118,0.65
5,-1.0,5,2022,10,-0.01921387640961637,-0.03371980700534538,0.5
5,-1.0,5,2023,20,0.044763859566764416,0.018617941087455847,0.55
5,-1.0,5,2024,26,0.032081362192380815,0.06131432545811666,0.6538461538461539
5,-1.0,5,2025,13,0.04320561259731607,0.0516957418845545,0.6153846153846154
5,-1.0,5,2026,2,0.10581390725626583,0.10581390725626583,1.0
5,-1.0,6,2021,20,0.030528503351402288,0.038787690339122216,0.6
5,-1.0,6,2022,10,-0.03587461478361424,-0.021723761467772273,0.4
5,-1.0,6,2023,20,0.04394887676171279,0.007933530284571999,0.5
5,-1.0,6,2024,26,0.04097885789893717,0.06522226963832445,0.6538461538461539
5,-1.0,6,2025,13,0.06394164682093208,0.07712358460309865,0.7692307692307693
5,-1.0,6,2026,2,0.2970638259527756,0.2970638259527756,1.0
5,-1.0,7,2021,20,0.027986893703112664,0.024789892259895696,0.6
5,-1.0,7,2022,10,-0.07545488276441051,-0.10245059932630762,0.2
5,-1.0,7,2023,20,0.0343920237093856,-0.01166489216457578,0.45
5,-1.0,7,2024,26,0.025667283065066573,0.05515663003046323,0.5769230769230769
5,-1.0,7,2025,13,0.05538455424623449,0.07202966366940822,0.6923076923076923
5,-1.0,7,2026,2,0.16481249540478937,0.16481249540478937,1.0
6,-1.8,1,2021,1,0.001803779849526066,0.001803779849526066,1.0
6,-1.8,1,2023,1,-0.02031668787148988,-0.02031668787148988,0.0
6,-1.8,1,2024,2,-0.03141226212146425,-0.03141226212146425,0.0
6,-1.8,1,2025,3,0.01258121816624469,0.0030601394308840124,0.6666666666666666
6,-1.8,2,2021,1,-0.04762016599471708,-0.04762016599471708,0.0
6,-1.8,2,2023,1,-0.007859911770405348,-0.007859911770405348,0.0
6,-1.8,2,2024,2,-0.08692054960622414,-0.08692054960622414,0.0
6,-1.8,2,2025,3,-0.02422123141565217,-0.00684722242924507,0.0
6,-1.8,3,2021,1,0.06493337593939019,0.06493337593939019,1.0
6,-1.8,3,2023,1,0.04269944501974332,0.04269944501974332,1.0
6,-1.8,3,2024,2,-0.02571653621662101,-0.02571653621662101,0.0
6,-1.8,3,2025,3,-0.06882676258024996,-0.036172977899815884,0.0
6,-1.8,4,2021,1,0.11340686775746711,0.11340686775746711,1.0
6,-1.8,4,2023,1,0.07420768973305547,0.07420768973305547,1.0
6,-1.8,4,2024,2,-0.000912520786430282,-0.000912520786430282,0.5
6,-1.8,4,2025,3,-0.007609325316119279,0.03818064898568618,0.6666666666666666
6,-1.8,5,2021,1,0.04453618837950546,0.04453618837950546,1.0
6,-1.8,5,2023,1,0.05149260605819461,0.05149260605819461,1.0
6,-1.8,5,2024,2,-0.07139882874323206,-0.07139882874323206,0.5
6,-1.8,5,2025,3,-0.005679174417385931,-0.034176664685322766,0.3333333333333333
6,-1.8,6,2021,1,0.0703507619983732,0.0703507619983732,1.0
6,-1.8,6,2023,1,0.014122562983253983,0.014122562983253983,1.0
6,-1.8,6,2024,2,-0.10483648789837768,-0.10483648789837768,0.5
6,-1.8,6,2025,3,0.02835125818953473,0.009316640140982102,1.0
6,-1.8,7,2021,1,0.04710254884359655,0.04710254884359655,1.0
6,-1.8,7,2023,1,-0.0034634738653360753,-0.0034634738653360753,0.0
6,-1.8,7,2024,2,-0.07967748142185732,-0.07967748142185732,0.5
6,-1.8,7,2025,3,-0.036922971566989725,-0.028066660986177272,0.3333333333333333
6,-1.7,1,2021,7,-0.009153168734813246,0.001803779849526066,0.5714285714285714
6,-1.7,1,2022,1,0.04141612722172461,0.04141612722172461,1.0
6,-1.7,1,2023,3,0.0029422301148739707,-0.005589378698569569,0.3333333333333333
6,-1.7,1,2024,4,-0.008609491417058551,-0.006102305711517486,0.5
6,-1.7,1,2025,5,0.01103723355618429,0.0030601394308840124,0.6
6,-1.7,2,2021,7,0.003328341632689374,0.02590913890544644,0.5714285714285714
6,-1.7,2,2022,1,0.0346161390028179,0.0346161390028179,1.0
6,-1.7,2,2023,3,-0.011238322737286421,-0.007859911770405348,0.0
6,-1.7,2,2024,4,-0.04607847828150166,-0.02648039433178284,0.25
6,-1.7,2,2025,5,-0.023036846939847266,-0.00684722242924507,0.2
6,-1.7,3,2021,7,0.03429156503434437,0.037869094193039965,0.7142857142857143
6,-1.7,3,2022,1,0.12981371565141253,0.12981371565141253,1.0
6,-1.7,3,2023,3,0.024961747552292374,0.042694573466460994,0.6666666666666666
6,-1.7,3,2024,4,0.012624657275428802,-0.002111550974319143,0.5
6,-1.7,3,2025,5,-0.025317603222167008,-0.003943351690334995,0.4
6,-1.7,4,2021,7,0.067108972121561,0.08222158575017091,0.8571428571428571
6,-1.7,4,2022,1,0.1392286417471662,0.1392286417471662,1.0
6,-1.7,4,2023,3,0.055275199480973924,0.07420768973305547,0.6666666666666666
6,-1.7,4,2024,4,0.06324258180939787,0.0883020604531567,0.75
6,-1.7,4,2025,5,0.015103619823355974,0.03818064898568618,0.8
6,-1.7,5,2021,7,0.07469458550239465,0.0798681566374615,0.8571428571428571
6,-1.7,5,2022,1,0.10575255053233068,0.10575255053233068,1.0
6,-1.7,5,2023,3,0.05662014259705184,0.05586302275106658,1.0
6,-1.7,5,2024,4,0.03283693933804996,0.08166352212895789,0.75
6,-1.7,5,2025,5,0.02336573112187055,0.011528409678871476,0.6
6,-1.7,6,2021,7,0.07249112037008901,0.09044679701508884,0.8571428571428571
6,-1.7,6,2022,1,0.022585761753831424,0.022585761753831424,1.0
6,-1.7,6,2023,3,0.0679865398250954,0.06653621321137493,1.0
6,-1.7,6,2024,4,-0.019448554013538955,0.018846067582881265,0.5
6,-1.7,6,2025,5,0.03249807927555366,0.009316640140982102,0.8
6,-1.7,7,2021,7,0.04955995749493759,0.04710254884359655,0.8571428571428571
6,-1.7,7,2022,1,0.09267611600838377,0.09267611600838377,1.0
6,-1.7,7,2023,3,0.08081272614043004,0.1122257775888158,0.6666666666666666
6,-1.7,7,2024,4,-0.04180602488874674,-0.003934568355636159,0.5
6,-1.7,7,2025,5,0.013690197996309017,-0.006114724021395679,0.4
6,-1.6,1,2021,10,0.008608999967344743,0.007014007515823817,0.6
6,-1.6,1,2022,2,0.02701294143548494,0.02701294143548494,1.0
6,-1.6,1,2023,5,0.009416403798734185,-0.005589378698569569,0.4
6,-1.6,1,2024,8,-0.004439793857824906,-0.003906506165320012,0.5
6,-1.6,1,2025,7,0.02315265559419761,0.021757731111422984,0.7142857142857143
6,-1.6,1,2026,1,0.001887521536889647,0.001887521536889647,1.0
6,-1.6,2,2021,10,-0.00561087101938248,-0.0045541549882213705,0.5
6,-1.6,2,2022,2,0.025950212592770416,0.025950212592770416,1.0
6,-1.6,2,2023,5,0.05188172700357161,-0.006387475933442466,0.4
6,-1.6,2,2024,8,-0.027834366359550403,-0.015063451089792346,0.375
6,-1.6,2,2025,7,-0.01860460372825195,-0.00684722242924507,0.2857142857142857
6,-1.6,2,2026,1,-0.04435931861327369,-0.04435931861327369,0.0
6,-1.6,3,2021,10,0.019738501082324268,0.005066445014781151,0.6
6,-1.6,3,2022,2,0.12935082929679542,0.12935082929679542,1.0
6,-1.6,3,2023,5,0.07906277059475428,0.042694573466460994,0.8
6,-1.6,3,2024,8,0.0032926609376096733,-0.012654560532216308,0.375
6,-1.6,3,2025,7,-0.017673469920083323,-0.003943351690334995,0.42857142857142855
6,-1.6,3,2026,1,-0.14400788611058224,-0.14400788611058224,0.0
6,-1.6,4,2021,10,0.050751591932777874,0.07300077931020099,0.7
6,-1.6,4,2022,2,0.03647831319251599,0.03647831319251599,0.5
6,-1.6,4,2023,5,0.08548327063362512,0.07420768973305547,0.8
6,-1.6,4,2024,8,0.03502917406711131,0.04293014200865897,0.625
6,-1.6,4,2025,7,0.019821639518660467,0.03818064898568618,0.8571428571428571
6,-1.6,4,2026,1,0.06135446869742256,0.06135446869742256,1.0
6,-1.6,5,2021,10,0.04705993717211086,0.07465680076026904,0.7
6,-1.6,5,2022,2,-0.007430161618423747,-0.007430161618423747,0.5
6,-1.6,5,2023,5,0.07629301314523337,0.05586302275106658,1.0
6,-1.6,5,2024,8,0.0028023124182304376,0.00017446784706642848,0.5
6,-1.6,5,2025,7,0.004134896960864776,0.011528409678871476,0.5714285714285714
6,-1.6,5,2026,1,0.11200791478136041,0.11200791478136041,1.0
6,-1.6,6,2021,10,0.03823021837259434,0.06398077588418083,0.7
6,-1.6,6,2022,2,-0.06595854284331865,-0.06595854284331865,0.5
6,-1.6,6,2023,5,0.10529324691865156,0.06653621321137493,1.0
6,-1.6,6,2024,8,-0.027152271300830755,-0.015519748232767583,0.375
6,-1.6,6,2025,7,0.021600175127393238,0.009316640140982102,0.7142857142857143
6,-1.6,6,2026,1,0.2912142757587206,0.2912142757587206,1.0
6,-1.6,7,2021,10,0.04503345037283997,0.07465337086159196,0.8
6,-1.6,7,2022,2,-0.043476044681702464,-0.043476044681702464,0.5
6,-1.6,7,2023,5,0.10159563276767902,0.1122257775888158,0.8
6,-1.6,7,2024,8,-0.05531232333190017,-0.058132933088786976,0.375
6,-1.6,7,2025,7,0.021918696082250104,0.001352842102580798,0.5714285714285714
6,-1.6,7,2026,1,0.07177893646327926,0.07177893646327926,1.0
6,-1.5,1,2021,13,0.0055519840020926605,0.013151421326983215,0.6153846153846154
6,-1.5,1,2022,3,-0.0063280867856473355,0.012609755649245269,0.6666666666666666
6,-1.5,1,2023,7,0.006646078075815108,-0.005589378698569569,0.42857142857142855
6,-1.5,1,2024,9,-0.012448417439101325,-0.010367622524128595,0.4444444444444444
6,-1.5,1,2025,8,0.03138281472909958,0.03412534664772837,0.75
6,-1.5,1,2026,2,-0.061222166178272974,-0.061222166178272974,0.5
6,-1.5,2,2021,13,0.01272853055306961,0.009238281509726054,0.6153846153846154
6,-1.5,2,2022,3,0.007182847960925868,0.01728428618272293,0.6666666666666666
6,-1.5,2,2023,7,0.029920689033840438,-0.006387475933442466,0.42857142857142855
6,-1.5,2,2024,9,-0.031283230997791685,-0.017072547209610933,0.3333333333333333
6,-1.5,2,2025,8,0.001358813332761985,-0.005006191847462094,0.375
6,-1.5,2,2026,2,-0.08394165542637116,-0.08394165542637116,0.0
6,-1.5,3,2021,13,0.002347622611757019,-0.014326760441889852,0.46153846153846156
6,-1.5,3,2022,3,0.03286219587181142,0.1288879429421783,0.6666666666666666
6,-1.5,3,2023,7,0.04931453654220952,0.042694573466460994,0.7142857142857143
6,-1.5,3,2024,9,-0.012591123093260813,-0.015397786742148756,0.3333333333333333
6,-1.5,3,2025,8,0.014407216290948169,0.006438937142391243,0.5
6,-1.5,3,2026,2,-0.07228163586145314,-0.07228163586145314,0.0
6,-1.5,4,2021,13,0.03082434777638963,0.027166697676802354,0.6923076923076923
6,-1.5,4,2022,3,-0.04923256117537252,-0.06627201536213423,0.3333333333333333
6,-1.5,4,2023,7,0.04741991817034731,0.025586703770441144,0.5714285714285714
6,-1.5,4,2024,9,0.010073361042565473,0.018797579420162025,0.5555555555555556
6,-1.5,4,2025,8,0.047612200816189054,0.042020037017831746,0.875
6,-1.5,4,2026,2,0.04537390666991259,0.04537390666991259,1.0
6,-1.5,5,2021,13,0.04908932138862181,0.07978011978226651,0.6923076923076923
6,-1.5,5,2022,3,-0.07850487771599901,-0.12061287376917817,0.3333333333333333
6,-1.5,5,2023,7,0.05064883927384215,0.05149260605819461,0.8571428571428571
6,-1.5,5,2024,9,-0.029199927535731432,-0.018448643726029168,0.4444444444444444
6,-1.5,5,2025,8,0.04188778147881486,0.03161207578171299,0.625
6,-1.5,5,2026,2,0.10581390725626583,0.10581390725626583,1.0
6,-1.5,6,2021,13,0.016811404526984017,0.020524922847493743,0.5384615384615384
6,-1.5,6,2022,3,-0.1364262425634184,-0.15450284744046872,0.3333333333333333
6,-1.5,6,2023,7,0.07468067792350684,0.03831822466184853,0.8571428571428571
6,-1.5,6,2024,9,-0.05252457709118371,-0.01961196174759261,0.3333333333333333
6,-1.5,6,2025,8,0.05059016996718267,0.04178965523603351,0.75
6,-1.5,6,2026,2,0.2970638259527756,0.2970638259527756,1.0
6,-1.5,7,2021,13,0.017295260998374647,0.016175061869305507,0.6153846153846154
6,-1.5,7,2022,3,-0.1367643163675585,-0.1796282053717887,0.3333333333333333
6,-1.5,7,2023,7,0.06904919591899071,0.0616592543833705,0.7142857142857143
6,-1.5,7,2024,9,-0.07229372537002211,-0.07351036197643956,0.3333333333333333
6,-1.5,7,2025,8,0.0521583675029573,0.00650670934442199,0.625
6,-1.5,7,2026,2,0.16481249540478937,0.16481249540478937,1.0
6,-1.4,1,2021,14,0.006656466516695825,0.017083080266760087,0.6428571428571429
6,-1.4,1,2022,4,-0.02136465980235916,-0.02693231160162468,0.5
6,-1.4,1,2023,8,0.007004108749178173,0.001960472382075029,0.5
6,-1.4,1,2024,13,-0.007931681495376383,-0.010367622524128595,0.46153846153846156
6,-1.4,1,2025,10,0.025185746255692244,0.018199926865753335,0.7
6,-1.4,1,2026,2,-0.061222166178272974,-0.061222166178272974,0.5
6,-1.4,2,2021,14,0.012532057183991918,0.009608092447853989,0.6428571428571429
6,-1.4,2,2022,4,-0.026712985486762986,-0.03740321986817979,0.25
6,-1.4,2,2023,8,0.02472246951078863,-0.007123693851923907,0.375
6,-1.4,2,2024,13,-0.010419439272419805,-0.013054354969973758,0.46153846153846156
6,-1.4,2,2025,10,-0.0025015928424596545,-0.005843108644571715,0.3
6,-1.4,2,2026,2,-0.08394165542637116,-0.08394165542637116,0.0
6,-1.4,3,2021,14,-0.0013845122389999354,-0.021337915558125586,0.42857142857142855
6,-1.4,3,2022,4,-0.04909796277927489,-0.08304524789517775,0.25
6,-1.4,3,2023,8,0.05153172580555081,0.04269700924310216,0.75
6,-1.4,3,2024,13,0.007539283967818393,-0.00991133432228386,0.46153846153846156
6,-1.4,3,2025,10,0.013812913245077052,0.006438937142391243,0.5
6,-1.4,3,2026,2,-0.07228163586145314,-0.07228163586145314,0.0
6,-1.4,4,2021,14,0.022039000717989,0.01909928697884744,0.6428571428571429
6,-1.4,4,2022,4,-0.03761242584169697,-0.03451201760140227,0.5
6,-1.4,4,2023,8,0.05286607891243794,0.04989719675174831,0.625
6,-1.4,4,2024,13,0.02620915930070001,0.06490920459325333,0.6153846153846154
6,-1.4,4,2025,10,0.04390270507260059,0.04083398528104798,0.9
6,-1.4,4,2026,2,0.04537390666991259,0.04537390666991259,1.0
6,-1.4,5,2021,14,0.04062632418428986,0.07465680076026904,0.6428571428571429
6,-1.4,5,2022,4,-0.07725812320521663,-0.09706536672102384,0.25
6,-1.4,5,2023,8,0.06955891916008909,0.0536778144046306,0.875
6,-1.4,5,2024,13,-0.005652823595755978,0.018797579420162025,0.5384615384615384
6,-1.4,5,2025,10,0.04465102211982754,0.04757683640902677,0.7
6,-1.4,5,2026,2,0.10581390725626583,0.10581390725626583,1.0
6,-1.4,6,2021,14,0.011995829211723248,0.00995474794955048,0.5
6,-1.4,6,2022,4,-0.145006346881569,-0.16262475363824475,0.25
6,-1.4,6,2023,8,0.09369402910320784,0.05242721893661173,0.875
6,-1.4,6,2024,13,-0.02462240333014317,-0.011427534717942556,0.38461538461538464
6,-1.4,6,2025,10,0.05212443510755641,0.0568310385330445,0.8
6,-1.4,6,2026,2,0.2970638259527756,0.2970638259527756,1.0
6,-1.4,7,2021,14,0.017913169877101454,0.021060523584927715,0.6428571428571429
6,-1.4,7,2022,4,-0.13567387528285352,-0.1560153787002636,0.25
6,-1.4,7,2023,8,0.09607427169940207,0.08694251598609315,0.75
6,-1.4,7,2024,13,-0.035685077149140515,-0.04275550420113439,0.38461538461538464
6,-1.4,7,2025,10,0.06441676956933326,0.04764380853894401,0.7
6,-1.4,7,2026,2,0.16481249540478937,0.16481249540478937,1.0
6,-1.3,1,2021,14,-0.0020966346268268305,0.012687828254552391,0.5714285714285714
6,-1.3,1,2022,5,-0.026951161655472157,-0.02972023873109353,0.2
6,-1.3,1,2023,8,0.01628792524463539,0.01386316896528672,0.75
6,-1.3,1,2024,17,-0.0007273112957509156,0.003257956048948518,0.5882352941176471
6,-1.3,1,2025,10,0.025185746255692244,0.018199926865753335,0.7
6,-1.3,1,2026,2,-0.061222166178272974,-0.061222166178272974,0.5
6,-1.3,2,2021,14,-8.007958848516017e-05,0.004542583387476706,0.5714285714285714
6,-1.3,2,2022,5,-0.024060081129741895,-0.03035188130276323,0.2
6,-1.3,2,2023,8,0.04092170604522691,0.0065241465115347674,0.625
6,-1.3,2,2024,17,-0.0002977570681559872,-0.013054354969973758,0.47058823529411764
6,-1.3,2,2025,10,-0.0025015928424596545,-0.005843108644571715,0.3
6,-1.3,2,2026,2,-0.08394165542637116,-0.08394165542637116,0.0
6,-1.3,3,2021,14,-0.006738251705844626,-0.021337915558125586,0.42857142857142855
6,-1.3,3,2022,5,-0.04999885015899656,-0.084814100350872,0.2
6,-1.3,3,2023,8,0.05803616223208993,0.02742134736495272,0.75
6,-1.3,3,2024,17,0.01627551863998006,-0.00991133432228386,0.47058823529411764
6,-1.3,3,2025,10,0.013812913245077052,0.006438937142391243,0.5
6,-1.3,3,2026,2,-0.07228163586145314,-0.07228163586145314,0.0
6,-1.3,4,2021,14,0.030540176862969996,0.035271999948717214,0.7142857142857143
6,-1.3,4,2022,5,-0.06138008112203604,-0.14304451572106913,0.4
6,-1.3,4,2023,8,0.04355656040005679,0.024439611385371318,0.625
6,-1.3,4,2024,17,0.03110017726218385,0.04592341821775947,0.6470588235294118
6,-1.3,4,2025,10,0.04390270507260059,0.04083398528104798,0.9
6,-1.3,4,2026,2,0.04537390666991259,0.04537390666991259,1.0
6,-1.3,5,2021,14,0.04640822790897481,0.07465680076026904,0.7142857142857143
6,-1.3,5,2022,5,-0.11116706065245927,-0.1511320186692472,0.2
6,-1.3,5,2023,8,0.05448371761082556,0.04602972107762682,0.75
6,-1.3,5,2024,17,0.010705425217618277,0.030328626753126642,0.5882352941176471
6,-1.3,5,2025,10,0.04465102211982754,0.04757683640902677,0.7
6,-1.3,5,2026,2,0.10581390725626583,0.10581390725626583,1.0
6,-1.3,6,2021,14,0.025019606228718134,0.028211382941884633,0.5714285714285714
6,-1.3,6,2022,5,-0.1434896564968127,-0.1701695987480608,0.2
6,-1.3,6,2023,8,0.08060823390438654,0.05242721893661173,0.75
6,-1.3,6,2024,17,0.004581858832136752,0.02336721193176783,0.5294117647058824
6,-1.3,6,2025,10,0.05212443510755641,0.0568310385330445,0.8
6,-1.3,6,2026,2,0.2970638259527756,0.2970638259527756,1.0
6,-1.3,7,2021,14,0.026875884996161892,0.024789892259895696,0.6428571428571429
6,-1.3,7,2022,5,-0.15337132514663385,-0.17151272444174337,0.2
6,-1.3,7,2023,8,0.09086720364280723,0.08694251598609315,0.75
6,-1.3,7,2024,17,-0.006920579455909913,-0.011931871354163959,0.47058823529411764
6,-1.3,7,2025,10,0.06441676956933326,0.04764380853894401,0.7
6,-1.3,7,2026,2,0.16481249540478937,0.16481249540478937,1.0
6,-1.2,1,2021,15,0.004666576415180187,0.013151421326983215,0.6
6,-1.2,1,2022,6,-0.00925128275861368,-0.02135864755106137,0.3333333333333333
6,-1.2,1,2023,15,0.013905507738140543,0.01511061136016778,0.6666666666666666
6,-1.2,1,2024,21,0.001463965712045212,0.010664036776783403,0.6190476190476191
6,-1.2,1,2025,11,0.024104332315773972,0.01916404213327616,0.7272727272727273
6,-1.2,1,2026,2,-0.061222166178272974,-0.061222166178272974,0.5
6,-1.2,2,2021,15,-0.0030160251739244823,0.0016569933313175245,0.5333333333333333
6,-1.2,2,2022,6,-0.0006957843327814092,-0.02167446883689622,0.3333333333333333
6,-1.2,2,2023,15,0.05485549579115285,0.050937565432188636,0.7333333333333333
6,-1.2,2,2024,21,0.004258635419359848,0.0004621123278274464,0.5238095238095238
6,-1.2,2,2025,11,0.012991416491883097,-0.0031651612656791173,0.45454545454545453
6,-1.2,2,2026,2,-0.08394165542637116,-0.08394165542637116,0.0
6,-1.2,3,2021,15,-0.009520800733316766,-0.02834907067436132,0.4
6,-1.2,3,2022,6,-0.017893823385863167,-0.06242877768892108,0.3333333333333333
6,-1.2,3,2023,15,0.08160398216193801,0.06060067405279379,0.8666666666666667
6,-1.2,3,2024,21,0.0172318445709402,-0.01049309088537631,0.47619047619047616
6,-1.2,3,2025,11,0.008607507283431877,0.015242492850311873,0.5454545454545454
6,-1.2,3,2026,2,-0.07228163586145314,-0.07228163586145314,0.0
6,-1.2,4,2021,15,0.023755382071346833,0.027166697676802354,0.6666666666666666
6,-1.2,4,2022,6,-0.02564953851976043,-0.038886796914352706,0.5
6,-1.2,4,2023,15,0.06441806717782514,0.08522239101795126,0.7333333333333333
6,-1.2,4,2024,21,0.0383083490752507,0.06490920459325333,0.6666666666666666
6,-1.2,4,2025,11,0.04378698010677797,0.043487321576409776,0.8181818181818182
6,-1.2,4,2026,2,0.04537390666991259,0.04537390666991259,1.0
6,-1.2,5,2021,15,0.04498377323561515,0.06953348173827156,0.7333333333333333
6,-1.2,5,2022,6,-0.06800302897722194,-0.13501153392783588,0.3333333333333333
6,-1.2,5,2023,15,0.08324997693564494,0.08086139142616,0.7333333333333333
6,-1.2,5,2024,21,0.009369984815564534,0.05487560558245552,0.5714285714285714
6,-1.2,5,2025,11,0.033675087755528126,0.0516957418845545,0.5454545454545454
6,-1.2,5,2026,2,0.10581390725626583,0.10581390725626583,1.0
6,-1.2,6,2021,15,0.02704423151139579,0.03589784303627552,0.6
6,-1.2,6,2022,6,-0.0792847188489635,-0.13169745406835281,0.3333333333333333
6,-1.2,6,2023,15,0.08694219179187782,0.06653621321137493,0.7333333333333333
6,-1.2,6,2024,21,0.004988128322407142,0.02336721193176783,0.5238095238095238
6,-1.2,6,2025,11,0.049108603955994944,0.07426267033108491,0.7272727272727273
6,-1.2,6,2026,2,0.2970638259527756,0.2970638259527756,1.0
6,-1.2,7,2021,15,0.03096137090666682,0.033404722650485885,0.6666666666666666
6,-1.2,7,2022,6,-0.08252556970848794,-0.16702106762488855,0.3333333333333333
6,-1.2,7,2023,15,0.07911824437064281,0.06641334393764509,0.6666666666666666
6,-1.2,7,2024,21,-0.008487789591006928,0.0211921417254064,0.5238095238095238
6,-1.2,7,2025,11,0.03739688802974605,0.011660576586263183,0.6363636363636364
6,-1.2,7,2026,2,0.16481249540478937,0.16481249540478937,1.0
6,-1.1,1,2021,15,-0.004144996084991659,0.012224235182121568,0.5333333333333333
6,-1.1,1,2022,8,-0.006563933126382468,-0.016684169751885913,0.375
6,-1.1,1,2023,16,0.013062322997948038,0.013338843847377713,0.6875
6,-1.1,1,2024,21,-0.004097601112219467,0.003629778711249143,0.5714285714285714
6,-1.1,1,2025,11,0.024104332315773972,0.01916404213327616,0.7272727272727273
6,-1.1,1,2026,2,-0.061222166178272974,-0.061222166178272974,0.5
6,-1.1,2,2021,15,0.004039722318066567,0.0016569933313175245,0.5333333333333333
6,-1.1,2,2022,8,0.03172968815959311,0.010809541315894344,0.5
6,-1.1,2,2023,16,0.05341315662396968,0.0413578172742054,0.75
6,-1.1,2,2024,21,-0.003972822361623536,-0.013054354969973758,0.47619047619047616
6,-1.1,2,2025,11,0.012991416491883097,-0.0031651612656791173,0.45454545454545453
6,-1.1,2,2026,2,-0.08394165542637116,-0.08394165542637116,0.0
6,-1.1,3,2021,15,-0.0037571742887352543,-0.014326760441889852,0.4
6,-1.1,3,2022,8,0.012210544057664002,0.018776931571863775,0.5
6,-1.1,3,2023,16,0.07547414579754737,0.05654319046971257,0.8125
6,-1.1,3,2024,21,0.011390789613168898,-0.01049309088537631,0.47619047619047616
6,-1.1,3,2025,11,0.008607507283431877,0.015242492850311873,0.5454545454545454
6,-1.1,3,2026,2,-0.07228163586145314,-0.07228163586145314,0.0
6,-1.1,4,2021,15,0.03261716355137621,0.027166697676802354,0.6666666666666666
6,-1.1,4,2022,8,0.00870332574152545,0.0767344728973437,0.625
6,-1.1,4,2023,16,0.0559193939684191,0.07492362728227164,0.6875
6,-1.1,4,2024,21,0.03381764981483584,0.06490920459325333,0.6666666666666666
6,-1.1,4,2025,11,0.04378698010677797,0.043487321576409776,0.8181818181818182
6,-1.1,4,2026,2,0.04537390666991259,0.04537390666991259,1.0
6,-1.1,5,2021,15,0.036324684625578786,0.06953348173827156,0.6666666666666666
6,-1.1,5,2022,8,-0.020548409316675634,-0.03371980700534538,0.5
6,-1.1,5,2023,16,0.07287063820631648,0.07168309520402716,0.6875
6,-1.1,5,2024,21,0.006656930240215429,0.05487560558245552,0.5714285714285714
6,-1.1,5,2025,11,0.033675087755528126,0.0516957418845545,0.5454545454545454
6,-1.1,5,2026,2,0.10581390725626583,0.10581390725626583,1.0
6,-1.1,6,2021,15,0.024470873340165046,0.03589784303627552,0.6
6,-1.1,6,2022,8,-0.04497994863638563,-0.05721582936182573,0.375
6,-1.1,6,2023,16,0.07213521855381988,0.06119678941211515,0.6875
6,-1.1,6,2024,21,0.004005774624556192,0.02336721193176783,0.5238095238095238
6,-1.1,6,2025,11,0.049108603955994944,0.07426267033108491,0.7272727272727273
6,-1.1,6,2026,2,0.2970638259527756,0.2970638259527756,1.0
6,-1.1,7,2021,15,0.029476299121659735,0.033404722650485885,0.6666666666666666
6,-1.1,7,2022,8,-0.06511285205941492,-0.09270306880134999,0.25
6,-1.1,7,2023,16,0.0692987213506453,0.03640637173554351,0.625
6,-1.1,7,2024,21,-0.011289134873350001,-0.0002486593113916191,0.47619047619047616
6,-1.1,7,2025,11,0.03739688802974605,0.011660576586263183,0.6363636363636364
6,-1.1,7,2026,2,0.16481249540478937,0.16481249540478937,1.0
6,-1.0,1,2021,17,-0.0007114556677232505,0.012224235182121568,0.5294117647058824
6,-1.0,1,2022,9,0.000522513889130432,-0.012997056371029214,0.4444444444444444
6,-1.0,1,2023,16,0.00924178235161948,0.013338843847377713,0.625
6,-1.0,1,2024,22,-0.007440908119238396,-0.003906506165320012,0.5
6,-1.0,1,2025,11,0.024104332315773972,0.01916404213327616,0.7272727272727273
6,-1.0,1,2026,3,-0.010483483674115631,0.001887521536889647,0.6666666666666666
6,-1.0,2,2021,17,0.009757349479570096,0.0016569933313175245,0.5294117647058824
6,-1.0,2,2022,9,0.024889424964816522,-0.012997056371029214,0.4444444444444444
6,-1.0,2,2023,16,0.04369063189484072,0.022870205562258494,0.6875
6,-1.0,2,2024,22,-0.010006885530240343,-0.018328557358656128,0.4090909090909091
6,-1.0,2,2025,11,0.012991416491883097,-0.0031651612656791173,0.45454545454545453
6,-1.0,2,2026,3,0.020789225476488055,-0.04435931861327369,0.3333333333333333
6,-1.0,3,2021,17,0.002405696429599751,-0.01401938676151715,0.47058823529411764
6,-1.0,3,2022,9,-0.004438300887889312,-0.040043455026970154,0.4444444444444444
6,-1.0,3,2023,16,0.06959555763197497,0.05338838032821325,0.8125
6,-1.0,3,2024,22,0.01157454324140676,0.004739737858043602,0.5
6,-1.0,3,2025,11,0.008607507283431877,0.015242492850311873,0.5454545454545454
6,-1.0,3,2026,3,-0.04702405307736383,-0.0005553856123240442,0.3333333333333333
6,-1.0,4,2021,17,0.03848452850329093,0.043377302220632075,0.7058823529411765
6,-1.0,4,2022,9,-0.005925121176842037,0.06527092189236372,0.5555555555555556
6,-1.0,4,2023,16,0.04226308598004732,0.019697458963751968,0.625
6,-1.0,4,2024,22,0.02842288803619802,0.06369423601571278,0.6363636363636364
6,-1.0,4,2025,11,0.04378698010677797,0.043487321576409776,0.8181818181818182
6,-1.0,4,2026,3,-0.024062334105214633,0.02939334464240262,0.6666666666666666
6,-1.0,5,2021,17,0.040190375518598505,0.06953348173827156,0.7058823529411765
6,-1.0,5,2022,9,-0.03147680446278034,-0.11889104918642457,0.4444444444444444
6,-1.0,5,2023,16,0.06024281616266735,0.03403802934289868,0.625
6,-1.0,5,2024,22,0.0009405878532096422,0.0245754299019878,0.5454545454545454
6,-1.0,5,2025,11,0.033675087755528126,0.0516957418845545,0.5454545454545454
6,-1.0,5,2026,2,0.10581390725626583,0.10581390725626583,1.0
6,-1.0,6,2021,17,0.03508898179754849,0.04167753764196891,0.6470588235294118
6,-1.0,6,2022,9,-0.042453418076846994,-0.0222411736005379,0.3333333333333333
6,-1.0,6,2023,16,0.05798837164809569,0.02987640875389297,0.5625
6,-1.0,6,2024,22,0.005738806658105419,0.019986168494300682,0.5454545454545454
6,-1.0,6,2025,11,0.049108603955994944,0.07426267033108491,0.7272727272727273
6,-1.0,6,2026,2,0.2970638259527756,0.2970638259527756,1.0
6,-1.0,7,2021,17,0.031323456679191494,0.033404722650485885,0.6470588235294118
6,-1.0,7,2022,9,-0.07913078219994706,-0.16252941080803374,0.2222222222222222
6,-1.0,7,2023,16,0.05287128480785663,-0.00413707788954043,0.5
6,-1.0,7,2024,22,-0.003979134746235871,0.009495293161676577,0.5
6,-1.0,7,2025,11,0.03739688802974605,0.011660576586263183,0.6363636363636364
6,-1.0,7,2026,2,0.16481249540478937,0.16481249540478937,1.0
7,-1.9,1,2021,1,0.001803779849526066,0.001803779849526066,1.0
7,-1.9,1,2023,1,-0.02031668787148988,-0.02031668787148988,0.0
7,-1.9,1,2024,3,-0.012330858620574259,-0.014759221616523543,0.3333333333333333
7,-1.9,1,2025,2,0.026155410368705834,0.026155410368705834,0.5
7,-1.9,2,2021,1,-0.04762016599471708,-0.04762016599471708,0.0
7,-1.9,2,2023,1,-0.007859911770405348,-0.007859911770405348,0.0
7,-1.9,2,2024,3,-0.05708651938534429,-0.039906433693591925,0.3333333333333333
7,-1.9,2,2025,2,-0.04088467310402771,-0.04088467310402771,0.0
7,-1.9,3,2021,1,0.06493337593939019,0.06493337593939019,1.0
7,-1.9,3,2023,1,0.04269944501974332,0.04269944501974332,1.0
7,-1.9,3,2024,3,0.010019534282304066,-0.024663128203441298,0.3333333333333333
7,-1.9,3,2025,2,-0.0096758759623492,-0.0096758759623492,0.5
7,-1.9,4,2021,1,0.11340686775746711,0.11340686775746711,1.0
7,-1.9,4,2023,1,0.07420768973305547,0.07420768973305547,1.0
7,-1.9,4,2024,3,0.047809636976144675,0.06706270459715591,0.6666666666666666
7,-1.9,4,2025,2,0.02014971619048045,0.02014971619048045,1.0
7,-1.9,5,2021,1,0.04453618837950546,0.04453618837950546,1.0
7,-1.9,5,2023,1,0.05149260605819461,0.05149260605819461,1.0
7,-1.9,5,2024,3,-0.015385996518436751,0.06668737632676192,0.6666666666666666
7,-1.9,5,2025,2,-0.011514095386259027,-0.011514095386259027,0.5
7,-1.9,6,2021,1,0.0703507619983732,0.0703507619983732,1.0
7,-1.9,6,2023,1,0.014122562983253983,0.014122562983253983,1.0
7,-1.9,6,2024,3,-0.07642831251478266,-0.01961196174759261,0.3333333333333333
7,-1.9,6,2025,2,-0.01986453381847647,-0.01986453381847647,0.5
7,-1.9,7,2021,1,0.04710254884359655,0.04710254884359655,1.0
7,-1.9,7,2023,1,-0.0034634738653360753,-0.0034634738653360753,0.0
7,-1.9,7,2024,3,-0.0776217749400514,-0.07351036197643956,0.3333333333333333
7,-1.9,7,2025,2,-0.05023877716122538,-0.05023877716122538,0.0
7,-1.8,1,2021,3,-0.006766996085249037,0.001803779849526066,0.6666666666666666
7,-1.8,1,2022,2,0.02701294143548494,0.02701294143548494,1.0
7,-1.8,1,2023,2,0.007208034521595741,0.007208034521595741,0.5
7,-1.8,1,2024,5,-0.0033489237847313057,0.002554610193488571,0.6
7,-1.8,1,2025,5,0.004767420394015609,-0.0035536953073486144,0.4
7,-1.8,2,2021,3,0.006935205642285262,0.02590913890544644,0.6666666666666666
7,-1.8,2,2022,2,0.025950212592770416,0.025950212592770416,1.0
7,-1.8,2,2023,2,-0.0136637461392084,-0.0136637461392084,0.0
7,-1.8,2,2024,5,-0.035238031393925985,-0.013054354969973758,0.4
7,-1.8,2,2025,5,-0.03850370605950264,-0.04376629111892805,0.0
7,-1.8,3,2021,3,0.02481779981935628,0.037869094193039965,0.6666666666666666
7,-1.8,3,2022,2,0.12935082929679542,0.12935082929679542,1.0
7,-1.8,3,2023,2,0.016095334595208066,0.016095334595208066,0.5
7,-1.8,3,2024,5,0.00811745895588627,-0.00991133432228386,0.4
7,-1.8,3,2025,5,-0.019315563894483457,0.016821225975117482,0.6
7,-1.8,4,2021,3,0.07746533699228471,0.09182244554258467,1.0
7,-1.8,4,2022,2,0.03647831319251599,0.03647831319251599,0.5
7,-1.8,4,2023,2,0.08291422579408869,0.08291422579408869,1.0
7,-1.8,4,2024,5,0.0543535813315507,0.06706270459715591,0.8
7,-1.8,4,2025,5,0.008761078062346916,0.03818064898568618,0.8
7,-1.8,5,2021,3,0.06835469168558106,0.0798681566374615,1.0
7,-1.8,5,2022,2,-0.007430161618423747,-0.007430161618423747,0.5
7,-1.8,5,2023,2,0.056998702520044464,0.056998702520044464,1.0
7,-1.8,5,2024,5,0.03002906735447237,0.06668737632676192,0.8
7,-1.8,5,2025,5,0.013683571868590682,0.011528409678871476,0.6
7,-1.8,6,2021,3,0.0960298486028414,0.0703507619983732,1.0
7,-1.8,6,2022,2,-0.06595854284331865,-0.06595854284331865,0.5
7,-1.8,6,2023,2,0.040329388097314456,0.040329388097314456,1.0
7,-1.8,6,2024,5,-0.003554744960377443,0.05730409691335514,0.6
7,-1.8,6,2025,5,0.007196767088592404,0.0014744640965371758,0.6
7,-1.8,7,2021,3,0.08067777569766703,0.04710254884359655,1.0
7,-1.8,7,2022,2,-0.043476044681702464,-0.043476044681702464,0.5
7,-1.8,7,2023,2,0.05438115186173986,0.05438115186173986,0.5
7,-1.8,7,2024,5,-0.011171748216678611,0.06564122526516725,0.6
7,-1.8,7,2025,5,-0.013727876362639191,-0.006114724021395679,0.4
7,-1.7,1,2021,11,0.023298830318956684,0.024395504947213764,0.8181818181818182
7,-1.7,1,2022,2,0.02701294143548494,0.02701294143548494,1.0
7,-1.7,1,2023,5,-0.005020455148224556,-0.012126548797552816,0.2
7,-1.7,1,2024,6,-0.004518706907964187,-0.003906506165320012,0.5
7,-1.7,1,2025,5,0.004767420394015609,-0.0035536953073486144,0.4
7,-1.7,1,2026,1,0.073254863861699,0.073254863861699,1.0
7,-1.7,2,2021,11,0.029455391028619524,0.02590913890544644,0.7272727272727273
7,-1.7,2,2022,2,0.025950212592770416,0.025950212592770416,1.0
7,-1.7,2,2023,5,-0.01515807690137776,-0.007859911770405348,0.2
7,-1.7,2,2024,6,-0.026330969941595433,-0.005236406956779183,0.5
7,-1.7,2,2025,5,-0.03850370605950264,-0.04376629111892805,0.0
7,-1.7,2,2026,1,0.22383132459345378,0.22383132459345378,1.0
7,-1.7,3,2021,11,0.028558194172244335,0.00866303529902579,0.6363636363636364
7,-1.7,3,2022,2,0.12935082929679542,0.12935082929679542,1.0
7,-1.7,3,2023,5,-0.0020346420868937233,0.012148121263444445,0.6
7,-1.7,3,2024,6,0.010135333088538404,0.005156684714757609,0.5
7,-1.7,3,2025,5,-0.019315563894483457,0.016821225975117482,0.6
7,-1.7,3,2026,1,0.2605038862240845,0.2605038862240845,1.0
7,-1.7,4,2021,11,0.05580676605028838,0.08222158575017091,0.8181818181818182
7,-1.7,4,2022,2,0.03647831319251599,0.03647831319251599,0.5
7,-1.7,4,2023,5,0.021136968197162775,0.025586703770441144,0.6
7,-1.7,4,2024,6,0.061316025788933894,0.08159547633650288,0.8333333333333334
7,-1.7,4,2025,5,0.008761078062346916,0.03818064898568618,0.8
7,-1.7,4,2026,1,0.34649710355567076,0.34649710355567076,1.0
7,-1.7,5,2021,11,0.06840231025528304,0.0798681566374615,0.8181818181818182
7,-1.7,5,2022,2,-0.007430161618423747,-0.007430161618423747,0.5
7,-1.7,5,2023,5,0.03338412409026799,0.05149260605819461,0.8
7,-1.7,5,2024,6,0.021949448841055447,0.04274247787346197,0.6666666666666666
7,-1.7,5,2025,5,0.013683571868590682,0.011528409678871476,0.6
7,-1.7,5,2026,1,0.595432283095773,0.595432283095773,1.0
7,-1.7,6,2021,11,0.0541972534471709,0.05761078976998846,0.7272727272727273
7,-1.7,6,2022,2,-0.06595854284331865,-0.06595854284331865,0.5
7,-1.7,6,2023,5,0.04643539109499657,0.03831822466184853,0.8
7,-1.7,6,2024,6,-0.02489269421063713,0.018846067582881265,0.5
7,-1.7,6,2025,5,0.007196767088592404,0.0014744640965371758,0.6
7,-1.7,6,2026,1,0.5402468337561768,0.5402468337561768,1.0
7,-1.7,7,2021,11,0.048041590436656616,0.04710254884359655,0.7272727272727273
7,-1.7,7,2022,2,-0.043476044681702464,-0.043476044681702464,0.5
7,-1.7,7,2023,5,0.05461284817315171,0.0616592543833705,0.6
7,-1.7,7,2024,6,-0.02768072727286769,-0.003934568355636159,0.5
7,-1.7,7,2025,5,-0.013727876362639191,-0.006114724021395679,0.4
7,-1.7,7,2026,1,0.5872358040590397,0.5872358040590397,1.0
7,-1.6,1,2021,12,0.02012731159729757,0.01877346313709849,0.75
7,-1.6,1,2022,3,0.029892653813944053,0.03565207857086228,1.0
7,-1.6,1,2023,6,-0.0025986587130671923,-0.008857963748061193,0.3333333333333333
7,-1.6,1,2024,7,-0.009303155621608692,-0.010367622524128595,0.42857142857142855
7,-1.6,1,2025,6,0.0003668537865206452,-0.012594837279151394,0.3333333333333333
7,-1.6,1,2026,2,0.03757119269929432,0.03757119269929432,1.0
7,-1.6,2,2021,12,0.027172618229494915,0.017573710207586246,0.75
7,-1.6,2,2022,3,-0.017014555968053974,0.01728428618272293,0.6666666666666666
7,-1.6,2,2023,6,-0.014575908609577137,-0.009762489460489687,0.16666666666666666
7,-1.6,2,2024,7,-0.025008338122740503,-0.013054354969973758,0.42857142857142855
7,-1.6,2,2025,6,-0.030848389383672292,-0.02530675677408656,0.16666666666666666
7,-1.6,2,2026,2,0.08973600299009005,0.08973600299009005,0.5
7,-1.6,3,2021,12,0.028404615261437866,0.017689141270796238,0.6666666666666666
7,-1.6,3,2022,3,0.030365806600141654,0.1288879429421783,0.6666666666666666
7,-1.6,3,2023,6,0.009479806702411867,0.02742134736495272,0.6666666666666666
7,-1.6,3,2024,7,0.006487744541297381,-0.00991133432228386,0.42857142857142855
7,-1.6,3,2025,6,-0.009621471801550504,0.02783510731911587,0.6666666666666666
7,-1.6,3,2026,2,0.058248000056751126,0.058248000056751126,0.5
7,-1.6,4,2021,12,0.057080404274431416,0.07665600524508787,0.8333333333333334
7,-1.6,4,2022,3,-0.03154920413604464,-0.06627201536213423,0.3333333333333333
7,-1.6,4,2023,6,0.03277900751548104,0.04989719675174831,0.6666666666666666
7,-1.6,4,2024,7,0.049639078445400164,0.06706270459715591,0.7142857142857143
7,-1.6,4,2025,6,0.017899698669633146,0.044733236909734186,0.8333333333333334
7,-1.6,4,2026,2,0.20392578612654666,0.20392578612654666,1.0
7,-1.6,5,2021,12,0.056541608766602136,0.079824138209864,0.75
7,-1.6,5,2022,3,-0.08101065431506016,-0.12061287376917817,0.3333333333333333
7,-1.6,5,2023,6,0.061475016469192935,0.0536778144046306,0.8333333333333334
7,-1.6,5,2024,7,0.014301083484391106,0.018797579420162025,0.5714285714285714
7,-1.6,5,2025,6,0.02265638141383086,0.031653583529793194,0.6666666666666666
7,-1.6,5,2026,2,0.3537200989385667,0.3537200989385667,1.0
7,-1.6,6,2021,12,0.04395535381874024,0.04964416370597868,0.6666666666666666
7,-1.6,6,2022,3,-0.13639924969049513,-0.15450284744046872,0.3333333333333333
7,-1.6,6,2023,6,0.07649407380601629,0.05242721893661173,0.8333333333333334
7,-1.6,6,2024,7,-0.029398662241243354,-0.01961196174759261,0.42857142857142855
7,-1.6,6,2025,6,0.026546023254010415,0.005395552118759639,0.6666666666666666
7,-1.6,6,2026,2,0.4157305547574487,0.4157305547574487,1.0
7,-1.6,7,2021,12,0.028693245670840407,0.04299689146048946,0.6666666666666666
7,-1.6,7,2022,3,-0.12368446810465028,-0.1796282053717887,0.3333333333333333
7,-1.6,7,2023,6,0.09305234050467336,0.08694251598609315,0.6666666666666666
7,-1.6,7,2024,7,-0.029834266834048644,-0.04275550420113439,0.42857142857142855
7,-1.6,7,2025,6,0.012840031470725747,0.002772926282433752,0.5
7,-1.6,7,2026,2,0.3295073702611595,0.3295073702611595,1.0
7,-1.5,1,2021,14,0.014126219711645167,0.017083080266760087,0.7142857142857143
7,-1.5,1,2022,4,0.019170226267700735,0.024130917110053773,0.75
7,-1.5,1,2023,6,-0.005537507321841273,-0.008857963748061193,0.3333333333333333
7,-1.5,1,2024,8,-0.0047302961601553145,-0.003906506165320012,0.5
7,-1.5,1,2025,8,0.013572721293059878,0.00885113102548385,0.625
7,-1.5,1,2026,2,0.03757119269929432,0.03757119269929432,1.0
7,-1.5,2,2021,14,0.012623646857120594,0.009608092447853989,0.6428571428571429
7,-1.5,2,2022,4,-0.016010181068797785,0.002143614905846858,0.5
7,-1.5,2,2023,6,-0.006014157812933925,-0.009026271542008246,0.3333333333333333
7,-1.5,2,2024,8,0.0002881635710037661,-0.005236406956779183,0.5
7,-1.5,2,2025,8,-0.020005576286089136,-0.005843108644571715,0.25
7,-1.5,2,2026,2,0.08973600299009005,0.08973600299009005,0.5
7,-1.5,3,2021,14,0.010098213116082602,-0.00642845285567667,0.5
7,-1.5,3,2022,4,0.00157082986238824,0.022036921295653156,0.5
7,-1.5,3,2023,6,0.0010442272164950344,0.002117044683843383,0.5
7,-1.5,3,2024,8,0.023405819744488465,0.005156684714757609,0.5
7,-1.5,3,2025,8,-0.021785719948520604,-0.015146382423116722,0.375
7,-1.5,3,2026,2,0.058248000056751126,0.058248000056751126,0.5
7,-1.5,4,2021,14,0.0293515001091729,0.04547333527351671,0.6428571428571429
7,-1.5,4,2022,4,-0.05942303203230076,-0.10465826554160168,0.25
7,-1.5,4,2023,6,0.009459427073599092,0.012791925312592767,0.5
7,-1.5,4,2024,8,0.06485847226408625,0.08159547633650288,0.75
7,-1.5,4,2025,8,0.015094888660863531,0.026411385802884935,0.875
7,-1.5,4,2026,2,0.20392578612654666,0.20392578612654666,1.0
7,-1.5,5,2021,14,0.03973234571093788,0.07465680076026904,0.6428571428571429
7,-1.5,5,2022,4,-0.09854099540360692,-0.13587244621921268,0.25
7,-1.5,5,2023,6,0.03723873596446514,0.04602972107762682,0.6666666666666666
7,-1.5,5,2024,8,0.033582443093025244,0.04274247787346197,0.625
7,-1.5,5,2025,8,0.0021981087021181456,0.027493170306185255,0.625
7,-1.5,5,2026,2,0.3537200989385667,0.3537200989385667,1.0
7,-1.5,6,2021,14,0.01761609146922218,0.031101230244731326,0.5714285714285714
7,-1.5,6,2022,4,-0.12560576461503256,-0.12386407841455677,0.25
7,-1.5,6,2023,6,0.06030646473559872,0.05242721893661173,0.6666666666666666
7,-1.5,6,2024,8,-0.00930943722946341,0.018846067582881265,0.5
7,-1.5,6,2025,8,0.02342632589009476,0.024358023437993093,0.75
7,-1.5,6,2026,2,0.4157305547574487,0.4157305547574487,1.0
7,-1.5,7,2021,14,0.020122276089550813,0.03241860968896615,0.6428571428571429
7,-1.5,7,2022,4,-0.13564153218892355,-0.17557046490676603,0.25
7,-1.5,7,2023,6,0.09291735780687647,0.08694251598609315,0.6666666666666666
7,-1.5,7,2024,8,0.0011109072062667757,0.01144286053201643,0.5
7,-1.5,7,2025,8,0.031271872431814784,0.00650670934442199,0.625
7,-1.5,7,2026,2,0.3295073702611595,0.3295073702611595,1.0
7,-1.4,1,2021,14,0.005373118568122511,0.012687828254552391,0.6428571428571429
7,-1.4,1,2022,5,0.001672815563634078,0.012609755649245269,0.6
7,-1.4,1,2023,7,-0.005773142967041313,-0.007186956838241554,0.2857142857142857
7,-1.4,1,2024,14,-3.591611175639077e-05,0.0029062831212185447,0.5714285714285714
7,-1.4,1,2025,8,0.013572721293059878,0.00885113102548385,0.625
7,-1.4,1,2026,2,0.03757119269929432,0.03757119269929432,1.0
7,-1.4,2,2021,14,1.151008464351471e-05,0.004542583387476706,0.5714285714285714
7,-1.4,2,2022,5,-0.03200881415644132,-0.012997056371029214,0.4
7,-1.4,2,2023,7,0.0022194057359738845,-0.006387475933442466,0.42857142857142855
7,-1.4,2,2024,14,0.003506531851534259,0.005077398593985705,0.5714285714285714
7,-1.4,2,2025,8,-0.020005576286089136,-0.005843108644571715,0.25
7,-1.4,2,2026,2,0.08973600299009005,0.08973600299009005,0.5
7,-1.4,3,2021,14,0.0047444736492379125,-0.00642845285567667,0.5
7,-1.4,3,2022,5,-0.028503522721300877,-0.084814100350872,0.4
7,-1.4,3,2023,7,0.008393010026514507,0.012148121263444445,0.5714285714285714
7,-1.4,3,2024,14,0.006176349734464396,0.002081658275405185,0.5
7,-1.4,3,2025,8,-0.021785719948520604,-0.015146382423116722,0.375
7,-1.4,3,2026,2,0.058248000056751126,0.058248000056751126,0.5
7,-1.4,4,2021,14,0.037852676254153894,0.05357863754543157,0.7142857142857143
7,-1.4,4,2022,5,-0.0819344889472245,-0.14304451572106913,0.2
7,-1.4,4,2023,7,0.02394535875033261,0.025586703770441144,0.5714285714285714
7,-1.4,4,2024,14,0.023349731588725546,0.0554163114055064,0.6428571428571429
7,-1.4,4,2025,8,0.015094888660863531,0.026411385802884935,0.875
7,-1.4,4,2026,2,0.20392578612654666,0.20392578612654666,1.0
7,-1.4,5,2021,14,0.04551424943562283,0.07465680076026904,0.7142857142857143
7,-1.4,5,2022,5,-0.11889494241139913,-0.1511320186692472,0.2
7,-1.4,5,2023,7,0.05757805490850194,0.05586302275106658,0.7142857142857143
7,-1.4,5,2024,14,0.0009584290307114084,0.04185339200670768,0.5714285714285714
7,-1.4,5,2025,8,0.0021981087021181456,0.027493170306185255,0.625
7,-1.4,5,2026,2,0.3537200989385667,0.3537200989385667,1.0
7,-1.4,6,2021,14,0.030639868486217064,0.038787690339122216,0.6428571428571429
7,-1.4,6,2022,5,-0.1332066249213224,-0.15450284744046872,0.2
7,-1.4,6,2023,7,0.07086426920170176,0.06653621321137493,0.7142857142857143
7,-1.4,6,2024,14,-0.01706564156459126,0.018846067582881265,0.5
7,-1.4,6,2025,8,0.02342632589009476,0.024358023437993093,0.75
7,-1.4,6,2026,2,0.4157305547574487,0.4157305547574487,1.0
7,-1.4,7,2021,14,0.02908499120861125,0.03614797836393413,0.6428571428571429
7,-1.4,7,2022,5,-0.1327360958749399,-0.17151272444174337,0.2
7,-1.4,7,2023,7,0.1101208629199221,0.1122257775888158,0.7142857142857143
7,-1.4,7,2024,14,-0.014393460270075844,0.004348754905942276,0.5
7,-1.4,7,2025,8,0.031271872431814784,0.00650670934442199,0.625
7,-1.4,7,2026,2,0.3295073702611595,0.3295073702611595,1.0
7,-1.3,1,2021,14,0.005373118568122511,0.012687828254552391,0.6428571428571429
7,-1.3,1,2022,5,-0.012938035000025128,-0.012997056371029214,0.4
7,-1.3,1,2023,9,0.007816357151874996,-0.005589378698569569,0.4444444444444444
7,-1.3,1,2024,16,0.002077675326353466,0.010053297821246532,0.625
7,-1.3,1,2025,10,0.011816196753538854,0.008301439767268048,0.6
7,-1.3,1,2026,2,0.03757119269929432,0.03757119269929432,1.0
7,-1.3,2,2021,14,1.151008464351471e-05,0.004542583387476706,0.5714285714285714
7,-1.3,2,2022,5,-0.04435658307970518,-0.04445455843359636,0.2
7,-1.3,2,2023,9,0.009728492487532566,-0.006387475933442466,0.4444444444444444
7,-1.3,2,2024,16,0.007851286692240493,0.00535264860639606,0.625
7,-1.3,2,2025,10,0.001023646583872162,-0.004002078062788739,0.4
7,-1.3,2,2026,2,0.08973600299009005,0.08973600299009005,0.5
7,-1.3,3,2021,14,0.0047444736492379125,-0.00642845285567667,0.5
7,-1.3,3,2022,5,-0.06228980231513057,-0.084814100350872,0.2
7,-1.3,3,2023,9,0.028401830423312444,0.042694573466460994,0.7777777777777778
7,-1.3,3,2024,16,0.015854787314608022,0.002081658275405185,0.5
7,-1.3,3,2025,10,-0.008638759561910136,0.005649570579988439,0.5
7,-1.3,3,2026,2,0.058248000056751126,0.058248000056751126,0.5
7,-1.3,4,2021,14,0.037852676254153894,0.05357863754543157,0.7142857142857143
7,-1.3,4,2022,5,-0.05562590149632492,-0.14304451572106913,0.4
7,-1.3,4,2023,9,0.03925252863865966,0.06462486354659203,0.6666666666666666
7,-1.3,4,2024,16,0.05005926489647658,0.06598595459520462,0.75
7,-1.3,4,2025,10,0.027994008208235166,0.042020037017831746,0.9
7,-1.3,4,2026,2,0.20392578612654666,0.20392578612654666,1.0
7,-1.3,5,2021,14,0.04551424943562283,0.07465680076026904,0.7142857142857143
7,-1.3,5,2022,5,-0.1185505774948484,-0.1511320186692472,0.2
7,-1.3,5,2023,9,0.0662817177201756,0.05586302275106658,0.7777777777777778
7,-1.3,5,2024,16,0.007824303144338227,0.05629752595271775,0.625
7,-1.3,5,2025,10,0.007716839344910864,0.027493170306185255,0.6
7,-1.3,5,2026,2,0.3537200989385667,0.3537200989385667,1.0
7,-1.3,6,2021,14,0.030639868486217064,0.038787690339122216,0.6428571428571429
7,-1.3,6,2022,5,-0.13633997518284083,-0.16361006614648177,0.2
7,-1.3,6,2023,9,0.07366560085455946,0.06653621321137493,0.6666666666666666
7,-1.3,6,2024,16,-0.006597237406475186,0.05866229408281187,0.5625
7,-1.3,6,2025,10,0.025200445076895606,0.024358023437993093,0.7
7,-1.3,6,2026,2,0.4157305547574487,0.4157305547574487,1.0
7,-1.3,7,2021,14,0.02908499120861125,0.03614797836393413,0.6428571428571429
7,-1.3,7,2022,5,-0.13724040415108324,-0.17151272444174337,0.2
7,-1.3,7,2023,9,0.08462717054548495,0.06641334393764509,0.6666666666666666
7,-1.3,7,2024,16,-0.0018651947748417677,0.05501630281541592,0.5625
7,-1.3,7,2025,10,0.01678830327766103,0.00650670934442199,0.6
7,-1.3,7,2026,2,0.3295073702611595,0.3295073702611595,1.0
7,-1.2,1,2021,14,0.0016044029895108827,0.007014007515823817,0.5714285714285714
7,-1.2,1,2022,6,-0.007744144935221538,-0.016684169751885913,0.3333333333333333
7,-1.2,1,2023,9,0.01137627190651628,0.009510323462719628,0.5555555555555556
7,-1.2,1,2024,15,-6.774450027870286e-05,0.003629778711249143,0.6
7,-1.2,1,2025,10,0.012268388704858102,0.008301439767268048,0.6
7,-1.2,1,2026,2,0.03757119269929432,0.03757119269929432,1.0
7,-1.2,2,2021,14,0.0011544178058471696,0.005447637420521789,0.5714285714285714
7,-1.2,2,2022,6,-0.006452985072667321,-0.028725807402312786,0.3333333333333333
7,-1.2,2,2023,9,0.017310451262692445,-0.006387475933442466,0.4444444444444444
7,-1.2,2,2024,15,0.005642232205166967,0.002581541056415393,0.6
7,-1.2,2,2025,10,0.00731776754458272,0.0021315163649001656,0.5
7,-1.2,2,2026,2,0.08973600299009005,0.08973600299009005,0.5
7,-1.2,3,2021,14,0.009978810870902965,0.003973707602264898,0.5714285714285714
7,-1.2,3,2022,6,-0.021672240667366467,-0.06242877768892108,0.3333333333333333
7,-1.2,3,2023,9,0.028885557370885447,0.042694573466460994,0.7777777777777778
7,-1.2,3,2024,15,0.01597346307737561,-0.00991133432228386,0.4666666666666667
7,-1.2,3,2025,10,-0.002225151848190621,0.016031859412714677,0.6
7,-1.2,3,2026,2,0.058248000056751126,0.058248000056751126,0.5
7,-1.2,4,2021,14,0.04097113334124963,0.05357863754543157,0.7142857142857143
7,-1.2,4,2022,6,-0.027608718431645474,-0.038886796914352706,0.5
7,-1.2,4,2023,9,0.030524968333054722,0.02750921986340993,0.6666666666666666
7,-1.2,4,2024,15,0.049069268916691465,0.06706270459715591,0.7333333333333333
7,-1.2,4,2025,10,0.028065285096760696,0.042020037017831746,0.9
7,-1.2,4,2026,2,0.20392578612654666,0.20392578612654666,1.0
7,-1.2,5,2021,14,0.04033727047033104,0.07465680076026904,0.7142857142857143
7,-1.2,5,2022,6,-0.08531686631395767,-0.13501153392783588,0.3333333333333333
7,-1.2,5,2023,9,0.043149842992425316,0.025486877840906086,0.6666666666666666
7,-1.2,5,2024,15,0.004018643047743886,0.05487560558245552,0.6
7,-1.2,5,2025,10,0.009181267726281684,0.03161207578171299,0.6
7,-1.2,5,2026,2,0.3537200989385667,0.3537200989385667,1.0
7,-1.2,6,2021,14,0.03523777177922865,0.038787690339122216,0.6428571428571429
7,-1.2,6,2022,6,-0.12309560886671672,-0.13169745406835281,0.16666666666666666
7,-1.2,6,2023,9,0.03876607063151686,0.021607729968309508,0.5555555555555556
7,-1.2,6,2024,15,-0.013457520340377541,0.05730409691335514,0.5333333333333333
7,-1.2,6,2025,10,0.030075733251299086,0.04178965523603351,0.7
7,-1.2,6,2026,2,0.4157305547574487,0.4157305547574487,1.0
7,-1.2,7,2021,14,0.02537199262794872,0.03614797836393413,0.6428571428571429
7,-1.2,7,2022,6,-0.1250823012898518,-0.16702106762488855,0.16666666666666666
7,-1.2,7,2023,9,0.0621127920999848,0.0347221519574219,0.5555555555555556
7,-1.2,7,2024,15,-0.0054197420273658144,0.0585795916178129,0.5333333333333333
7,-1.2,7,2025,10,0.011540379364067422,0.00650670934442199,0.6
7,-1.2,7,2026,2,0.3295073702611595,0.3295073702611595,1.0
7,-1.1,1,2021,16,0.008154211919815059,0.012687828254552391,0.625
7,-1.1,1,2022,7,0.002002135941984427,-0.012997056371029214,0.42857142857142855
7,-1.1,1,2023,12,0.0076586215934007495,0.010538699898653636,0.6666666666666666
7,-1.1,1,2024,17,0.0028403934165177093,0.003629778711249143,0.5882352941176471
7,-1.1,1,2025,10,0.012268388704858102,0.008301439767268048,0.6
7,-1.1,1,2026,2,0.03757119269929432,0.03757119269929432,1.0
7,-1.1,2,2021,16,0.014135851648236046,0.016333581525106555,0.625
7,-1.1,2,2022,7,0.008041283463060591,-0.012997056371029214,0.42857142857142855
7,-1.1,2,2023,12,0.010518431251463475,-0.0018310714968686193,0.5
7,-1.1,2,2024,17,0.011180403369737272,0.008123756156376727,0.6470588235294118
7,-1.1,2,2025,10,0.00731776754458272,0.0021315163649001656,0.5
7,-1.1,2,2026,2,0.08973600299009005,0.08973600299009005,0.5
7,-1.1,3,2021,16,0.01614711278260867,0.007570297886509536,0.625
7,-1.1,3,2022,7,-0.010406001604678845,-0.040043455026970154,0.42857142857142855
7,-1.1,3,2023,12,0.026073870439465952,0.030132630596901744,0.6666666666666666
7,-1.1,3,2024,17,0.02511738826810078,0.020224703751799078,0.5294117647058824
7,-1.1,3,2025,10,-0.002225151848190621,0.016031859412714677,0.6
7,-1.1,3,2026,2,0.058248000056751126,0.058248000056751126,0.5
7,-1.1,4,2021,16,0.04174960515989538,0.05357863754543157,0.75
7,-1.1,4,2022,7,-0.02747325898830255,-0.026660502328245017,0.42857142857142855
7,-1.1,4,2023,12,0.00920237132085111,0.008049772890973417,0.5
7,-1.1,4,2024,17,0.05396374545837001,0.07619847893546927,0.7647058823529411
7,-1.1,4,2025,10,0.028065285096760696,0.042020037017831746,0.9
7,-1.1,4,2026,2,0.20392578612654666,0.20392578612654666,1.0
7,-1.1,5,2021,16,0.041194206100109335,0.05968153810143584,0.75
7,-1.1,5,2022,7,-0.07822923252761857,-0.11889104918642457,0.2857142857142857
7,-1.1,5,2023,12,0.011399699062680383,0.0008924455345984406,0.5
7,-1.1,5,2024,17,0.01244700343445359,0.057719446322979984,0.6470588235294118
7,-1.1,5,2025,10,0.009181267726281684,0.03161207578171299,0.6
7,-1.1,5,2026,2,0.3537200989385667,0.3537200989385667,1.0
7,-1.1,6,2021,16,0.03724494481513803,0.038787690339122216,0.625
7,-1.1,6,2022,7,-0.08606612974044543,-0.09322530938864482,0.2857142857142857
7,-1.1,6,2023,12,0.008672708584546903,-0.012881887299935668,0.4166666666666667
7,-1.1,6,2024,17,-0.0020584424115872905,0.05730409691335514,0.5294117647058824
7,-1.1,6,2025,10,0.030075733251299086,0.04178965523603351,0.7
7,-1.1,6,2026,2,0.4157305547574487,0.4157305547574487,1.0
7,-1.1,7,2021,16,0.025603553127374182,0.03614797836393413,0.625
7,-1.1,7,2022,7,-0.09152707527705302,-0.16252941080803374,0.2857142857142857
7,-1.1,7,2023,12,0.027133424557488062,-0.01166489216457578,0.4166666666666667
7,-1.1,7,2024,17,0.007106567716072354,0.0585795916178129,0.5294117647058824
7,-1.1,7,2025,10,0.011540379364067422,0.00650670934442199,0.6
7,-1.1,7,2026,2,0.3295073702611595,0.3295073702611595,1.0
7,-1.0,1,2021,16,0.010467221499183978,0.012687828254552391,0.625
7,-1.0,1,2022,8,0.004672808283406993,0.005185229151167869,0.5
7,-1.0,1,2023,13,0.004996184372686247,0.009510323462719628,0.6153846153846154
7,-1.0,1,2024,18,0.00012328452790177913,0.003092194452368857,0.5555555555555556
7,-1.0,1,2025,10,0.019081282848356897,0.016353391118464122,0.7
7,-1.0,1,2026,4,0.08215090166380984,0.08212437259794902,1.0
7,-1.0,2,2021,16,0.004459711539656852,0.005447637420521789,0.5625
7,-1.0,2,2022,8,0.020015811064401548,0.010809541315894344,0.5
7,-1.0,2,2023,13,0.009709406756921446,0.0027253329397052273,0.5384615384615384
7,-1.0,2,2024,18,0.011136537442489887,0.008577169947120766,0.6111111111111112
7,-1.0,2,2025,10,0.009815106477687829,0.012776569227360812,0.5
7,-1.0,2,2026,4,0.15691735500390455,0.2208888756733427,0.75
7,-1.0,3,2021,16,0.010492594983336323,0.003973707602264898,0.5625
7,-1.0,3,2022,8,0.0005944133672432239,0.00857398887223837,0.5
7,-1.0,3,2023,13,0.029097631346535775,0.042694573466460994,0.6923076923076923
7,-1.0,3,2024,18,0.02719680040874647,0.020332365003301045,0.5555555555555556
7,-1.0,3,2025,10,0.00019705385097769091,0.016031859412714677,0.6
7,-1.0,3,2026,4,0.13355312258642915,0.13199749935744964,0.75
7,-1.0,4,2021,16,0.0330633968278531,0.035271999948717214,0.6875
7,-1.0,4,2022,8,-0.00712337497120942,0.01930520978205935,0.5
7,-1.0,4,2023,13,0.013726524786980084,0.0049867572418011985,0.5384615384615384
7,-1.0,4,2024,18,0.051438152658199565,0.0748386138770758,0.7222222222222222
7,-1.0,4,2025,10,0.03132873409314056,0.042020037017831746,0.9
7,-1.0,4,2026,4,0.1047004200154848,0.11761969608086875,0.75
7,-1.0,5,2021,16,0.03997454930361341,0.05968153810143584,0.75
7,-1.0,5,2022,8,-0.04442814544239215,-0.07729723949800427,0.375
7,-1.0,5,2023,13,0.013846770216576534,-0.010428144865533895,0.46153846153846156
7,-1.0,5,2024,18,0.015484254119588382,0.06220341132487095,0.6111111111111112
7,-1.0,5,2025,10,0.014663001730542413,0.03161207578171299,0.6
7,-1.0,5,2026,3,0.30704367171045527,0.21369081725423245,1.0
7,-1.0,6,2021,16,0.03185860344943445,0.038787690339122216,0.625
7,-1.0,6,2022,8,-0.05817347935567692,-0.05721582936182573,0.375
7,-1.0,6,2023,13,0.009597947103755038,-0.011444825165323413,0.46153846153846156
7,-1.0,6,2024,18,0.0013781532586176265,0.026411322871524145,0.5
7,-1.0,6,2025,10,0.030394735801898953,0.04178965523603351,0.7
7,-1.0,6,2026,3,0.426975131714557,0.4494642856287736,1.0
7,-1.0,7,2021,16,0.02317432347165231,0.03614797836393413,0.625
7,-1.0,7,2022,8,-0.08044527479613707,-0.09270306880134999,0.25
7,-1.0,7,2023,13,0.018373538770638024,-0.009420574233575563,0.46153846153846156
7,-1.0,7,2024,18,0.008110171938986159,0.03988586667160965,0.5555555555555556
7,-1.0,7,2025,10,0.01550588517070337,0.00650670934442199,0.6
7,-1.0,7,2026,3,0.406652071092928,0.560941472756465,1.0
8,-1.9,1,2021,3,0.03787055492558585,0.04420320121196286,1.0
8,-1.9,1,2022,2,0.02701294143548494,0.02701294143548494,1.0
8,-1.9,1,2023,2,-0.02105955257984088,-0.02105955257984088,0.0
8,-1.9,1,2024,2,-0.022755346216458194,-0.022755346216458194,0.5
8,-1.9,1,2025,1,-0.04667775457140799,-0.04667775457140799,0.0
8,-1.9,2,2021,3,0.01611268075960955,0.009238281509726054,0.6666666666666666
8,-1.9,2,2022,2,0.025950212592770416,0.025950212592770416,1.0
8,-1.9,2,2023,2,0.029375179708298227,0.029375179708298227,0.5
8,-1.9,2,2024,2,-0.07349451024441506,-0.07349451024441506,0.0
8,-1.9,2,2025,1,-0.06265131055203232,-0.06265131055203232,0.0
8,-1.9,3,2021,3,0.07893833712515386,0.06493337593939019,0.6666666666666666
8,-1.9,3,2022,2,0.12935082929679542,0.12935082929679542,1.0
8,-1.9,3,2023,2,0.027423783141593883,0.027423783141593883,1.0
8,-1.9,3,2024,2,-0.002111550974319143,-0.002111550974319143,0.5
8,-1.9,3,2025,1,-0.166363958150599,-0.166363958150599,0.0
8,-1.9,4,2021,3,0.08507692839641567,0.11340686775746711,0.6666666666666666
8,-1.9,4,2022,2,0.03647831319251599,0.03647831319251599,0.5
8,-1.9,4,2023,2,0.04989719675174831,0.04989719675174831,1.0
8,-1.9,4,2024,2,0.020326835069570504,0.020326835069570504,0.5
8,-1.9,4,2025,1,-0.10686804998402133,-0.10686804998402133,0.0
8,-1.9,5,2021,3,0.06810841442494249,0.04453618837950546,0.6666666666666666
8,-1.9,5,2022,2,-0.007430161618423747,-0.007430161618423747,0.5
8,-1.9,5,2023,2,0.04384451273119083,0.04384451273119083,1.0
8,-1.9,5,2024,2,-0.01598964345285797,-0.01598964345285797,0.5
8,-1.9,5,2025,1,-0.034176664685322766,-0.034176664685322766,0.0
8,-1.9,6,2021,3,0.07405175853508232,0.0703507619983732,0.6666666666666666
8,-1.9,6,2022,2,-0.06595854284331865,-0.06595854284331865,0.5
8,-1.9,6,2023,2,0.026220393822551258,0.026220393822551258,1.0
8,-1.9,6,2024,2,-0.057743175609959174,-0.057743175609959174,0.5
8,-1.9,6,2025,1,0.0014744640965371758,0.0014744640965371758,1.0
8,-1.9,7,2021,3,0.09341846502612479,0.10967895856182253,1.0
8,-1.9,7,2022,2,-0.043476044681702464,-0.043476044681702464,0.5
8,-1.9,7,2023,2,0.02909789025901721,0.02909789025901721,0.5
8,-1.9,7,2024,2,-0.08095110451310866,-0.08095110451310866,0.5
8,-1.9,7,2025,1,0.011660576586263183,0.011660576586263183,1.0
8,-1.8,1,2021,7,0.0217814397870759,0.024395504947213764,0.8571428571428571
8,-1.8,1,2022,2,0.02701294143548494,0.02701294143548494,1.0
8,-1.8,1,2023,4,-0.011183832623628737,-0.01622161833452135,0.25
8,-1.8,1,2024,5,0.00416134977850755,0.017693346744577676,0.8
8,-1.8,1,2025,2,-0.007278031383335437,-0.007278031383335437,0.5
8,-1.8,2,2021,7,0.029980116692098737,0.03533550024937182,0.8571428571428571
8,-1.8,2,2022,2,0.025950212592770416,0.025950212592770416,1.0
8,-1.8,2,2023,4,-0.015400098804002227,-0.009762489460489687,0.25
8,-1.8,2,2024,5,-0.019899442737917706,0.002581541056415393,0.6
8,-1.8,2,2025,2,0.0359148284675761,0.0359148284675761,0.5
8,-1.8,3,2021,7,0.037721396994588666,0.05860702602010681,0.5714285714285714
8,-1.8,3,2022,2,0.12935082929679542,0.12935082929679542,1.0
8,-1.8,3,2023,4,0.00617326064433435,0.027423783141593883,0.75
8,-1.8,3,2024,5,0.04082082125160911,0.020440026254803012,0.6
8,-1.8,3,2025,2,-0.024143350710173206,-0.024143350710173206,0.5
8,-1.8,4,2021,7,0.04028814167295842,0.047181663829937825,0.7142857142857143
8,-1.8,4,2022,2,0.03647831319251599,0.03647831319251599,0.5
8,-1.8,4,2023,4,0.02626403409575498,0.04989719675174831,0.75
8,-1.8,4,2024,5,0.06821044607110063,0.10954141630915748,0.8
8,-1.8,4,2025,2,0.010853825978431764,0.010853825978431764,0.5
8,-1.8,5,2021,7,0.04334218373989762,0.04453618837950546,0.5714285714285714
8,-1.8,5,2022,2,-0.007430161618423747,-0.007430161618423747,0.5
8,-1.8,5,2023,4,0.06262056927054918,0.04384451273119083,0.75
8,-1.8,5,2024,5,0.04196178749892694,0.09663966793115386,0.8
8,-1.8,5,2025,2,0.013407844328703344,0.013407844328703344,0.5
8,-1.8,6,2021,7,0.02546971678101592,0.05761078976998846,0.5714285714285714
8,-1.8,6,2022,2,-0.06595854284331865,-0.06595854284331865,0.5
8,-1.8,6,2023,4,0.06728184658601638,0.026220393822551258,0.75
8,-1.8,6,2024,5,0.012573666040156084,0.060020491252268604,0.6
8,-1.8,6,2025,2,0.05518274354030861,0.05518274354030861,1.0
8,-1.8,7,2021,7,0.02697672453156565,0.038891234077382375,0.7142857142857143
8,-1.8,7,2022,2,-0.043476044681702464,-0.043476044681702464,0.5
8,-1.8,7,2023,4,0.07810309768535348,0.02909789025901721,0.5
8,-1.8,7,2024,5,-9.902163187680557e-05,0.06564122526516725,0.6
8,-1.8,7,2025,2,0.10620621502107919,0.10620621502107919,1.0
8,-1.7,1,2021,10,0.007328618843403823,0.016619487194329263,0.7
8,-1.7,1,2022,2,0.02701294143548494,0.02701294143548494,1.0
8,-1.7,1,2023,5,-0.016436779778143108,-0.02031668787148988,0.2
8,-1.7,1,2024,5,0.00416134977850755,0.017693346744577676,0.8
8,-1.7,1,2025,4,0.0025654519439090306,0.012408935271153498,0.75
8,-1.7,2,2021,10,0.010027606771945141,0.009608092447853989,0.7
8,-1.7,2,2022,2,0.025950212592770416,0.025950212592770416,1.0
8,-1.7,2,2023,5,-0.02438699305537275,-0.011665067150574027,0.2
8,-1.7,2,2024,5,-0.019899442737917706,0.002581541056415393,0.6
8,-1.7,2,2025,4,0.006224551137636258,-0.023465726192303582,0.25
8,-1.7,3,2021,10,0.012974670069742978,-0.00642845285567667,0.5
8,-1.7,3,2022,2,0.12935082929679542,0.12935082929679542,1.0
8,-1.7,3,2023,5,-0.004525588868392072,0.012148121263444445,0.6
8,-1.7,3,2024,5,0.04082082125160911,0.020440026254803012,0.6
8,-1.7,3,2025,4,-0.0021359863287270797,0.019871378052719046,0.5
8,-1.7,4,2021,10,0.020868717125754378,0.03717418075337009,0.6
8,-1.7,4,2022,2,0.03647831319251599,0.03647831319251599,0.5
8,-1.7,4,2023,5,0.015316462316378088,0.025586703770441144,0.6
8,-1.7,4,2024,5,0.06821044607110063,0.10954141630915748,0.8
8,-1.7,4,2025,4,0.031663815021963415,0.05247380406549507,0.75
8,-1.7,5,2021,10,0.029431549961742087,0.013310096253618786,0.5
8,-1.7,5,2022,2,-0.007430161618423747,-0.007430161618423747,0.5
8,-1.7,5,2023,5,0.027708512146788378,0.03619641940418705,0.6
8,-1.7,5,2024,5,0.04196178749892694,0.09663966793115386,0.8
8,-1.7,5,2025,4,0.032572546980669026,0.05173724963263471,0.75
8,-1.7,6,2021,10,0.008171222780125508,0.017272331915331285,0.5
8,-1.7,6,2022,2,-0.06595854284331865,-0.06595854284331865,0.5
8,-1.7,6,2023,5,0.032694017287286915,0.014122562983253983,0.6
8,-1.7,6,2024,5,0.012573666040156084,0.060020491252268604,0.6
8,-1.7,6,2025,4,0.07182802140554301,0.0884732992707774,1.0
8,-1.7,7,2021,10,0.017109923975386666,0.03241860968896615,0.7
8,-1.7,7,2022,2,-0.043476044681702464,-0.043476044681702464,0.5
8,-1.7,7,2023,5,0.037152805131008715,-0.0034634738653360753,0.4
8,-1.7,7,2024,5,-9.902163187680557e-05,0.06564122526516725,0.6
8,-1.7,7,2025,4,0.06699320238690148,0.04764380853894401,0.75
8,-1.6,1,2021,10,0.007328618843403823,0.016619487194329263,0.7
8,-1.6,1,2022,3,0.01367627549998022,0.012609755649245269,0.6666666666666666
8,-1.6,1,2023,4,-0.015466802754806414,-0.016964483042872347,0.25
8,-1.6,1,2024,8,0.0025392287204808184,0.010475651396763097,0.75
8,-1.6,1,2025,6,0.018338103443793108,0.018199926865753335,0.8333333333333334
8,-1.6,1,2026,1,0.001887521536889647,0.001887521536889647,1.0
8,-1.6,2,2021,10,0.010027606771945141,0.009608092447853989,0.7
8,-1.6,2,2022,3,0.012967789604837207,0.01728428618272293,0.6666666666666666
8,-1.6,2,2023,4,-0.028518763376614603,-0.03599981860571444,0.25
8,-1.6,2,2024,8,-0.004403035419218396,0.00535264860639606,0.625
8,-1.6,2,2025,6,0.008129584901841236,-0.004002078062788739,0.3333333333333333
8,-1.6,2,2026,1,-0.04435931861327369,-0.04435931861327369,0.0
8,-1.6,3,2021,10,0.012974670069742978,-0.00642845285567667,0.5
8,-1.6,3,2022,3,0.05796251941423961,0.1288879429421783,0.6666666666666666
8,-1.6,3,2023,4,-0.01633184734042592,-0.017586432827926657,0.5
8,-1.6,3,2024,8,0.03599612376793711,0.01725733856394862,0.625
8,-1.6,3,2025,6,-0.012617623266054681,-0.015146382423116722,0.3333333333333333
8,-1.6,3,2026,1,-0.14400788611058224,-0.14400788611058224,0.0
8,-1.6,4,2021,10,0.020868717125754378,0.03717418075337009,0.6
8,-1.6,4,2022,3,-0.02336262977867905,-0.06627201536213423,0.3333333333333333
8,-1.6,4,2023,4,0.000593655462208742,-0.0014435605153441666,0.5
8,-1.6,4,2024,8,0.053932780943839215,0.0554163114055064,0.75
8,-1.6,4,2025,6,0.02424042952346132,0.030250773835030498,0.8333333333333334
8,-1.6,4,2026,1,0.06135446869742256,0.06135446869742256,1.0
8,-1.6,5,2021,10,0.029431549961742087,0.013310096253618786,0.5
8,-1.6,5,2022,3,-0.055330780635364896,-0.12061287376917817,0.3333333333333333
8,-1.6,5,2023,4,0.02176248866893682,-0.0014699036699077905,0.5
8,-1.6,5,2024,8,0.04204444634227869,0.07906787094959489,0.75
8,-1.6,5,2025,6,0.005680830765360152,0.04757683640902677,0.6666666666666666
8,-1.6,5,2026,1,0.11200791478136041,0.11200791478136041,1.0
8,-1.6,6,2021,10,0.008171222780125508,0.017272331915331285,0.5
8,-1.6,6,2022,3,-0.07504746502509403,-0.09322530938864482,0.3333333333333333
8,-1.6,6,2023,4,0.03733688086329515,0.014108667999848334,0.5
8,-1.6,6,2024,8,0.03141363004043801,0.07816374892716438,0.625
8,-1.6,6,2025,6,0.03545639894344843,0.0568310385330445,0.8333333333333334
8,-1.6,6,2026,1,0.2912142757587206,0.2912142757587206,1.0
8,-1.6,7,2021,10,0.017109923975386666,0.03241860968896615,0.7
8,-1.6,7,2022,3,-0.08615493793504943,-0.17151272444174337,0.3333333333333333
8,-1.6,7,2023,4,0.04730687488009491,0.015313031222234208,0.5
8,-1.6,7,2024,8,0.02798253509927738,0.05854711963909309,0.625
8,-1.6,7,2025,6,0.06762080276588563,0.04764380853894401,0.8333333333333334
8,-1.6,7,2026,1,0.07177893646327926,0.07177893646327926,1.0
8,-1.5,1,2021,13,0.014070025049958631,0.013151421326983215,0.6923076923076923
8,-1.5,1,2022,3,0.01367627549998022,0.012609755649245269,0.6666666666666666
8,-1.5,1,2023,5,-0.014829852691526525,-0.012282052438406965,0.2
8,-1.5,1,2024,8,0.0025392287204808184,0.010475651396763097,0.75
8,-1.5,1,2025,7,0.018602535656490456,0.014642122620083686,0.7142857142857143
8,-1.5,1,2026,1,0.001887521536889647,0.001887521536889647,1.0
8,-1.5,2,2021,13,-0.011340675573027469,0.007428173443635888,0.5384615384615384
8,-1.5,2,2022,3,0.012967789604837207,0.01728428618272293,0.6666666666666666
8,-1.5,2,2023,5,-0.004882119114738815,-0.011665067150574027,0.4
8,-1.5,2,2024,8,-0.004403035419218396,0.00535264860639606,0.625
8,-1.5,2,2025,7,-0.02392468632631322,-0.00684722242924507,0.14285714285714285
8,-1.5,2,2026,1,-0.04435931861327369,-0.04435931861327369,0.0
8,-1.5,3,2021,13,-0.0048479254009481726,-0.008961682449448394,0.46153846153846156
8,-1.5,3,2022,3,0.05796251941423961,0.1288879429421783,0.6666666666666666
8,-1.5,3,2023,5,-0.000945343061781978,0.012148121263444445,0.6
8,-1.5,3,2024,8,0.03599612376793711,0.01725733856394862,0.625
8,-1.5,3,2025,7,-0.030447821178754157,-0.02634941315589845,0.2857142857142857
8,-1.5,3,2026,1,-0.14400788611058224,-0.14400788611058224,0.0
8,-1.5,4,2021,13,0.028980983559586518,0.047181663829937825,0.6923076923076923
8,-1.5,4,2022,3,-0.02336262977867905,-0.06627201536213423,0.3333333333333333
8,-1.5,4,2023,5,0.013399897079085399,0.025586703770441144,0.6
8,-1.5,4,2024,8,0.053932780943839215,0.0554163114055064,0.75
8,-1.5,4,2025,7,0.008166615368691994,0.014642122620083686,0.8571428571428571
8,-1.5,4,2026,1,0.06135446869742256,0.06135446869742256,1.0
8,-1.5,5,2021,13,0.020725547502635246,0.015703401265500627,0.5384615384615384
8,-1.5,5,2022,3,-0.055330780635364896,-0.12061287376917817,0.3333333333333333
8,-1.5,5,2023,5,0.03945650037961026,0.03619641940418705,0.6
8,-1.5,5,2024,8,0.04204444634227869,0.07906787094959489,0.75
8,-1.5,5,2025,7,-0.007133651360440941,0.011528409678871476,0.5714285714285714
8,-1.5,5,2026,1,0.11200791478136041,0.11200791478136041,1.0
8,-1.5,6,2021,13,0.0031416771114104714,0.03589784303627552,0.5384615384615384
8,-1.5,6,2022,3,-0.07504746502509403,-0.09322530938864482,0.3333333333333333
8,-1.5,6,2023,5,0.0578181297622866,0.03831822466184853,0.6
8,-1.5,6,2024,8,0.03141363004043801,0.07816374892716438,0.625
8,-1.5,6,2025,7,0.009159757577093943,0.009316640140982102,0.7142857142857143
8,-1.5,6,2026,1,0.2912142757587206,0.2912142757587206,1.0
8,-1.5,7,2021,13,0.011614790454823772,0.033404722650485885,0.6923076923076923
8,-1.5,7,2022,3,-0.08615493793504943,-0.17151272444174337,0.3333333333333333
8,-1.5,7,2023,5,0.05112816869160495,0.0616592543833705,0.6
8,-1.5,7,2024,8,0.02798253509927738,0.05854711963909309,0.625
8,-1.5,7,2025,7,0.01492791554528112,0.001352842102580798,0.5714285714285714
8,-1.5,7,2026,1,0.07177893646327926,0.07177893646327926,1.0
8,-1.4,1,2021,14,0.011946911032360254,0.012687828254552391,0.6428571428571429
8,-1.4,1,2022,4,0.0028271469422117834,-0.00019365036089197263,0.5
8,-1.4,1,2023,5,-0.021395559139290567,-0.012282052438406965,0.2
8,-1.4,1,2024,11,-0.0013045245055847245,0.003257956048948518,0.6363636363636364
8,-1.4,1,2025,9,0.021886861654759997,0.01916404213327616,0.7777777777777778
8,-1.4,1,2026,1,0.001887521536889647,0.001887521536889647,1.0
8,-1.4,2,2021,14,-0.011202025816991812,0.00028916219872682225,0.5
8,-1.4,2,2022,4,-0.007052419932406739,0.002143614905846858,0.5
8,-1.4,2,2023,5,-0.031559582752886596,-0.06033457006085485,0.2
8,-1.4,2,2024,11,0.0006394920925027823,0.0004621123278274464,0.5454545454545454
8,-1.4,2,2025,9,0.007623044526845566,-0.0031651612656791173,0.4444444444444444
8,-1.4,2,2026,1,-0.04435931861327369,-0.04435931861327369,0.0
8,-1.4,3,2021,14,0.0057491509267913864,-0.0037459138594559405,0.5
8,-1.4,3,2022,4,0.019763054538080554,0.022036921295653156,0.5
8,-1.4,3,2023,5,0.0001391702309976317,0.017570687727342493,0.6
8,-1.4,3,2024,11,0.010534354677797468,-0.00991133432228386,0.45454545454545453
8,-1.4,3,2025,9,-0.0029545931400649034,0.015242492850311873,0.5555555555555556
8,-1.4,3,2026,1,-0.14400788611058224,-0.14400788611058224,0.0
8,-1.4,4,2021,14,0.03833406837240235,0.05548081835008445,0.7142857142857143
8,-1.4,4,2022,4,-0.054447258238382146,-0.10465826554160168,0.25
8,-1.4,4,2023,5,0.0014050655785030398,-0.028473824801129477,0.4
8,-1.4,4,2024,11,0.036756797920756486,0.06032576743426965,0.7272727272727273
8,-1.4,4,2025,9,0.025612358976417424,0.03818064898568618,0.8888888888888888
8,-1.4,4,2026,1,0.06135446869742256,0.06135446869742256,1.0
8,-1.4,5,2021,14,0.02861183421929231,0.030119794822503043,0.5714285714285714
8,-1.4,5,2022,4,-0.0842257044834751,-0.13587244621921268,0.25
8,-1.4,5,2023,5,0.027903869003685265,-0.021566737475437914,0.4
8,-1.4,5,2024,11,-0.0016372256911132825,0.06490920459325333,0.6363636363636364
8,-1.4,5,2025,9,0.009596681120820337,0.011528409678871476,0.5555555555555556
8,-1.4,5,2026,1,0.11200791478136041,0.11200791478136041,1.0
8,-1.4,6,2021,14,0.019472694689157615,0.038787690339122216,0.5714285714285714
8,-1.4,6,2022,4,-0.10610497229321336,-0.12386407841455677,0.25
8,-1.4,6,2023,5,0.047865519796852204,-0.010100888662151863,0.4
8,-1.4,6,2024,11,-0.01138813378182003,0.05730409691335514,0.5454545454545454
8,-1.4,6,2025,9,0.027677261584897965,0.009316640140982102,0.6666666666666666
8,-1.4,6,2026,1,0.2912142757587206,0.2912142757587206,1.0
8,-1.4,7,2021,14,0.020113875540553883,0.03614797836393413,0.6428571428571429
8,-1.4,7,2022,4,-0.10524855615329551,-0.16702106762488855,0.25
8,-1.4,7,2023,5,0.036912202968215735,-0.009420574233575563,0.4
8,-1.4,7,2024,11,-0.000791270964261348,0.05145301401301894,0.5454545454545454
8,-1.4,7,2025,9,0.016056122407873463,0.001352842102580798,0.5555555555555556
8,-1.4,7,2026,1,0.07177893646327926,0.07177893646327926,1.0
8,-1.3,1,2021,14,0.011946911032360254,0.012687828254552391,0.6428571428571429
8,-1.3,1,2022,5,-0.005218717295717323,-0.012997056371029214,0.4
8,-1.3,1,2023,9,-0.0010883540048228285,-0.005589378698569569,0.4444444444444444
8,-1.3,1,2024,14,0.005564805516582093,0.017085081837910798,0.7142857142857143
8,-1.3,1,2025,10,0.019844440253455588,0.016353391118464122,0.7
8,-1.3,1,2026,2,0.03757119269929432,0.03757119269929432,1.0
8,-1.3,2,2021,14,-0.011202025816991812,0.00028916219872682225,0.5
8,-1.3,2,2022,5,-0.0385785234871298,-0.04445455843359636,0.2
8,-1.3,2,2023,9,-0.0006310503442008811,-0.011665067150574027,0.3333333333333333
8,-1.3,2,2024,14,0.016973633697181807,0.00535264860639606,0.6428571428571429
8,-1.3,2,2025,10,0.006056934908018519,0.0021315163649001656,0.5
8,-1.3,2,2026,2,0.08973600299009005,0.08973600299009005,0.5
8,-1.3,3,2021,14,0.0057491509267913864,-0.0037459138594559405,0.5
8,-1.3,3,2022,5,-0.05149668372199843,-0.084814100350872,0.2
8,-1.3,3,2023,9,0.027259880484857044,0.042694573466460994,0.6666666666666666
8,-1.3,3,2024,14,0.023622514932521876,0.002081658275405185,0.5
8,-1.3,3,2025,10,-0.00039769780237154385,0.016031859412714677,0.6
8,-1.3,3,2026,2,0.058248000056751126,0.058248000056751126,0.5
8,-1.3,4,2021,14,0.03833406837240235,0.05548081835008445,0.7142857142857143
8,-1.3,4,2022,5,-0.050770066898439305,-0.14304451572106913,0.4
8,-1.3,4,2023,9,0.022503462577762923,0.016102398927202444,0.5555555555555556
8,-1.3,4,2024,14,0.05687219731688255,0.06598595459520462,0.7857142857142857
8,-1.3,4,2025,10,0.02831518168842597,0.042020037017831746,0.9
8,-1.3,4,2026,2,0.20392578612654666,0.20392578612654666,1.0
8,-1.3,5,2021,14,0.02861183421929231,0.030119794822503043,0.5714285714285714
8,-1.3,5,2022,5,-0.11267052661189596,-0.1511320186692472,0.2
8,-1.3,5,2023,9,0.02786591544451162,0.025486877840906086,0.5555555555555556
8,-1.3,5,2024,14,0.018465598414991496,0.06131432545811666,0.7142857142857143
8,-1.3,5,2025,10,0.00985475454465895,0.03161207578171299,0.6
8,-1.3,5,2026,2,0.3537200989385667,0.3537200989385667,1.0
8,-1.3,6,2021,14,0.019472694689157615,0.038787690339122216,0.5714285714285714
8,-1.3,6,2022,5,-0.14347346077305873,-0.1701695987480608,0.2
8,-1.3,6,2023,9,0.030659600202798107,-0.010100888662151863,0.4444444444444444
8,-1.3,6,2024,14,0.0068955274795921406,0.066323205261686,0.6428571428571429
8,-1.3,6,2025,10,0.01965171118437703,0.013030269135114736,0.7
8,-1.3,6,2026,2,0.4157305547574487,0.4157305547574487,1.0
8,-1.3,7,2021,14,0.020113875540553883,0.03614797836393413,0.6428571428571429
8,-1.3,7,2022,5,-0.14552341618888892,-0.17151272444174337,0.2
8,-1.3,7,2023,9,0.02779107473946623,-0.009420574233575563,0.4444444444444444
8,-1.3,7,2024,14,0.010778089208021582,0.05871991883286021,0.6428571428571429
8,-1.3,7,2025,10,0.007815315720377292,-0.0023809409594074404,0.5
8,-1.3,7,2026,2,0.3295073702611595,0.3295073702611595,1.0
8,-1.2,1,2021,15,0.008059068738948535,0.013151421326983215,0.6666666666666666
8,-1.2,1,2022,6,-0.007744144935221538,-0.016684169751885913,0.3333333333333333
8,-1.2,1,2023,7,0.0057050621130288704,0.009510323462719628,0.5714285714285714
8,-1.2,1,2024,15,0.003385773970483541,0.01647681693124392,0.6666666666666666
8,-1.2,1,2025,10,0.019844440253455588,0.016353391118464122,0.7
8,-1.2,1,2026,2,0.03757119269929432,0.03757119269929432,1.0
8,-1.2,2,2021,15,0.006631595993848897,0.007428173443635888,0.6
8,-1.2,2,2022,6,-0.006452985072667321,-0.028725807402312786,0.3333333333333333
8,-1.2,2,2023,7,-0.005001334424245345,-0.011665067150574027,0.2857142857142857
8,-1.2,2,2024,15,0.011846216305084053,0.002581541056415393,0.6
8,-1.2,2,2025,10,0.006056934908018519,0.0021315163649001656,0.5
8,-1.2,2,2026,2,0.08973600299009005,0.08973600299009005,0.5
8,-1.2,3,2021,15,0.009538485716533145,0.0014698547305365128,0.5333333333333333
8,-1.2,3,2022,6,-0.021672240667366467,-0.06242877768892108,0.3333333333333333
8,-1.2,3,2023,7,0.03315131960431677,0.042694573466460994,0.7142857142857143
8,-1.2,3,2024,15,0.02223471548069893,-0.00991133432228386,0.4666666666666667
8,-1.2,3,2025,10,-0.00039769780237154385,0.016031859412714677,0.6
8,-1.2,3,2026,2,0.058248000056751126,0.058248000056751126,0.5
8,-1.2,4,2021,15,0.03710584633584578,0.043377302220632075,0.7333333333333333
8,-1.2,4,2022,6,-0.027608718431645474,-0.038886796914352706,0.5
8,-1.2,4,2023,7,0.023768589207771966,0.016102398927202444,0.5714285714285714
8,-1.2,4,2024,15,0.049406436795662874,0.06706270459715591,0.7333333333333333
8,-1.2,4,2025,10,0.02831518168842597,0.042020037017831746,0.9
8,-1.2,4,2026,2,0.20392578612654666,0.20392578612654666,1.0
8,-1.2,5,2021,15,0.04580193910422132,0.06953348173827156,0.7333333333333333
8,-1.2,5,2022,6,-0.08531686631395767,-0.13501153392783588,0.3333333333333333
8,-1.2,5,2023,7,0.0360714868752222,0.025486877840906086,0.5714285714285714
8,-1.2,5,2024,15,0.010618480907840174,0.057719446322979984,0.6666666666666666
8,-1.2,5,2025,10,0.00985475454465895,0.03161207578171299,0.6
8,-1.2,5,2026,2,0.3537200989385667,0.3537200989385667,1.0
8,-1.2,6,2021,15,0.02599853490799374,0.03589784303627552,0.6
8,-1.2,6,2022,6,-0.12309560886671672,-0.13169745406835281,0.16666666666666666
8,-1.2,6,2023,7,0.034550082339223076,-0.010100888662151863,0.42857142857142855
8,-1.2,6,2024,15,0.003036203224599321,0.060020491252268604,0.6
8,-1.2,6,2025,10,0.01965171118437703,0.013030269135114736,0.7
8,-1.2,6,2026,2,0.4157305547574487,0.4157305547574487,1.0
8,-1.2,7,2021,15,0.022307532134798445,0.033404722650485885,0.6
8,-1.2,7,2022,6,-0.1250823012898518,-0.16702106762488855,0.16666666666666666
8,-1.2,7,2023,7,0.04433638482913162,-0.009420574233575563,0.42857142857142855
8,-1.2,7,2024,15,0.009698177338537232,0.058860246047907516,0.6
8,-1.2,7,2025,10,0.007815315720377292,-0.0023809409594074404,0.5
8,-1.2,7,2026,2,0.3295073702611595,0.3295073702611595,1.0
8,-1.1,1,2021,15,0.008059068738948535,0.013151421326983215,0.6666666666666666
8,-1.1,1,2022,7,-0.0032996221339948967,-0.012997056371029214,0.42857142857142855
8,-1.1,1,2023,10,0.015630865552995764,0.020499678262082988,0.7
8,-1.1,1,2024,16,0.007400463183731554,0.017085081837910798,0.6875
8,-1.1,1,2025,10,0.019844440253455588,0.016353391118464122,0.7
8,-1.1,1,2026,3,0.0792032417736801,0.073254863861699,1.0
8,-1.1,2,2021,15,0.006631595993848897,0.007428173443635888,0.6
8,-1.1,2,2022,7,0.009302799119683474,-0.012997056371029214,0.42857142857142855
8,-1.1,2,2023,10,0.01762505387258787,0.0065241465115347674,0.6
8,-1.1,2,2024,16,0.01407290048540153,0.00535264860639606,0.625
8,-1.1,2,2025,10,0.006056934908018519,0.0021315163649001656,0.5
8,-1.1,2,2026,3,0.13247281091113725,0.21794642675323161,0.6666666666666666
8,-1.1,3,2021,15,0.009538485716533145,0.0014698547305365128,0.5333333333333333
8,-1.1,3,2022,7,-0.007490875119071586,-0.040043455026970154,0.42857142857142855
8,-1.1,3,2023,10,0.04501245213420742,0.030132630596901744,0.8
8,-1.1,3,2024,16,0.023014204278319995,0.005264345966259576,0.5
8,-1.1,3,2025,10,-0.00039769780237154385,0.016031859412714677,0.6
8,-1.1,3,2026,3,0.17690712595163394,0.2605038862240845,0.6666666666666666
8,-1.1,4,2021,15,0.03710584633584578,0.043377302220632075,0.7333333333333333
8,-1.1,4,2022,7,-0.004332356777347192,0.06527092189236372,0.5714285714285714
8,-1.1,4,2023,10,0.04321898370505043,0.02540086943185571,0.7
8,-1.1,4,2024,16,0.05108093942940077,0.07163059176631259,0.75
8,-1.1,4,2025,10,0.02831518168842597,0.042020037017831746,0.9
8,-1.1,4,2026,3,0.1939121652391361,0.17388492346431494,1.0
8,-1.1,5,2021,15,0.04580193910422132,0.06953348173827156,0.7333333333333333
8,-1.1,5,2022,7,-0.04567453338993618,-0.11889104918642457,0.42857142857142855
8,-1.1,5,2023,10,0.04298065861722837,0.038735376359688045,0.6
8,-1.1,5,2024,16,0.014991516648917347,0.06220341132487095,0.6875
8,-1.1,5,2025,10,0.00985475454465895,0.03161207578171299,0.6
8,-1.1,5,2026,3,0.30704367171045527,0.21369081725423245,1.0
8,-1.1,6,2021,15,0.02599853490799374,0.03589784303627552,0.6
8,-1.1,6,2022,7,-0.08592836855179967,-0.09322530938864482,0.2857142857142857
8,-1.1,6,2023,10,0.04655530108791517,0.03873254779058244,0.6
8,-1.1,6,2024,16,0.01355586147799849,0.066323205261686,0.625
8,-1.1,6,2025,10,0.01965171118437703,0.013030269135114736,0.7
8,-1.1,6,2026,3,0.426975131714557,0.4494642856287736,1.0
8,-1.1,7,2021,15,0.022307532134798445,0.033404722650485885,0.6
8,-1.1,7,2022,7,-0.10762378273840519,-0.16252941080803374,0.14285714285714285
8,-1.1,7,2023,10,0.056240303771352265,0.0179342852059583,0.6
8,-1.1,7,2024,16,0.02246951956349623,0.06225073565653738,0.625
8,-1.1,7,2025,10,0.007815315720377292,-0.0023809409594074404,0.5
8,-1.1,7,2026,3,0.406652071092928,0.560941472756465,1.0
8,-1.0,1,2021,16,0.013764847630469153,0.01877346313709849,0.6875
8,-1.0,1,2022,8,0.004672808283406993,0.005185229151167869,0.5
8,-1.0,1,2023,12,0.007376807329809443,0.012834792529352712,0.5833333333333334
8,-1.0,1,2024,15,0.0007708657851215032,0.003629778711249143,0.6
8,-1.0,1,2025,12,0.007757019930465718,-0.00045120174092927456,0.5
8,-1.0,1,2026,4,0.08215090166380984,0.08212437259794902,1.0
8,-1.0,2,2021,16,0.003459667283603654,0.004542583387476706,0.5625
8,-1.0,2,2022,8,0.020015811064401548,0.010809541315894344,0.5
8,-1.0,2,2023,12,0.006630782880542428,-0.0018310714968686193,0.5
8,-1.0,2,2024,15,0.0023959358409255077,0.0004621123278274464,0.5333333333333333
8,-1.0,2,2025,12,-0.0025359219584332646,0.0019227400470400724,0.5
8,-1.0,2,2026,4,0.15691735500390455,0.2208888756733427,0.75
8,-1.0,3,2021,16,0.005912549914379402,-0.00642845285567667,0.5
8,-1.0,3,2022,8,0.0005944133672432239,0.00857398887223837,0.5
8,-1.0,3,2023,12,0.024683194586309954,0.0139468239053534,0.6666666666666666
8,-1.0,3,2024,15,0.013176936536765401,-0.00991133432228386,0.4666666666666667
8,-1.0,3,2025,12,-0.011495054146814454,0.009168185777460591,0.5833333333333334
8,-1.0,3,2026,4,0.13355312258642915,0.13199749935744964,0.75
8,-1.0,4,2021,16,0.03033474687664433,0.035271999948717214,0.6875
8,-1.0,4,2022,8,-0.00712337497120942,0.01930520978205935,0.5
8,-1.0,4,2023,12,0.026595564697750224,0.019697458963751968,0.5833333333333334
8,-1.0,4,2024,15,0.03923733385995723,0.06706270459715591,0.6666666666666666
8,-1.0,4,2025,12,0.017730697927449728,0.042020037017831746,0.8333333333333334
8,-1.0,4,2026,4,0.1047004200154848,0.11761969608086875,0.75
8,-1.0,5,2021,16,0.044504405898243726,0.05968153810143584,0.75
8,-1.0,5,2022,8,-0.04442814544239215,-0.07729723949800427,0.375
8,-1.0,5,2023,12,0.02119826847958083,0.005589792551387807,0.5
8,-1.0,5,2024,15,0.0003808439140453294,0.05487560558245552,0.6
8,-1.0,5,2025,12,0.0014338858251668474,0.03161207578171299,0.5833333333333334
8,-1.0,5,2026,3,0.30704367171045527,0.21369081725423245,1.0
8,-1.0,6,2021,16,0.027835438068049313,0.038787690339122216,0.625
8,-1.0,6,2022,8,-0.05817347935567692,-0.05721582936182573,0.375
8,-1.0,6,2023,12,0.018217648650725764,0.005081452401493047,0.5
8,-1.0,6,2024,15,0.0005654606245430867,0.05730409691335514,0.6
8,-1.0,6,2025,12,0.02237799870830569,0.04178965523603351,0.6666666666666666
8,-1.0,6,2026,3,0.426975131714557,0.4494642856287736,1.0
8,-1.0,7,2021,16,0.026423197229732028,0.03614797836393413,0.625
8,-1.0,7,2022,8,-0.08044527479613707,-0.09270306880134999,0.25
8,-1.0,7,2023,12,0.03023727477266917,-0.00413707788954043,0.5
8,-1.0,7,2024,15,0.011060997300854828,0.0585795916178129,0.6
8,-1.0,7,2025,12,-0.009491424951978364,0.00650670934442199,0.5833333333333334
8,-1.0,7,2026,3,0.406652071092928,0.560941472756465,1.0
10,-2.0,1,2021,3,0.003583597209744179,0.001803779849526066,0.6666666666666666
10,-2.0,1,2023,3,-0.03452295061119174,-0.021802417288191878,0.0
10,-2.0,1,2024,2,-0.022755346216458194,-0.022755346216458194,0.5
10,-2.0,1,2025,1,-0.0035536953073486144,-0.0035536953073486144,0.0
10,-2.0,2,2021,3,0.02720546826174301,0.042516644016126426,0.6666666666666666
10,-2.0,2,2023,3,0.024017523399296414,0.01330221078129279,0.6666666666666666
10,-2.0,2,2024,2,-0.07349451024441506,-0.07349451024441506,0.0
10,-2.0,2,2025,1,-0.004331582418497404,-0.004331582418497404,0.0
10,-2.0,3,2021,3,0.07426423371433004,0.06493337593939019,0.6666666666666666
10,-2.0,3,2023,3,0.030293720544648368,0.03603359535075734,1.0
10,-2.0,3,2024,2,-0.002111550974319143,-0.002111550974319143,0.5
10,-2.0,3,2025,1,0.045451782807107044,0.045451782807107044,1.0
10,-2.0,4,2021,3,0.09843989861668574,0.11340686775746711,1.0
10,-2.0,4,2023,3,0.08039331635071438,0.07420768973305547,1.0
10,-2.0,4,2024,2,0.020326835069570504,0.020326835069570504,0.5
10,-2.0,4,2025,1,0.05128582483378219,0.05128582483378219,1.0
10,-2.0,5,2021,3,0.10070313192818563,0.0798681566374615,1.0
10,-2.0,5,2023,3,0.08422681184358109,0.05149260605819461,1.0
10,-2.0,5,2024,2,-0.01598964345285797,-0.01598964345285797,0.5
10,-2.0,5,2025,1,0.07384395742007932,0.07384395742007932,1.0
10,-2.0,6,2021,3,0.10094406377152043,0.0703507619983732,1.0
10,-2.0,6,2023,3,0.09098321089570827,0.03831822466184853,1.0
10,-2.0,6,2024,2,-0.057743175609959174,-0.057743175609959174,0.5
10,-2.0,6,2025,1,-0.028445489227092113,-0.028445489227092113,0.0
10,-2.0,7,2021,3,0.05509078272715636,0.04710254884359655,1.0
10,-2.0,7,2023,3,0.12597882781269965,0.0616592543833705,0.6666666666666666
10,-2.0,7,2024,2,-0.08095110451310866,-0.08095110451310866,0.5
10,-2.0,7,2025,1,-0.06344944456863322,-0.06344944456863322,0.0
10,-1.9,1,2021,3,0.003583597209744179,0.001803779849526066,0.6666666666666666
10,-1.9,1,2023,3,-0.03452295061119174,-0.021802417288191878,0.0
10,-1.9,1,2024,2,-0.022755346216458194,-0.022755346216458194,0.5
10,-1.9,1,2025,1,-0.0035536953073486144,-0.0035536953073486144,0.0
10,-1.9,2,2021,3,0.02720546826174301,0.042516644016126426,0.6666666666666666
10,-1.9,2,2023,3,0.024017523399296414,0.01330221078129279,0.6666666666666666
10,-1.9,2,2024,2,-0.07349451024441506,-0.07349451024441506,0.0
10,-1.9,2,2025,1,-0.004331582418497404,-0.004331582418497404,0.0
10,-1.9,3,2021,3,0.07426423371433004,0.06493337593939019,0.6666666666666666
10,-1.9,3,2023,3,0.030293720544648368,0.03603359535075734,1.0
10,-1.9,3,2024,2,-0.002111550974319143,-0.002111550974319143,0.5
10,-1.9,3,2025,1,0.045451782807107044,0.045451782807107044,1.0
10,-1.9,4,2021,3,0.09843989861668574,0.11340686775746711,1.0
10,-1.9,4,2023,3,0.08039331635071438,0.07420768973305547,1.0
10,-1.9,4,2024,2,0.020326835069570504,0.020326835069570504,0.5
10,-1.9,4,2025,1,0.05128582483378219,0.05128582483378219,1.0
10,-1.9,5,2021,3,0.10070313192818563,0.0798681566374615,1.0
10,-1.9,5,2023,3,0.08422681184358109,0.05149260605819461,1.0
10,-1.9,5,2024,2,-0.01598964345285797,-0.01598964345285797,0.5
10,-1.9,5,2025,1,0.07384395742007932,0.07384395742007932,1.0
10,-1.9,6,2021,3,0.10094406377152043,0.0703507619983732,1.0
10,-1.9,6,2023,3,0.09098321089570827,0.03831822466184853,1.0
10,-1.9,6,2024,2,-0.057743175609959174,-0.057743175609959174,0.5
10,-1.9,6,2025,1,-0.028445489227092113,-0.028445489227092113,0.0
10,-1.9,7,2021,3,0.05509078272715636,0.04710254884359655,1.0
10,-1.9,7,2023,3,0.12597882781269965,0.0616592543833705,0.6666666666666666
10,-1.9,7,2024,2,-0.08095110451310866,-0.08095110451310866,0.5
10,-1.9,7,2025,1,-0.06344944456863322,-0.06344944456863322,0.0
10,-1.8,1,2021,6,0.008478964937935726,0.011409259528031512,0.6666666666666666
10,-1.8,1,2022,1,0.006579873965801397,0.006579873965801397,1.0
10,-1.8,1,2023,3,-0.03452295061119174,-0.021802417288191878,0.0
10,-1.8,1,2024,4,0.008177740384948368,0.012673378196579654,0.75
10,-1.8,1,2025,3,0.013960094948175775,0.014642122620083686,0.6666666666666666
10,-1.8,2,2021,6,0.025967223331148166,0.026247273701054175,0.8333333333333334
10,-1.8,2,2022,1,-0.06666164121351026,-0.06666164121351026,0.0
10,-1.8,2,2023,3,0.024017523399296414,0.01330221078129279,0.6666666666666666
10,-1.8,2,2024,4,-0.025657313692706157,-0.002740549419208871,0.5
10,-1.8,2,2025,3,0.002238944409239626,-0.004331582418497404,0.3333333333333333
10,-1.8,3,2021,6,0.06097566453270888,0.057933374440352736,0.6666666666666666
10,-1.8,3,2022,1,-0.12604704076338535,-0.12604704076338535,0.0
10,-1.8,3,2023,3,0.030293720544648368,0.03603359535075734,1.0
10,-1.8,3,2024,4,-0.003011455785172923,-0.002111550974319143,0.5
10,-1.8,3,2025,3,0.014842896717430073,0.025426320501081623,0.6666666666666666
10,-1.8,4,2021,6,0.04247850860608839,0.07028678271713473,0.6666666666666666
10,-1.8,4,2022,1,-0.13429495709516825,-0.13429495709516825,0.0
10,-1.8,4,2023,3,0.08039331635071438,0.07420768973305547,1.0
10,-1.8,4,2024,4,-0.00744551389989595,0.020326835069570504,0.5
10,-1.8,4,2025,3,0.009982630479661747,0.014642122620083686,0.6666666666666666
10,-1.8,5,2021,6,0.05283456626208938,0.06220217250848348,0.6666666666666666
10,-1.8,5,2022,1,-0.07523968425562311,-0.07523968425562311,0.0
10,-1.8,5,2023,3,0.08422681184358109,0.05149260605819461,1.0
10,-1.8,5,2024,4,-0.01743480426891711,-0.018879965084976247,0.5
10,-1.8,5,2025,3,0.04161422234523463,0.043457930933499034,1.0
10,-1.8,6,2021,6,0.03677358449096957,0.06398077588418083,0.6666666666666666
10,-1.8,6,2022,1,-0.15507990852842868,-0.15507990852842868,0.0
10,-1.8,6,2023,3,0.09098321089570827,0.03831822466184853,1.0
10,-1.8,6,2024,4,-0.03596114193311156,-0.01417910825626395,0.5
10,-1.8,6,2025,3,0.033986548391880235,0.03939940673500408,0.6666666666666666
10,-1.8,7,2021,6,0.04371139981984359,0.036524267072073235,0.8333333333333334
10,-1.8,7,2022,1,-0.10988101064802192,-0.10988101064802192,0.0
10,-1.8,7,2023,3,0.12597882781269965,0.0616592543833705,0.6666666666666666
10,-1.8,7,2024,4,-0.07394515160683243,-0.08095110451310866,0.5
10,-1.8,7,2025,3,0.07035119122408622,0.13639916494512705,0.6666666666666666
10,-1.7,1,2021,7,-0.012212828584770527,-0.014759394340952636,0.42857142857142855
10,-1.7,1,2022,3,0.01367627549998022,0.012609755649245269,0.6666666666666666
10,-1.7,1,2023,3,-0.05656195309200762,-0.06144974667389347,0.0
10,-1.7,1,2024,4,0.0028851066231475875,0.012673378196579654,0.75
10,-1.7,1,2025,3,0.016164706527586652,0.014642122620083686,1.0
10,-1.7,2,2021,7,-0.011957269875160326,0.0020621174391242114,0.5714285714285714
10,-1.7,2,2022,3,0.012967789604837207,0.01728428618272293,0.6666666666666666
10,-1.7,2,2023,3,0.0017481600318099606,0.01330221078129279,0.6666666666666666
10,-1.7,2,2024,4,-0.017303851726009317,0.011866077308237855,0.5
10,-1.7,2,2025,3,0.0026277514601790544,-0.0031651612656791173,0.3333333333333333
10,-1.7,3,2021,7,-0.006227342939572896,-0.014326760441889852,0.42857142857142855
10,-1.7,3,2022,3,0.05796251941423961,0.1288879429421783,0.6666666666666666
10,-1.7,3,2023,3,-0.004906863939196704,0.012148121263444445,0.6666666666666666
10,-1.7,3,2024,4,0.03664960404331735,0.01725733856394862,0.75
10,-1.7,3,2025,3,-0.0016221481150506072,-0.003943351690334995,0.3333333333333333
10,-1.7,4,2021,7,0.03316716487426431,0.043377302220632075,0.7142857142857143
10,-1.7,4,2022,3,-0.02336262977867905,-0.06627201536213423,0.3333333333333333
10,-1.7,4,2023,3,0.05060811760275493,0.025586703770441144,0.6666666666666666
10,-1.7,4,2024,4,0.06047747575682497,0.0872253104512054,0.75
10,-1.7,4,2025,3,0.008173830551726788,0.014642122620083686,0.6666666666666666
10,-1.7,5,2021,7,0.008869368137249922,0.015703401265500627,0.5714285714285714
10,-1.7,5,2022,3,-0.055330780635364896,-0.12061287376917817,0.3333333333333333
10,-1.7,5,2023,3,0.0719333796734755,0.03619641940418705,1.0
10,-1.7,5,2024,4,0.039820223684143036,0.09563009082114404,0.75
10,-1.7,5,2025,3,0.03423148383339303,0.043457930933499034,1.0
10,-1.7,6,2021,7,0.01867181771446255,0.03589784303627552,0.5714285714285714
10,-1.7,6,2022,3,-0.07504746502509403,-0.09322530938864482,0.3333333333333333
10,-1.7,6,2023,3,0.08399483108845358,0.03831822466184853,0.6666666666666666
10,-1.7,6,2024,4,0.029691701824541145,0.11712657925904146,0.75
10,-1.7,6,2025,3,0.06822260157793925,0.07426267033108491,1.0
10,-1.7,7,2021,7,0.023003422397744586,0.033404722650485885,0.8571428571428571
10,-1.7,7,2022,3,-0.08615493793504943,-0.17151272444174337,0.3333333333333333
10,-1.7,7,2023,3,0.11308685664866462,0.0616592543833705,0.6666666666666666
10,-1.7,7,2024,4,0.0032757273396201436,0.05854711963909309,0.75
10,-1.7,7,2025,3,0.08214545241823819,0.13639916494512705,0.6666666666666666
10,-1.6,1,2021,7,-0.01836502157671232,-0.03525618943225639,0.42857142857142855
10,-1.6,1,2022,3,0.01367627549998022,0.012609755649245269,0.6666666666666666
10,-1.6,1,2023,3,-0.05656195309200762,-0.06144974667389347,0.0
10,-1.6,1,2024,4,-0.006502735330900983,-0.006102305711517486,0.5
10,-1.6,1,2025,5,0.025881185622717018,0.014642122620083686,0.8
10,-1.6,2,2021,7,-0.026711295370042767,-0.018346591486168795,0.42857142857142855
10,-1.6,2,2022,3,0.012967789604837207,0.01728428618272293,0.6666666666666666
10,-1.6,2,2023,3,0.0017481600318099606,0.01330221078129279,0.6666666666666666
10,-1.6,2,2024,4,-0.036477087546019665,-0.02648039433178284,0.25
10,-1.6,2,2025,5,-0.007475678370599393,-0.0031651612656791173,0.4
10,-1.6,3,2021,7,-0.022311045073709148,-0.02834907067436132,0.2857142857142857
10,-1.6,3,2022,3,0.05796251941423961,0.1288879429421783,0.6666666666666666
10,-1.6,3,2023,3,-0.004906863939196704,0.012148121263444445,0.6666666666666666
10,-1.6,3,2024,4,-0.004229598826336195,-0.005294238665173534,0.5
10,-1.6,3,2025,5,-0.015515414053372178,-0.02634941315589845,0.2
10,-1.6,4,2021,7,0.01395697631681836,0.027166697676802354,0.5714285714285714
10,-1.6,4,2022,3,-0.02336262977867905,-0.06627201536213423,0.3333333333333333
10,-1.6,4,2023,3,0.05060811760275493,0.025586703770441144,0.6666666666666666
10,-1.6,4,2024,4,0.04315639483238756,0.06598595459520462,0.75
10,-1.6,4,2025,5,-0.020535467101150284,0.004145194432830568,0.6
10,-1.6,5,2021,7,0.016158851978333888,0.015703401265500627,0.5714285714285714
10,-1.6,5,2022,3,-0.055330780635364896,-0.12061287376917817,0.3333333333333333
10,-1.6,5,2023,3,0.0719333796734755,0.03619641940418705,1.0
10,-1.6,5,2024,4,0.024904323503574827,0.06579829046000762,0.75
10,-1.6,5,2025,5,-0.035257220487422726,0.0075407786821255485,0.6
10,-1.6,6,2021,7,0.00631678274277928,0.03589784303627552,0.5714285714285714
10,-1.6,6,2022,3,-0.07504746502509403,-0.09322530938864482,0.3333333333333333
10,-1.6,6,2023,3,0.08399483108845358,0.03831822466184853,0.6666666666666666
10,-1.6,6,2024,4,0.009531188073874236,0.07680555175770765,0.75
10,-1.6,6,2025,5,-0.018672454095909473,0.03939940673500408,0.6
10,-1.6,7,2021,7,0.02781916685371355,0.033404722650485885,0.8571428571428571
10,-1.6,7,2022,3,-0.08615493793504943,-0.17151272444174337,0.3333333333333333
10,-1.6,7,2023,3,0.11308685664866462,0.0616592543833705,0.6666666666666666
10,-1.6,7,2024,4,-0.010565180891382114,0.05854711963909309,0.75
10,-1.6,7,2025,5,0.0017165884899554174,0.001352842102580798,0.6
10,-1.5,1,2021,10,0.002635868189504631,0.00747760058825464,0.6
10,-1.5,1,2022,4,0.0028271469422117834,-0.00019365036089197263,0.5
10,-1.5,1,2023,4,-0.020161933789412834,-0.016964483042872347,0.25
10,-1.5,1,2024,7,-0.0038742771732685555,0.002554610193488571,0.5714285714285714
10,-1.5,1,2025,5,0.02678556952535551,0.01916404213327616,0.8
10,-1.5,1,2026,1,0.001887521536889647,0.001887521536889647,1.0
10,-1.5,2,2021,10,-0.011743276728444552,-0.0045541549882213705,0.5
10,-1.5,2,2022,4,-0.007052419932406739,0.002143614905846858,0.5
10,-1.5,2,2023,4,0.0015081321551808358,0.024053972457876438,0.75
10,-1.5,2,2024,7,-0.006057022183148726,-0.013054354969973758,0.42857142857142855
10,-1.5,2,2025,5,0.005112563550821725,0.01588741050611464,0.6
10,-1.5,2,2026,1,-0.04435931861327369,-0.04435931861327369,0.0
10,-1.5,3,2021,10,-0.005103816000379147,-0.00642845285567667,0.5
10,-1.5,3,2022,4,0.019763054538080554,0.022036921295653156,0.5
10,-1.5,3,2023,4,-0.025780374349884144,-0.020974259197751866,0.5
10,-1.5,3,2024,7,0.002054440817502358,-0.01049309088537631,0.42857142857142855
10,-1.5,3,2025,5,-0.002688198625933147,-0.003943351690334995,0.4
10,-1.5,3,2026,1,-0.14400788611058224,-0.14400788611058224,0.0
10,-1.5,4,2021,10,0.033478028987252606,0.04527948302528495,0.7
10,-1.5,4,2022,4,-0.054447258238382146,-0.10465826554160168,0.25
10,-1.5,4,2023,4,0.008459943726157465,-0.010909159708233807,0.5
10,-1.5,4,2024,7,0.02925760366272569,0.06490920459325333,0.7142857142857143
10,-1.5,4,2025,5,-0.020392913324099225,0.004145194432830568,0.6
10,-1.5,4,2026,1,0.06135446869742256,0.06135446869742256,1.0
10,-1.5,5,2021,10,0.024242990532433763,0.030119794822503043,0.6
10,-1.5,5,2022,4,-0.0842257044834751,-0.13587244621921268,0.25
10,-1.5,5,2023,4,0.023072069646197846,-0.0014699036699077905,0.5
10,-1.5,5,2024,7,0.010222684665642991,0.06668737632676192,0.7142857142857143
10,-1.5,5,2025,5,-0.032328363724681085,0.0075407786821255485,0.6
10,-1.5,5,2026,1,0.11200791478136041,0.11200791478136041,1.0
10,-1.5,6,2021,10,0.01590779151276407,0.038787690339122216,0.6
10,-1.5,6,2022,4,-0.10610497229321336,-0.12386407841455677,0.25
10,-1.5,6,2023,4,0.03337008411089029,0.014108667999848334,0.5
10,-1.5,6,2024,7,-0.0035978878303177175,0.08299946998234065,0.7142857142857143
10,-1.5,6,2025,5,-0.008921877747102513,0.07426267033108491,0.6
10,-1.5,6,2026,1,0.2912142757587206,0.2912142757587206,1.0
10,-1.5,7,2021,10,0.03984202135940625,0.040253635747041216,0.8
10,-1.5,7,2022,4,-0.10524855615329551,-0.16702106762488855,0.25
10,-1.5,7,2023,4,0.04609304406590578,0.015313031222234208,0.5
10,-1.5,7,2024,7,-0.013647520345654831,0.0585795916178129,0.7142857142857143
10,-1.5,7,2025,5,-0.008779259337231804,0.001352842102580798,0.6
10,-1.5,7,2026,1,0.07177893646327926,0.07177893646327926,1.0
10,-1.4,1,2021,13,0.012350960789396074,0.02101473920653696,0.6923076923076923
10,-1.4,1,2022,5,0.009392133267941883,0.012609755649245269,0.6
10,-1.4,1,2023,5,-0.010959649939653083,-0.012126548797552816,0.4
10,-1.4,1,2024,8,-0.0001609989789592703,0.011377827324508982,0.625
10,-1.4,1,2025,6,0.014541682175894929,0.011112090782080086,0.6666666666666666
10,-1.4,1,2026,1,0.001887521536889647,0.001887521536889647,1.0
10,-1.4,2,2021,13,0.00724892331821449,0.009238281509726054,0.6153846153846154
10,-1.4,2,2022,5,-0.026230754563865942,-0.012997056371029214,0.4
10,-1.4,2,2023,5,-0.012531521913823607,-0.011665067150574027,0.4
10,-1.4,2,2024,8,-0.004977201778203211,-0.005236406956779183,0.5
10,-1.4,2,2025,6,-0.006181415466320617,0.006361124620217762,0.5
10,-1.4,2,2026,1,-0.04435931861327369,-0.04435931861327369,0.0
10,-1.4,3,2021,13,0.013315219418693318,0.00866303529902579,0.6153846153846154
10,-1.4,3,2022,5,-0.01771040412816873,-0.084814100350872,0.4
10,-1.4,3,2023,5,-0.0012159603169324517,0.017570687727342493,0.6
10,-1.4,3,2024,8,0.01198409512533384,0.0017907799938589597,0.5
10,-1.4,3,2025,6,-0.029967491880044123,-0.01792079824326137,0.3333333333333333
10,-1.4,3,2026,1,-0.14400788611058224,-0.14400788611058224,0.0
10,-1.4,4,2021,13,0.04364560683361751,0.047181663829937825,0.7692307692307693
10,-1.4,4,2022,5,-0.07707865434933889,-0.14304451572106913,0.2
10,-1.4,4,2023,5,-0.002381174098652816,-0.03438745373247065,0.4
10,-1.4,4,2024,8,0.0437571472675468,0.06598595459520462,0.75
10,-1.4,4,2025,6,-0.03480543610075291,-0.015917430791025033,0.5
10,-1.4,4,2026,1,0.06135446869742256,0.06135446869742256,1.0
10,-1.4,5,2021,13,0.039259313732085035,0.044555916552514674,0.6923076923076923
10,-1.4,5,2022,5,-0.11301489152844668,-0.1511320186692472,0.2
10,-1.4,5,2023,5,0.03633914744458531,-0.021566737475437914,0.4
10,-1.4,5,2024,8,0.02102480757383185,0.08166352212895789,0.75
10,-1.4,5,2025,6,-0.03263641388478803,-0.013317943001598609,0.5
10,-1.4,5,2026,1,0.11200791478136041,0.11200791478136041,1.0
10,-1.4,6,2021,13,0.04095132708629491,0.04167753764196891,0.6153846153846154
10,-1.4,6,2022,5,-0.14034011051154033,-0.15450284744046872,0.2
10,-1.4,6,2023,5,0.04594781085874684,-0.010100888662151863,0.4
10,-1.4,6,2024,8,-0.005599647069977079,0.07015178344784789,0.625
10,-1.4,6,2025,6,-0.007189154106495899,0.037868567213811044,0.6666666666666666
10,-1.4,6,2026,1,0.2912142757587206,0.2912142757587206,1.0
10,-1.4,7,2021,13,0.052351338439961544,0.04710254884359655,0.7692307692307693
10,-1.4,7,2022,5,-0.14101910791274558,-0.17151272444174337,0.2
10,-1.4,7,2023,5,0.02904295816530784,-0.009420574233575563,0.4
10,-1.4,7,2024,8,-0.021130375549502922,0.05501630281541592,0.625
10,-1.4,7,2025,6,-0.005372620016649306,0.00650670934442199,0.6666666666666666
10,-1.4,7,2026,1,0.07177893646327926,0.07177893646327926,1.0
10,-1.3,1,2021,12,0.008184926044064436,0.017083080266760087,0.6666666666666666
10,-1.3,1,2022,6,0.01172136350217906,0.01798863516130511,0.6666666666666666
10,-1.3,1,2023,7,-0.0018529934862357672,0.009510323462719628,0.5714285714285714
10,-1.3,1,2024,10,-0.002160449299057221,0.010123978469033124,0.6
10,-1.3,1,2025,7,0.021957865796542513,0.01916404213327616,0.8571428571428571
10,-1.3,1,2026,2,0.08217743072967065,0.08217743072967065,1.0
10,-1.3,2,2021,12,-0.0013719146025336453,0.005447637420521789,0.5833333333333334
10,-1.3,2,2022,6,-0.004552711424256913,0.002143614905846858,0.5
10,-1.3,2,2023,7,-0.007087045220864071,0.0027253329397052273,0.5714285714285714
10,-1.3,2,2024,10,-0.004876640527885989,-0.005236406956779183,0.5
10,-1.3,2,2025,7,0.030004349796386887,0.028718299720400742,0.7142857142857143
10,-1.3,2,2026,2,0.08679355406997896,0.08679355406997896,0.5
10,-1.3,3,2021,12,0.010925171231048525,0.005066445014781151,0.5833333333333334
10,-1.3,3,2022,6,-0.0018257837450243268,-0.0036083910900871485,0.5
10,-1.3,3,2023,7,-0.0012216342153423027,0.010322960083364308,0.5714285714285714
10,-1.3,3,2024,10,0.007056363993823811,-0.010202212603830085,0.4
10,-1.3,3,2025,7,-0.0036427676615110277,0.015242492850311873,0.5714285714285714
10,-1.3,3,2026,2,0.13510874581540866,0.13510874581540866,0.5
10,-1.3,4,2021,12,0.041637108377977385,0.04527948302528495,0.75
10,-1.3,4,2022,6,-0.04167790976637533,-0.10465826554160168,0.3333333333333333
10,-1.3,4,2023,7,-0.013985970012400983,-0.03438745373247065,0.42857142857142855
10,-1.3,4,2024,10,0.03484321519447342,0.05085874169105875,0.7
10,-1.3,4,2025,7,0.013591937044414637,0.015354891505338975,0.7142857142857143
10,-1.3,4,2026,2,0.11761969608086875,0.11761969608086875,1.0
10,-1.3,5,2021,12,0.0388179301637159,0.047182891422052786,0.6666666666666666
10,-1.3,5,2022,6,-0.062149165581340114,-0.13587244621921268,0.3333333333333333
10,-1.3,5,2023,7,0.010492929163287177,-0.021566737475437914,0.2857142857142857
10,-1.3,5,2024,10,0.015540693135522188,0.06579829046000762,0.7
10,-1.3,5,2025,7,0.009308620308758817,0.0075407786821255485,0.5714285714285714
10,-1.3,5,2026,2,0.16284936601779643,0.16284936601779643,1.0
10,-1.3,6,2021,12,0.03256640040014114,0.038787690339122216,0.5833333333333334
10,-1.3,6,2022,6,-0.09410424653666649,-0.12386407841455677,0.3333333333333333
10,-1.3,6,2023,7,0.01843919528918084,-0.011444825165323413,0.2857142857142857
10,-1.3,6,2024,10,-0.004121115573242873,0.05866229408281187,0.6
10,-1.3,6,2025,7,0.039592317336899066,0.07426267033108491,0.7142857142857143
10,-1.3,6,2026,2,0.3703392806937471,0.3703392806937471,1.0
10,-1.3,7,2021,12,0.04612846263118453,0.040253635747041216,0.75
10,-1.3,7,2022,6,-0.11799470183224224,-0.16702106762488855,0.16666666666666666
10,-1.3,7,2023,7,0.009865940081363196,-0.031033191938902083,0.2857142857142857
10,-1.3,7,2024,10,-0.010043315012556387,0.05501630281541592,0.6
10,-1.3,7,2025,7,0.042779924113921695,0.011660576586263183,0.7142857142857143
10,-1.3,7,2026,2,0.31636020460987213,0.31636020460987213,1.0
10,-1.2,1,2021,12,0.008184926044064436,0.017083080266760087,0.6666666666666666
10,-1.2,1,2022,7,0.007136699697190251,0.012609755649245269,0.5714285714285714
10,-1.2,1,2023,6,-0.003404132350931436,0.0023304562826076958,0.5
10,-1.2,1,2024,12,0.001924051466306781,0.010475651396763097,0.6666666666666666
10,-1.2,1,2025,10,0.007552781887271176,0.008301439767268048,0.6
10,-1.2,1,2026,2,0.08217743072967065,0.08217743072967065,1.0
10,-1.2,2,2021,12,-0.0013719146025336453,0.005447637420521789,0.5833333333333334
10,-1.2,2,2022,7,0.018122634064871943,0.01728428618272293,0.5714285714285714
10,-1.2,2,2023,6,0.005533872043641512,0.005828964200015774,0.6666666666666666
10,-1.2,2,2024,12,0.008571338923921886,0.00535264860639606,0.5833333333333334
10,-1.2,2,2025,10,-0.0011323738575728993,0.007219417677619355,0.6
10,-1.2,2,2026,2,0.08679355406997896,0.08679355406997896,0.5
10,-1.2,3,2021,12,0.010925171231048525,0.005066445014781151,0.5833333333333334
10,-1.2,3,2022,7,0.01664218173366391,0.0775973181706977,0.5714285714285714
10,-1.2,3,2023,6,0.028607402533159926,0.023231664209979908,0.8333333333333334
10,-1.2,3,2024,12,0.022491262457866073,0.002081658275405185,0.5
10,-1.2,3,2025,10,-0.0165818248454745,0.009168185777460591,0.6
10,-1.2,3,2026,2,0.13510874581540866,0.13510874581540866,0.5
10,-1.2,4,2021,12,0.041637108377977385,0.04527948302528495,0.75
10,-1.2,4,2022,7,-0.023124204956561183,-0.06627201536213423,0.42857142857142855
10,-1.2,4,2023,6,-0.004045172044836527,-0.00554746736608458,0.5
10,-1.2,4,2024,12,0.04129511136857622,0.0554163114055064,0.75
10,-1.2,4,2025,10,0.0038686698329954083,0.030607158277658142,0.7
10,-1.2,4,2026,2,0.11761969608086875,0.11761969608086875,1.0
10,-1.2,5,2021,12,0.0388179301637159,0.047182891422052786,0.6666666666666666
10,-1.2,5,2022,7,-0.045920508330329554,-0.12061287376917817,0.42857142857142855
10,-1.2,5,2023,6,0.021583617938192894,-0.015997441170485904,0.3333333333333333
10,-1.2,5,2024,12,0.027431866069714456,0.07361815025108853,0.75
10,-1.2,5,2025,10,-0.005945656114035036,0.029618260283340025,0.6
10,-1.2,5,2026,2,0.16284936601779643,0.16284936601779643,1.0
10,-1.2,6,2021,12,0.03256640040014114,0.038787690339122216,0.5833333333333334
10,-1.2,6,2022,7,-0.08369026122214365,-0.09322530938864482,0.2857142857142857
10,-1.2,6,2023,6,0.029890368645038395,-0.012881887299935668,0.3333333333333333
10,-1.2,6,2024,12,0.018598369268819404,0.07150998061730462,0.6666666666666666
10,-1.2,6,2025,10,0.027828666100588206,0.0812074794050619,0.7
10,-1.2,6,2026,2,0.3703392806937471,0.3703392806937471,1.0
10,-1.2,7,2021,12,0.04612846263118453,0.040253635747041216,0.75
10,-1.2,7,2022,7,-0.1044064196840171,-0.16252941080803374,0.14285714285714285
10,-1.2,7,2023,6,0.024297974874229338,-0.02289388691345834,0.3333333333333333
10,-1.2,7,2024,12,0.01931399141257394,0.06211040844149007,0.6666666666666666
10,-1.2,7,2025,10,0.010153574693238531,0.0418451201278357,0.7
10,-1.2,7,2026,2,0.31636020460987213,0.31636020460987213,1.0
10,-1.1,1,2021,13,0.02098070271795848,0.02101473920653696,0.7692307692307693
10,-1.1,1,2022,7,0.007136699697190251,0.012609755649245269,0.5714285714285714
10,-1.1,1,2023,8,-0.008054619196697435,0.0023304562826076958,0.5
10,-1.1,1,2024,14,0.002382460002487319,0.005086170424905112,0.6428571428571429
10,-1.1,1,2025,12,0.016460596497592978,0.016353391118464122,0.6666666666666666
10,-1.1,1,2026,4,0.08224392950007092,0.08231042827047119,1.0
10,-1.1,2,2021,13,-0.002733890180983262,0.009238281509726054,0.6153846153846154
10,-1.1,2,2022,7,0.018122634064871943,0.01728428618272293,0.5714285714285714
10,-1.1,2,2023,8,0.003111666748571315,0.005828964200015774,0.625
10,-1.1,2,2024,14,-0.012675092545266378,-0.005236406956779183,0.5
10,-1.1,2,2025,12,0.015984808077034618,0.011657802250797045,0.6666666666666666
10,-1.1,2,2026,4,0.1274091757413243,0.16187251714818218,0.75
10,-1.1,3,2021,13,0.01418849926637142,0.00866303529902579,0.5384615384615384
10,-1.1,3,2022,7,0.01664218173366391,0.0775973181706977,0.5714285714285714
10,-1.1,3,2023,8,0.010425163961081271,0.023231664209979908,0.75
10,-1.1,3,2024,14,0.0025033959985716575,-0.010202212603830085,0.42857142857142855
10,-1.1,3,2025,12,0.009283717896893326,0.020334406675696748,0.6666666666666666
10,-1.1,3,2026,4,0.11373655833278762,0.09236437085016658,0.75
10,-1.1,4,2021,13,0.043902949157166596,0.047181663829937825,0.7692307692307693
10,-1.1,4,2022,7,-0.023124204956561183,-0.06627201536213423,0.42857142857142855
10,-1.1,4,2023,8,-0.01201798659165422,-0.022068459240308036,0.375
10,-1.1,4,2024,14,0.02416285758219449,0.04136584850331182,0.6428571428571429
10,-1.1,4,2025,12,0.025656731911821867,0.05247380406549507,0.75
10,-1.1,4,2026,4,0.11798121311479431,0.11761969608086875,0.75
10,-1.1,5,2021,13,0.03456213567355947,0.04453618837950546,0.6153846153846154
10,-1.1,5,2022,7,-0.045920508330329554,-0.12061287376917817,0.42857142857142855
10,-1.1,5,2023,8,0.0041715510893847035,-0.015997441170485904,0.375
10,-1.1,5,2024,14,0.007259932168459271,0.07363721454591843,0.6428571428571429
10,-1.1,5,2025,12,0.020532996580701623,0.05173724963263471,0.6666666666666666
10,-1.1,5,2026,3,0.22563554268795336,0.21369081725423245,1.0
10,-1.1,6,2021,13,0.020639907244235835,0.03589784303627552,0.5384615384615384
10,-1.1,6,2022,7,-0.08369026122214365,-0.09322530938864482,0.2857142857142857
10,-1.1,6,2023,8,0.0031817684775359845,-0.012881887299935668,0.375
10,-1.1,6,2024,14,0.005619187036589686,0.05866229408281187,0.5714285714285714
10,-1.1,6,2025,12,0.04782624126493227,0.0812074794050619,0.75
10,-1.1,6,2026,3,0.37770277860793383,0.3924297744363072,1.0
10,-1.1,7,2021,13,0.01947780069808627,0.033404722650485885,0.6923076923076923
10,-1.1,7,2022,7,-0.1044064196840171,-0.16252941080803374,0.14285714285714285
10,-1.1,7,2023,8,-0.004182410195887332,-0.02289388691345834,0.375
10,-1.1,7,2024,14,0.005637056992357036,0.06211040844149007,0.5714285714285714
10,-1.1,7,2025,12,0.03731035420849382,0.0418451201278357,0.6666666666666666
10,-1.1,7,2026,3,0.3411174957792021,0.39063207811786205,1.0
10,-1.0,1,2021,14,0.021655053558232613,0.023606399354875518,0.7857142857142857
10,-1.0,1,2022,7,0.007136699697190251,0.012609755649245269,0.5714285714285714
10,-1.0,1,2023,8,-0.008054619196697435,0.0023304562826076958,0.5
10,-1.0,1,2024,16,-0.00397972160913887,0.0029062831212185447,0.5625
10,-1.0,1,2025,12,0.018550597078298776,0.016353391118464122,0.75
10,-1.0,1,2026,5,0.03094211194838714,0.073254863861699,0.8
10,-1.0,2,2021,14,-0.0007380017177517509,0.009608092447853989,0.6428571428571429
10,-1.0,2,2022,7,0.018122634064871943,0.01728428618272293,0.5714285714285714
10,-1.0,2,2023,8,0.003111666748571315,0.005828964200015774,0.625
10,-1.0,2,2024,16,-0.015950732230414044,-0.010980389668008683,0.4375
10,-1.0,2,2025,12,0.019280794196702793,0.02230285511325769,0.6666666666666666
10,-1.0,2,2026,4,0.15691735500390455,0.2208888756733427,0.75
10,-1.0,3,2021,14,0.014591625714959255,0.01424765242281345,0.5714285714285714
10,-1.0,3,2022,7,0.01664218173366391,0.0775973181706977,0.5714285714285714
10,-1.0,3,2023,8,0.010425163961081271,0.023231664209979908,0.75
10,-1.0,3,2024,16,-0.0015389442667635492,0.0034207590230156404,0.5
10,-1.0,3,2025,12,0.015382963024099694,0.031606492241189166,0.6666666666666666
10,-1.0,3,2026,4,0.13355312258642915,0.13199749935744964,0.75
10,-1.0,4,2021,14,0.053110384182933346,0.05548081835008445,0.7857142857142857
10,-1.0,4,2022,7,-0.023124204956561183,-0.06627201536213423,0.42857142857142855
10,-1.0,4,2023,8,-0.01201798659165422,-0.022068459240308036,0.375
10,-1.0,4,2024,16,0.021034984409055955,0.04136584850331182,0.6875
10,-1.0,4,2025,12,0.02360615824190913,0.05247380406549507,0.75
10,-1.0,4,2026,4,0.1047004200154848,0.11761969608086875,0.75
10,-1.0,5,2021,14,0.04292403555248713,0.047182891422052786,0.6428571428571429
10,-1.0,5,2022,7,-0.045920508330329554,-0.12061287376917817,0.42857142857142855
10,-1.0,5,2023,8,0.0041715510893847035,-0.015997441170485904,0.375
10,-1.0,5,2024,16,0.00529896000445728,0.06078149095460872,0.625
10,-1.0,5,2025,12,0.022674745152172437,0.05173724963263471,0.6666666666666666
10,-1.0,5,2026,3,0.30704367171045527,0.21369081725423245,1.0
10,-1.0,6,2021,14,0.024422308141006505,0.038787690339122216,0.5714285714285714
10,-1.0,6,2022,7,-0.08369026122214365,-0.09322530938864482,0.2857142857142857
10,-1.0,6,2023,8,0.0031817684775359845,-0.012881887299935668,0.375
10,-1.0,6,2024,16,0.008435488354499365,0.05866229408281187,0.625
10,-1.0,6,2025,12,0.05390884343120186,0.0812074794050619,0.75
10,-1.0,6,2026,3,0.426975131714557,0.4494642856287736,1.0
10,-1.0,7,2021,14,0.02532143425548614,0.03614797836393413,0.7142857142857143
10,-1.0,7,2022,7,-0.1044064196840171,-0.16252941080803374,0.14285714285714285
10,-1.0,7,2023,8,-0.004182410195887332,-0.02289388691345834,0.375
10,-1.0,7,2024,16,0.017755554829361267,0.06225073565653738,0.5625
10,-1.0,7,2025,12,0.0506074430470709,0.04764380853894401,0.6666666666666666
10,-1.0,7,2026,3,0.406652071092928,0.560941472756465,1.0
