Date,baseline,qqq_filter,z_band,combined
2021-07-06,10000.0,10000.0,10000.0,10000.0
2021-07-07,10000.0,10000.0,10000.0,10000.0
2021-07-08,10000.0,10000.0,10000.0,10000.0
2021-07-09,10000.0,10000.0,10000.0,10000.0
2021-07-12,10000.0,10000.0,10000.0,10000.0
2021-07-13,10000.0,10000.0,10000.0,10000.0
2021-07-14,10000.0,10000.0,10000.0,10000.0
2021-07-15,10000.0,10000.0,10000.0,10000.0
2021-07-16,10000.0,10000.0,10000.0,10000.0
2021-07-19,10452.484496616247,10000.0,10452.484496616247,10000.0
2021-07-20,10878.077254137464,10000.0,10878.077254137464,10000.0
2021-07-21,11873.952035386304,10000.0,11873.952035386304,10000.0
2021-07-22,11559.021203862027,10000.0,11559.021203862027,10000.0
2021-07-23,11777.047993783486,10000.0,11777.047993783486,10000.0
2021-07-26,11777.047993783484,10000.0,11777.047993783484,10000.0
2021-07-27,11777.047993783484,10000.0,11777.047993783484,10000.0
2021-07-28,11777.047993783484,10000.0,11777.047993783484,10000.0
2021-07-29,11777.047993783484,10000.0,11777.047993783484,10000.0
2021-07-30,11777.047993783484,10000.0,11777.047993783484,10000.0
2021-08-02,11777.047993783484,10000.0,11777.047993783484,10000.0
2021-08-03,11777.047993783484,10000.0,11777.047993783484,10000.0
2021-08-04,11777.047993783484,10000.0,11777.047993783484,10000.0
2021-08-05,11777.047993783484,10000.0,11777.047993783484,10000.0
2021-08-06,11777.047993783484,10000.0,11777.047993783484,10000.0
2021-08-09,11777.047993783484,10000.0,11777.047993783484,10000.0
2021-08-10,11777.047993783484,10000.0,11777.047993783484,10000.0
2021-08-11,11777.047993783484,10000.0,11777.047993783484,10000.0
2021-08-12,11777.047993783484,10000.0,11777.047993783484,10000.0
2021-08-13,11777.047993783484,10000.0,11777.047993783484,10000.0
2021-08-16,11777.047993783484,10000.0,11777.047993783484,10000.0
2021-08-17,11777.047993783484,10000.0,11777.047993783484,10000.0
2021-08-18,11777.047993783484,10000.0,11777.047993783484,10000.0
2021-08-19,12212.104837078017,10000.0,12212.104837078017,10000.0
2021-08-20,12458.626983486867,10000.0,12458.626983486867,10000.0
2021-08-23,13463.20730479421,10000.0,13463.20730479421,10000.0
2021-08-24,13475.533109209797,10000.0,13475.533109209797,10000.0
2021-08-25,13785.29577030431,10000.0,13785.29577030431,10000.0
2021-08-26,13785.29577030431,10000.0,13785.29577030431,10000.0
2021-08-27,13785.29577030431,10000.0,13785.29577030431,10000.0
2021-08-30,13785.29577030431,10000.0,13785.29577030431,10000.0
2021-08-31,13785.29577030431,10000.0,13785.29577030431,10000.0
2021-09-01,13785.29577030431,10000.0,13785.29577030431,10000.0
2021-09-02,13785.29577030431,10000.0,13785.29577030431,10000.0
2021-09-03,13785.29577030431,10000.0,13785.29577030431,10000.0
2021-09-07,13785.29577030431,10000.0,13785.29577030431,10000.0
2021-09-08,13785.29577030431,10000.0,13785.29577030431,10000.0
2021-09-09,13785.29577030431,10000.0,13785.29577030431,10000.0
2021-09-10,13785.29577030431,10000.0,13785.29577030431,10000.0
2021-09-13,13785.29577030431,10000.0,13785.29577030431,10000.0
2021-09-14,13785.29577030431,10000.0,13785.29577030431,10000.0
2021-09-15,13785.29577030431,10000.0,13785.29577030431,10000.0
2021-09-16,13785.29577030431,10000.0,13785.29577030431,10000.0
2021-09-17,13785.29577030431,10000.0,13785.29577030431,10000.0
2021-09-20,13785.29577030431,10000.0,13785.29577030431,10000.0
2021-09-21,13633.933324982354,10000.0,13633.933324982354,10000.0
2021-09-22,14465.72978247174,10000.0,14465.72978247174,10000.0
2021-09-23,15041.108032742266,10000.0,15041.108032742266,10000.0
2021-09-24,14994.200733729997,10000.0,14994.200733729997,10000.0
2021-09-27,14897.983573628946,10000.0,14897.983573628946,10000.0
2021-09-28,14897.983573628948,10000.0,14897.983573628948,10000.0
2021-09-29,14029.839187478665,10000.0,14897.983573628948,10000.0
2021-09-30,14001.862779718871,10000.0,14897.983573628948,10000.0
2021-10-01,14012.35513572295,10000.0,14897.983573628948,10000.0
2021-10-04,13097.11531924868,10000.0,14897.983573628948,10000.0
2021-10-05,13097.11531924868,10000.0,14897.983573628948,10000.0
2021-10-06,13097.11531924868,10000.0,14897.983573628948,10000.0
2021-10-07,13097.11531924868,10000.0,14897.983573628948,10000.0
2021-10-08,13097.11531924868,10000.0,14897.983573628948,10000.0
2021-10-11,13097.11531924868,10000.0,14897.983573628948,10000.0
2021-10-12,13097.11531924868,10000.0,14897.983573628948,10000.0
2021-10-13,13097.11531924868,10000.0,14897.983573628948,10000.0
2021-10-14,13097.11531924868,10000.0,14897.983573628948,10000.0
2021-10-15,13097.11531924868,10000.0,14897.983573628948,10000.0
2021-10-18,13097.11531924868,10000.0,14897.983573628948,10000.0
2021-10-19,13097.11531924868,10000.0,14897.983573628948,10000.0
2021-10-20,13097.11531924868,10000.0,14897.983573628948,10000.0
2021-10-21,13097.11531924868,10000.0,14897.983573628948,10000.0
2021-10-22,13097.11531924868,10000.0,14897.983573628948,10000.0
2021-10-25,13097.11531924868,10000.0,14897.983573628948,10000.0
2021-10-26,13097.11531924868,10000.0,14897.983573628948,10000.0
2021-10-27,13097.11531924868,10000.0,14897.983573628948,10000.0
2021-10-28,13097.11531924868,10000.0,14897.983573628948,10000.0
2021-10-29,13097.11531924868,10000.0,14897.983573628948,10000.0
2021-11-01,13097.11531924868,10000.0,14897.983573628948,10000.0
2021-11-02,13097.11531924868,10000.0,14897.983573628948,10000.0
2021-11-03,13097.11531924868,10000.0,14897.983573628948,10000.0
2021-11-04,13097.11531924868,10000.0,14897.983573628948,10000.0
2021-11-05,13097.11531924868,10000.0,14897.983573628948,10000.0
2021-11-08,13097.11531924868,10000.0,14897.983573628948,10000.0
2021-11-09,13097.11531924868,10000.0,14897.983573628948,10000.0
2021-11-10,13097.11531924868,10000.0,14897.983573628948,10000.0
2021-11-11,13097.11531924868,10000.0,14897.983573628948,10000.0
2021-11-12,13097.11531924868,10000.0,14897.983573628948,10000.0
2021-11-15,13097.11531924868,10000.0,14897.983573628948,10000.0
2021-11-16,13097.11531924868,10000.0,14897.983573628948,10000.0
2021-11-17,13097.11531924868,10000.0,14897.983573628948,10000.0
2021-11-18,13097.11531924868,10000.0,14897.983573628948,10000.0
2021-11-19,13097.11531924868,10000.0,14897.983573628948,10000.0
2021-11-22,13097.11531924868,10000.0,14897.983573628948,10000.0
2021-11-23,13097.11531924868,10000.0,14897.983573628948,10000.0
2021-11-24,13097.11531924868,10000.0,14897.983573628948,10000.0
2021-11-26,13097.11531924868,10000.0,14897.983573628948,10000.0
2021-11-29,13097.11531924868,10000.0,14897.983573628948,10000.0
2021-11-30,13097.11531924868,10000.0,14897.983573628948,10000.0
2021-12-01,13097.11531924868,10000.0,14897.983573628948,10000.0
2021-12-02,13097.11531924868,10000.0,14897.983573628948,10000.0
2021-12-03,13097.11531924868,10000.0,14897.983573628948,10000.0
2021-12-06,13097.11531924868,10000.0,14897.983573628948,10000.0
2021-12-07,13097.11531924868,10000.0,14897.983573628948,10000.0
2021-12-08,13097.11531924868,10000.0,14897.983573628948,10000.0
2021-12-09,13097.11531924868,10000.0,14897.983573628948,10000.0
2021-12-10,13097.11531924868,10000.0,14897.983573628948,10000.0
2021-12-13,13097.11531924868,10000.0,14897.983573628948,10000.0
2021-12-14,13097.11531924868,10000.0,14897.983573628948,10000.0
2021-12-15,13097.11531924868,10000.0,14897.983573628948,10000.0
2021-12-16,13097.11531924868,10000.0,14897.983573628948,10000.0
2021-12-17,13453.688013716528,10272.252847880021,15303.585419187972,10272.252847880021
2021-12-20,13131.951728291211,10026.59853577935,14937.610028541281,10026.59853577935
2021-12-21,14493.167929180387,11065.923736565062,16485.995005437697,11065.923736565062
2021-12-22,14922.254614136415,11393.542967591764,16974.08159766177,11393.542967591764
2021-12-23,15370.196916056408,11735.558969590049,17483.61647563064,11735.558969590049
2021-12-27,15370.19691605641,11735.558969590049,17483.616475630643,11735.558969590049
2021-12-28,15370.19691605641,11735.558969590049,17483.616475630643,11735.558969590049
2021-12-29,15370.19691605641,11735.558969590049,17483.616475630643,11735.558969590049
2021-12-30,15370.19691605641,11735.558969590049,17483.616475630643,11735.558969590049
2021-12-31,15370.19691605641,11735.558969590049,17483.616475630643,11735.558969590049
2022-01-03,15370.19691605641,11735.558969590049,17483.616475630643,11735.558969590049
2022-01-04,15370.19691605641,11735.558969590049,17483.616475630643,11735.558969590049
2022-01-05,15370.19691605641,11735.558969590049,17483.616475630643,11735.558969590049
2022-01-06,15370.19691605641,11735.558969590049,17483.616475630643,11735.558969590049
2022-01-07,15370.19691605641,11735.558969590049,17483.616475630643,11735.558969590049
2022-01-10,15370.19691605641,11735.558969590049,17483.616475630643,11735.558969590049
2022-01-11,15370.19691605641,11735.558969590049,17483.616475630643,11735.558969590049
2022-01-12,15370.19691605641,11735.558969590049,17483.616475630643,11735.558969590049
2022-01-13,15370.19691605641,11735.558969590049,17483.616475630643,11735.558969590049
2022-01-14,15370.19691605641,11735.558969590049,17483.616475630643,11735.558969590049
2022-01-18,15370.19691605641,11735.558969590049,17483.616475630643,11735.558969590049
2022-01-19,13575.732006408109,11735.558969590049,15442.410599699826,11735.558969590049
2022-01-20,13512.247512843509,11735.558969590049,15370.19691605641,11735.558969590049
2022-01-21,13512.247512843509,11735.558969590049,15370.19691605641,11735.558969590049
2022-01-24,13512.247512843509,11735.558969590049,15370.19691605641,11735.558969590049
2022-01-25,13512.247512843509,11735.558969590049,15370.19691605641,11735.558969590049
2022-01-26,13512.247512843509,11735.558969590049,15370.19691605641,11735.558969590049
2022-01-27,13512.247512843509,11735.558969590049,15370.19691605641,11735.558969590049
2022-01-28,14255.896431000428,11735.558969590049,16216.098406361394,11735.558969590049
2022-01-31,16198.482318396798,11735.558969590049,18425.792062968423,11735.558969590049
2022-02-01,16198.482318396796,11735.558969590049,18425.792062968423,11735.558969590049
2022-02-02,16198.482318396796,11735.558969590049,18425.792062968423,11735.558969590049
2022-02-03,16198.482318396796,11735.558969590049,18425.792062968423,11735.558969590049
2022-02-04,16198.482318396796,11735.558969590049,18425.792062968423,11735.558969590049
2022-02-07,16198.482318396796,11735.558969590049,18425.792062968423,11735.558969590049
2022-02-08,16198.482318396796,11735.558969590049,18425.792062968423,11735.558969590049
2022-02-09,16198.482318396796,11735.558969590049,18425.792062968423,11735.558969590049
2022-02-10,16198.482318396796,11735.558969590049,18425.792062968423,11735.558969590049
2022-02-11,16198.482318396796,11735.558969590049,18425.792062968423,11735.558969590049
2022-02-14,16198.482318396796,11735.558969590049,18425.792062968423,11735.558969590049
2022-02-15,16198.482318396796,11735.558969590049,18425.792062968423,11735.558969590049
2022-02-16,16198.482318396796,11735.558969590049,18425.792062968423,11735.558969590049
2022-02-17,16198.482318396796,11735.558969590049,18425.792062968423,11735.558969590049
2022-02-18,16198.482318396796,11735.558969590049,18425.792062968423,11735.558969590049
2022-02-22,16198.482318396796,11735.558969590049,18425.792062968423,11735.558969590049
2022-02-23,16198.482318396796,11735.558969590049,18425.792062968423,11735.558969590049
2022-02-24,16198.482318396796,11735.558969590049,18425.792062968423,11735.558969590049
2022-02-25,16198.482318396796,11735.558969590049,18425.792062968423,11735.558969590049
2022-02-28,16198.482318396796,11735.558969590049,18425.792062968423,11735.558969590049
2022-03-01,16198.482318396796,11735.558969590049,18425.792062968423,11735.558969590049
2022-03-02,16198.482318396796,11735.558969590049,18425.792062968423,11735.558969590049
2022-03-03,16198.482318396796,11735.558969590049,18425.792062968423,11735.558969590049
2022-03-04,16198.482318396796,11735.558969590049,18425.792062968423,11735.558969590049
2022-03-07,16198.482318396796,11735.558969590049,18425.792062968423,11735.558969590049
2022-03-08,16994.960054156927,11735.558969590049,18425.792062968423,11735.558969590049
2022-03-09,19418.74060329408,11735.558969590049,18425.792062968423,11735.558969590049
2022-03-10,19418.74060329408,11735.558969590049,18425.792062968423,11735.558969590049
2022-03-11,19418.74060329408,11735.558969590049,18425.792062968423,11735.558969590049
2022-03-14,19418.74060329408,11735.558969590049,18425.792062968423,11735.558969590049
2022-03-15,21485.878074318545,11735.558969590049,20387.229520977726,11735.558969590049
2022-03-16,23279.186235228946,11735.558969590049,22088.839525086547,11735.558969590049
2022-03-17,23279.186235228946,11735.558969590049,22088.839525086547,11735.558969590049
2022-03-18,23279.186235228946,11735.558969590049,22088.839525086547,11735.558969590049
2022-03-21,23279.186235228946,11735.558969590049,22088.839525086547,11735.558969590049
2022-03-22,23279.186235228946,11735.558969590049,22088.839525086547,11735.558969590049
2022-03-23,23279.186235228946,11735.558969590049,22088.839525086547,11735.558969590049
2022-03-24,23279.186235228946,11735.558969590049,22088.839525086547,11735.558969590049
2022-03-25,23279.186235228946,11735.558969590049,22088.839525086547,11735.558969590049
2022-03-28,23279.186235228946,11735.558969590049,22088.839525086547,11735.558969590049
2022-03-29,23279.186235228946,11735.558969590049,22088.839525086547,11735.558969590049
2022-03-30,23279.186235228946,11735.558969590049,22088.839525086547,11735.558969590049
2022-03-31,23279.186235228946,11735.558969590049,22088.839525086547,11735.558969590049
2022-04-01,23279.186235228946,11735.558969590049,22088.839525086547,11735.558969590049
2022-04-04,23279.186235228946,11735.558969590049,22088.839525086547,11735.558969590049
2022-04-05,23279.186235228946,11735.558969590049,22088.839525086547,11735.558969590049
2022-04-06,23279.186235228946,11735.558969590049,22088.839525086547,11735.558969590049
2022-04-07,23279.186235228946,11735.558969590049,22088.839525086547,11735.558969590049
2022-04-08,23279.186235228946,11735.558969590049,22088.839525086547,11735.558969590049
2022-04-11,23279.186235228946,11735.558969590049,22088.839525086547,11735.558969590049
2022-04-12,21763.03801546683,11735.558969590049,20650.21729902738,11735.558969590049
2022-04-13,23247.632163501265,11735.558969590049,22058.89892408302,11735.558969590049
2022-04-14,21240.52163535151,11735.558969590049,20154.41902012835,11735.558969590049
2022-04-18,22376.77750601221,11735.558969590049,21232.57412971201,11735.558969590049
2022-04-19,23820.94499283926,11735.558969590049,22602.89625100658,11735.558969590049
2022-04-20,23820.94499283926,11735.558969590049,22602.89625100658,11735.558969590049
2022-04-21,23820.94499283926,11735.558969590049,22602.89625100658,11735.558969590049
2022-04-22,23820.94499283926,11735.558969590049,22602.89625100658,11735.558969590049
2022-04-25,23820.94499283926,11735.558969590049,22602.89625100658,11735.558969590049
2022-04-26,23820.94499283926,11735.558969590049,22602.89625100658,11735.558969590049
2022-04-27,23820.94499283926,11735.558969590049,22602.89625100658,11735.558969590049
2022-04-28,23820.94499283926,11735.558969590049,22602.89625100658,11735.558969590049
2022-04-29,23820.94499283926,11735.558969590049,22602.89625100658,11735.558969590049
2022-05-02,23820.94499283926,11735.558969590049,22602.89625100658,11735.558969590049
2022-05-03,23820.94499283926,11735.558969590049,22602.89625100658,11735.558969590049
2022-05-04,23820.94499283926,11735.558969590049,22602.89625100658,11735.558969590049
2022-05-05,23820.94499283926,11735.558969590049,22602.89625100658,11735.558969590049
2022-05-06,23820.94499283926,11735.558969590049,22602.89625100658,11735.558969590049
2022-05-09,23820.94499283926,11735.558969590049,22602.89625100658,11735.558969590049
2022-05-10,23397.75449095644,11735.558969590049,22602.89625100658,11735.558969590049
2022-05-11,21245.47539248381,11735.558969590049,22602.89625100658,11735.558969590049
2022-05-12,20941.46916210485,11735.558969590049,23678.22384844624,11735.558969590049
2022-05-13,20941.469162104848,11735.558969590049,27096.35202570669,11735.558969590049
2022-05-16,20941.469162104848,11735.558969590049,27096.35202570669,11735.558969590049
2022-05-17,20941.469162104848,11735.558969590049,27096.35202570669,11735.558969590049
2022-05-18,20941.469162104848,11735.558969590049,27096.35202570669,11735.558969590049
2022-05-19,20941.469162104848,11735.558969590049,27096.35202570669,11735.558969590049
2022-05-20,20941.469162104848,11735.558969590049,27096.35202570669,11735.558969590049
2022-05-23,20941.469162104848,11735.558969590049,27096.35202570669,11735.558969590049
2022-05-24,20941.469162104848,11735.558969590049,27096.35202570669,11735.558969590049
2022-05-25,20941.469162104848,11735.558969590049,27096.35202570669,11735.558969590049
2022-05-26,20941.469162104848,11735.558969590049,27096.35202570669,11735.558969590049
2022-05-27,20941.469162104848,11735.558969590049,27096.35202570669,11735.558969590049
2022-05-31,20941.469162104848,11735.558969590049,27096.35202570669,11735.558969590049
2022-06-01,20941.469162104848,11735.558969590049,27096.35202570669,11735.558969590049
2022-06-02,20941.469162104848,11735.558969590049,27096.35202570669,11735.558969590049
2022-06-03,20941.469162104848,11735.558969590049,27096.35202570669,11735.558969590049
2022-06-06,20941.469162104848,11735.558969590049,27096.35202570669,11735.558969590049
2022-06-07,20941.469162104848,11735.558969590049,27096.35202570669,11735.558969590049
2022-06-08,20941.469162104848,11735.558969590049,27096.35202570669,11735.558969590049
2022-06-09,20941.469162104848,11735.558969590049,27096.35202570669,11735.558969590049
2022-06-10,20941.469162104848,11735.558969590049,27096.35202570669,11735.558969590049
2022-06-13,20941.469162104848,11735.558969590049,27096.35202570669,11735.558969590049
2022-06-14,20593.86922069924,11735.558969590049,27096.35202570669,11735.558969590049
2022-06-15,21704.58329944181,11735.558969590049,27096.35202570669,11735.558969590049
2022-06-16,18410.064369789616,11735.558969590049,27096.35202570669,11735.558969590049
2022-06-17,18410.064369789616,11735.558969590049,27096.35202570669,11735.558969590049
2022-06-21,18410.064369789616,11735.558969590049,27096.35202570669,11735.558969590049
2022-06-22,18410.064369789616,11735.558969590049,27096.35202570669,11735.558969590049
2022-06-23,18410.064369789616,11735.558969590049,27096.35202570669,11735.558969590049
2022-06-24,18410.064369789616,11735.558969590049,27096.35202570669,11735.558969590049
2022-06-27,18410.064369789616,11735.558969590049,27096.35202570669,11735.558969590049
2022-06-28,18410.064369789616,11735.558969590049,27096.35202570669,11735.558969590049
2022-06-29,18410.064369789616,11735.558969590049,27096.35202570669,11735.558969590049
2022-06-30,18410.064369789616,11735.558969590049,27096.35202570669,11735.558969590049
2022-07-01,18410.064369789616,11735.558969590049,27096.35202570669,11735.558969590049
2022-07-05,18410.064369789616,11735.558969590049,27096.35202570669,11735.558969590049
2022-07-06,18410.064369789616,11735.558969590049,27096.35202570669,11735.558969590049
2022-07-07,18410.064369789616,11735.558969590049,27096.35202570669,11735.558969590049
2022-07-08,18410.064369789616,11735.558969590049,27096.35202570669,11735.558969590049
2022-07-11,18410.064369789616,11735.558969590049,27096.35202570669,11735.558969590049
2022-07-12,18410.064369789616,11735.558969590049,27096.35202570669,11735.558969590049
2022-07-13,18410.064369789616,11735.558969590049,27096.35202570669,11735.558969590049
2022-07-14,18410.064369789616,11735.558969590049,27096.35202570669,11735.558969590049
2022-07-15,18410.064369789616,11735.558969590049,27096.35202570669,11735.558969590049
2022-07-18,18410.064369789616,11735.558969590049,27096.35202570669,11735.558969590049
2022-07-19,18410.064369789616,11735.558969590049,27096.35202570669,11735.558969590049
2022-07-20,18410.064369789616,11735.558969590049,27096.35202570669,11735.558969590049
2022-07-21,18410.064369789616,11735.558969590049,27096.35202570669,11735.558969590049
2022-07-22,18410.064369789616,11735.558969590049,27096.35202570669,11735.558969590049
2022-07-25,18410.064369789616,11735.558969590049,27096.35202570669,11735.558969590049
2022-07-26,18410.064369789616,11735.558969590049,27096.35202570669,11735.558969590049
2022-07-27,18410.064369789616,11735.558969590049,27096.35202570669,11735.558969590049
2022-07-28,18410.064369789616,11735.558969590049,27096.35202570669,11735.558969590049
2022-07-29,18410.064369789616,11735.558969590049,27096.35202570669,11735.558969590049
2022-08-01,18410.064369789616,11735.558969590049,27096.35202570669,11735.558969590049
2022-08-02,18410.064369789616,11735.558969590049,27096.35202570669,11735.558969590049
2022-08-03,18410.064369789616,11735.558969590049,27096.35202570669,11735.558969590049
2022-08-04,18410.064369789616,11735.558969590049,27096.35202570669,11735.558969590049
2022-08-05,18410.064369789616,11735.558969590049,27096.35202570669,11735.558969590049
2022-08-08,18410.064369789616,11735.558969590049,27096.35202570669,11735.558969590049
2022-08-09,18410.064369789616,11735.558969590049,27096.35202570669,11735.558969590049
2022-08-10,18410.064369789616,11735.558969590049,27096.35202570669,11735.558969590049
2022-08-11,18410.064369789616,11735.558969590049,27096.35202570669,11735.558969590049
2022-08-12,18410.064369789616,11735.558969590049,27096.35202570669,11735.558969590049
2022-08-15,18410.064369789616,11735.558969590049,27096.35202570669,11735.558969590049
2022-08-16,18410.064369789616,11735.558969590049,27096.35202570669,11735.558969590049
2022-08-17,18410.064369789616,11735.558969590049,27096.35202570669,11735.558969590049
2022-08-18,18410.064369789616,11735.558969590049,27096.35202570669,11735.558969590049
2022-08-19,18410.064369789616,11735.558969590049,27096.35202570669,11735.558969590049
2022-08-22,18410.064369789616,11735.558969590049,27096.35202570669,11735.558969590049
2022-08-23,18660.87165463418,11895.436937541432,27465.495899636422,11895.436937541432
2022-08-24,18747.01197084628,11950.347378931585,27592.279178869223,11950.347378931585
2022-08-25,20803.696816666208,13261.388220787032,30619.35477561304,13261.388220787032
2022-08-26,17207.197551880417,10968.78737169705,25325.945248009924,10968.78737169705
2022-08-29,16184.655788769447,10316.964601346002,23820.944992839264,10316.964601346002
2022-08-30,16184.655788769445,10316.964601346002,23820.94499283926,10316.964601346002
2022-08-31,16184.655788769445,10316.964601346002,23820.94499283926,10316.964601346002
2022-09-01,16184.655788769445,10316.964601346002,23820.94499283926,10316.964601346002
2022-09-02,16184.655788769445,10316.964601346002,23820.94499283926,10316.964601346002
2022-09-06,16184.655788769445,10316.964601346002,23820.94499283926,10316.964601346002
2022-09-07,16184.655788769445,10316.964601346002,23820.94499283926,10316.964601346002
2022-09-08,16184.655788769445,10316.964601346002,23820.94499283926,10316.964601346002
2022-09-09,16184.655788769445,10316.964601346002,23820.94499283926,10316.964601346002
2022-09-12,16184.655788769445,10316.964601346002,23820.94499283926,10316.964601346002
2022-09-13,16184.655788769445,10316.964601346002,23820.94499283926,10316.964601346002
2022-09-14,16184.655788769445,10316.964601346002,23820.94499283926,10316.964601346002
2022-09-15,16184.655788769445,10316.964601346002,23820.94499283926,10316.964601346002
2022-09-16,16184.655788769445,10316.964601346002,23820.94499283926,10316.964601346002
2022-09-19,16184.655788769445,10316.964601346002,23820.94499283926,10316.964601346002
2022-09-20,16184.655788769445,10316.964601346002,23820.94499283926,10316.964601346002
2022-09-21,16184.655788769445,10316.964601346002,23820.94499283926,10316.964601346002
2022-09-22,16184.655788769445,10316.964601346002,23820.94499283926,10316.964601346002
2022-09-23,16184.655788769445,10316.964601346002,23820.94499283926,10316.964601346002
2022-09-26,15581.136144339669,10316.964601346002,22932.671035104835,10316.964601346002
2022-09-27,16005.336080735016,10316.964601346002,23557.01816257672,10316.964601346002
2022-09-28,16592.684437697477,10316.964601346002,24421.490851118288,10316.964601346002
2022-09-29,15156.934612157856,10316.964601346002,22308.321558918084,10316.964601346002
2022-09-30,14440.920442255854,10316.964601346002,21254.47559654894,10316.964601346002
2022-10-03,14440.920442255856,10316.964601346002,21254.475596548942,10316.964601346002
2022-10-04,14440.920442255856,10316.964601346002,21254.475596548942,10316.964601346002
2022-10-05,14440.920442255856,10316.964601346002,21254.475596548942,10316.964601346002
2022-10-06,14440.920442255856,10316.964601346002,21254.475596548942,10316.964601346002
2022-10-07,14440.920442255856,10316.964601346002,21254.475596548942,10316.964601346002
2022-10-10,14440.920442255856,10316.964601346002,21254.475596548942,10316.964601346002
2022-10-11,13983.170610151526,10316.964601346002,20580.748968479103,10316.964601346002
2022-10-12,13558.317896825423,10316.964601346002,19955.44106905364,10316.964601346002
2022-10-13,12695.301979195969,10316.964601346002,18685.234586438106,10316.964601346002
2022-10-14,12695.301979195969,10316.964601346002,18685.234586438106,10316.964601346002
2022-10-17,12444.92657979134,10316.964601346002,18316.726371334986,10316.964601346002
2022-10-18,12563.77054342888,10316.964601346002,18491.643623668846,10316.964601346002
2022-10-19,12852.399307946878,10316.964601346002,18916.454012760052,10316.964601346002
2022-10-20,13073.114152112692,10316.964601346002,19241.307147148316,10316.964601346002
2022-10-21,14552.620829970048,10316.964601346002,21418.878771145028,10316.964601346002
2022-10-24,14552.620829970047,10316.964601346002,21418.878771145024,10316.964601346002
2022-10-25,14552.620829970047,10316.964601346002,21418.878771145024,10316.964601346002
2022-10-26,14552.620829970047,10316.964601346002,21418.878771145024,10316.964601346002
2022-10-27,14552.620829970047,10316.964601346002,21418.878771145024,10316.964601346002
2022-10-28,14552.620829970047,10316.964601346002,21418.878771145024,10316.964601346002
2022-10-31,14552.620829970047,10316.964601346002,21418.878771145024,10316.964601346002
2022-11-01,14552.620829970047,10316.964601346002,21418.878771145024,10316.964601346002
2022-11-02,14552.620829970047,10316.964601346002,21418.878771145024,10316.964601346002
2022-11-03,14552.620829970047,10316.964601346002,21418.878771145024,10316.964601346002
2022-11-04,14552.620829970047,10316.964601346002,21418.878771145024,10316.964601346002
2022-11-07,14552.620829970047,10316.964601346002,21418.878771145024,10316.964601346002
2022-11-08,14552.620829970047,10316.964601346002,21418.878771145024,10316.964601346002
2022-11-09,14552.620829970047,10316.964601346002,21418.878771145024,10316.964601346002
2022-11-10,14552.620829970047,10316.964601346002,21418.878771145024,10316.964601346002
2022-11-11,14552.620829970047,10316.964601346002,21418.878771145024,10316.964601346002
2022-11-14,14552.620829970047,10316.964601346002,21418.878771145024,10316.964601346002
2022-11-15,14552.620829970047,10316.964601346002,21418.878771145024,10316.964601346002
2022-11-16,14552.620829970047,10316.964601346002,21418.878771145024,10316.964601346002
2022-11-17,14552.620829970047,10316.964601346002,21418.878771145024,10316.964601346002
2022-11-18,14552.620829970047,10316.964601346002,21418.878771145024,10316.964601346002
2022-11-21,14552.620829970047,10316.964601346002,21418.878771145024,10316.964601346002
2022-11-22,14552.620829970047,10316.964601346002,21418.878771145024,10316.964601346002
2022-11-23,14552.620829970047,10316.964601346002,21418.878771145024,10316.964601346002
2022-11-25,14552.620829970047,10316.964601346002,21418.878771145024,10316.964601346002
2022-11-28,14552.620829970047,10316.964601346002,21418.878771145024,10316.964601346002
2022-11-29,14552.620829970047,10316.964601346002,21418.878771145024,10316.964601346002
2022-11-30,14552.620829970047,10316.964601346002,21418.878771145024,10316.964601346002
2022-12-01,14552.620829970047,10316.964601346002,21418.878771145024,10316.964601346002
2022-12-02,14552.620829970047,10316.964601346002,21418.878771145024,10316.964601346002
2022-12-05,14552.620829970047,10316.964601346002,21418.878771145024,10316.964601346002
2022-12-06,14552.620829970047,10316.964601346002,21418.878771145024,10316.964601346002
2022-12-07,14552.620829970047,10316.964601346002,21418.878771145024,10316.964601346002
2022-12-08,14552.620829970047,10316.964601346002,21418.878771145024,10316.964601346002
2022-12-09,14552.620829970047,10316.964601346002,21418.878771145024,10316.964601346002
2022-12-12,14552.620829970047,10316.964601346002,21418.878771145024,10316.964601346002
2022-12-13,14552.620829970047,10316.964601346002,21418.878771145024,10316.964601346002
2022-12-14,14552.620829970047,10316.964601346002,21418.878771145024,10316.964601346002
2022-12-15,14552.620829970047,10316.964601346002,21418.878771145024,10316.964601346002
2022-12-16,14552.620829970047,10316.964601346002,21418.878771145024,10316.964601346002
2022-12-19,13975.90827938898,10316.964601346002,20570.060104664375,10316.964601346002
2022-12-20,13658.396439442991,10316.964601346002,20102.738947350863,10316.964601346002
2022-12-21,14616.190128542692,10316.964601346002,21512.44151256478,10316.964601346002
2022-12-22,12793.500024043267,10316.964601346002,18829.764705289013,10316.964601346002
2022-12-23,12793.500024043267,10316.964601346002,18829.764705289013,10316.964601346002
2022-12-27,12793.500024043267,10316.964601346002,18829.764705289013,10316.964601346002
2022-12-28,12793.500024043267,10316.964601346002,18829.764705289013,10316.964601346002
2022-12-29,12793.500024043267,10316.964601346002,18829.764705289013,10316.964601346002
2022-12-30,12793.500024043267,10316.964601346002,18829.764705289013,10316.964601346002
2023-01-03,12793.500024043267,10316.964601346002,18829.764705289013,10316.964601346002
2023-01-04,12793.500024043267,10316.964601346002,18829.764705289013,10316.964601346002
2023-01-05,12793.500024043267,10316.964601346002,18829.764705289013,10316.964601346002
2023-01-06,12793.500024043267,10316.964601346002,18829.764705289013,10316.964601346002
2023-01-09,12793.500024043267,10316.964601346002,18829.764705289013,10316.964601346002
2023-01-10,12793.500024043267,10316.964601346002,18829.764705289013,10316.964601346002
2023-01-11,12793.500024043267,10316.964601346002,18829.764705289013,10316.964601346002
2023-01-12,12793.500024043267,10316.964601346002,18829.764705289013,10316.964601346002
2023-01-13,12793.500024043267,10316.964601346002,18829.764705289013,10316.964601346002
2023-01-17,12793.500024043267,10316.964601346002,18829.764705289013,10316.964601346002
2023-01-18,12793.500024043267,10316.964601346002,18829.764705289013,10316.964601346002
2023-01-19,12793.500024043267,10316.964601346002,18829.764705289013,10316.964601346002
2023-01-20,12793.500024043267,10316.964601346002,18829.764705289013,10316.964601346002
2023-01-23,12793.500024043267,10316.964601346002,18829.764705289013,10316.964601346002
2023-01-24,12793.500024043267,10316.964601346002,18829.764705289013,10316.964601346002
2023-01-25,12793.500024043267,10316.964601346002,18829.764705289013,10316.964601346002
2023-01-26,12793.500024043267,10316.964601346002,18829.764705289013,10316.964601346002
2023-01-27,12793.500024043267,10316.964601346002,18829.764705289013,10316.964601346002
2023-01-30,12793.500024043267,10316.964601346002,18829.764705289013,10316.964601346002
2023-01-31,12793.500024043267,10316.964601346002,18829.764705289013,10316.964601346002
2023-02-01,12793.500024043267,10316.964601346002,18829.764705289013,10316.964601346002
2023-02-02,12793.500024043267,10316.964601346002,18829.764705289013,10316.964601346002
2023-02-03,12793.500024043267,10316.964601346002,18829.764705289013,10316.964601346002
2023-02-06,12793.500024043267,10316.964601346002,18829.764705289013,10316.964601346002
2023-02-07,12793.500024043267,10316.964601346002,18829.764705289013,10316.964601346002
2023-02-08,12793.500024043267,10316.964601346002,18829.764705289013,10316.964601346002
2023-02-09,12793.500024043267,10316.964601346002,18829.764705289013,10316.964601346002
2023-02-10,12793.500024043267,10316.964601346002,18829.764705289013,10316.964601346002
2023-02-13,12793.500024043267,10316.964601346002,18829.764705289013,10316.964601346002
2023-02-14,12793.500024043267,10316.964601346002,18829.764705289013,10316.964601346002
2023-02-15,12793.500024043267,10316.964601346002,18829.764705289013,10316.964601346002
2023-02-16,12793.500024043267,10316.964601346002,18829.764705289013,10316.964601346002
2023-02-17,12793.500024043267,10316.964601346002,18829.764705289013,10316.964601346002
2023-02-21,12793.500024043267,10316.964601346002,18829.764705289013,10316.964601346002
2023-02-22,12793.500024043267,10316.964601346002,18829.764705289013,10316.964601346002
2023-02-23,12793.500024043267,10316.964601346002,18829.764705289013,10316.964601346002
2023-02-24,12793.500024043267,10316.964601346002,18829.764705289013,10316.964601346002
2023-02-27,12793.500024043267,10316.964601346002,18829.764705289013,10316.964601346002
2023-02-28,12793.500024043267,10316.964601346002,18829.764705289013,10316.964601346002
2023-03-01,12793.500024043267,10316.964601346002,18829.764705289013,10316.964601346002
2023-03-02,12793.500024043267,10316.964601346002,18829.764705289013,10316.964601346002
2023-03-03,12793.500024043267,10316.964601346002,18829.764705289013,10316.964601346002
2023-03-06,12793.500024043267,10316.964601346002,18829.764705289013,10316.964601346002
2023-03-07,12793.500024043267,10316.964601346002,18829.764705289013,10316.964601346002
2023-03-08,12793.500024043267,10316.964601346002,18829.764705289013,10316.964601346002
2023-03-09,12793.500024043267,10316.964601346002,18829.764705289013,10316.964601346002
2023-03-10,12793.500024043267,10316.964601346002,18829.764705289013,10316.964601346002
2023-03-13,12793.500024043267,10316.964601346002,18829.764705289013,10316.964601346002
2023-03-14,12793.500024043267,10316.964601346002,18829.764705289013,10316.964601346002
2023-03-15,12793.500024043267,10316.964601346002,18829.764705289013,10316.964601346002
2023-03-16,12793.500024043267,10316.964601346002,18829.764705289013,10316.964601346002
2023-03-17,12793.500024043267,10316.964601346002,18829.764705289013,10316.964601346002
2023-03-20,12793.500024043267,10316.964601346002,18829.764705289013,10316.964601346002
2023-03-21,12793.500024043267,10316.964601346002,18829.764705289013,10316.964601346002
2023-03-22,12793.500024043267,10316.964601346002,18829.764705289013,10316.964601346002
2023-03-23,12793.500024043267,10316.964601346002,18829.764705289013,10316.964601346002
2023-03-24,12793.500024043267,10316.964601346002,18829.764705289013,10316.964601346002
2023-03-27,12793.500024043267,10316.964601346002,18829.764705289013,10316.964601346002
2023-03-28,12793.500024043267,10316.964601346002,18829.764705289013,10316.964601346002
2023-03-29,12793.500024043267,10316.964601346002,18829.764705289013,10316.964601346002
2023-03-30,12793.500024043267,10316.964601346002,18829.764705289013,10316.964601346002
2023-03-31,12793.500024043267,10316.964601346002,18829.764705289013,10316.964601346002
2023-04-03,12793.500024043267,10316.964601346002,18829.764705289013,10316.964601346002
2023-04-04,12793.500024043267,10316.964601346002,18829.764705289013,10316.964601346002
2023-04-05,12793.500024043267,10316.964601346002,18829.764705289013,10316.964601346002
2023-04-06,12793.500024043267,10316.964601346002,18829.764705289013,10316.964601346002
2023-04-10,12793.500024043267,10316.964601346002,18829.764705289013,10316.964601346002
2023-04-11,12793.500024043267,10316.964601346002,18829.764705289013,10316.964601346002
2023-04-12,12793.500024043267,10316.964601346002,18829.764705289013,10316.964601346002
2023-04-13,12793.500024043267,10316.964601346002,18829.764705289013,10316.964601346002
2023-04-14,12793.500024043267,10316.964601346002,18829.764705289013,10316.964601346002
2023-04-17,12793.500024043267,10316.964601346002,18829.764705289013,10316.964601346002
2023-04-18,12793.500024043267,10316.964601346002,18829.764705289013,10316.964601346002
2023-04-19,12793.500024043267,10316.964601346002,18829.764705289013,10316.964601346002
2023-04-20,12793.500024043267,10316.964601346002,18829.764705289013,10316.964601346002
2023-04-21,12793.500024043267,10316.964601346002,18829.764705289013,10316.964601346002
2023-04-24,12793.500024043267,10316.964601346002,18829.764705289013,10316.964601346002
2023-04-25,12793.500024043267,10316.964601346002,18829.764705289013,10316.964601346002
2023-04-26,12546.124601872756,10117.475527286533,18829.764705289013,10316.964601346002
2023-04-27,12705.6480545405,10246.11880794973,18829.764705289013,10316.964601346002
2023-04-28,13353.129357875185,10768.262214678403,18829.764705289013,10316.964601346002
2023-05-01,13756.633562236842,11093.657031192253,18829.764705289013,10316.964601346002
2023-05-02,13452.269701752006,10848.211205683227,18829.764705289013,10316.964601346002
2023-05-03,13452.269701752008,10848.211205683228,18829.764705289013,10316.964601346002
2023-05-04,13452.269701752008,10848.211205683228,18829.764705289013,10316.964601346002
2023-05-05,13452.269701752008,10848.211205683228,18829.764705289013,10316.964601346002
2023-05-08,13452.269701752008,10848.211205683228,18829.764705289013,10316.964601346002
2023-05-09,13452.269701752008,10848.211205683228,18829.764705289013,10316.964601346002
2023-05-10,13452.269701752008,10848.211205683228,18829.764705289013,10316.964601346002
2023-05-11,13452.269701752008,10848.211205683228,18829.764705289013,10316.964601346002
2023-05-12,13452.269701752008,10848.211205683228,18829.764705289013,10316.964601346002
2023-05-15,13452.269701752008,10848.211205683228,18829.764705289013,10316.964601346002
2023-05-16,13452.269701752008,10848.211205683228,18829.764705289013,10316.964601346002
2023-05-17,13452.269701752008,10848.211205683228,18829.764705289013,10316.964601346002
2023-05-18,13452.269701752008,10848.211205683228,18829.764705289013,10316.964601346002
2023-05-19,13452.269701752008,10848.211205683228,18829.764705289013,10316.964601346002
2023-05-22,13452.269701752008,10848.211205683228,18829.764705289013,10316.964601346002
2023-05-23,13452.269701752008,10848.211205683228,18829.764705289013,10316.964601346002
2023-05-24,13452.269701752008,10848.211205683228,18829.764705289013,10316.964601346002
2023-05-25,13452.269701752008,10848.211205683228,18829.764705289013,10316.964601346002
2023-05-26,13452.269701752008,10848.211205683228,18829.764705289013,10316.964601346002
2023-05-30,13452.269701752008,10848.211205683228,18829.764705289013,10316.964601346002
2023-05-31,13452.269701752008,10848.211205683228,18829.764705289013,10316.964601346002
2023-06-01,13452.269701752008,10848.211205683228,18829.764705289013,10316.964601346002
2023-06-02,13452.269701752008,10848.211205683228,18829.764705289013,10316.964601346002
2023-06-05,13452.269701752008,10848.211205683228,18829.764705289013,10316.964601346002
2023-06-06,13452.269701752008,10848.211205683228,18829.764705289013,10316.964601346002
2023-06-07,13452.269701752008,10848.211205683228,18829.764705289013,10316.964601346002
2023-06-08,13452.269701752008,10848.211205683228,18829.764705289013,10316.964601346002
2023-06-09,13452.269701752008,10848.211205683228,18829.764705289013,10316.964601346002
2023-06-12,13452.269701752008,10848.211205683228,18829.764705289013,10316.964601346002
2023-06-13,13452.269701752008,10848.211205683228,18829.764705289013,10316.964601346002
2023-06-14,13452.269701752008,10848.211205683228,18829.764705289013,10316.964601346002
2023-06-15,13452.269701752008,10848.211205683228,18829.764705289013,10316.964601346002
2023-06-16,13452.269701752008,10848.211205683228,18829.764705289013,10316.964601346002
2023-06-20,13452.269701752008,10848.211205683228,18829.764705289013,10316.964601346002
2023-06-21,13452.269701752008,10848.211205683228,18829.764705289013,10316.964601346002
2023-06-22,13452.269701752008,10848.211205683228,18829.764705289013,10316.964601346002
2023-06-23,13452.269701752008,10848.211205683228,18829.764705289013,10316.964601346002
2023-06-26,13452.269701752008,10848.211205683228,18829.764705289013,10316.964601346002
2023-06-27,13452.269701752008,10848.211205683228,18829.764705289013,10316.964601346002
2023-06-28,13452.269701752008,10848.211205683228,18829.764705289013,10316.964601346002
2023-06-29,13452.269701752008,10848.211205683228,18829.764705289013,10316.964601346002
2023-06-30,13452.269701752008,10848.211205683228,18829.764705289013,10316.964601346002
2023-07-03,13452.269701752008,10848.211205683228,18829.764705289013,10316.964601346002
2023-07-05,13452.269701752008,10848.211205683228,18829.764705289013,10316.964601346002
2023-07-06,13452.269701752008,10848.211205683228,18829.764705289013,10316.964601346002
2023-07-07,13452.269701752008,10848.211205683228,18829.764705289013,10316.964601346002
2023-07-10,13452.269701752008,10848.211205683228,18829.764705289013,10316.964601346002
2023-07-11,13452.269701752008,10848.211205683228,18829.764705289013,10316.964601346002
2023-07-12,13452.269701752008,10848.211205683228,18829.764705289013,10316.964601346002
2023-07-13,13452.269701752008,10848.211205683228,18829.764705289013,10316.964601346002
2023-07-14,13452.269701752008,10848.211205683228,18829.764705289013,10316.964601346002
2023-07-17,13452.269701752008,10848.211205683228,18829.764705289013,10316.964601346002
2023-07-18,13452.269701752008,10848.211205683228,18829.764705289013,10316.964601346002
2023-07-19,13452.269701752008,10848.211205683228,18829.764705289013,10316.964601346002
2023-07-20,13452.269701752008,10848.211205683228,18829.764705289013,10316.964601346002
2023-07-21,13452.269701752008,10848.211205683228,18829.764705289013,10316.964601346002
2023-07-24,13452.269701752008,10848.211205683228,18829.764705289013,10316.964601346002
2023-07-25,13452.269701752008,10848.211205683228,18829.764705289013,10316.964601346002
2023-07-26,13452.269701752008,10848.211205683228,18829.764705289013,10316.964601346002
2023-07-27,13452.269701752008,10848.211205683228,18829.764705289013,10316.964601346002
2023-07-28,13452.269701752008,10848.211205683228,18829.764705289013,10316.964601346002
2023-07-31,13452.269701752008,10848.211205683228,18829.764705289013,10316.964601346002
2023-08-01,13452.269701752008,10848.211205683228,18829.764705289013,10316.964601346002
2023-08-02,13452.269701752008,10848.211205683228,18829.764705289013,10316.964601346002
2023-08-03,13452.269701752008,10848.211205683228,18829.764705289013,10316.964601346002
2023-08-04,13452.269701752008,10848.211205683228,18829.764705289013,10316.964601346002
2023-08-07,13452.269701752008,10848.211205683228,18829.764705289013,10316.964601346002
2023-08-08,13452.269701752008,10848.211205683228,18829.764705289013,10316.964601346002
2023-08-09,13452.269701752008,10848.211205683228,18829.764705289013,10316.964601346002
2023-08-10,12956.032416087157,10848.211205683228,18135.15840209815,10316.964601346002
2023-08-11,12007.4769663979,10848.211205683228,16807.42142361324,10316.964601346002
2023-08-14,11826.159340204225,10848.211205683228,16553.622747713678,10316.964601346002
2023-08-15,11826.159340204225,10848.211205683228,16553.622747713678,10316.964601346002
2023-08-16,11826.159340204225,10848.211205683228,16553.622747713678,10316.964601346002
2023-08-17,11407.545949480698,10848.211205683228,15967.670204048824,10316.964601346002
2023-08-18,11545.055616153035,10848.211205683228,16160.148850816187,10316.964601346002
2023-08-21,12536.267140325774,10848.211205683228,17547.593511616644,10316.964601346002
2023-08-22,12232.600609253024,10848.211205683228,17122.537409134064,10316.964601346002
2023-08-23,12935.846231895299,10848.211205683228,18106.90286551901,10316.964601346002
2023-08-24,12935.8462318953,10848.211205683228,18106.902865519012,10316.964601346002
2023-08-25,12935.8462318953,10848.211205683228,18106.902865519012,10316.964601346002
2023-08-28,12935.8462318953,10848.211205683228,18106.902865519012,10316.964601346002
2023-08-29,12935.8462318953,10848.211205683228,18106.902865519012,10316.964601346002
2023-08-30,12935.8462318953,10848.211205683228,18106.902865519012,10316.964601346002
2023-08-31,12935.8462318953,10848.211205683228,18106.902865519012,10316.964601346002
2023-09-01,12935.8462318953,10848.211205683228,18106.902865519012,10316.964601346002
2023-09-05,12935.8462318953,10848.211205683228,18106.902865519012,10316.964601346002
2023-09-06,12935.8462318953,10848.211205683228,18106.902865519012,10316.964601346002
2023-09-07,12935.8462318953,10848.211205683228,18106.902865519012,10316.964601346002
2023-09-08,12935.8462318953,10848.211205683228,18106.902865519012,10316.964601346002
2023-09-11,12935.8462318953,10848.211205683228,18106.902865519012,10316.964601346002
2023-09-12,12935.8462318953,10848.211205683228,18106.902865519012,10316.964601346002
2023-09-13,12935.8462318953,10848.211205683228,18106.902865519012,10316.964601346002
2023-09-14,12935.8462318953,10848.211205683228,18106.902865519012,10316.964601346002
2023-09-15,12935.8462318953,10848.211205683228,18106.902865519012,10316.964601346002
2023-09-18,12935.8462318953,10848.211205683228,18106.902865519012,10316.964601346002
2023-09-19,12935.8462318953,10848.211205683228,18106.902865519012,10316.964601346002
2023-09-20,12935.8462318953,10848.211205683228,18106.902865519012,10316.964601346002
2023-09-21,12675.524894162387,10848.211205683228,17742.519036919555,10316.964601346002
2023-09-22,12981.136794564058,10848.211205683228,18170.298162917174,10316.964601346002
2023-09-25,13257.637018521385,10848.211205683228,18557.328327603667,10316.964601346002
2023-09-26,12544.550583773973,10848.211205683228,17559.188230912143,10316.964601346002
2023-09-27,12851.84937326879,10848.211205683228,17989.328573671843,10316.964601346002
2023-09-28,12851.849373268791,10848.211205683228,17989.328573671843,10316.964601346002
2023-09-29,12851.849373268791,10848.211205683228,17989.328573671843,10316.964601346002
2023-10-02,12851.849373268791,10848.211205683228,17989.328573671843,10316.964601346002
2023-10-03,12851.849373268791,10848.211205683228,17989.328573671843,10316.964601346002
2023-10-04,12851.849373268791,10848.211205683228,17989.328573671843,10316.964601346002
2023-10-05,12851.849373268791,10848.211205683228,17989.328573671843,10316.964601346002
2023-10-06,12851.849373268791,10848.211205683228,17989.328573671843,10316.964601346002
2023-10-09,12851.849373268791,10848.211205683228,17989.328573671843,10316.964601346002
2023-10-10,12851.849373268791,10848.211205683228,17989.328573671843,10316.964601346002
2023-10-11,12851.849373268791,10848.211205683228,17989.328573671843,10316.964601346002
2023-10-12,12851.849373268791,10848.211205683228,17989.328573671843,10316.964601346002
2023-10-13,12851.849373268791,10848.211205683228,17989.328573671843,10316.964601346002
2023-10-16,12851.849373268791,10848.211205683228,17989.328573671843,10316.964601346002
2023-10-17,12851.849373268791,10848.211205683228,17989.328573671843,10316.964601346002
2023-10-18,12851.849373268791,10848.211205683228,17989.328573671843,10316.964601346002
2023-10-19,12851.849373268791,10848.211205683228,17989.328573671843,10316.964601346002
2023-10-20,12851.849373268791,10848.211205683228,17989.328573671843,10316.964601346002
2023-10-23,12870.420006241093,10848.211205683228,18015.32274841331,10316.964601346002
2023-10-24,13380.838503556473,10848.211205683228,18729.77915010321,10316.964601346002
2023-10-25,11755.349115301724,10848.211205683228,16454.50639759552,10316.964601346002
2023-10-26,11566.885893077993,10848.211205683228,16190.705700110897,10316.964601346002
2023-10-27,11845.575229755932,10848.211205683228,16580.800067222433,10316.964601346002
2023-10-30,11845.575229755932,10848.211205683228,16580.800067222433,10316.964601346002
2023-10-31,11845.575229755932,10848.211205683228,16580.800067222433,10316.964601346002
2023-11-01,11845.575229755932,10848.211205683228,16580.800067222433,10316.964601346002
2023-11-02,11845.575229755932,10848.211205683228,16580.800067222433,10316.964601346002
2023-11-03,11845.575229755932,10848.211205683228,16580.800067222433,10316.964601346002
2023-11-06,11845.575229755932,10848.211205683228,16580.800067222433,10316.964601346002
2023-11-07,11845.575229755932,10848.211205683228,16580.800067222433,10316.964601346002
2023-11-08,11845.575229755932,10848.211205683228,16580.800067222433,10316.964601346002
2023-11-09,11845.575229755932,10848.211205683228,16580.800067222433,10316.964601346002
2023-11-10,11845.575229755932,10848.211205683228,16580.800067222433,10316.964601346002
2023-11-13,11845.575229755932,10848.211205683228,16580.800067222433,10316.964601346002
2023-11-14,11845.575229755932,10848.211205683228,16580.800067222433,10316.964601346002
2023-11-15,11845.575229755932,10848.211205683228,16580.800067222433,10316.964601346002
2023-11-16,11845.575229755932,10848.211205683228,16580.800067222433,10316.964601346002
2023-11-17,11845.575229755932,10848.211205683228,16580.800067222433,10316.964601346002
2023-11-20,11845.575229755932,10848.211205683228,16580.800067222433,10316.964601346002
2023-11-21,11845.575229755932,10848.211205683228,16580.800067222433,10316.964601346002
2023-11-22,11845.575229755932,10848.211205683228,16580.800067222433,10316.964601346002
2023-11-24,11845.575229755932,10848.211205683228,16580.800067222433,10316.964601346002
2023-11-27,11845.575229755932,10848.211205683228,16580.800067222433,10316.964601346002
2023-11-28,11845.575229755932,10848.211205683228,16580.800067222433,10316.964601346002
2023-11-29,11845.575229755932,10848.211205683228,16580.800067222433,10316.964601346002
2023-11-30,11845.575229755932,10848.211205683228,16580.800067222433,10316.964601346002
2023-12-01,11845.575229755932,10848.211205683228,16580.800067222433,10316.964601346002
2023-12-04,11845.575229755932,10848.211205683228,16580.800067222433,10316.964601346002
2023-12-05,11845.575229755932,10848.211205683228,16580.800067222433,10316.964601346002
2023-12-06,11845.575229755932,10848.211205683228,16580.800067222433,10316.964601346002
2023-12-07,11845.575229755932,10848.211205683228,16580.800067222433,10316.964601346002
2023-12-08,11845.575229755932,10848.211205683228,16580.800067222433,10316.964601346002
2023-12-11,11845.575229755932,10848.211205683228,16580.800067222433,10316.964601346002
2023-12-12,11845.575229755932,10848.211205683228,16580.800067222433,10316.964601346002
2023-12-13,11845.575229755932,10848.211205683228,16580.800067222433,10316.964601346002
2023-12-14,11845.575229755932,10848.211205683228,16580.800067222433,10316.964601346002
2023-12-15,11845.575229755932,10848.211205683228,16580.800067222433,10316.964601346002
2023-12-18,11845.575229755932,10848.211205683228,16580.800067222433,10316.964601346002
2023-12-19,11845.575229755932,10848.211205683228,16580.800067222433,10316.964601346002
2023-12-20,11845.575229755932,10848.211205683228,16580.800067222433,10316.964601346002
2023-12-21,11845.575229755932,10848.211205683228,16580.800067222433,10316.964601346002
2023-12-22,11845.575229755932,10848.211205683228,16580.800067222433,10316.964601346002
2023-12-26,11845.575229755932,10848.211205683228,16580.800067222433,10316.964601346002
2023-12-27,11845.575229755932,10848.211205683228,16580.800067222433,10316.964601346002
2023-12-28,11845.575229755932,10848.211205683228,16580.800067222433,10316.964601346002
2023-12-29,11845.575229755932,10848.211205683228,16580.800067222433,10316.964601346002
2024-01-02,11845.575229755932,10848.211205683228,16580.800067222433,10316.964601346002
2024-01-03,11845.575229755932,10848.211205683228,16580.800067222433,10316.964601346002
2024-01-04,11845.575229755932,10848.211205683228,16580.800067222433,10316.964601346002
2024-01-05,11845.575229755932,10848.211205683228,16580.800067222433,10316.964601346002
2024-01-08,11845.575229755932,10848.211205683228,16580.800067222433,10316.964601346002
2024-01-09,11845.575229755932,10848.211205683228,16580.800067222433,10316.964601346002
2024-01-10,11845.575229755932,10848.211205683228,16580.800067222433,10316.964601346002
2024-01-11,11845.575229755932,10848.211205683228,16580.800067222433,10316.964601346002
2024-01-12,11845.575229755932,10848.211205683228,16580.800067222433,10316.964601346002
2024-01-16,11845.575229755932,10848.211205683228,16580.800067222433,10316.964601346002
2024-01-17,11845.575229755932,10848.211205683228,16580.800067222433,10316.964601346002
2024-01-18,11845.575229755932,10848.211205683228,16580.800067222433,10316.964601346002
2024-01-19,11845.575229755932,10848.211205683228,16580.800067222433,10316.964601346002
2024-01-22,11845.575229755932,10848.211205683228,16580.800067222433,10316.964601346002
2024-01-23,11845.575229755932,10848.211205683228,16580.800067222433,10316.964601346002
2024-01-24,11845.575229755932,10848.211205683228,16580.800067222433,10316.964601346002
2024-01-25,11845.575229755932,10848.211205683228,16580.800067222433,10316.964601346002
2024-01-26,11845.575229755932,10848.211205683228,16580.800067222433,10316.964601346002
2024-01-29,11845.575229755932,10848.211205683228,16580.800067222433,10316.964601346002
2024-01-30,11845.575229755932,10848.211205683228,16580.800067222433,10316.964601346002
2024-01-31,11845.575229755932,10848.211205683228,16580.800067222433,10316.964601346002
2024-02-01,11845.575229755932,10848.211205683228,16580.800067222433,10316.964601346002
2024-02-02,11845.575229755932,10848.211205683228,16580.800067222433,10316.964601346002
2024-02-05,11845.575229755932,10848.211205683228,16580.800067222433,10316.964601346002
2024-02-06,11845.575229755932,10848.211205683228,16580.800067222433,10316.964601346002
2024-02-07,11845.575229755932,10848.211205683228,16580.800067222433,10316.964601346002
2024-02-08,11845.575229755932,10848.211205683228,16580.800067222433,10316.964601346002
2024-02-09,11845.575229755932,10848.211205683228,16580.800067222433,10316.964601346002
2024-02-12,11845.575229755932,10848.211205683228,16580.800067222433,10316.964601346002
2024-02-13,11845.575229755932,10848.211205683228,16580.800067222433,10316.964601346002
2024-02-14,11845.575229755932,10848.211205683228,16580.800067222433,10316.964601346002
2024-02-15,11845.575229755932,10848.211205683228,16580.800067222433,10316.964601346002
2024-02-16,11845.575229755932,10848.211205683228,16580.800067222433,10316.964601346002
2024-02-20,11845.575229755932,10848.211205683228,16580.800067222433,10316.964601346002
2024-02-21,11845.575229755932,10848.211205683228,16580.800067222433,10316.964601346002
2024-02-22,11845.575229755932,10848.211205683228,16580.800067222433,10316.964601346002
2024-02-23,11845.575229755932,10848.211205683228,16580.800067222433,10316.964601346002
2024-02-26,11845.575229755932,10848.211205683228,16580.800067222433,10316.964601346002
2024-02-27,11845.575229755932,10848.211205683228,16580.800067222433,10316.964601346002
2024-02-28,11845.575229755932,10848.211205683228,16580.800067222433,10316.964601346002
2024-02-29,11845.575229755932,10848.211205683228,16580.800067222433,10316.964601346002
2024-03-01,11845.575229755932,10848.211205683228,16580.800067222433,10316.964601346002
2024-03-04,11845.575229755932,10848.211205683228,16580.800067222433,10316.964601346002
2024-03-05,11845.575229755932,10848.211205683228,16580.800067222433,10316.964601346002
2024-03-06,11845.575229755932,10848.211205683228,16580.800067222433,10316.964601346002
2024-03-07,11845.575229755932,10848.211205683228,16580.800067222433,10316.964601346002
2024-03-08,11845.575229755932,10848.211205683228,16580.800067222433,10316.964601346002
2024-03-11,11845.575229755932,10848.211205683228,16580.800067222433,10316.964601346002
2024-03-12,11845.575229755932,10848.211205683228,16580.800067222433,10316.964601346002
2024-03-13,11845.575229755932,10848.211205683228,16580.800067222433,10316.964601346002
2024-03-14,11845.575229755932,10848.211205683228,16580.800067222433,10316.964601346002
2024-03-15,11845.575229755932,10848.211205683228,16580.800067222433,10316.964601346002
2024-03-18,11845.575229755932,10848.211205683228,16580.800067222433,10316.964601346002
2024-03-19,11845.575229755932,10848.211205683228,16580.800067222433,10316.964601346002
2024-03-20,11845.575229755932,10848.211205683228,16580.800067222433,10316.964601346002
2024-03-21,11845.575229755932,10848.211205683228,16580.800067222433,10316.964601346002
2024-03-22,11845.575229755932,10848.211205683228,16580.800067222433,10316.964601346002
2024-03-25,11845.575229755932,10848.211205683228,16580.800067222433,10316.964601346002
2024-03-26,11845.575229755932,10848.211205683228,16580.800067222433,10316.964601346002
2024-03-27,11845.575229755932,10848.211205683228,16580.800067222433,10316.964601346002
2024-03-28,11845.575229755932,10848.211205683228,16580.800067222433,10316.964601346002
2024-04-01,11845.575229755932,10848.211205683228,16580.800067222433,10316.964601346002
2024-04-02,11845.575229755932,10848.211205683228,16580.800067222433,10316.964601346002
2024-04-03,11845.575229755932,10848.211205683228,16580.800067222433,10316.964601346002
2024-04-04,11845.575229755932,10848.211205683228,16580.800067222433,10316.964601346002
2024-04-05,11845.575229755932,10848.211205683228,16580.800067222433,10316.964601346002
2024-04-08,11845.575229755932,10848.211205683228,16580.800067222433,10316.964601346002
2024-04-09,11845.575229755932,10848.211205683228,16580.800067222433,10316.964601346002
2024-04-10,11845.575229755932,10848.211205683228,16580.800067222433,10316.964601346002
2024-04-11,11845.575229755932,10848.211205683228,16580.800067222433,10316.964601346002
2024-04-12,11845.575229755932,10848.211205683228,16580.800067222433,10316.964601346002
2024-04-15,11845.575229755932,10848.211205683228,16580.800067222433,10316.964601346002
2024-04-16,12068.928069647422,10848.211205683228,16580.800067222433,10316.964601346002
2024-04-17,11032.917354775764,10848.211205683228,16580.800067222433,10316.964601346002
2024-04-18,10413.682095983033,10848.211205683228,16580.800067222433,10316.964601346002
2024-04-19,10413.682095983033,10848.211205683228,16580.800067222433,10316.964601346002
2024-04-22,10413.682095983033,10848.211205683228,16580.800067222433,10316.964601346002
2024-04-23,10413.682095983033,10848.211205683228,16580.800067222433,10316.964601346002
2024-04-24,10413.682095983033,10848.211205683228,16580.800067222433,10316.964601346002
2024-04-25,10413.682095983033,10848.211205683228,16580.800067222433,10316.964601346002
2024-04-26,10413.682095983033,10848.211205683228,16580.800067222433,10316.964601346002
2024-04-29,10413.682095983033,10848.211205683228,16580.800067222433,10316.964601346002
2024-04-30,10413.682095983033,10848.211205683228,16580.800067222433,10316.964601346002
2024-05-01,10413.682095983033,10848.211205683228,16580.800067222433,10316.964601346002
2024-05-02,10413.682095983033,10848.211205683228,16580.800067222433,10316.964601346002
2024-05-03,10413.682095983033,10848.211205683228,16580.800067222433,10316.964601346002
2024-05-06,10413.682095983033,10848.211205683228,16580.800067222433,10316.964601346002
2024-05-07,10413.682095983033,10848.211205683228,16580.800067222433,10316.964601346002
2024-05-08,10413.682095983033,10848.211205683228,16580.800067222433,10316.964601346002
2024-05-09,10413.682095983033,10848.211205683228,16580.800067222433,10316.964601346002
2024-05-10,10413.682095983033,10848.211205683228,16580.800067222433,10316.964601346002
2024-05-13,10413.682095983033,10848.211205683228,16580.800067222433,10316.964601346002
2024-05-14,10413.682095983033,10848.211205683228,16580.800067222433,10316.964601346002
2024-05-15,10413.682095983033,10848.211205683228,16580.800067222433,10316.964601346002
2024-05-16,10413.682095983033,10848.211205683228,16580.800067222433,10316.964601346002
2024-05-17,10413.682095983033,10848.211205683228,16580.800067222433,10316.964601346002
2024-05-20,10413.682095983033,10848.211205683228,16580.800067222433,10316.964601346002
2024-05-21,10413.682095983033,10848.211205683228,16580.800067222433,10316.964601346002
2024-05-22,10413.682095983033,10848.211205683228,16580.800067222433,10316.964601346002
2024-05-23,10413.682095983033,10848.211205683228,16580.800067222433,10316.964601346002
2024-05-24,10413.682095983033,10848.211205683228,16580.800067222433,10316.964601346002
2024-05-28,10413.682095983033,10848.211205683228,16580.800067222433,10316.964601346002
2024-05-29,10413.682095983033,10848.211205683228,16580.800067222433,10316.964601346002
2024-05-30,10413.682095983033,10848.211205683228,16580.800067222433,10316.964601346002
2024-05-31,10413.682095983033,10848.211205683228,16580.800067222433,10316.964601346002
2024-06-03,10413.682095983033,10848.211205683228,16580.800067222433,10316.964601346002
2024-06-04,10413.682095983033,10848.211205683228,16580.800067222433,10316.964601346002
2024-06-05,10413.682095983033,10848.211205683228,16580.800067222433,10316.964601346002
2024-06-06,10413.682095983033,10848.211205683228,16580.800067222433,10316.964601346002
2024-06-07,10413.682095983033,10848.211205683228,16580.800067222433,10316.964601346002
2024-06-10,10413.682095983033,10848.211205683228,16580.800067222433,10316.964601346002
2024-06-11,10413.682095983033,10848.211205683228,16580.800067222433,10316.964601346002
2024-06-12,10413.682095983033,10848.211205683228,16580.800067222433,10316.964601346002
2024-06-13,10413.682095983033,10848.211205683228,16580.800067222433,10316.964601346002
2024-06-14,10413.682095983033,10848.211205683228,16580.800067222433,10316.964601346002
2024-06-17,10413.682095983033,10848.211205683228,16580.800067222433,10316.964601346002
2024-06-18,10413.682095983033,10848.211205683228,16580.800067222433,10316.964601346002
2024-06-20,10413.682095983033,10848.211205683228,16580.800067222433,10316.964601346002
2024-06-21,10413.682095983033,10848.211205683228,16580.800067222433,10316.964601346002
2024-06-24,10413.682095983033,10848.211205683228,16580.800067222433,10316.964601346002
2024-06-25,10413.682095983033,10848.211205683228,16580.800067222433,10316.964601346002
2024-06-26,10413.682095983033,10848.211205683228,16580.800067222433,10316.964601346002
2024-06-27,10413.682095983033,10848.211205683228,16580.800067222433,10316.964601346002
2024-06-28,10413.682095983033,10848.211205683228,16580.800067222433,10316.964601346002
2024-07-01,10413.682095983033,10848.211205683228,16580.800067222433,10316.964601346002
2024-07-02,10413.682095983033,10848.211205683228,16580.800067222433,10316.964601346002
2024-07-03,10413.682095983033,10848.211205683228,16580.800067222433,10316.964601346002
2024-07-05,10413.682095983033,10848.211205683228,16580.800067222433,10316.964601346002
2024-07-08,10413.682095983033,10848.211205683228,16580.800067222433,10316.964601346002
2024-07-09,10413.682095983033,10848.211205683228,16580.800067222433,10316.964601346002
2024-07-10,10413.682095983033,10848.211205683228,16580.800067222433,10316.964601346002
2024-07-11,10413.682095983033,10848.211205683228,16580.800067222433,10316.964601346002
2024-07-12,10413.682095983033,10848.211205683228,16580.800067222433,10316.964601346002
2024-07-15,10413.682095983033,10848.211205683228,16580.800067222433,10316.964601346002
2024-07-16,10413.682095983033,10848.211205683228,16580.800067222433,10316.964601346002
2024-07-17,10413.682095983033,10848.211205683228,16580.800067222433,10316.964601346002
2024-07-18,10413.682095983033,10848.211205683228,16580.800067222433,10316.964601346002
2024-07-19,10413.682095983033,10848.211205683228,16580.800067222433,10316.964601346002
2024-07-22,11001.90927794623,11460.983196228446,17517.383036468218,10899.72859950999
2024-07-23,10503.051466550669,10941.309669636787,16723.095141323753,10405.503950261458
2024-07-24,9154.876204220604,9536.87943514024,14576.512955096587,9069.849920335297
2024-07-25,9154.876204220604,9536.87943514024,14576.512955096587,9069.849920335299
2024-07-26,9154.876204220604,9536.87943514024,14576.512955096587,9069.849920335299
2024-07-29,9154.876204220604,9536.87943514024,14576.512955096587,9069.849920335299
2024-07-30,9154.876204220604,9536.87943514024,14576.512955096587,9069.849920335299
2024-07-31,9154.876204220604,9536.87943514024,14576.512955096587,9069.849920335299
2024-08-01,9154.876204220604,9536.87943514024,14576.512955096587,9069.849920335299
2024-08-02,9154.876204220604,9536.87943514024,14576.512955096587,9069.849920335299
2024-08-05,10974.86559361966,9536.87943514024,17474.323730569788,9069.849920335299
2024-08-06,10974.86559361966,9536.87943514024,17474.323730569788,9069.849920335299
2024-08-07,10974.86559361966,9536.87943514024,17474.323730569788,9069.849920335299
2024-08-08,10974.86559361966,9536.87943514024,17474.323730569788,9069.849920335299
2024-08-09,10974.86559361966,9536.87943514024,17474.323730569788,9069.849920335299
2024-08-12,10974.86559361966,9536.87943514024,17474.323730569788,9069.849920335299
2024-08-13,10974.86559361966,9536.87943514024,17474.323730569788,9069.849920335299
2024-08-14,10974.86559361966,9536.87943514024,17474.323730569788,9069.849920335299
2024-08-15,10974.86559361966,9536.87943514024,17474.323730569788,9069.849920335299
2024-08-16,10974.86559361966,9536.87943514024,17474.323730569788,9069.849920335299
2024-08-19,10974.86559361966,9536.87943514024,17474.323730569788,9069.849920335299
2024-08-20,10974.86559361966,9536.87943514024,17474.323730569788,9069.849920335299
2024-08-21,10974.86559361966,9536.87943514024,17474.323730569788,9069.849920335299
2024-08-22,10974.86559361966,9536.87943514024,17474.323730569788,9069.849920335299
2024-08-23,10974.86559361966,9536.87943514024,17474.323730569788,9069.849920335299
2024-08-26,10974.86559361966,9536.87943514024,17474.323730569788,9069.849920335299
2024-08-27,10974.86559361966,9536.87943514024,17474.323730569788,9069.849920335299
2024-08-28,10974.86559361966,9536.87943514024,17474.323730569788,9069.849920335299
2024-08-29,10974.86559361966,9536.87943514024,17474.323730569788,9069.849920335299
2024-08-30,10974.86559361966,9536.87943514024,17474.323730569788,9069.849920335299
2024-09-03,10974.86559361966,9536.87943514024,17474.323730569788,9069.849920335299
2024-09-04,10974.86559361966,9536.87943514024,17474.323730569788,9069.849920335299
2024-09-05,10974.86559361966,9536.87943514024,17474.323730569788,9069.849920335299
2024-09-06,10974.86559361966,9536.87943514024,17474.323730569788,9069.849920335299
2024-09-09,11064.74699701259,9536.87943514024,17474.323730569788,9069.849920335299
2024-09-10,11435.857893750588,9536.87943514024,17474.323730569788,9069.849920335299
2024-09-11,12996.941555284957,9536.87943514024,17474.323730569788,9069.849920335299
2024-09-12,13156.668873631246,9536.87943514024,17474.323730569788,9069.849920335299
2024-09-13,13156.668873631246,9536.87943514024,17474.323730569788,9069.849920335299
2024-09-16,13156.668873631246,9536.87943514024,17474.323730569788,9069.849920335299
2024-09-17,13156.668873631246,9536.87943514024,17474.323730569788,9069.849920335299
2024-09-18,13156.668873631246,9536.87943514024,17474.323730569788,9069.849920335299
2024-09-19,13156.668873631246,9536.87943514024,17474.323730569788,9069.849920335299
2024-09-20,13156.668873631246,9536.87943514024,17474.323730569788,9069.849920335299
2024-09-23,13156.668873631246,9536.87943514024,17474.323730569788,9069.849920335299
2024-09-24,13156.668873631246,9536.87943514024,17474.323730569788,9069.849920335299
2024-09-25,13156.668873631246,9536.87943514024,17474.323730569788,9069.849920335299
2024-09-26,13156.668873631246,9536.87943514024,17474.323730569788,9069.849920335299
2024-09-27,13156.668873631246,9536.87943514024,17474.323730569788,9069.849920335299
2024-09-30,13156.668873631246,9536.87943514024,17474.323730569788,9069.849920335299
2024-10-01,13156.668873631246,9536.87943514024,17474.323730569788,9069.849920335299
2024-10-02,13156.668873631246,9536.87943514024,17474.323730569788,9069.849920335299
2024-10-03,13156.668873631246,9536.87943514024,17474.323730569788,9069.849920335299
2024-10-04,13156.668873631246,9536.87943514024,17474.323730569788,9069.849920335299
2024-10-07,13156.668873631246,9536.87943514024,17474.323730569788,9069.849920335299
2024-10-08,13156.668873631246,9536.87943514024,17474.323730569788,9069.849920335299
2024-10-09,13156.668873631246,9536.87943514024,17474.323730569788,9069.849920335299
2024-10-10,13156.668873631246,9536.87943514024,17474.323730569788,9069.849920335299
2024-10-11,13156.668873631246,9536.87943514024,17474.323730569788,9069.849920335299
2024-10-14,13156.668873631246,9536.87943514024,17474.323730569788,9069.849920335299
2024-10-15,13156.668873631246,9536.87943514024,17474.323730569788,9069.849920335299
2024-10-16,13156.668873631246,9536.87943514024,17474.323730569788,9069.849920335299
2024-10-17,13156.668873631246,9536.87943514024,17474.323730569788,9069.849920335299
2024-10-18,13156.668873631246,9536.87943514024,17474.323730569788,9069.849920335299
2024-10-21,13156.668873631246,9536.87943514024,17474.323730569788,9069.849920335299
2024-10-22,13156.668873631246,9536.87943514024,17474.323730569788,9069.849920335299
2024-10-23,13156.668873631246,9536.87943514024,17474.323730569788,9069.849920335299
2024-10-24,13156.668873631246,9536.87943514024,17474.323730569788,9069.849920335299
2024-10-25,13156.668873631246,9536.87943514024,17474.323730569788,9069.849920335299
2024-10-28,13156.668873631246,9536.87943514024,17474.323730569788,9069.849920335299
2024-10-29,13156.668873631246,9536.87943514024,17474.323730569788,9069.849920335299
2024-10-30,13156.668873631246,9536.87943514024,17474.323730569788,9069.849920335299
2024-10-31,13156.668873631246,9536.87943514024,17474.323730569788,9069.849920335299
2024-11-01,13203.482516564743,9570.813257817137,17474.323730569788,9069.849920335299
2024-11-04,12997.914151186958,9421.802840733826,17474.323730569788,9069.849920335299
2024-11-05,13439.028897593826,9741.553850199163,17474.323730569788,9069.849920335299
2024-11-06,14612.482234012039,10592.155404412697,17474.323730569788,9069.849920335299
2024-11-07,15492.052241394807,11229.729641154865,17474.323730569788,9069.849920335299
2024-11-08,15492.05224139481,11229.729641154865,17474.323730569788,9069.849920335299
2024-11-11,15492.05224139481,11229.729641154865,17474.323730569788,9069.849920335299
2024-11-12,15492.05224139481,11229.729641154865,17474.323730569788,9069.849920335299
2024-11-13,15492.05224139481,11229.729641154865,17474.323730569788,9069.849920335299
2024-11-14,15492.05224139481,11229.729641154865,17474.323730569788,9069.849920335299
2024-11-15,15492.05224139481,11229.729641154865,17474.323730569788,9069.849920335299
2024-11-18,16038.83286946945,11626.074717367068,17474.323730569788,9069.849920335299
2024-11-19,16143.169767528156,11701.705443273431,17474.323730569788,9069.849920335299
2024-11-20,15725.82329129147,11399.183348601959,17474.323730569788,9069.849920335299
2024-11-21,16514.143173073946,11970.613073032539,17474.323730569788,9069.849920335299
2024-11-22,16497.629029900872,11958.642459959505,17474.323730569788,9069.849920335299
2024-11-25,16497.629029900872,11958.642459959507,17474.323730569788,9069.849920335299
2024-11-26,16497.629029900872,11958.642459959507,17474.323730569788,9069.849920335299
2024-11-27,16497.629029900872,11958.642459959507,17474.323730569788,9069.849920335299
2024-11-29,16497.629029900872,11958.642459959507,17474.323730569788,9069.849920335299
2024-12-02,16497.629029900872,11958.642459959507,17474.323730569788,9069.849920335299
2024-12-03,16497.629029900872,11958.642459959507,17474.323730569788,9069.849920335299
2024-12-04,16497.629029900872,11958.642459959507,17474.323730569788,9069.849920335299
2024-12-05,16497.629029900872,11958.642459959507,17474.323730569788,9069.849920335299
2024-12-06,16497.629029900872,11958.642459959507,17474.323730569788,9069.849920335299
2024-12-09,16497.629029900872,11958.642459959507,17474.323730569788,9069.849920335299
2024-12-10,16497.629029900872,11958.642459959507,17474.323730569788,9069.849920335299
2024-12-11,16497.629029900872,11958.642459959507,17474.323730569788,9069.849920335299
2024-12-12,16497.629029900872,11958.642459959507,17474.323730569788,9069.849920335299
2024-12-13,16497.629029900872,11958.642459959507,17474.323730569788,9069.849920335299
2024-12-16,16497.629029900872,11958.642459959507,17474.323730569788,9069.849920335299
2024-12-17,16497.629029900872,11958.642459959507,17474.323730569788,9069.849920335299
2024-12-18,16497.629029900872,11958.642459959507,17474.323730569788,9069.849920335299
2024-12-19,16497.629029900872,11958.642459959507,17474.323730569788,9069.849920335299
2024-12-20,17425.845465644572,12631.47905122959,18457.492552030337,9580.152567492984
2024-12-23,18940.995902388277,13729.766709003303,20062.343114749823,10413.132084918734
2024-12-24,19510.698591646415,14142.727308188047,20665.773413990388,10726.33575081628
2024-12-26,19777.357681045167,14336.020580999455,20948.21928820706,10872.936084497955
2024-12-27,19777.357681045163,14336.020580999455,20948.21928820706,10872.936084497955
2024-12-30,19777.357681045163,14336.020580999455,20948.21928820706,10872.936084497955
2024-12-31,19777.357681045163,14336.020580999455,20948.21928820706,10872.936084497955
2025-01-02,19777.357681045163,14336.020580999455,20948.21928820706,10872.936084497955
2025-01-03,19777.357681045163,14336.020580999455,20948.21928820706,10872.936084497955
2025-01-06,19777.357681045163,14336.020580999455,20948.21928820706,10872.936084497955
2025-01-07,19777.357681045163,14336.020580999455,20948.21928820706,10872.936084497955
2025-01-08,19777.357681045163,14336.020580999455,20948.21928820706,10872.936084497955
2025-01-10,19777.357681045163,14336.020580999455,20948.21928820706,10872.936084497955
2025-01-13,19777.357681045163,14336.020580999455,20948.21928820706,10872.936084497955
2025-01-14,19777.357681045163,14336.020580999455,20948.21928820706,10872.936084497955
2025-01-15,19777.357681045163,14336.020580999455,20948.21928820706,10872.936084497955
2025-01-16,19777.357681045163,14336.020580999455,20948.21928820706,10872.936084497955
2025-01-17,19777.357681045163,14336.020580999455,20948.21928820706,10872.936084497955
2025-01-21,19777.357681045163,14336.020580999455,20948.21928820706,10872.936084497955
2025-01-22,19777.357681045163,14336.020580999455,20948.21928820706,10872.936084497955
2025-01-23,19777.357681045163,14336.020580999455,20948.21928820706,10872.936084497955
2025-01-24,19777.357681045163,14336.020580999455,20948.21928820706,10872.936084497955
2025-01-27,19777.357681045163,14336.020580999455,20948.21928820706,10872.936084497955
2025-01-28,19703.23585348414,14336.020580999455,20869.709290924708,10872.936084497955
2025-01-29,19943.991641909593,14336.020580999455,21124.718333698667,10872.936084497955
2025-01-30,21085.646262655868,14336.020580999455,22333.961334330084,10872.936084497955
2025-01-31,20984.681752923654,14336.020580999455,22227.01951104376,10872.936084497955
2025-02-03,19869.738572989547,14336.020580999455,21046.06932528991,10872.936084497955
2025-02-04,19869.738572989547,14336.020580999455,21046.06932528991,10872.936084497955
2025-02-05,19869.738572989547,14336.020580999455,21046.06932528991,10872.936084497955
2025-02-06,19869.738572989547,14336.020580999455,21046.06932528991,10872.936084497955
2025-02-07,19869.738572989547,14336.020580999455,21046.06932528991,10872.936084497955
2025-02-10,19869.738572989547,14336.020580999455,21046.06932528991,10872.936084497955
2025-02-11,19869.738572989547,14336.020580999455,21046.06932528991,10872.936084497955
2025-02-12,19869.738572989547,14336.020580999455,21046.06932528991,10872.936084497955
2025-02-13,19869.738572989547,14336.020580999455,21046.06932528991,10872.936084497955
2025-02-14,19869.738572989547,14336.020580999455,21046.06932528991,10872.936084497955
2025-02-18,19869.738572989547,14336.020580999455,21046.06932528991,10872.936084497955
2025-02-19,19869.738572989547,14336.020580999455,21046.06932528991,10872.936084497955
2025-02-20,19869.738572989547,14336.020580999455,21046.06932528991,10872.936084497955
2025-02-21,19869.738572989547,14336.020580999455,21046.06932528991,10872.936084497955
2025-02-24,19869.738572989547,14336.020580999455,21046.06932528991,10872.936084497955
2025-02-25,19869.738572989547,14336.020580999455,21046.06932528991,10872.936084497955
2025-02-26,19869.738572989547,14336.020580999455,21046.06932528991,10872.936084497955
2025-02-27,19869.738572989547,14336.020580999455,21046.06932528991,10872.936084497955
2025-02-28,20696.696169634237,14336.020580999455,21046.06932528991,10872.936084497955
2025-03-03,18675.284847184055,14336.020580999455,21046.06932528991,10872.936084497955
2025-03-04,17467.884574286574,14336.020580999455,21046.06932528991,10872.936084497955
2025-03-05,17467.88457428657,14336.020580999455,21046.06932528991,10872.936084497955
2025-03-06,17467.88457428657,14336.020580999455,21046.06932528991,10872.936084497955
2025-03-07,18685.38718980873,14336.020580999455,22512.969586797262,10872.936084497955
2025-03-10,15356.366686946809,14336.020580999455,18502.02046524887,10872.936084497955
2025-03-11,15356.36668694681,14336.020580999455,18502.02046524887,10872.936084497955
2025-03-12,15356.36668694681,14336.020580999455,18502.02046524887,10872.936084497955
2025-03-13,15356.36668694681,14336.020580999455,18502.02046524887,10872.936084497955
2025-03-14,15356.36668694681,14336.020580999455,18502.02046524887,10872.936084497955
2025-03-17,15356.36668694681,14336.020580999455,18502.02046524887,10872.936084497955
2025-03-18,15356.36668694681,14336.020580999455,18502.02046524887,10872.936084497955
2025-03-19,15356.36668694681,14336.020580999455,18502.02046524887,10872.936084497955
2025-03-20,15356.36668694681,14336.020580999455,18502.02046524887,10872.936084497955
2025-03-21,15356.36668694681,14336.020580999455,18502.02046524887,10872.936084497955
2025-03-24,15356.36668694681,14336.020580999455,18502.02046524887,10872.936084497955
2025-03-25,15356.36668694681,14336.020580999455,18502.02046524887,10872.936084497955
2025-03-26,15356.36668694681,14336.020580999455,18502.02046524887,10872.936084497955
2025-03-27,15356.36668694681,14336.020580999455,18502.02046524887,10872.936084497955
2025-03-28,15356.36668694681,14336.020580999455,18502.02046524887,10872.936084497955
2025-03-31,16236.852111913055,14336.020580999455,18502.02046524887,10872.936084497955
2025-04-01,16236.852111913055,14336.020580999455,18502.02046524887,10872.936084497955
2025-04-02,16552.42713278232,14336.020580999455,18502.02046524887,10872.936084497955
2025-04-03,13500.08908182868,14336.020580999455,18502.02046524887,10872.936084497955
2025-04-04,13500.08908182868,14336.020580999455,18502.02046524887,10872.936084497955
2025-04-07,13500.08908182868,14336.020580999455,18502.02046524887,10872.936084497955
2025-04-08,13500.08908182868,14336.020580999455,18502.02046524887,10872.936084497955
2025-04-09,13500.08908182868,14336.020580999455,18502.02046524887,10872.936084497955
2025-04-10,13500.08908182868,14336.020580999455,18502.02046524887,10872.936084497955
2025-04-11,13500.08908182868,14336.020580999455,18502.02046524887,10872.936084497955
2025-04-14,13500.08908182868,14336.020580999455,18502.02046524887,10872.936084497955
2025-04-15,13500.08908182868,14336.020580999455,18502.02046524887,10872.936084497955
2025-04-16,13500.08908182868,14336.020580999455,18502.02046524887,10872.936084497955
2025-04-17,13500.08908182868,14336.020580999455,18502.02046524887,10872.936084497955
2025-04-21,13500.08908182868,14336.020580999455,18502.02046524887,10872.936084497955
2025-04-22,13500.08908182868,14336.020580999455,18502.02046524887,10872.936084497955
2025-04-23,13500.08908182868,14336.020580999455,18502.02046524887,10872.936084497955
2025-04-24,13500.08908182868,14336.020580999455,18502.02046524887,10872.936084497955
2025-04-25,13500.08908182868,14336.020580999455,18502.02046524887,10872.936084497955
2025-04-28,13500.08908182868,14336.020580999455,18502.02046524887,10872.936084497955
2025-04-29,13500.08908182868,14336.020580999455,18502.02046524887,10872.936084497955
2025-04-30,13500.08908182868,14336.020580999455,18502.02046524887,10872.936084497955
2025-05-01,13500.08908182868,14336.020580999455,18502.02046524887,10872.936084497955
2025-05-02,13500.08908182868,14336.020580999455,18502.02046524887,10872.936084497955
2025-05-05,13500.08908182868,14336.020580999455,18502.02046524887,10872.936084497955
2025-05-06,13500.08908182868,14336.020580999455,18502.02046524887,10872.936084497955
2025-05-07,13500.08908182868,14336.020580999455,18502.02046524887,10872.936084497955
2025-05-08,13500.08908182868,14336.020580999455,18502.02046524887,10872.936084497955
2025-05-09,13500.08908182868,14336.020580999455,18502.02046524887,10872.936084497955
2025-05-12,13500.08908182868,14336.020580999455,18502.02046524887,10872.936084497955
2025-05-13,13500.08908182868,14336.020580999455,18502.02046524887,10872.936084497955
2025-05-14,13500.08908182868,14336.020580999455,18502.02046524887,10872.936084497955
2025-05-15,13500.08908182868,14336.020580999455,18502.02046524887,10872.936084497955
2025-05-16,13500.08908182868,14336.020580999455,18502.02046524887,10872.936084497955
2025-05-19,13500.08908182868,14336.020580999455,18502.02046524887,10872.936084497955
2025-05-20,13500.08908182868,14336.020580999455,18502.02046524887,10872.936084497955
2025-05-21,13500.08908182868,14336.020580999455,18502.02046524887,10872.936084497955
2025-05-22,13500.08908182868,14336.020580999455,18502.02046524887,10872.936084497955
2025-05-23,13500.08908182868,14336.020580999455,18502.02046524887,10872.936084497955
2025-05-27,13500.08908182868,14336.020580999455,18502.02046524887,10872.936084497955
2025-05-28,13500.08908182868,14336.020580999455,18502.02046524887,10872.936084497955
2025-05-29,13500.08908182868,14336.020580999455,18502.02046524887,10872.936084497955
2025-05-30,13500.08908182868,14336.020580999455,18502.02046524887,10872.936084497955
2025-06-02,13500.08908182868,14336.020580999455,18502.02046524887,10872.936084497955
2025-06-03,13500.08908182868,14336.020580999455,18502.02046524887,10872.936084497955
2025-06-04,13500.08908182868,14336.020580999455,18502.02046524887,10872.936084497955
2025-06-05,13500.08908182868,14336.020580999455,18502.02046524887,10872.936084497955
2025-06-06,13500.08908182868,14336.020580999455,18502.02046524887,10872.936084497955
2025-06-09,13500.08908182868,14336.020580999455,18502.02046524887,10872.936084497955
2025-06-10,13500.08908182868,14336.020580999455,18502.02046524887,10872.936084497955
2025-06-11,13500.08908182868,14336.020580999455,18502.02046524887,10872.936084497955
2025-06-12,13500.08908182868,14336.020580999455,18502.02046524887,10872.936084497955
2025-06-13,13500.08908182868,14336.020580999455,18502.02046524887,10872.936084497955
2025-06-16,13500.08908182868,14336.020580999455,18502.02046524887,10872.936084497955
2025-06-17,13500.08908182868,14336.020580999455,18502.02046524887,10872.936084497955
2025-06-18,13500.08908182868,14336.020580999455,18502.02046524887,10872.936084497955
2025-06-20,13500.08908182868,14336.020580999455,18502.02046524887,10872.936084497955
2025-06-23,13500.08908182868,14336.020580999455,18502.02046524887,10872.936084497955
2025-06-24,13500.08908182868,14336.020580999455,18502.02046524887,10872.936084497955
2025-06-25,13500.08908182868,14336.020580999455,18502.02046524887,10872.936084497955
2025-06-26,13500.08908182868,14336.020580999455,18502.02046524887,10872.936084497955
2025-06-27,13500.08908182868,14336.020580999455,18502.02046524887,10872.936084497955
2025-06-30,13500.08908182868,14336.020580999455,18502.02046524887,10872.936084497955
2025-07-01,13500.08908182868,14336.020580999455,18502.02046524887,10872.936084497955
2025-07-02,13500.08908182868,14336.020580999455,18502.02046524887,10872.936084497955
2025-07-03,13500.08908182868,14336.020580999455,18502.02046524887,10872.936084497955
2025-07-07,13500.08908182868,14336.020580999455,18502.02046524887,10872.936084497955
2025-07-08,13500.08908182868,14336.020580999455,18502.02046524887,10872.936084497955
2025-07-09,13500.08908182868,14336.020580999455,18502.02046524887,10872.936084497955
2025-07-10,13500.08908182868,14336.020580999455,18502.02046524887,10872.936084497955
2025-07-11,13500.08908182868,14336.020580999455,18502.02046524887,10872.936084497955
2025-07-14,13500.08908182868,14336.020580999455,18502.02046524887,10872.936084497955
2025-07-15,13500.08908182868,14336.020580999455,18502.02046524887,10872.936084497955
2025-07-16,13500.08908182868,14336.020580999455,18502.02046524887,10872.936084497955
2025-07-17,13500.08908182868,14336.020580999455,18502.02046524887,10872.936084497955
2025-07-18,13500.08908182868,14336.020580999455,18502.02046524887,10872.936084497955
2025-07-21,13500.08908182868,14336.020580999455,18502.02046524887,10872.936084497955
2025-07-22,13500.08908182868,14336.020580999455,18502.02046524887,10872.936084497955
2025-07-23,13500.08908182868,14336.020580999455,18502.02046524887,10872.936084497955
2025-07-24,13500.08908182868,14336.020580999455,18502.02046524887,10872.936084497955
2025-07-25,13500.08908182868,14336.020580999455,18502.02046524887,10872.936084497955
2025-07-28,13500.08908182868,14336.020580999455,18502.02046524887,10872.936084497955
2025-07-29,13500.08908182868,14336.020580999455,18502.02046524887,10872.936084497955
2025-07-30,13500.08908182868,14336.020580999455,18502.02046524887,10872.936084497955
2025-07-31,13500.08908182868,14336.020580999455,18502.02046524887,10872.936084497955
2025-08-01,13772.577935731557,14625.382065502745,18875.469434430062,11092.397887621313
2025-08-04,14298.772929697216,15184.159286703773,19596.625457035014,11516.193945757872
2025-08-05,14024.236648329643,14892.623597119757,19220.370466010314,11295.083149962958
2025-08-06,13721.102587580153,14570.719340979991,18804.921904026352,11050.939778198106
2025-08-07,14284.47415676752,15168.975127417069,19577.02883157798,11504.677751812114
2025-08-08,14284.47415676752,15168.975127417069,19577.02883157798,11504.677751812113
2025-08-11,14284.47415676752,15168.975127417069,19577.02883157798,11504.677751812113
2025-08-12,14284.47415676752,15168.975127417069,19577.02883157798,11504.677751812113
2025-08-13,14284.47415676752,15168.975127417069,19577.02883157798,11504.677751812113
2025-08-14,14284.47415676752,15168.975127417069,19577.02883157798,11504.677751812113
2025-08-15,14284.47415676752,15168.975127417069,19577.02883157798,11504.677751812113
2025-08-18,14284.47415676752,15168.975127417069,19577.02883157798,11504.677751812113
2025-08-19,14284.47415676752,15168.975127417069,19577.02883157798,11504.677751812113
2025-08-20,14284.47415676752,15168.975127417069,19577.02883157798,11504.677751812113
2025-08-21,14284.47415676752,15168.975127417069,19577.02883157798,11504.677751812113
2025-08-22,14284.47415676752,15168.975127417069,19577.02883157798,11504.677751812113
2025-08-25,14284.47415676752,15168.975127417069,19577.02883157798,11504.677751812113
2025-08-26,14284.47415676752,15168.975127417069,19577.02883157798,11504.677751812113
2025-08-27,14284.47415676752,15168.975127417069,19577.02883157798,11504.677751812113
2025-08-28,14284.47415676752,15168.975127417069,19577.02883157798,11504.677751812113
2025-08-29,14284.47415676752,15168.975127417069,19577.02883157798,11504.677751812113
2025-09-02,14284.47415676752,15168.975127417069,19577.02883157798,11504.677751812113
2025-09-03,14284.47415676752,15168.975127417069,19577.02883157798,11504.677751812113
2025-09-04,14284.47415676752,15168.975127417069,19577.02883157798,11504.677751812113
2025-09-05,14284.47415676752,15168.975127417069,19577.02883157798,11504.677751812113
2025-09-08,14284.47415676752,15168.975127417069,19577.02883157798,11504.677751812113
2025-09-09,14284.47415676752,15168.975127417069,19577.02883157798,11504.677751812113
2025-09-10,14284.47415676752,15168.975127417069,19577.02883157798,11504.677751812113
2025-09-11,14284.47415676752,15168.975127417069,19577.02883157798,11504.677751812113
2025-09-12,14284.47415676752,15168.975127417069,19577.02883157798,11504.677751812113
2025-09-15,14284.47415676752,15168.975127417069,19577.02883157798,11504.677751812113
2025-09-16,14284.47415676752,15168.975127417069,19577.02883157798,11504.677751812113
2025-09-17,14284.47415676752,15168.975127417069,19577.02883157798,11504.677751812113
2025-09-18,14284.47415676752,15168.975127417069,19577.02883157798,11504.677751812113
2025-09-19,14284.47415676752,15168.975127417069,19577.02883157798,11504.677751812113
2025-09-22,14284.47415676752,15168.975127417069,19577.02883157798,11504.677751812113
2025-09-23,14284.47415676752,15168.975127417069,19577.02883157798,11504.677751812113
2025-09-24,14284.47415676752,15168.975127417069,19577.02883157798,11504.677751812113
2025-09-25,14284.47415676752,15168.975127417069,19577.02883157798,11504.677751812113
2025-09-26,14284.47415676752,15168.975127417069,19577.02883157798,11504.677751812113
2025-09-29,14284.47415676752,15168.975127417069,19577.02883157798,11504.677751812113
2025-09-30,14284.47415676752,15168.975127417069,19577.02883157798,11504.677751812113
2025-10-01,14284.47415676752,15168.975127417069,19577.02883157798,11504.677751812113
2025-10-02,14284.47415676752,15168.975127417069,19577.02883157798,11504.677751812113
2025-10-03,14284.47415676752,15168.975127417069,19577.02883157798,11504.677751812113
2025-10-06,14284.47415676752,15168.975127417069,19577.02883157798,11504.677751812113
2025-10-07,14284.47415676752,15168.975127417069,19577.02883157798,11504.677751812113
2025-10-08,14284.47415676752,15168.975127417069,19577.02883157798,11504.677751812113
2025-10-09,14284.47415676752,15168.975127417069,19577.02883157798,11504.677751812113
2025-10-10,14284.47415676752,15168.975127417069,19577.02883157798,11504.677751812113
2025-10-13,14284.47415676752,15168.975127417069,19577.02883157798,11504.677751812113
2025-10-14,14284.47415676752,15168.975127417069,19577.02883157798,11504.677751812113
2025-10-15,14284.47415676752,15168.975127417069,19577.02883157798,11504.677751812113
2025-10-16,14284.47415676752,15168.975127417069,19577.02883157798,11504.677751812113
2025-10-17,14284.47415676752,15168.975127417069,19577.02883157798,11504.677751812113
2025-10-20,14284.47415676752,15168.975127417069,19577.02883157798,11504.677751812113
2025-10-21,14284.47415676752,15168.975127417069,19577.02883157798,11504.677751812113
2025-10-22,14284.47415676752,15168.975127417069,19577.02883157798,11504.677751812113
2025-10-23,14284.47415676752,15168.975127417069,19577.02883157798,11504.677751812113
2025-10-24,14284.47415676752,15168.975127417069,19577.02883157798,11504.677751812113
2025-10-27,14284.47415676752,15168.975127417069,19577.02883157798,11504.677751812113
2025-10-28,14284.47415676752,15168.975127417069,19577.02883157798,11504.677751812113
2025-10-29,14284.47415676752,15168.975127417069,19577.02883157798,11504.677751812113
2025-10-30,14284.47415676752,15168.975127417069,19577.02883157798,11504.677751812113
2025-10-31,14284.47415676752,15168.975127417069,19577.02883157798,11504.677751812113
2025-11-03,14284.47415676752,15168.975127417069,19577.02883157798,11504.677751812113
2025-11-04,14284.47415676752,15168.975127417069,19577.02883157798,11504.677751812113
2025-11-05,14284.47415676752,15168.975127417069,19577.02883157798,11504.677751812113
2025-11-06,14284.47415676752,15168.975127417069,19577.02883157798,11504.677751812113
2025-11-07,14284.47415676752,15168.975127417069,19577.02883157798,11504.677751812113
2025-11-10,14284.47415676752,15168.975127417069,19577.02883157798,11504.677751812113
2025-11-11,14284.47415676752,15168.975127417069,19577.02883157798,11504.677751812113
2025-11-12,14284.47415676752,15168.975127417069,19577.02883157798,11504.677751812113
2025-11-13,14284.47415676752,15168.975127417069,19577.02883157798,11504.677751812113
2025-11-14,14284.47415676752,15168.975127417069,19577.02883157798,11504.677751812113
2025-11-17,14284.47415676752,15168.975127417069,19577.02883157798,11504.677751812113
2025-11-18,13882.227837446704,15168.975127417069,19025.74582988562,11504.677751812113
2025-11-19,14532.89439593774,15168.975127417069,19917.491499731485,11504.677751812113
2025-11-20,12557.766920697462,15168.975127417069,17210.55758641683,11504.677751812113
2025-11-21,12557.766920697462,15168.975127417069,17210.557586416835,11504.677751812113
2025-11-24,12557.766920697462,15168.975127417069,17210.557586416835,11504.677751812113
2025-11-25,12557.766920697462,15168.975127417069,17210.557586416835,11504.677751812113
2025-11-26,12557.766920697462,15168.975127417069,17210.557586416835,11504.677751812113
2025-11-28,12557.766920697462,15168.975127417069,17210.557586416835,11504.677751812113
2025-12-01,12557.766920697462,15168.975127417069,17210.557586416835,11504.677751812113
2025-12-02,12557.766920697462,15168.975127417069,17210.557586416835,11504.677751812113
2025-12-03,12557.766920697462,15168.975127417069,17210.557586416835,11504.677751812113
2025-12-04,12557.766920697462,15168.975127417069,17210.557586416835,11504.677751812113
2025-12-05,12557.766920697462,15168.975127417069,17210.557586416835,11504.677751812113
2025-12-08,12557.766920697462,15168.975127417069,17210.557586416835,11504.677751812113
2025-12-09,12557.766920697462,15168.975127417069,17210.557586416835,11504.677751812113
2025-12-10,12557.766920697462,15168.975127417069,17210.557586416835,11504.677751812113
2025-12-11,12557.766920697462,15168.975127417069,17210.557586416835,11504.677751812113
2025-12-12,12557.766920697462,15168.975127417069,17210.557586416835,11504.677751812113
2025-12-15,12557.766920697462,15168.975127417069,17210.557586416835,11504.677751812113
2025-12-16,12557.766920697462,15168.975127417069,17210.557586416835,11504.677751812113
2025-12-17,12557.766920697462,15168.975127417069,17210.557586416835,11504.677751812113
2025-12-18,12557.766920697462,15168.975127417069,17210.557586416835,11504.677751812113
2025-12-19,12557.766920697462,15168.975127417069,17210.557586416835,11504.677751812113
2025-12-22,12557.766920697462,15168.975127417069,17210.557586416835,11504.677751812113
2025-12-23,12557.766920697462,15168.975127417069,17210.557586416835,11504.677751812113
2025-12-24,12557.766920697462,15168.975127417069,17210.557586416835,11504.677751812113
2025-12-26,12557.766920697462,15168.975127417069,17210.557586416835,11504.677751812113
2025-12-29,12557.766920697462,15168.975127417069,17210.557586416835,11504.677751812113
2025-12-30,12557.766920697462,15168.975127417069,17210.557586416835,11504.677751812113
2025-12-31,12557.766920697462,15168.975127417069,17210.557586416835,11504.677751812113
2026-01-02,12557.766920697462,15168.975127417069,17210.557586416835,11504.677751812113
2026-01-05,12557.766920697462,15168.975127417069,17210.557586416835,11504.677751812113
2026-01-06,12557.766920697462,15168.975127417069,17210.557586416835,11504.677751812113
2026-01-07,12557.766920697462,15168.975127417069,17210.557586416835,11504.677751812113
2026-01-08,12557.766920697462,15168.975127417069,17210.557586416835,11504.677751812113
2026-01-09,12557.766920697462,15168.975127417069,17210.557586416835,11504.677751812113
2026-01-12,12557.766920697462,15168.975127417069,17210.557586416835,11504.677751812113
2026-01-13,12557.766920697462,15168.975127417069,17210.557586416835,11504.677751812113
2026-01-14,12557.766920697462,15168.975127417069,17210.557586416835,11504.677751812113
2026-01-15,12557.766920697462,15168.975127417069,17210.557586416835,11504.677751812113
2026-01-16,12557.766920697462,15168.975127417069,17210.557586416835,11504.677751812113
2026-01-20,12557.766920697462,15168.975127417069,17210.557586416835,11504.677751812113
2026-01-21,12557.766920697462,15168.975127417069,17210.557586416835,11504.677751812113
2026-01-22,12557.766920697462,15168.975127417069,17210.557586416835,11504.677751812113
2026-01-23,12557.766920697462,15168.975127417069,17210.557586416835,11504.677751812113
2026-01-26,12557.766920697462,15168.975127417069,17210.557586416835,11504.677751812113
2026-01-27,12557.766920697462,15168.975127417069,17210.557586416835,11504.677751812113
2026-01-28,12557.766920697462,15168.975127417069,17210.557586416835,11504.677751812113
2026-01-29,12557.766920697462,15168.975127417069,17210.557586416835,11504.677751812113
2026-01-30,12557.766920697462,15168.975127417069,17210.557586416835,11504.677751812113
2026-02-02,12557.766920697462,15168.975127417069,17210.557586416835,11504.677751812113
2026-02-03,12557.766920697462,15168.975127417069,17210.557586416835,11504.677751812113
2026-02-04,12557.766920697462,15168.975127417069,17210.557586416835,11504.677751812113
2026-02-05,12557.766920697462,15168.975127417069,17210.557586416835,11504.677751812113
2026-02-06,12557.766920697462,15168.975127417069,17210.557586416835,11504.677751812113
2026-02-09,12557.766920697462,15168.975127417069,17210.557586416835,11504.677751812113
2026-02-10,12557.766920697462,15168.975127417069,17210.557586416835,11504.677751812113
2026-02-11,12557.766920697462,15168.975127417069,17210.557586416835,11504.677751812113
2026-02-12,12557.766920697462,15168.975127417069,17210.557586416835,11504.677751812113
2026-02-13,12557.766920697462,15168.975127417069,17210.557586416835,11504.677751812113
2026-02-17,12557.766920697462,15168.975127417069,17210.557586416835,11504.677751812113
2026-02-18,12557.766920697462,15168.975127417069,17210.557586416835,11504.677751812113
2026-02-19,12557.766920697462,15168.975127417069,17210.557586416835,11504.677751812113
2026-02-20,12557.766920697462,15168.975127417069,17210.557586416835,11504.677751812113
2026-02-23,12557.766920697462,15168.975127417069,17210.557586416835,11504.677751812113
2026-02-24,12557.766920697462,15168.975127417069,17210.557586416835,11504.677751812113
2026-02-25,12557.766920697462,15168.975127417069,17210.557586416835,11504.677751812113
2026-02-26,12557.766920697462,15168.975127417069,17210.557586416835,11504.677751812113
2026-02-27,12557.766920697462,15168.975127417069,17210.557586416835,11504.677751812113
2026-03-02,12557.766920697462,15168.975127417069,17210.557586416835,11504.677751812113
2026-03-03,12557.766920697462,15168.975127417069,17210.557586416835,11504.677751812113
2026-03-04,12693.181751581587,15168.975127417069,17396.145100479145,11504.677751812113
2026-03-05,12285.170671573998,15168.975127417069,16836.961430905452,11504.677751812113
2026-03-06,11039.784055323553,15168.975127417069,15130.145385370768,11504.677751812113
2026-03-09,11039.784055323553,15168.975127417069,15130.145385370768,11504.677751812113
2026-03-10,11039.784055323553,15168.975127417069,15130.145385370768,11504.677751812113
2026-03-11,11039.784055323553,15168.975127417069,15130.145385370768,11504.677751812113
2026-03-12,11039.784055323553,15168.975127417069,15130.145385370768,11504.677751812113
2026-03-13,11039.784055323553,15168.975127417069,15130.145385370768,11504.677751812113
2026-03-16,11039.784055323553,15168.975127417069,15130.145385370768,11504.677751812113
2026-03-17,11039.784055323553,15168.975127417069,15130.145385370768,11504.677751812113
2026-03-18,11039.784055323553,15168.975127417069,15130.145385370768,11504.677751812113
2026-03-19,11039.784055323553,15168.975127417069,15130.145385370768,11504.677751812113
2026-03-20,11039.784055323553,15168.975127417069,15130.145385370768,11504.677751812113
2026-03-23,11039.784055323553,15168.975127417069,15130.145385370768,11504.677751812113
2026-03-24,11039.784055323553,15168.975127417069,15130.145385370768,11504.677751812113
2026-03-25,11039.784055323553,15168.975127417069,15130.145385370768,11504.677751812113
2026-03-26,11039.784055323553,15168.975127417069,15130.145385370768,11504.677751812113
2026-03-27,11039.784055323553,15168.975127417069,15130.145385370768,11504.677751812113
2026-03-30,9705.294958716044,15168.975127417069,13301.213411187151,11504.677751812113
2026-03-31,9705.294958716044,15168.975127417069,13301.213411187151,11504.677751812113
2026-04-01,9705.294958716044,15168.975127417069,13301.213411187151,11504.677751812113
2026-04-02,9705.294958716044,15168.975127417069,13301.213411187151,11504.677751812113
2026-04-06,9705.294958716044,15168.975127417069,13301.213411187151,11504.677751812113
2026-04-07,9705.294958716044,15168.975127417069,13301.213411187151,11504.677751812113
2026-04-08,9705.294958716044,15168.975127417069,13301.213411187151,11504.677751812113
2026-04-09,9705.294958716044,15168.975127417069,13301.213411187151,11504.677751812113
2026-04-10,9705.294958716044,15168.975127417069,13301.213411187151,11504.677751812113
2026-04-13,9705.294958716044,15168.975127417069,13301.213411187151,11504.677751812113
2026-04-14,9705.294958716044,15168.975127417069,13301.213411187151,11504.677751812113
2026-04-15,9705.294958716044,15168.975127417069,13301.213411187151,11504.677751812113
2026-04-16,9705.294958716044,15168.975127417069,13301.213411187151,11504.677751812113
2026-04-17,9705.294958716044,15168.975127417069,13301.213411187151,11504.677751812113
2026-04-20,9705.294958716044,15168.975127417069,13301.213411187151,11504.677751812113
2026-04-21,9705.294958716044,15168.975127417069,13301.213411187151,11504.677751812113
2026-04-22,9705.294958716044,15168.975127417069,13301.213411187151,11504.677751812113
2026-04-23,9705.294958716044,15168.975127417069,13301.213411187151,11504.677751812113
2026-04-24,9705.294958716044,15168.975127417069,13301.213411187151,11504.677751812113
2026-04-27,9705.294958716044,15168.975127417069,13301.213411187151,11504.677751812113
2026-04-28,9705.294958716044,15168.975127417069,13301.213411187151,11504.677751812113
2026-04-29,9705.294958716044,15168.975127417069,13301.213411187151,11504.677751812113
2026-04-30,9705.294958716044,15168.975127417069,13301.213411187151,11504.677751812113
2026-05-01,9705.294958716044,15168.975127417069,13301.213411187151,11504.677751812113
2026-05-04,9705.294958716044,15168.975127417069,13301.213411187151,11504.677751812113
2026-05-05,9705.294958716044,15168.975127417069,13301.213411187151,11504.677751812113
2026-05-06,9705.294958716044,15168.975127417069,13301.213411187151,11504.677751812113
2026-05-07,9705.294958716044,15168.975127417069,13301.213411187151,11504.677751812113
2026-05-08,9705.294958716044,15168.975127417069,13301.213411187151,11504.677751812113
2026-05-11,9705.294958716044,15168.975127417069,13301.213411187151,11504.677751812113
2026-05-12,9705.294958716044,15168.975127417069,13301.213411187151,11504.677751812113
2026-05-13,9705.294958716044,15168.975127417069,13301.213411187151,11504.677751812113
2026-05-14,9705.294958716044,15168.975127417069,13301.213411187151,11504.677751812113
2026-05-15,9705.294958716044,15168.975127417069,13301.213411187151,11504.677751812113
2026-05-18,9705.294958716044,15168.975127417069,13301.213411187151,11504.677751812113
2026-05-19,9705.294958716044,15168.975127417069,13301.213411187151,11504.677751812113
2026-05-20,9705.294958716044,15168.975127417069,13301.213411187151,11504.677751812113
2026-05-21,9705.294958716044,15168.975127417069,13301.213411187151,11504.677751812113
2026-05-22,9705.294958716044,15168.975127417069,13301.213411187151,11504.677751812113
2026-05-26,9705.294958716044,15168.975127417069,13301.213411187151,11504.677751812113
2026-05-27,9705.294958716044,15168.975127417069,13301.213411187151,11504.677751812113
2026-05-28,9705.294958716044,15168.975127417069,13301.213411187151,11504.677751812113
2026-05-29,9705.294958716044,15168.975127417069,13301.213411187151,11504.677751812113
2026-06-01,9705.294958716044,15168.975127417069,13301.213411187151,11504.677751812113
2026-06-02,9705.294958716044,15168.975127417069,13301.213411187151,11504.677751812113
2026-06-03,9705.294958716044,15168.975127417069,13301.213411187151,11504.677751812113
2026-06-04,9705.294958716044,15168.975127417069,13301.213411187151,11504.677751812113
2026-06-05,9705.294958716044,15168.975127417069,13301.213411187151,11504.677751812113
2026-06-08,9705.294958716044,15168.975127417069,13301.213411187151,11504.677751812113
2026-06-09,9705.294958716044,15168.975127417069,13301.213411187151,11504.677751812113
2026-06-10,9705.294958716044,15168.975127417069,13301.213411187151,11504.677751812113
2026-06-11,9705.294958716044,15168.975127417069,13301.213411187151,11504.677751812113
2026-06-12,9705.294958716044,15168.975127417069,13301.213411187151,11504.677751812113
2026-06-15,9705.294958716044,15168.975127417069,13301.213411187151,11504.677751812113
2026-06-16,9705.294958716044,15168.975127417069,13301.213411187151,11504.677751812113
2026-06-17,9705.294958716044,15168.975127417069,13301.213411187151,11504.677751812113
2026-06-18,9705.294958716044,15168.975127417069,13301.213411187151,11504.677751812113
2026-06-22,9705.294958716044,15168.975127417069,13301.213411187151,11504.677751812113
2026-06-23,9705.294958716044,15168.975127417069,13301.213411187151,11504.677751812113
2026-06-24,9705.294958716044,15168.975127417069,13301.213411187151,11504.677751812113
2026-06-25,9705.294958716044,15168.975127417069,13301.213411187151,11504.677751812113
2026-06-26,9705.294958716044,15168.975127417069,13301.213411187151,11504.677751812113
2026-06-29,9705.294958716044,15168.975127417069,13301.213411187151,11504.677751812113
2026-06-30,9705.294958716044,15168.975127417069,13301.213411187151,11504.677751812113
2026-07-01,9705.294958716044,15168.975127417069,13301.213411187151,11504.677751812113
2026-07-02,9705.294958716044,15168.975127417069,13301.213411187151,11504.677751812113
