Date,25pct_allocation,50pct_allocation,75pct_allocation,100pct_allocation,1pct_account_risk,2pct_account_risk
2021-01-04,10000.0,10000.0,10000.0,10000.0,10000.0,10000.0
2021-01-05,10000.0,10000.0,10000.0,10000.0,10000.0,10000.0
2021-01-06,10000.0,10000.0,10000.0,10000.0,10000.0,10000.0
2021-01-07,10000.0,10000.0,10000.0,10000.0,10000.0,10000.0
2021-01-08,10000.0,10000.0,10000.0,10000.0,10000.0,10000.0
2021-01-11,10000.0,10000.0,10000.0,10000.0,10000.0,10000.0
2021-01-12,10000.0,10000.0,10000.0,10000.0,10000.0,10000.0
2021-01-13,10000.0,10000.0,10000.0,10000.0,10000.0,10000.0
2021-01-14,10000.0,10000.0,10000.0,10000.0,10000.0,10000.0
2021-01-15,10000.0,10000.0,10000.0,10000.0,10000.0,10000.0
2021-01-19,10000.0,10000.0,10000.0,10000.0,10000.0,10000.0
2021-01-20,10000.0,10000.0,10000.0,10000.0,10000.0,10000.0
2021-01-21,10000.0,10000.0,10000.0,10000.0,10000.0,10000.0
2021-01-22,10000.0,10000.0,10000.0,10000.0,10000.0,10000.0
2021-01-25,10000.0,10000.0,10000.0,10000.0,10000.0,10000.0
2021-01-26,10000.0,10000.0,10000.0,10000.0,10000.0,10000.0
2021-01-27,10000.0,10000.0,10000.0,10000.0,10000.0,10000.0
2021-01-28,10000.0,10000.0,10000.0,10000.0,10000.0,10000.0
2021-01-29,10000.0,10000.0,10000.0,10000.0,10000.0,10000.0
2021-02-01,10000.0,10000.0,10000.0,10000.0,10000.0,10000.0
2021-02-02,10000.0,10000.0,10000.0,10000.0,10000.0,10000.0
2021-02-03,10000.0,10000.0,10000.0,10000.0,10000.0,10000.0
2021-02-04,10000.0,10000.0,10000.0,10000.0,10000.0,10000.0
2021-02-05,10000.0,10000.0,10000.0,10000.0,10000.0,10000.0
2021-02-08,10000.0,10000.0,10000.0,10000.0,10000.0,10000.0
2021-02-09,10000.0,10000.0,10000.0,10000.0,10000.0,10000.0
2021-02-10,10000.0,10000.0,10000.0,10000.0,10000.0,10000.0
2021-02-11,10000.0,10000.0,10000.0,10000.0,10000.0,10000.0
2021-02-12,10000.0,10000.0,10000.0,10000.0,10000.0,10000.0
2021-02-16,10000.0,10000.0,10000.0,10000.0,10000.0,10000.0
2021-02-17,10000.0,10000.0,10000.0,10000.0,10000.0,10000.0
2021-02-18,10000.0,10000.0,10000.0,10000.0,10000.0,10000.0
2021-02-19,10000.0,10000.0,10000.0,10000.0,10000.0,10000.0
2021-02-22,10000.0,10000.0,10000.0,10000.0,10000.0,10000.0
2021-02-23,10000.0,10000.0,10000.0,10000.0,10000.0,10000.0
2021-02-24,10000.0,10000.0,10000.0,10000.0,10000.0,10000.0
2021-02-25,10000.0,10000.0,10000.0,10000.0,10000.0,10000.0
2021-02-26,10000.0,10000.0,10000.0,10000.0,10000.0,10000.0
2021-03-01,10000.0,10000.0,10000.0,10000.0,10000.0,10000.0
2021-03-02,10000.0,10000.0,10000.0,10000.0,10000.0,10000.0
2021-03-03,10000.0,10000.0,10000.0,10000.0,10000.0,10000.0
2021-03-04,10000.0,10000.0,10000.0,10000.0,10000.0,10000.0
2021-03-05,10000.0,10000.0,10000.0,10000.0,10000.0,10000.0
2021-03-08,10000.0,10000.0,10000.0,10000.0,10000.0,10000.0
2021-03-09,10000.0,10000.0,10000.0,10000.0,10000.0,10000.0
2021-03-10,10000.0,10000.0,10000.0,10000.0,10000.0,10000.0
2021-03-11,10000.0,10000.0,10000.0,10000.0,10000.0,10000.0
2021-03-12,10000.0,10000.0,10000.0,10000.0,10000.0,10000.0
2021-03-15,10000.0,10000.0,10000.0,10000.0,10000.0,10000.0
2021-03-16,10000.0,10000.0,10000.0,10000.0,10000.0,10000.0
2021-03-17,10000.0,10000.0,10000.0,10000.0,10000.0,10000.0
2021-03-18,10000.0,10000.0,10000.0,10000.0,10000.0,10000.0
2021-03-19,10000.0,10000.0,10000.0,10000.0,10000.0,10000.0
2021-03-22,10000.0,10000.0,10000.0,10000.0,10000.0,10000.0
2021-03-23,10000.0,10000.0,10000.0,10000.0,10000.0,10000.0
2021-03-24,10000.0,10000.0,10000.0,10000.0,10000.0,10000.0
2021-03-25,10000.0,10000.0,10000.0,10000.0,10000.0,10000.0
2021-03-26,10000.0,10000.0,10000.0,10000.0,10000.0,10000.0
2021-03-29,10000.0,10000.0,10000.0,10000.0,10000.0,10000.0
2021-03-30,10000.0,10000.0,10000.0,10000.0,10000.0,10000.0
2021-03-31,10000.0,10000.0,10000.0,10000.0,10000.0,10000.0
2021-04-01,10000.0,10000.0,10000.0,10000.0,10000.0,10000.0
2021-04-05,10000.0,10000.0,10000.0,10000.0,10000.0,10000.0
2021-04-06,10000.0,10000.0,10000.0,10000.0,10000.0,10000.0
2021-04-07,10000.0,10000.0,10000.0,10000.0,10000.0,10000.0
2021-04-08,10000.0,10000.0,10000.0,10000.0,10000.0,10000.0
2021-04-09,10000.0,10000.0,10000.0,10000.0,10000.0,10000.0
2021-04-12,10000.0,10000.0,10000.0,10000.0,10000.0,10000.0
2021-04-13,10000.0,10000.0,10000.0,10000.0,10000.0,10000.0
2021-04-14,10000.0,10000.0,10000.0,10000.0,10000.0,10000.0
2021-04-15,10000.0,10000.0,10000.0,10000.0,10000.0,10000.0
2021-04-16,10000.0,10000.0,10000.0,10000.0,10000.0,10000.0
2021-04-19,10000.0,10000.0,10000.0,10000.0,10000.0,10000.0
2021-04-20,10000.0,10000.0,10000.0,10000.0,10000.0,10000.0
2021-04-21,10000.0,10000.0,10000.0,10000.0,10000.0,10000.0
2021-04-22,10000.0,10000.0,10000.0,10000.0,10000.0,10000.0
2021-04-23,10000.0,10000.0,10000.0,10000.0,10000.0,10000.0
2021-04-26,10000.0,10000.0,10000.0,10000.0,10000.0,10000.0
2021-04-27,10000.0,10000.0,10000.0,10000.0,10000.0,10000.0
2021-04-28,10000.0,10000.0,10000.0,10000.0,10000.0,10000.0
2021-04-29,10000.0,10000.0,10000.0,10000.0,10000.0,10000.0
2021-04-30,10000.0,10000.0,10000.0,10000.0,10000.0,10000.0
2021-05-03,9857.795932721358,9715.591865442715,9573.387798164074,9431.183730885432,9952.598644240452,9905.197288480906
2021-05-04,9697.8,9395.6,9093.400000000001,8791.2,9899.266666666666,9798.533333333335
2021-05-05,9697.8,9395.6,9093.4,8791.2,9899.266666666666,9798.533333333333
2021-05-06,9697.8,9395.6,9093.4,8791.2,9899.266666666666,9798.533333333333
2021-05-07,9697.8,9395.6,9093.4,8791.2,9899.266666666666,9798.533333333333
2021-05-10,9697.8,9395.6,9093.4,8791.2,9899.266666666666,9798.533333333333
2021-05-11,9953.27137950848,9890.620910579695,9812.04859321364,9717.554427410321,9986.1928874403,9970.616680609794
2021-05-12,9621.097736203834,9246.975819315052,8877.634249333649,8513.073026259628,9873.1680957449,9746.86734114618
2021-05-13,9721.250055073535,9441.038622666774,9159.365702779713,8876.231295412352,9907.24573918899,9814.329090880168
2021-05-14,9938.248359395684,9861.511156249479,9769.788390561378,9663.080062331392,9981.081182303215,9960.497302101776
2021-05-17,9866.380301353489,9722.254102868043,9567.621404543657,9402.482206380337,9956.627489322156,9912.087589773319
2021-05-18,9866.380301353489,9722.254102868043,9567.621404543657,9402.482206380335,9956.627489322156,9912.087589773319
2021-05-19,9866.380301353489,9722.254102868043,9567.621404543657,9402.482206380335,9956.627489322156,9912.087589773319
2021-05-20,9866.380301353489,9722.254102868043,9567.621404543657,9402.482206380335,9956.627489322156,9912.087589773319
2021-05-21,9866.380301353489,9722.254102868043,9567.621404543657,9402.482206380335,9956.627489322156,9912.087589773319
2021-05-24,9866.380301353489,9722.254102868043,9567.621404543657,9402.482206380335,9956.627489322156,9912.087589773319
2021-05-25,9866.380301353489,9722.254102868043,9567.621404543657,9402.482206380335,9956.627489322156,9912.087589773319
2021-05-26,9866.380301353489,9722.254102868043,9567.621404543657,9402.482206380335,9956.627489322156,9912.087589773319
2021-05-27,9866.380301353489,9722.254102868043,9567.621404543657,9402.482206380335,9956.627489322156,9912.087589773319
2021-05-28,9866.380301353489,9722.254102868043,9567.621404543657,9402.482206380335,9956.627489322156,9912.087589773319
2021-06-01,9866.380301353489,9722.254102868043,9567.621404543657,9402.482206380335,9956.627489322156,9912.087589773319
2021-06-02,9866.380301353489,9722.254102868043,9567.621404543657,9402.482206380335,9956.627489322156,9912.087589773319
2021-06-03,9866.380301353489,9722.254102868043,9567.621404543657,9402.482206380335,9956.627489322156,9912.087589773319
2021-06-04,9866.380301353489,9722.254102868043,9567.621404543657,9402.482206380335,9956.627489322156,9912.087589773319
2021-06-07,9866.380301353489,9722.254102868043,9567.621404543657,9402.482206380335,9956.627489322156,9912.087589773319
2021-06-08,9866.380301353489,9722.254102868043,9567.621404543657,9402.482206380335,9956.627489322156,9912.087589773319
2021-06-09,9866.380301353489,9722.254102868043,9567.621404543657,9402.482206380335,9956.627489322156,9912.087589773319
2021-06-10,9866.380301353489,9722.254102868043,9567.621404543657,9402.482206380335,9956.627489322156,9912.087589773319
2021-06-11,9866.380301353489,9722.254102868043,9567.621404543657,9402.482206380335,9956.627489322156,9912.087589773319
2021-06-14,9866.380301353489,9722.254102868043,9567.621404543657,9402.482206380335,9956.627489322156,9912.087589773319
2021-06-15,9866.380301353489,9722.254102868043,9567.621404543657,9402.482206380335,9956.627489322156,9912.087589773319
2021-06-16,9866.380301353489,9722.254102868043,9567.621404543657,9402.482206380335,9956.627489322156,9912.087589773319
2021-06-17,9866.380301353489,9722.254102868043,9567.621404543657,9402.482206380335,9956.627489322156,9912.087589773319
2021-06-18,9866.380301353489,9722.254102868043,9567.621404543657,9402.482206380335,9956.627489322156,9912.087589773319
2021-06-21,9866.380301353489,9722.254102868043,9567.621404543657,9402.482206380335,9956.627489322156,9912.087589773319
2021-06-22,9866.380301353489,9722.254102868043,9567.621404543657,9402.482206380335,9956.627489322156,9912.087589773319
2021-06-23,9866.380301353489,9722.254102868043,9567.621404543657,9402.482206380335,9956.627489322156,9912.087589773319
2021-06-24,9866.380301353489,9722.254102868043,9567.621404543657,9402.482206380335,9956.627489322156,9912.087589773319
2021-06-25,9866.380301353489,9722.254102868043,9567.621404543657,9402.482206380335,9956.627489322156,9912.087589773319
2021-06-28,9866.380301353489,9722.254102868043,9567.621404543657,9402.482206380335,9956.627489322156,9912.087589773319
2021-06-29,9866.380301353489,9722.254102868043,9567.621404543657,9402.482206380335,9956.627489322156,9912.087589773319
2021-06-30,9866.380301353489,9722.254102868043,9567.621404543657,9402.482206380335,9956.627489322156,9912.087589773319
2021-07-01,9866.380301353489,9722.254102868043,9567.621404543657,9402.482206380335,9956.627489322156,9912.087589773319
2021-07-02,9866.380301353489,9722.254102868043,9567.621404543657,9402.482206380335,9956.627489322156,9912.087589773319
2021-07-06,9866.380301353489,9722.254102868043,9567.621404543657,9402.482206380335,9956.627489322156,9912.087589773319
2021-07-07,9866.380301353489,9722.254102868043,9567.621404543657,9402.482206380335,9956.627489322156,9912.087589773319
2021-07-08,9866.380301353489,9722.254102868043,9567.621404543657,9402.482206380335,9956.627489322156,9912.087589773319
2021-07-09,9866.380301353489,9722.254102868043,9567.621404543657,9402.482206380335,9956.627489322156,9912.087589773319
2021-07-12,9866.380301353489,9722.254102868043,9567.621404543657,9402.482206380335,9956.627489322156,9912.087589773319
2021-07-13,9866.380301353489,9722.254102868043,9567.621404543657,9402.482206380335,9956.627489322156,9912.087589773319
2021-07-14,9866.380301353489,9722.254102868043,9567.621404543657,9402.482206380335,9956.627489322156,9912.087589773319
2021-07-15,9866.380301353489,9722.254102868043,9567.621404543657,9402.482206380335,9956.627489322156,9912.087589773319
2021-07-16,9866.380301353489,9722.254102868043,9567.621404543657,9402.482206380335,9956.627489322156,9912.087589773319
2021-07-19,9977.98990445555,9942.212565553617,9892.311431172388,9827.929949190057,9994.170985801335,9986.838689164564
2021-07-20,10082.9664044357,10149.098612201695,10197.704709408295,10228.092782165815,10029.483223707937,10057.147233999955
2021-07-21,10328.608387543907,10633.205996098663,10912.316174907419,11164.462273213328,10112.112842232144,10221.667201669703
2021-07-22,10250.927703732907,10480.114117653335,10686.330752559237,10868.34911924857,10085.98243411223,10169.640168556556
2021-07-23,10304.706084364117,10586.099710295788,10842.780586210474,11073.348420523644,10104.07253019507,10205.658512533533
2021-07-26,10304.706084364117,10586.099710295788,10842.780586210474,11073.348420523644,10104.072530195068,10205.658512533533
2021-07-27,10304.706084364117,10586.099710295788,10842.780586210474,11073.348420523644,10104.072530195068,10205.658512533533
2021-07-28,10304.706084364117,10586.099710295788,10842.780586210474,11073.348420523644,10104.072530195068,10205.658512533533
2021-07-29,10304.706084364117,10586.099710295788,10842.780586210474,11073.348420523644,10104.072530195068,10205.658512533533
2021-07-30,10304.706084364117,10586.099710295788,10842.780586210474,11073.348420523644,10104.072530195068,10205.658512533533
2021-08-02,10304.706084364117,10586.099710295788,10842.780586210474,11073.348420523644,10104.072530195068,10205.658512533533
2021-08-03,10304.706084364117,10586.099710295788,10842.780586210474,11073.348420523644,10104.072530195068,10205.658512533533
2021-08-04,10304.706084364117,10586.099710295788,10842.780586210474,11073.348420523644,10104.072530195068,10205.658512533533
2021-08-05,10304.706084364117,10586.099710295788,10842.780586210474,11073.348420523644,10104.072530195068,10205.658512533533
2021-08-06,10304.706084364117,10586.099710295788,10842.780586210474,11073.348420523644,10104.072530195068,10205.658512533533
2021-08-09,10304.706084364117,10586.099710295788,10842.780586210474,11073.348420523644,10104.072530195068,10205.658512533533
2021-08-10,10304.706084364117,10586.099710295788,10842.780586210474,11073.348420523644,10104.072530195068,10205.658512533533
2021-08-11,10304.706084364117,10586.099710295788,10842.780586210474,11073.348420523644,10104.072530195068,10205.658512533533
2021-08-12,10304.706084364117,10586.099710295788,10842.780586210474,11073.348420523644,10104.072530195068,10205.658512533533
2021-08-13,10304.706084364117,10586.099710295788,10842.780586210474,11073.348420523644,10104.072530195068,10205.658512533533
2021-08-16,10304.706084364117,10586.099710295788,10842.780586210474,11073.348420523644,10104.072530195068,10205.658512533533
2021-08-17,10304.706084364117,10586.099710295788,10842.780586210474,11073.348420523644,10104.072530195068,10205.658512533533
2021-08-18,10304.706084364117,10586.099710295788,10842.780586210474,11073.348420523644,10104.072530195068,10205.658512533533
2021-08-19,10399.872821022316,10781.630675491546,11143.188585111937,11482.40984330773,10135.177140774094,10268.493182966913
2021-08-20,10453.79843683391,10892.427032272028,11313.412834722096,11714.20185281652,10152.80236718149,10304.09804256831
2021-08-23,10673.545884468334,11343.923343315932,12007.078429715208,12658.756712413735,10224.625348870492,10449.18821730318
2021-08-24,10676.242098999832,11349.463025018082,12015.589433039042,12670.34602808342,10225.506588534525,10450.968416535112
2021-08-25,10744.001294261972,11488.682055907826,12229.481439538977,12961.59981899764,10247.653227746781,10495.707017990148
2021-08-26,10744.001294261972,11488.682055907826,12229.481439538977,12961.599818997638,10247.653227746781,10495.707017990148
2021-08-27,10744.001294261972,11488.682055907826,12229.481439538977,12961.599818997638,10247.653227746781,10495.707017990148
2021-08-30,10744.001294261972,11488.682055907826,12229.481439538977,12961.599818997638,10247.653227746781,10495.707017990148
2021-08-31,10744.001294261972,11488.682055907826,12229.481439538977,12961.599818997638,10247.653227746781,10495.707017990148
2021-09-01,10744.001294261972,11488.682055907826,12229.481439538977,12961.599818997638,10247.653227746781,10495.707017990148
2021-09-02,10744.001294261972,11488.682055907826,12229.481439538977,12961.599818997638,10247.653227746781,10495.707017990148
2021-09-03,10744.001294261972,11488.682055907826,12229.481439538977,12961.599818997638,10247.653227746781,10495.707017990148
2021-09-07,10744.001294261972,11488.682055907826,12229.481439538977,12961.599818997638,10247.653227746781,10495.707017990148
2021-09-08,10744.001294261972,11488.682055907826,12229.481439538977,12961.599818997638,10247.653227746781,10495.707017990148
2021-09-09,10744.001294261972,11488.682055907826,12229.481439538977,12961.599818997638,10247.653227746781,10495.707017990148
2021-09-10,10744.001294261972,11488.682055907826,12229.481439538977,12961.599818997638,10247.653227746781,10495.707017990148
2021-09-13,10744.001294261972,11488.682055907826,12229.481439538977,12961.599818997638,10247.653227746781,10495.707017990148
2021-09-14,10744.001294261972,11488.682055907826,12229.481439538977,12961.599818997638,10247.653227746781,10495.707017990148
2021-09-15,10744.001294261972,11488.682055907826,12229.481439538977,12961.599818997638,10247.653227746781,10495.707017990148
2021-09-16,10744.001294261972,11488.682055907826,12229.481439538977,12961.599818997638,10247.653227746781,10495.707017990148
2021-09-17,10744.001294261972,11488.682055907826,12229.481439538977,12961.599818997638,10247.653227746781,10495.707017990148
2021-09-20,10744.001294261972,11488.682055907826,12229.481439538977,12961.599818997638,10247.653227746781,10495.707017990148
2021-09-21,10744.001294261972,11488.682055907826,12229.481439538977,12961.599818997638,10247.653227746781,10495.707017990148
2021-09-22,10744.001294261972,11488.682055907826,12229.481439538977,12961.599818997638,10247.653227746781,10495.707017990148
2021-09-23,10744.001294261972,11488.682055907826,12229.481439538977,12961.599818997638,10247.653227746781,10495.707017990148
2021-09-24,10744.001294261972,11488.682055907826,12229.481439538977,12961.599818997638,10247.653227746781,10495.707017990148
2021-09-27,10744.001294261972,11488.682055907826,12229.481439538977,12961.599818997638,10247.653227746781,10495.707017990148
2021-09-28,10744.001294261972,11488.682055907826,12229.481439538977,12961.599818997638,10247.653227746781,10495.707017990148
2021-09-29,10744.001294261972,11488.682055907826,12229.481439538977,12961.599818997638,10247.653227746781,10495.707017990148
2021-09-30,10744.001294261972,11488.682055907826,12229.481439538977,12961.599818997638,10247.653227746781,10495.707017990148
2021-10-01,10744.001294261972,11488.682055907826,12229.481439538977,12961.599818997638,10247.653227746781,10495.707017990148
2021-10-04,10744.001294261972,11488.682055907826,12229.481439538977,12961.599818997638,10247.653227746781,10495.707017990148
2021-10-05,10744.001294261972,11488.682055907826,12229.481439538977,12961.599818997638,10247.653227746781,10495.707017990148
2021-10-06,10744.001294261972,11488.682055907826,12229.481439538977,12961.599818997638,10247.653227746781,10495.707017990148
2021-10-07,10744.001294261972,11488.682055907826,12229.481439538977,12961.599818997638,10247.653227746781,10495.707017990148
2021-10-08,10744.001294261972,11488.682055907826,12229.481439538977,12961.599818997638,10247.653227746781,10495.707017990148
2021-10-11,10744.001294261972,11488.682055907826,12229.481439538977,12961.599818997638,10247.653227746781,10495.707017990148
2021-10-12,10744.001294261972,11488.682055907826,12229.481439538977,12961.599818997638,10247.653227746781,10495.707017990148
2021-10-13,10744.001294261972,11488.682055907826,12229.481439538977,12961.599818997638,10247.653227746781,10495.707017990148
2021-10-14,10744.001294261972,11488.682055907826,12229.481439538977,12961.599818997638,10247.653227746781,10495.707017990148
2021-10-15,10744.001294261972,11488.682055907826,12229.481439538977,12961.599818997638,10247.653227746781,10495.707017990148
2021-10-18,10744.001294261972,11488.682055907826,12229.481439538977,12961.599818997638,10247.653227746781,10495.707017990148
2021-10-19,10744.001294261972,11488.682055907826,12229.481439538977,12961.599818997638,10247.653227746781,10495.707017990148
2021-10-20,10744.001294261972,11488.682055907826,12229.481439538977,12961.599818997638,10247.653227746781,10495.707017990148
2021-10-21,10744.001294261972,11488.682055907826,12229.481439538977,12961.599818997638,10247.653227746781,10495.707017990148
2021-10-22,10744.001294261972,11488.682055907826,12229.481439538977,12961.599818997638,10247.653227746781,10495.707017990148
2021-10-25,10744.001294261972,11488.682055907826,12229.481439538977,12961.599818997638,10247.653227746781,10495.707017990148
2021-10-26,10744.001294261972,11488.682055907826,12229.481439538977,12961.599818997638,10247.653227746781,10495.707017990148
2021-10-27,10744.001294261972,11488.682055907826,12229.481439538977,12961.599818997638,10247.653227746781,10495.707017990148
2021-10-28,10744.001294261972,11488.682055907826,12229.481439538977,12961.599818997638,10247.653227746781,10495.707017990148
2021-10-29,10744.001294261972,11488.682055907826,12229.481439538977,12961.599818997638,10247.653227746781,10495.707017990148
2021-11-01,10744.001294261972,11488.682055907826,12229.481439538977,12961.599818997638,10247.653227746781,10495.707017990148
2021-11-02,10744.001294261972,11488.682055907826,12229.481439538977,12961.599818997638,10247.653227746781,10495.707017990148
2021-11-03,10744.001294261972,11488.682055907826,12229.481439538977,12961.599818997638,10247.653227746781,10495.707017990148
2021-11-04,10744.001294261972,11488.682055907826,12229.481439538977,12961.599818997638,10247.653227746781,10495.707017990148
2021-11-05,10744.001294261972,11488.682055907826,12229.481439538977,12961.599818997638,10247.653227746781,10495.707017990148
2021-11-08,10744.001294261972,11488.682055907826,12229.481439538977,12961.599818997638,10247.653227746781,10495.707017990148
2021-11-09,10744.001294261972,11488.682055907826,12229.481439538977,12961.599818997638,10247.653227746781,10495.707017990148
2021-11-10,10744.001294261972,11488.682055907826,12229.481439538977,12961.599818997638,10247.653227746781,10495.707017990148
2021-11-11,10744.001294261972,11488.682055907826,12229.481439538977,12961.599818997638,10247.653227746781,10495.707017990148
2021-11-12,10744.001294261972,11488.682055907826,12229.481439538977,12961.599818997638,10247.653227746781,10495.707017990148
2021-11-15,10744.001294261972,11488.682055907826,12229.481439538977,12961.599818997638,10247.653227746781,10495.707017990148
2021-11-16,10744.001294261972,11488.682055907826,12229.481439538977,12961.599818997638,10247.653227746781,10495.707017990148
2021-11-17,10744.001294261972,11488.682055907826,12229.481439538977,12961.599818997638,10247.653227746781,10495.707017990148
2021-11-18,10744.001294261972,11488.682055907826,12229.481439538977,12961.599818997638,10247.653227746781,10495.707017990148
2021-11-19,10744.001294261972,11488.682055907826,12229.481439538977,12961.599818997638,10247.653227746781,10495.707017990148
2021-11-22,10744.001294261972,11488.682055907826,12229.481439538977,12961.599818997638,10247.653227746781,10495.707017990148
2021-11-23,10744.001294261972,11488.682055907826,12229.481439538977,12961.599818997638,10247.653227746781,10495.707017990148
2021-11-24,10744.001294261972,11488.682055907826,12229.481439538977,12961.599818997638,10247.653227746781,10495.707017990148
2021-11-26,10744.001294261972,11488.682055907826,12229.481439538977,12961.599818997638,10247.653227746781,10495.707017990148
2021-11-29,10744.001294261972,11488.682055907826,12229.481439538977,12961.599818997638,10247.653227746781,10495.707017990148
2021-11-30,10744.001294261972,11488.682055907826,12229.481439538977,12961.599818997638,10247.653227746781,10495.707017990148
2021-12-01,10744.001294261972,11488.682055907826,12229.481439538977,12961.599818997638,10247.653227746781,10495.707017990148
2021-12-02,10744.001294261972,11488.682055907826,12229.481439538977,12961.599818997638,10247.653227746781,10495.707017990148
2021-12-03,10744.001294261972,11488.682055907826,12229.481439538977,12961.599818997638,10247.653227746781,10495.707017990148
2021-12-06,10744.001294261972,11488.682055907826,12229.481439538977,12961.599818997638,10247.653227746781,10495.707017990148
2021-12-07,10744.001294261972,11488.682055907826,12229.481439538977,12961.599818997638,10247.653227746781,10495.707017990148
2021-12-08,10744.001294261972,11488.682055907826,12229.481439538977,12961.599818997638,10247.653227746781,10495.707017990148
2021-12-09,10744.001294261972,11488.682055907826,12229.481439538977,12961.599818997638,10247.653227746781,10495.707017990148
2021-12-10,10744.001294261972,11488.682055907826,12229.481439538977,12961.599818997638,10247.653227746781,10495.707017990148
2021-12-13,10744.001294261972,11488.682055907826,12229.481439538977,12961.599818997638,10247.653227746781,10495.707017990148
2021-12-14,10744.001294261972,11488.682055907826,12229.481439538977,12961.599818997638,10247.653227746781,10495.707017990148
2021-12-15,10744.001294261972,11488.682055907826,12229.481439538977,12961.599818997638,10247.653227746781,10495.707017990148
2021-12-16,10744.001294261972,11488.682055907826,12229.481439538977,12961.599818997638,10247.653227746781,10495.707017990148
2021-12-17,10817.128418011709,11645.073376313276,12479.194775789752,13314.483065377965,10270.902834207955,10543.331786759516
2021-12-20,10751.145661832943,11503.96116194391,12253.877912011414,12996.075776651962,10249.924665838718,10500.359858634274
2021-12-21,11030.308444392962,12100.985001169889,13207.158530960463,14343.207510090338,10338.680034576304,10682.167405365284
2021-12-22,11118.306980447362,12289.180660203227,13507.654528841244,14767.854446647922,10366.65777016216,10739.477329737208
2021-12-23,11210.172489650558,12485.64631545278,13821.355404975995,15211.16190160745,10395.86494838565,10799.305658944515
2021-12-27,11210.172489650558,12485.646315452781,13821.355404975995,15211.16190160745,10395.864948385652,10799.305658944515
2021-12-28,11210.172489650558,12485.646315452781,13821.355404975995,15211.16190160745,10395.864948385652,10799.305658944515
2021-12-29,11210.172489650558,12485.646315452781,13821.355404975995,15211.16190160745,10395.864948385652,10799.305658944515
2021-12-30,11210.172489650558,12485.646315452781,13821.355404975995,15211.16190160745,10395.864948385652,10799.305658944515
2021-12-31,11210.172489650558,12485.646315452781,13821.355404975995,15211.16190160745,10395.864948385652,10799.305658944515
2022-01-03,11210.172489650558,12485.646315452781,13821.355404975995,15211.16190160745,10395.864948385652,10799.305658944515
2022-01-04,11210.172489650558,12485.646315452781,13821.355404975995,15211.16190160745,10395.864948385652,10799.305658944515
2022-01-05,11210.172489650558,12485.646315452781,13821.355404975995,15211.16190160745,10395.864948385652,10799.305658944515
2022-01-06,11210.172489650558,12485.646315452781,13821.355404975995,15211.16190160745,10395.864948385652,10799.305658944515
2022-01-07,11210.172489650558,12485.646315452781,13821.355404975995,15211.16190160745,10395.864948385652,10799.305658944515
2022-01-10,11210.172489650558,12485.646315452781,13821.355404975995,15211.16190160745,10395.864948385652,10799.305658944515
2022-01-11,11210.172489650558,12485.646315452781,13821.355404975995,15211.16190160745,10395.864948385652,10799.305658944515
2022-01-12,11210.172489650558,12485.646315452781,13821.355404975995,15211.16190160745,10395.864948385652,10799.305658944515
2022-01-13,11210.172489650558,12485.646315452781,13821.355404975995,15211.16190160745,10395.864948385652,10799.305658944515
2022-01-14,11210.172489650558,12485.646315452781,13821.355404975995,15211.16190160745,10395.864948385652,10799.305658944515
2022-01-18,11210.172489650558,12485.646315452781,13821.355404975995,15211.16190160745,10395.864948385652,10799.305658944515
2022-01-19,11210.172489650558,12485.646315452781,13821.355404975995,15211.16190160745,10395.864948385652,10799.305658944515
2022-01-20,11210.172489650558,12485.646315452781,13821.355404975995,15211.16190160745,10395.864948385652,10799.305658944515
2022-01-21,11210.172489650558,12485.646315452781,13821.355404975995,15211.16190160745,10395.864948385652,10799.305658944515
2022-01-24,11210.172489650558,12485.646315452781,13821.355404975995,15211.16190160745,10395.864948385652,10799.305658944515
2022-01-25,11210.172489650558,12485.646315452781,13821.355404975995,15211.16190160745,10395.864948385652,10799.305658944515
2022-01-26,11210.172489650558,12485.646315452781,13821.355404975995,15211.16190160745,10395.864948385652,10799.305658944515
2022-01-27,11210.172489650558,12485.646315452781,13821.355404975995,15211.16190160745,10395.864948385652,10799.305658944515
2022-01-28,11210.172489650558,12485.646315452781,13821.355404975995,15211.16190160745,10395.864948385652,10799.305658944515
2022-01-31,11210.172489650558,12485.646315452781,13821.355404975995,15211.16190160745,10395.864948385652,10799.305658944515
2022-02-01,11210.172489650558,12485.646315452781,13821.355404975995,15211.16190160745,10395.864948385652,10799.305658944515
2022-02-02,11210.172489650558,12485.646315452781,13821.355404975995,15211.16190160745,10395.864948385652,10799.305658944515
2022-02-03,11210.172489650558,12485.646315452781,13821.355404975995,15211.16190160745,10395.864948385652,10799.305658944515
2022-02-04,11210.172489650558,12485.646315452781,13821.355404975995,15211.16190160745,10395.864948385652,10799.305658944515
2022-02-07,11210.172489650558,12485.646315452781,13821.355404975995,15211.16190160745,10395.864948385652,10799.305658944515
2022-02-08,11210.172489650558,12485.646315452781,13821.355404975995,15211.16190160745,10395.864948385652,10799.305658944515
2022-02-09,11210.172489650558,12485.646315452781,13821.355404975995,15211.16190160745,10395.864948385652,10799.305658944515
2022-02-10,11210.172489650558,12485.646315452781,13821.355404975995,15211.16190160745,10395.864948385652,10799.305658944515
2022-02-11,11210.172489650558,12485.646315452781,13821.355404975995,15211.16190160745,10395.864948385652,10799.305658944515
2022-02-14,11210.172489650558,12485.646315452781,13821.355404975995,15211.16190160745,10395.864948385652,10799.305658944515
2022-02-15,11210.172489650558,12485.646315452781,13821.355404975995,15211.16190160745,10395.864948385652,10799.305658944515
2022-02-16,11210.172489650558,12485.646315452781,13821.355404975995,15211.16190160745,10395.864948385652,10799.305658944515
2022-02-17,11210.172489650558,12485.646315452781,13821.355404975995,15211.16190160745,10395.864948385652,10799.305658944515
2022-02-18,11210.172489650558,12485.646315452781,13821.355404975995,15211.16190160745,10395.864948385652,10799.305658944515
2022-02-22,11210.172489650558,12485.646315452781,13821.355404975995,15211.16190160745,10395.864948385652,10799.305658944515
2022-02-23,11210.172489650558,12485.646315452781,13821.355404975995,15211.16190160745,10395.864948385652,10799.305658944515
2022-02-24,11210.172489650558,12485.646315452781,13821.355404975995,15211.16190160745,10395.864948385652,10799.305658944515
2022-02-25,11210.172489650558,12485.646315452781,13821.355404975995,15211.16190160745,10395.864948385652,10799.305658944515
2022-02-28,11210.172489650558,12485.646315452781,13821.355404975995,15211.16190160745,10395.864948385652,10799.305658944515
2022-03-01,11210.172489650558,12485.646315452781,13821.355404975995,15211.16190160745,10395.864948385652,10799.305658944515
2022-03-02,11210.172489650558,12485.646315452781,13821.355404975995,15211.16190160745,10395.864948385652,10799.305658944515
2022-03-03,11210.172489650558,12485.646315452781,13821.355404975995,15211.16190160745,10395.864948385652,10799.305658944515
2022-03-04,11210.172489650558,12485.646315452781,13821.355404975995,15211.16190160745,10395.864948385652,10799.305658944515
2022-03-07,11210.172489650558,12485.646315452781,13821.355404975995,15211.16190160745,10395.864948385652,10799.305658944515
2022-03-08,11210.172489650558,12485.646315452781,13821.355404975995,15211.16190160745,10395.864948385652,10799.305658944515
2022-03-09,11210.172489650558,12485.646315452781,13821.355404975995,15211.16190160745,10395.864948385652,10799.305658944515
2022-03-10,11210.172489650558,12485.646315452781,13821.355404975995,15211.16190160745,10395.864948385652,10799.305658944515
2022-03-11,11210.172489650558,12485.646315452781,13821.355404975995,15211.16190160745,10395.864948385652,10799.305658944515
2022-03-14,11210.172489650558,12485.646315452781,13821.355404975995,15211.16190160745,10395.864948385652,10799.305658944515
2022-03-15,11210.172489650558,12485.646315452781,13821.355404975995,15211.16190160745,10395.864948385652,10799.305658944515
2022-03-16,11210.172489650558,12485.646315452781,13821.355404975995,15211.16190160745,10395.864948385652,10799.305658944515
2022-03-17,11210.172489650558,12485.646315452781,13821.355404975995,15211.16190160745,10395.864948385652,10799.305658944515
2022-03-18,11210.172489650558,12485.646315452781,13821.355404975995,15211.16190160745,10395.864948385652,10799.305658944515
2022-03-21,11210.172489650558,12485.646315452781,13821.355404975995,15211.16190160745,10395.864948385652,10799.305658944515
2022-03-22,11210.172489650558,12485.646315452781,13821.355404975995,15211.16190160745,10395.864948385652,10799.305658944515
2022-03-23,11210.172489650558,12485.646315452781,13821.355404975995,15211.16190160745,10395.864948385652,10799.305658944515
2022-03-24,11210.172489650558,12485.646315452781,13821.355404975995,15211.16190160745,10395.864948385652,10799.305658944515
2022-03-25,11210.172489650558,12485.646315452781,13821.355404975995,15211.16190160745,10395.864948385652,10799.305658944515
2022-03-28,11210.172489650558,12485.646315452781,13821.355404975995,15211.16190160745,10395.864948385652,10799.305658944515
2022-03-29,11210.172489650558,12485.646315452781,13821.355404975995,15211.16190160745,10395.864948385652,10799.305658944515
2022-03-30,11210.172489650558,12485.646315452781,13821.355404975995,15211.16190160745,10395.864948385652,10799.305658944515
2022-03-31,11210.172489650558,12485.646315452781,13821.355404975995,15211.16190160745,10395.864948385652,10799.305658944515
2022-04-01,11210.172489650558,12485.646315452781,13821.355404975995,15211.16190160745,10395.864948385652,10799.305658944515
2022-04-04,11210.172489650558,12485.646315452781,13821.355404975995,15211.16190160745,10395.864948385652,10799.305658944515
2022-04-05,11210.172489650558,12485.646315452781,13821.355404975995,15211.16190160745,10395.864948385652,10799.305658944515
2022-04-06,11210.172489650558,12485.646315452781,13821.355404975995,15211.16190160745,10395.864948385652,10799.305658944515
2022-04-07,11210.172489650558,12485.646315452781,13821.355404975995,15211.16190160745,10395.864948385652,10799.305658944515
2022-04-08,11210.172489650558,12485.646315452781,13821.355404975995,15211.16190160745,10395.864948385652,10799.305658944515
2022-04-11,11210.172489650558,12485.646315452781,13821.355404975995,15211.16190160745,10395.864948385652,10799.305658944515
2022-04-12,11210.172489650558,12485.646315452781,13821.355404975995,15211.16190160745,10395.864948385652,10799.305658944515
2022-04-13,11210.172489650558,12485.646315452781,13821.355404975995,15211.16190160745,10395.864948385652,10799.305658944515
2022-04-14,11210.172489650558,12485.646315452781,13821.355404975995,15211.16190160745,10395.864948385652,10799.305658944515
2022-04-18,11210.172489650558,12485.646315452781,13821.355404975995,15211.16190160745,10395.864948385652,10799.305658944515
2022-04-19,11210.172489650558,12485.646315452781,13821.355404975995,15211.16190160745,10395.864948385652,10799.305658944515
2022-04-20,11210.172489650558,12485.646315452781,13821.355404975995,15211.16190160745,10395.864948385652,10799.305658944515
2022-04-21,11210.172489650558,12485.646315452781,13821.355404975995,15211.16190160745,10395.864948385652,10799.305658944515
2022-04-22,11210.172489650558,12485.646315452781,13821.355404975995,15211.16190160745,10395.864948385652,10799.305658944515
2022-04-25,11210.172489650558,12485.646315452781,13821.355404975995,15211.16190160745,10395.864948385652,10799.305658944515
2022-04-26,11210.172489650558,12485.646315452781,13821.355404975995,15211.16190160745,10395.864948385652,10799.305658944515
2022-04-27,11210.172489650558,12485.646315452781,13821.355404975995,15211.16190160745,10395.864948385652,10799.305658944515
2022-04-28,11210.172489650558,12485.646315452781,13821.355404975995,15211.16190160745,10395.864948385652,10799.305658944515
2022-04-29,11210.172489650558,12485.646315452781,13821.355404975995,15211.16190160745,10395.864948385652,10799.305658944515
2022-05-02,11210.172489650558,12485.646315452781,13821.355404975995,15211.16190160745,10395.864948385652,10799.305658944515
2022-05-03,11210.172489650558,12485.646315452781,13821.355404975995,15211.16190160745,10395.864948385652,10799.305658944515
2022-05-04,11210.172489650558,12485.646315452781,13821.355404975995,15211.16190160745,10395.864948385652,10799.305658944515
2022-05-05,11210.172489650558,12485.646315452781,13821.355404975995,15211.16190160745,10395.864948385652,10799.305658944515
2022-05-06,11210.172489650558,12485.646315452781,13821.355404975995,15211.16190160745,10395.864948385652,10799.305658944515
2022-05-09,11210.172489650558,12485.646315452781,13821.355404975995,15211.16190160745,10395.864948385652,10799.305658944515
2022-05-10,11210.172489650558,12485.646315452781,13821.355404975995,15211.16190160745,10395.864948385652,10799.305658944515
2022-05-11,11210.172489650558,12485.646315452781,13821.355404975995,15211.16190160745,10395.864948385652,10799.305658944515
2022-05-12,11210.172489650558,12485.646315452781,13821.355404975995,15211.16190160745,10395.864948385652,10799.305658944515
2022-05-13,11210.172489650558,12485.646315452781,13821.355404975995,15211.16190160745,10395.864948385652,10799.305658944515
2022-05-16,11210.172489650558,12485.646315452781,13821.355404975995,15211.16190160745,10395.864948385652,10799.305658944515
2022-05-17,11210.172489650558,12485.646315452781,13821.355404975995,15211.16190160745,10395.864948385652,10799.305658944515
2022-05-18,11210.172489650558,12485.646315452781,13821.355404975995,15211.16190160745,10395.864948385652,10799.305658944515
2022-05-19,11210.172489650558,12485.646315452781,13821.355404975995,15211.16190160745,10395.864948385652,10799.305658944515
2022-05-20,11210.172489650558,12485.646315452781,13821.355404975995,15211.16190160745,10395.864948385652,10799.305658944515
2022-05-23,11210.172489650558,12485.646315452781,13821.355404975995,15211.16190160745,10395.864948385652,10799.305658944515
2022-05-24,11210.172489650558,12485.646315452781,13821.355404975995,15211.16190160745,10395.864948385652,10799.305658944515
2022-05-25,11210.172489650558,12485.646315452781,13821.355404975995,15211.16190160745,10395.864948385652,10799.305658944515
2022-05-26,11210.172489650558,12485.646315452781,13821.355404975995,15211.16190160745,10395.864948385652,10799.305658944515
2022-05-27,11210.172489650558,12485.646315452781,13821.355404975995,15211.16190160745,10395.864948385652,10799.305658944515
2022-05-31,11210.172489650558,12485.646315452781,13821.355404975995,15211.16190160745,10395.864948385652,10799.305658944515
2022-06-01,11210.172489650558,12485.646315452781,13821.355404975995,15211.16190160745,10395.864948385652,10799.305658944515
2022-06-02,11210.172489650558,12485.646315452781,13821.355404975995,15211.16190160745,10395.864948385652,10799.305658944515
2022-06-03,11210.172489650558,12485.646315452781,13821.355404975995,15211.16190160745,10395.864948385652,10799.305658944515
2022-06-06,11210.172489650558,12485.646315452781,13821.355404975995,15211.16190160745,10395.864948385652,10799.305658944515
2022-06-07,11210.172489650558,12485.646315452781,13821.355404975995,15211.16190160745,10395.864948385652,10799.305658944515
2022-06-08,11210.172489650558,12485.646315452781,13821.355404975995,15211.16190160745,10395.864948385652,10799.305658944515
2022-06-09,11210.172489650558,12485.646315452781,13821.355404975995,15211.16190160745,10395.864948385652,10799.305658944515
2022-06-10,11210.172489650558,12485.646315452781,13821.355404975995,15211.16190160745,10395.864948385652,10799.305658944515
2022-06-13,11210.172489650558,12485.646315452781,13821.355404975995,15211.16190160745,10395.864948385652,10799.305658944515
2022-06-14,11210.172489650558,12485.646315452781,13821.355404975995,15211.16190160745,10395.864948385652,10799.305658944515
2022-06-15,11210.172489650558,12485.646315452781,13821.355404975995,15211.16190160745,10395.864948385652,10799.305658944515
2022-06-16,11210.172489650558,12485.646315452781,13821.355404975995,15211.16190160745,10395.864948385652,10799.305658944515
2022-06-17,11210.172489650558,12485.646315452781,13821.355404975995,15211.16190160745,10395.864948385652,10799.305658944515
2022-06-21,11210.172489650558,12485.646315452781,13821.355404975995,15211.16190160745,10395.864948385652,10799.305658944515
2022-06-22,11210.172489650558,12485.646315452781,13821.355404975995,15211.16190160745,10395.864948385652,10799.305658944515
2022-06-23,11210.172489650558,12485.646315452781,13821.355404975995,15211.16190160745,10395.864948385652,10799.305658944515
2022-06-24,11210.172489650558,12485.646315452781,13821.355404975995,15211.16190160745,10395.864948385652,10799.305658944515
2022-06-27,11210.172489650558,12485.646315452781,13821.355404975995,15211.16190160745,10395.864948385652,10799.305658944515
2022-06-28,11210.172489650558,12485.646315452781,13821.355404975995,15211.16190160745,10395.864948385652,10799.305658944515
2022-06-29,11210.172489650558,12485.646315452781,13821.355404975995,15211.16190160745,10395.864948385652,10799.305658944515
2022-06-30,11210.172489650558,12485.646315452781,13821.355404975995,15211.16190160745,10395.864948385652,10799.305658944515
2022-07-01,11210.172489650558,12485.646315452781,13821.355404975995,15211.16190160745,10395.864948385652,10799.305658944515
2022-07-05,11210.172489650558,12485.646315452781,13821.355404975995,15211.16190160745,10395.864948385652,10799.305658944515
2022-07-06,11210.172489650558,12485.646315452781,13821.355404975995,15211.16190160745,10395.864948385652,10799.305658944515
2022-07-07,11210.172489650558,12485.646315452781,13821.355404975995,15211.16190160745,10395.864948385652,10799.305658944515
2022-07-08,11210.172489650558,12485.646315452781,13821.355404975995,15211.16190160745,10395.864948385652,10799.305658944515
2022-07-11,11210.172489650558,12485.646315452781,13821.355404975995,15211.16190160745,10395.864948385652,10799.305658944515
2022-07-12,11210.172489650558,12485.646315452781,13821.355404975995,15211.16190160745,10395.864948385652,10799.305658944515
2022-07-13,11210.172489650558,12485.646315452781,13821.355404975995,15211.16190160745,10395.864948385652,10799.305658944515
2022-07-14,11210.172489650558,12485.646315452781,13821.355404975995,15211.16190160745,10395.864948385652,10799.305658944515
2022-07-15,11210.172489650558,12485.646315452781,13821.355404975995,15211.16190160745,10395.864948385652,10799.305658944515
2022-07-18,11210.172489650558,12485.646315452781,13821.355404975995,15211.16190160745,10395.864948385652,10799.305658944515
2022-07-19,11210.172489650558,12485.646315452781,13821.355404975995,15211.16190160745,10395.864948385652,10799.305658944515
2022-07-20,11210.172489650558,12485.646315452781,13821.355404975995,15211.16190160745,10395.864948385652,10799.305658944515
2022-07-21,11210.172489650558,12485.646315452781,13821.355404975995,15211.16190160745,10395.864948385652,10799.305658944515
2022-07-22,11210.172489650558,12485.646315452781,13821.355404975995,15211.16190160745,10395.864948385652,10799.305658944515
2022-07-25,11210.172489650558,12485.646315452781,13821.355404975995,15211.16190160745,10395.864948385652,10799.305658944515
2022-07-26,11210.172489650558,12485.646315452781,13821.355404975995,15211.16190160745,10395.864948385652,10799.305658944515
2022-07-27,11210.172489650558,12485.646315452781,13821.355404975995,15211.16190160745,10395.864948385652,10799.305658944515
2022-07-28,11210.172489650558,12485.646315452781,13821.355404975995,15211.16190160745,10395.864948385652,10799.305658944515
2022-07-29,11210.172489650558,12485.646315452781,13821.355404975995,15211.16190160745,10395.864948385652,10799.305658944515
2022-08-01,11210.172489650558,12485.646315452781,13821.355404975995,15211.16190160745,10395.864948385652,10799.305658944515
2022-08-02,11210.172489650558,12485.646315452781,13821.355404975995,15211.16190160745,10395.864948385652,10799.305658944515
2022-08-03,11210.172489650558,12485.646315452781,13821.355404975995,15211.16190160745,10395.864948385652,10799.305658944515
2022-08-04,11210.172489650558,12485.646315452781,13821.355404975995,15211.16190160745,10395.864948385652,10799.305658944515
2022-08-05,11210.172489650558,12485.646315452781,13821.355404975995,15211.16190160745,10395.864948385652,10799.305658944515
2022-08-08,11210.172489650558,12485.646315452781,13821.355404975995,15211.16190160745,10395.864948385652,10799.305658944515
2022-08-09,11210.172489650558,12485.646315452781,13821.355404975995,15211.16190160745,10395.864948385652,10799.305658944515
2022-08-10,11210.172489650558,12485.646315452781,13821.355404975995,15211.16190160745,10395.864948385652,10799.305658944515
2022-08-11,11210.172489650558,12485.646315452781,13821.355404975995,15211.16190160745,10395.864948385652,10799.305658944515
2022-08-12,11210.172489650558,12485.646315452781,13821.355404975995,15211.16190160745,10395.864948385652,10799.305658944515
2022-08-15,11210.172489650558,12485.646315452781,13821.355404975995,15211.16190160745,10395.864948385652,10799.305658944515
2022-08-16,11210.172489650558,12485.646315452781,13821.355404975995,15211.16190160745,10395.864948385652,10799.305658944515
2022-08-17,11210.172489650558,12485.646315452781,13821.355404975995,15211.16190160745,10395.864948385652,10799.305658944515
2022-08-18,11210.172489650558,12485.646315452781,13821.355404975995,15211.16190160745,10395.864948385652,10799.305658944515
2022-08-19,11210.172489650558,12485.646315452781,13821.355404975995,15211.16190160745,10395.864948385652,10799.305658944515
2022-08-22,11210.172489650558,12485.646315452781,13821.355404975995,15211.16190160745,10395.864948385652,10799.305658944515
2022-08-23,11248.352596850267,12570.69466153697,13962.575577500846,15418.389325653485,10407.667182428868,10823.826164650178
2022-08-24,11261.46563903815,12599.904703938846,14011.077957821886,15489.562042371854,10411.720685791508,10832.247786520036
2022-08-25,11574.552429711266,13297.323220557335,15169.120033577145,17188.88071622106,10508.502068830474,11033.322298880928
2022-08-26,11027.061444518002,12077.756116066692,13144.066227929834,14217.303241161208,10339.2616654444,10681.705794610527
2022-08-29,10871.401077013317,11731.013852146814,12568.311323960872,13372.43665094114,10291.143935472246,10581.735647602312
2022-08-30,10871.401077013319,11731.013852146814,12568.31132396087,13372.43665094114,10291.143935472246,10581.735647602312
2022-08-31,10871.401077013319,11731.013852146814,12568.31132396087,13372.43665094114,10291.143935472246,10581.735647602312
2022-09-01,10871.401077013319,11731.013852146814,12568.31132396087,13372.43665094114,10291.143935472246,10581.735647602312
2022-09-02,10871.401077013319,11731.013852146814,12568.31132396087,13372.43665094114,10291.143935472246,10581.735647602312
2022-09-06,10871.401077013319,11731.013852146814,12568.31132396087,13372.43665094114,10291.143935472246,10581.735647602312
2022-09-07,10871.401077013319,11731.013852146814,12568.31132396087,13372.43665094114,10291.143935472246,10581.735647602312
2022-09-08,10871.401077013319,11731.013852146814,12568.31132396087,13372.43665094114,10291.143935472246,10581.735647602312
2022-09-09,10871.401077013319,11731.013852146814,12568.31132396087,13372.43665094114,10291.143935472246,10581.735647602312
2022-09-12,10871.401077013319,11731.013852146814,12568.31132396087,13372.43665094114,10291.143935472246,10581.735647602312
2022-09-13,10871.401077013319,11731.013852146814,12568.31132396087,13372.43665094114,10291.143935472246,10581.735647602312
2022-09-14,10871.401077013319,11731.013852146814,12568.31132396087,13372.43665094114,10291.143935472246,10581.735647602312
2022-09-15,10871.401077013319,11731.013852146814,12568.31132396087,13372.43665094114,10291.143935472246,10581.735647602312
2022-09-16,10871.401077013319,11731.013852146814,12568.31132396087,13372.43665094114,10291.143935472246,10581.735647602312
2022-09-19,10871.401077013319,11731.013852146814,12568.31132396087,13372.43665094114,10291.143935472246,10581.735647602312
2022-09-20,10871.401077013319,11731.013852146814,12568.31132396087,13372.43665094114,10291.143935472246,10581.735647602312
2022-09-21,10871.401077013319,11731.013852146814,12568.31132396087,13372.43665094114,10291.143935472246,10581.735647602312
2022-09-22,10871.401077013319,11731.013852146814,12568.31132396087,13372.43665094114,10291.143935472246,10581.735647602312
2022-09-23,10871.401077013319,11731.013852146814,12568.31132396087,13372.43665094114,10291.143935472246,10581.735647602312
2022-09-26,10871.401077013319,11731.013852146814,12568.31132396087,13372.43665094114,10291.143935472246,10581.735647602312
2022-09-27,10871.401077013319,11731.013852146814,12568.31132396087,13372.43665094114,10291.143935472246,10581.735647602312
2022-09-28,10871.401077013319,11731.013852146814,12568.31132396087,13372.43665094114,10291.143935472246,10581.735647602312
2022-09-29,10871.401077013319,11731.013852146814,12568.31132396087,13372.43665094114,10291.143935472246,10581.735647602312
2022-09-30,10871.401077013319,11731.013852146814,12568.31132396087,13372.43665094114,10291.143935472246,10581.735647602312
2022-10-03,10871.401077013319,11731.013852146814,12568.31132396087,13372.43665094114,10291.143935472246,10581.735647602312
2022-10-04,10871.401077013319,11731.013852146814,12568.31132396087,13372.43665094114,10291.143935472246,10581.735647602312
2022-10-05,10871.401077013319,11731.013852146814,12568.31132396087,13372.43665094114,10291.143935472246,10581.735647602312
2022-10-06,10871.401077013319,11731.013852146814,12568.31132396087,13372.43665094114,10291.143935472246,10581.735647602312
2022-10-07,10871.401077013319,11731.013852146814,12568.31132396087,13372.43665094114,10291.143935472246,10581.735647602312
2022-10-10,10871.401077013319,11731.013852146814,12568.31132396087,13372.43665094114,10291.143935472246,10581.735647602312
2022-10-11,10871.401077013319,11731.013852146814,12568.31132396087,13372.43665094114,10291.143935472246,10581.735647602312
2022-10-12,10871.401077013319,11731.013852146814,12568.31132396087,13372.43665094114,10291.143935472246,10581.735647602312
2022-10-13,10871.401077013319,11731.013852146814,12568.31132396087,13372.43665094114,10291.143935472246,10581.735647602312
2022-10-14,10871.401077013319,11731.013852146814,12568.31132396087,13372.43665094114,10291.143935472246,10581.735647602312
2022-10-17,10871.401077013319,11731.013852146814,12568.31132396087,13372.43665094114,10291.143935472246,10581.735647602312
2022-10-18,10871.401077013319,11731.013852146814,12568.31132396087,13372.43665094114,10291.143935472246,10581.735647602312
2022-10-19,10871.401077013319,11731.013852146814,12568.31132396087,13372.43665094114,10291.143935472246,10581.735647602312
2022-10-20,10871.401077013319,11731.013852146814,12568.31132396087,13372.43665094114,10291.143935472246,10581.735647602312
2022-10-21,10871.401077013319,11731.013852146814,12568.31132396087,13372.43665094114,10291.143935472246,10581.735647602312
2022-10-24,10871.401077013319,11731.013852146814,12568.31132396087,13372.43665094114,10291.143935472246,10581.735647602312
2022-10-25,10871.401077013319,11731.013852146814,12568.31132396087,13372.43665094114,10291.143935472246,10581.735647602312
2022-10-26,10871.401077013319,11731.013852146814,12568.31132396087,13372.43665094114,10291.143935472246,10581.735647602312
2022-10-27,10871.401077013319,11731.013852146814,12568.31132396087,13372.43665094114,10291.143935472246,10581.735647602312
2022-10-28,10871.401077013319,11731.013852146814,12568.31132396087,13372.43665094114,10291.143935472246,10581.735647602312
2022-10-31,10871.401077013319,11731.013852146814,12568.31132396087,13372.43665094114,10291.143935472246,10581.735647602312
2022-11-01,10871.401077013319,11731.013852146814,12568.31132396087,13372.43665094114,10291.143935472246,10581.735647602312
2022-11-02,10871.401077013319,11731.013852146814,12568.31132396087,13372.43665094114,10291.143935472246,10581.735647602312
2022-11-03,10871.401077013319,11731.013852146814,12568.31132396087,13372.43665094114,10291.143935472246,10581.735647602312
2022-11-04,10871.401077013319,11731.013852146814,12568.31132396087,13372.43665094114,10291.143935472246,10581.735647602312
2022-11-07,10871.401077013319,11731.013852146814,12568.31132396087,13372.43665094114,10291.143935472246,10581.735647602312
2022-11-08,10871.401077013319,11731.013852146814,12568.31132396087,13372.43665094114,10291.143935472246,10581.735647602312
2022-11-09,10871.401077013319,11731.013852146814,12568.31132396087,13372.43665094114,10291.143935472246,10581.735647602312
2022-11-10,10871.401077013319,11731.013852146814,12568.31132396087,13372.43665094114,10291.143935472246,10581.735647602312
2022-11-11,10871.401077013319,11731.013852146814,12568.31132396087,13372.43665094114,10291.143935472246,10581.735647602312
2022-11-14,10871.401077013319,11731.013852146814,12568.31132396087,13372.43665094114,10291.143935472246,10581.735647602312
2022-11-15,10871.401077013319,11731.013852146814,12568.31132396087,13372.43665094114,10291.143935472246,10581.735647602312
2022-11-16,10871.401077013319,11731.013852146814,12568.31132396087,13372.43665094114,10291.143935472246,10581.735647602312
2022-11-17,10871.401077013319,11731.013852146814,12568.31132396087,13372.43665094114,10291.143935472246,10581.735647602312
2022-11-18,10871.401077013319,11731.013852146814,12568.31132396087,13372.43665094114,10291.143935472246,10581.735647602312
2022-11-21,10871.401077013319,11731.013852146814,12568.31132396087,13372.43665094114,10291.143935472246,10581.735647602312
2022-11-22,10871.401077013319,11731.013852146814,12568.31132396087,13372.43665094114,10291.143935472246,10581.735647602312
2022-11-23,10871.401077013319,11731.013852146814,12568.31132396087,13372.43665094114,10291.143935472246,10581.735647602312
2022-11-25,10871.401077013319,11731.013852146814,12568.31132396087,13372.43665094114,10291.143935472246,10581.735647602312
2022-11-28,10871.401077013319,11731.013852146814,12568.31132396087,13372.43665094114,10291.143935472246,10581.735647602312
2022-11-29,10871.401077013319,11731.013852146814,12568.31132396087,13372.43665094114,10291.143935472246,10581.735647602312
2022-11-30,10871.401077013319,11731.013852146814,12568.31132396087,13372.43665094114,10291.143935472246,10581.735647602312
2022-12-01,10871.401077013319,11731.013852146814,12568.31132396087,13372.43665094114,10291.143935472246,10581.735647602312
2022-12-02,10871.401077013319,11731.013852146814,12568.31132396087,13372.43665094114,10291.143935472246,10581.735647602312
2022-12-05,10871.401077013319,11731.013852146814,12568.31132396087,13372.43665094114,10291.143935472246,10581.735647602312
2022-12-06,10871.401077013319,11731.013852146814,12568.31132396087,13372.43665094114,10291.143935472246,10581.735647602312
2022-12-07,10871.401077013319,11731.013852146814,12568.31132396087,13372.43665094114,10291.143935472246,10581.735647602312
2022-12-08,10871.401077013319,11731.013852146814,12568.31132396087,13372.43665094114,10291.143935472246,10581.735647602312
2022-12-09,10871.401077013319,11731.013852146814,12568.31132396087,13372.43665094114,10291.143935472246,10581.735647602312
2022-12-12,10871.401077013319,11731.013852146814,12568.31132396087,13372.43665094114,10291.143935472246,10581.735647602312
2022-12-13,10871.401077013319,11731.013852146814,12568.31132396087,13372.43665094114,10291.143935472246,10581.735647602312
2022-12-14,10871.401077013319,11731.013852146814,12568.31132396087,13372.43665094114,10291.143935472246,10581.735647602312
2022-12-15,10871.401077013319,11731.013852146814,12568.31132396087,13372.43665094114,10291.143935472246,10581.735647602312
2022-12-16,10871.401077013319,11731.013852146814,12568.31132396087,13372.43665094114,10291.143935472246,10581.735647602312
2022-12-19,10871.401077013319,11731.013852146814,12568.31132396087,13372.43665094114,10291.143935472246,10581.735647602312
2022-12-20,10871.401077013319,11731.013852146814,12568.31132396087,13372.43665094114,10291.143935472246,10581.735647602312
2022-12-21,10871.401077013319,11731.013852146814,12568.31132396087,13372.43665094114,10291.143935472246,10581.735647602312
2022-12-22,10871.401077013319,11731.013852146814,12568.31132396087,13372.43665094114,10291.143935472246,10581.735647602312
2022-12-23,10871.401077013319,11731.013852146814,12568.31132396087,13372.43665094114,10291.143935472246,10581.735647602312
2022-12-27,10871.401077013319,11731.013852146814,12568.31132396087,13372.43665094114,10291.143935472246,10581.735647602312
2022-12-28,10871.401077013319,11731.013852146814,12568.31132396087,13372.43665094114,10291.143935472246,10581.735647602312
2022-12-29,10871.401077013319,11731.013852146814,12568.31132396087,13372.43665094114,10291.143935472246,10581.735647602312
2022-12-30,10871.401077013319,11731.013852146814,12568.31132396087,13372.43665094114,10291.143935472246,10581.735647602312
2023-01-03,10871.401077013319,11731.013852146814,12568.31132396087,13372.43665094114,10291.143935472246,10581.735647602312
2023-01-04,10871.401077013319,11731.013852146814,12568.31132396087,13372.43665094114,10291.143935472246,10581.735647602312
2023-01-05,10871.401077013319,11731.013852146814,12568.31132396087,13372.43665094114,10291.143935472246,10581.735647602312
2023-01-06,10871.401077013319,11731.013852146814,12568.31132396087,13372.43665094114,10291.143935472246,10581.735647602312
2023-01-09,10871.401077013319,11731.013852146814,12568.31132396087,13372.43665094114,10291.143935472246,10581.735647602312
2023-01-10,10871.401077013319,11731.013852146814,12568.31132396087,13372.43665094114,10291.143935472246,10581.735647602312
2023-01-11,10871.401077013319,11731.013852146814,12568.31132396087,13372.43665094114,10291.143935472246,10581.735647602312
2023-01-12,10871.401077013319,11731.013852146814,12568.31132396087,13372.43665094114,10291.143935472246,10581.735647602312
2023-01-13,10871.401077013319,11731.013852146814,12568.31132396087,13372.43665094114,10291.143935472246,10581.735647602312
2023-01-17,10871.401077013319,11731.013852146814,12568.31132396087,13372.43665094114,10291.143935472246,10581.735647602312
2023-01-18,10871.401077013319,11731.013852146814,12568.31132396087,13372.43665094114,10291.143935472246,10581.735647602312
2023-01-19,10871.401077013319,11731.013852146814,12568.31132396087,13372.43665094114,10291.143935472246,10581.735647602312
2023-01-20,10871.401077013319,11731.013852146814,12568.31132396087,13372.43665094114,10291.143935472246,10581.735647602312
2023-01-23,10871.401077013319,11731.013852146814,12568.31132396087,13372.43665094114,10291.143935472246,10581.735647602312
2023-01-24,10871.401077013319,11731.013852146814,12568.31132396087,13372.43665094114,10291.143935472246,10581.735647602312
2023-01-25,10871.401077013319,11731.013852146814,12568.31132396087,13372.43665094114,10291.143935472246,10581.735647602312
2023-01-26,10871.401077013319,11731.013852146814,12568.31132396087,13372.43665094114,10291.143935472246,10581.735647602312
2023-01-27,10871.401077013319,11731.013852146814,12568.31132396087,13372.43665094114,10291.143935472246,10581.735647602312
2023-01-30,10871.401077013319,11731.013852146814,12568.31132396087,13372.43665094114,10291.143935472246,10581.735647602312
2023-01-31,10871.401077013319,11731.013852146814,12568.31132396087,13372.43665094114,10291.143935472246,10581.735647602312
2023-02-01,10871.401077013319,11731.013852146814,12568.31132396087,13372.43665094114,10291.143935472246,10581.735647602312
2023-02-02,10871.401077013319,11731.013852146814,12568.31132396087,13372.43665094114,10291.143935472246,10581.735647602312
2023-02-03,10871.401077013319,11731.013852146814,12568.31132396087,13372.43665094114,10291.143935472246,10581.735647602312
2023-02-06,10871.401077013319,11731.013852146814,12568.31132396087,13372.43665094114,10291.143935472246,10581.735647602312
2023-02-07,10871.401077013319,11731.013852146814,12568.31132396087,13372.43665094114,10291.143935472246,10581.735647602312
2023-02-08,10871.401077013319,11731.013852146814,12568.31132396087,13372.43665094114,10291.143935472246,10581.735647602312
2023-02-09,10871.401077013319,11731.013852146814,12568.31132396087,13372.43665094114,10291.143935472246,10581.735647602312
2023-02-10,10871.401077013319,11731.013852146814,12568.31132396087,13372.43665094114,10291.143935472246,10581.735647602312
2023-02-13,10871.401077013319,11731.013852146814,12568.31132396087,13372.43665094114,10291.143935472246,10581.735647602312
2023-02-14,10871.401077013319,11731.013852146814,12568.31132396087,13372.43665094114,10291.143935472246,10581.735647602312
2023-02-15,10871.401077013319,11731.013852146814,12568.31132396087,13372.43665094114,10291.143935472246,10581.735647602312
2023-02-16,10871.401077013319,11731.013852146814,12568.31132396087,13372.43665094114,10291.143935472246,10581.735647602312
2023-02-17,10871.401077013319,11731.013852146814,12568.31132396087,13372.43665094114,10291.143935472246,10581.735647602312
2023-02-21,10871.401077013319,11731.013852146814,12568.31132396087,13372.43665094114,10291.143935472246,10581.735647602312
2023-02-22,10871.401077013319,11731.013852146814,12568.31132396087,13372.43665094114,10291.143935472246,10581.735647602312
2023-02-23,10871.401077013319,11731.013852146814,12568.31132396087,13372.43665094114,10291.143935472246,10581.735647602312
2023-02-24,10871.401077013319,11731.013852146814,12568.31132396087,13372.43665094114,10291.143935472246,10581.735647602312
2023-02-27,10871.401077013319,11731.013852146814,12568.31132396087,13372.43665094114,10291.143935472246,10581.735647602312
2023-02-28,10871.401077013319,11731.013852146814,12568.31132396087,13372.43665094114,10291.143935472246,10581.735647602312
2023-03-01,10871.401077013319,11731.013852146814,12568.31132396087,13372.43665094114,10291.143935472246,10581.735647602312
2023-03-02,10871.401077013319,11731.013852146814,12568.31132396087,13372.43665094114,10291.143935472246,10581.735647602312
2023-03-03,10871.401077013319,11731.013852146814,12568.31132396087,13372.43665094114,10291.143935472246,10581.735647602312
2023-03-06,10871.401077013319,11731.013852146814,12568.31132396087,13372.43665094114,10291.143935472246,10581.735647602312
2023-03-07,10871.401077013319,11731.013852146814,12568.31132396087,13372.43665094114,10291.143935472246,10581.735647602312
2023-03-08,10871.401077013319,11731.013852146814,12568.31132396087,13372.43665094114,10291.143935472246,10581.735647602312
2023-03-09,10871.401077013319,11731.013852146814,12568.31132396087,13372.43665094114,10291.143935472246,10581.735647602312
2023-03-10,10871.401077013319,11731.013852146814,12568.31132396087,13372.43665094114,10291.143935472246,10581.735647602312
2023-03-13,10871.401077013319,11731.013852146814,12568.31132396087,13372.43665094114,10291.143935472246,10581.735647602312
2023-03-14,10871.401077013319,11731.013852146814,12568.31132396087,13372.43665094114,10291.143935472246,10581.735647602312
2023-03-15,10871.401077013319,11731.013852146814,12568.31132396087,13372.43665094114,10291.143935472246,10581.735647602312
2023-03-16,10871.401077013319,11731.013852146814,12568.31132396087,13372.43665094114,10291.143935472246,10581.735647602312
2023-03-17,10871.401077013319,11731.013852146814,12568.31132396087,13372.43665094114,10291.143935472246,10581.735647602312
2023-03-20,10871.401077013319,11731.013852146814,12568.31132396087,13372.43665094114,10291.143935472246,10581.735647602312
2023-03-21,10871.401077013319,11731.013852146814,12568.31132396087,13372.43665094114,10291.143935472246,10581.735647602312
2023-03-22,10871.401077013319,11731.013852146814,12568.31132396087,13372.43665094114,10291.143935472246,10581.735647602312
2023-03-23,10871.401077013319,11731.013852146814,12568.31132396087,13372.43665094114,10291.143935472246,10581.735647602312
2023-03-24,10871.401077013319,11731.013852146814,12568.31132396087,13372.43665094114,10291.143935472246,10581.735647602312
2023-03-27,10871.401077013319,11731.013852146814,12568.31132396087,13372.43665094114,10291.143935472246,10581.735647602312
2023-03-28,10871.401077013319,11731.013852146814,12568.31132396087,13372.43665094114,10291.143935472246,10581.735647602312
2023-03-29,10871.401077013319,11731.013852146814,12568.31132396087,13372.43665094114,10291.143935472246,10581.735647602312
2023-03-30,10871.401077013319,11731.013852146814,12568.31132396087,13372.43665094114,10291.143935472246,10581.735647602312
2023-03-31,10871.401077013319,11731.013852146814,12568.31132396087,13372.43665094114,10291.143935472246,10581.735647602312
2023-04-03,10871.401077013319,11731.013852146814,12568.31132396087,13372.43665094114,10291.143935472246,10581.735647602312
2023-04-04,10871.401077013319,11731.013852146814,12568.31132396087,13372.43665094114,10291.143935472246,10581.735647602312
2023-04-05,10871.401077013319,11731.013852146814,12568.31132396087,13372.43665094114,10291.143935472246,10581.735647602312
2023-04-06,10871.401077013319,11731.013852146814,12568.31132396087,13372.43665094114,10291.143935472246,10581.735647602312
2023-04-10,10871.401077013319,11731.013852146814,12568.31132396087,13372.43665094114,10291.143935472246,10581.735647602312
2023-04-11,10871.401077013319,11731.013852146814,12568.31132396087,13372.43665094114,10291.143935472246,10581.735647602312
2023-04-12,10871.401077013319,11731.013852146814,12568.31132396087,13372.43665094114,10291.143935472246,10581.735647602312
2023-04-13,10871.401077013319,11731.013852146814,12568.31132396087,13372.43665094114,10291.143935472246,10581.735647602312
2023-04-14,10871.401077013319,11731.013852146814,12568.31132396087,13372.43665094114,10291.143935472246,10581.735647602312
2023-04-17,10871.401077013319,11731.013852146814,12568.31132396087,13372.43665094114,10291.143935472246,10581.735647602312
2023-04-18,10871.401077013319,11731.013852146814,12568.31132396087,13372.43665094114,10291.143935472246,10581.735647602312
2023-04-19,10871.401077013319,11731.013852146814,12568.31132396087,13372.43665094114,10291.143935472246,10581.735647602312
2023-04-20,10871.401077013319,11731.013852146814,12568.31132396087,13372.43665094114,10291.143935472246,10581.735647602312
2023-04-21,10871.401077013319,11731.013852146814,12568.31132396087,13372.43665094114,10291.143935472246,10581.735647602312
2023-04-24,10871.401077013319,11731.013852146814,12568.31132396087,13372.43665094114,10291.143935472246,10581.735647602312
2023-04-25,10871.401077013319,11731.013852146814,12568.31132396087,13372.43665094114,10291.143935472246,10581.735647602312
2023-04-26,10818.848659262958,11617.598270065711,12386.04544789731,13113.866896319018,10274.561451718318,10547.634198712864
2023-04-27,10852.737810626575,11690.735872343066,12503.582111798902,13280.609168654952,10285.254895064561,10569.624988339765
2023-04-28,10990.28869437985,11987.59021728974,12980.645459287512,13957.390557269471,10328.65794658566,10658.882241056332
2023-05-01,11076.009099930181,12172.587028243359,13277.946810642516,14379.15429675234,10355.706316446982,10714.506513997367
2023-05-02,11011.350062245805,12033.04364071335,13053.691930401756,14061.017240003188,10335.303688217029,10672.549036811277
2023-05-03,11011.350062245805,12033.043640713351,13053.691930401757,14061.017240003188,10335.303688217027,10672.549036811277
2023-05-04,11011.350062245805,12033.043640713351,13053.691930401757,14061.017240003188,10335.303688217027,10672.549036811277
2023-05-05,11011.350062245805,12033.043640713351,13053.691930401757,14061.017240003188,10335.303688217027,10672.549036811277
2023-05-08,11011.350062245805,12033.043640713351,13053.691930401757,14061.017240003188,10335.303688217027,10672.549036811277
2023-05-09,11011.350062245805,12033.043640713351,13053.691930401757,14061.017240003188,10335.303688217027,10672.549036811277
2023-05-10,11011.350062245805,12033.043640713351,13053.691930401757,14061.017240003188,10335.303688217027,10672.549036811277
2023-05-11,11011.350062245805,12033.043640713351,13053.691930401757,14061.017240003188,10335.303688217027,10672.549036811277
2023-05-12,11011.350062245805,12033.043640713351,13053.691930401757,14061.017240003188,10335.303688217027,10672.549036811277
2023-05-15,11011.350062245805,12033.043640713351,13053.691930401757,14061.017240003188,10335.303688217027,10672.549036811277
2023-05-16,11011.350062245805,12033.043640713351,13053.691930401757,14061.017240003188,10335.303688217027,10672.549036811277
2023-05-17,11011.350062245805,12033.043640713351,13053.691930401757,14061.017240003188,10335.303688217027,10672.549036811277
2023-05-18,11011.350062245805,12033.043640713351,13053.691930401757,14061.017240003188,10335.303688217027,10672.549036811277
2023-05-19,11011.350062245805,12033.043640713351,13053.691930401757,14061.017240003188,10335.303688217027,10672.549036811277
2023-05-22,11011.350062245805,12033.043640713351,13053.691930401757,14061.017240003188,10335.303688217027,10672.549036811277
2023-05-23,11011.350062245805,12033.043640713351,13053.691930401757,14061.017240003188,10335.303688217027,10672.549036811277
2023-05-24,11011.350062245805,12033.043640713351,13053.691930401757,14061.017240003188,10335.303688217027,10672.549036811277
2023-05-25,11011.350062245805,12033.043640713351,13053.691930401757,14061.017240003188,10335.303688217027,10672.549036811277
2023-05-26,11011.350062245805,12033.043640713351,13053.691930401757,14061.017240003188,10335.303688217027,10672.549036811277
2023-05-30,11011.350062245805,12033.043640713351,13053.691930401757,14061.017240003188,10335.303688217027,10672.549036811277
2023-05-31,11011.350062245805,12033.043640713351,13053.691930401757,14061.017240003188,10335.303688217027,10672.549036811277
2023-06-01,11011.350062245805,12033.043640713351,13053.691930401757,14061.017240003188,10335.303688217027,10672.549036811277
2023-06-02,11011.350062245805,12033.043640713351,13053.691930401757,14061.017240003188,10335.303688217027,10672.549036811277
2023-06-05,11011.350062245805,12033.043640713351,13053.691930401757,14061.017240003188,10335.303688217027,10672.549036811277
2023-06-06,11011.350062245805,12033.043640713351,13053.691930401757,14061.017240003188,10335.303688217027,10672.549036811277
2023-06-07,11011.350062245805,12033.043640713351,13053.691930401757,14061.017240003188,10335.303688217027,10672.549036811277
2023-06-08,11011.350062245805,12033.043640713351,13053.691930401757,14061.017240003188,10335.303688217027,10672.549036811277
2023-06-09,11011.350062245805,12033.043640713351,13053.691930401757,14061.017240003188,10335.303688217027,10672.549036811277
2023-06-12,11011.350062245805,12033.043640713351,13053.691930401757,14061.017240003188,10335.303688217027,10672.549036811277
2023-06-13,11011.350062245805,12033.043640713351,13053.691930401757,14061.017240003188,10335.303688217027,10672.549036811277
2023-06-14,11011.350062245805,12033.043640713351,13053.691930401757,14061.017240003188,10335.303688217027,10672.549036811277
2023-06-15,11011.350062245805,12033.043640713351,13053.691930401757,14061.017240003188,10335.303688217027,10672.549036811277
2023-06-16,11011.350062245805,12033.043640713351,13053.691930401757,14061.017240003188,10335.303688217027,10672.549036811277
2023-06-20,11011.350062245805,12033.043640713351,13053.691930401757,14061.017240003188,10335.303688217027,10672.549036811277
2023-06-21,11011.350062245805,12033.043640713351,13053.691930401757,14061.017240003188,10335.303688217027,10672.549036811277
2023-06-22,11011.350062245805,12033.043640713351,13053.691930401757,14061.017240003188,10335.303688217027,10672.549036811277
2023-06-23,11011.350062245805,12033.043640713351,13053.691930401757,14061.017240003188,10335.303688217027,10672.549036811277
2023-06-26,11011.350062245805,12033.043640713351,13053.691930401757,14061.017240003188,10335.303688217027,10672.549036811277
2023-06-27,11011.350062245805,12033.043640713351,13053.691930401757,14061.017240003188,10335.303688217027,10672.549036811277
2023-06-28,11011.350062245805,12033.043640713351,13053.691930401757,14061.017240003188,10335.303688217027,10672.549036811277
2023-06-29,11011.350062245805,12033.043640713351,13053.691930401757,14061.017240003188,10335.303688217027,10672.549036811277
2023-06-30,11011.350062245805,12033.043640713351,13053.691930401757,14061.017240003188,10335.303688217027,10672.549036811277
2023-07-03,11011.350062245805,12033.043640713351,13053.691930401757,14061.017240003188,10335.303688217027,10672.549036811277
2023-07-05,11011.350062245805,12033.043640713351,13053.691930401757,14061.017240003188,10335.303688217027,10672.549036811277
2023-07-06,11011.350062245805,12033.043640713351,13053.691930401757,14061.017240003188,10335.303688217027,10672.549036811277
2023-07-07,11011.350062245805,12033.043640713351,13053.691930401757,14061.017240003188,10335.303688217027,10672.549036811277
2023-07-10,11011.350062245805,12033.043640713351,13053.691930401757,14061.017240003188,10335.303688217027,10672.549036811277
2023-07-11,11011.350062245805,12033.043640713351,13053.691930401757,14061.017240003188,10335.303688217027,10672.549036811277
2023-07-12,11011.350062245805,12033.043640713351,13053.691930401757,14061.017240003188,10335.303688217027,10672.549036811277
2023-07-13,11011.350062245805,12033.043640713351,13053.691930401757,14061.017240003188,10335.303688217027,10672.549036811277
2023-07-14,11011.350062245805,12033.043640713351,13053.691930401757,14061.017240003188,10335.303688217027,10672.549036811277
2023-07-17,11011.350062245805,12033.043640713351,13053.691930401757,14061.017240003188,10335.303688217027,10672.549036811277
2023-07-18,11011.350062245805,12033.043640713351,13053.691930401757,14061.017240003188,10335.303688217027,10672.549036811277
2023-07-19,11011.350062245805,12033.043640713351,13053.691930401757,14061.017240003188,10335.303688217027,10672.549036811277
2023-07-20,11011.350062245805,12033.043640713351,13053.691930401757,14061.017240003188,10335.303688217027,10672.549036811277
2023-07-21,11011.350062245805,12033.043640713351,13053.691930401757,14061.017240003188,10335.303688217027,10672.549036811277
2023-07-24,11011.350062245805,12033.043640713351,13053.691930401757,14061.017240003188,10335.303688217027,10672.549036811277
2023-07-25,11011.350062245805,12033.043640713351,13053.691930401757,14061.017240003188,10335.303688217027,10672.549036811277
2023-07-26,11011.350062245805,12033.043640713351,13053.691930401757,14061.017240003188,10335.303688217027,10672.549036811277
2023-07-27,11011.350062245805,12033.043640713351,13053.691930401757,14061.017240003188,10335.303688217027,10672.549036811277
2023-07-28,11011.350062245805,12033.043640713351,13053.691930401757,14061.017240003188,10335.303688217027,10672.549036811277
2023-07-31,11011.350062245805,12033.043640713351,13053.691930401757,14061.017240003188,10335.303688217027,10672.549036811277
2023-08-01,11011.350062245805,12033.043640713351,13053.691930401757,14061.017240003188,10335.303688217027,10672.549036811277
2023-08-02,11011.350062245805,12033.043640713351,13053.691930401757,14061.017240003188,10335.303688217027,10672.549036811277
2023-08-03,11011.350062245805,12033.043640713351,13053.691930401757,14061.017240003188,10335.303688217027,10672.549036811277
2023-08-04,11011.350062245805,12033.043640713351,13053.691930401757,14061.017240003188,10335.303688217027,10672.549036811277
2023-08-07,11011.350062245805,12033.043640713351,13053.691930401757,14061.017240003188,10335.303688217027,10672.549036811277
2023-08-08,11011.350062245805,12033.043640713351,13053.691930401757,14061.017240003188,10335.303688217027,10672.549036811277
2023-08-09,11011.350062245805,12033.043640713351,13053.691930401757,14061.017240003188,10335.303688217027,10672.549036811277
2023-08-10,11011.350062245805,12033.043640713351,13053.691930401757,14061.017240003188,10335.303688217027,10672.549036811277
2023-08-11,11011.350062245805,12033.043640713351,13053.691930401757,14061.017240003188,10335.303688217027,10672.549036811277
2023-08-14,11011.350062245805,12033.043640713351,13053.691930401757,14061.017240003188,10335.303688217027,10672.549036811277
2023-08-15,11011.350062245805,12033.043640713351,13053.691930401757,14061.017240003188,10335.303688217027,10672.549036811277
2023-08-16,11011.350062245805,12033.043640713351,13053.691930401757,14061.017240003188,10335.303688217027,10672.549036811277
2023-08-17,11011.350062245805,12033.043640713351,13053.691930401757,14061.017240003188,10335.303688217027,10672.549036811277
2023-08-18,11011.350062245805,12033.043640713351,13053.691930401757,14061.017240003188,10335.303688217027,10672.549036811277
2023-08-21,11011.350062245805,12033.043640713351,13053.691930401757,14061.017240003188,10335.303688217027,10672.549036811277
2023-08-22,11011.350062245805,12033.043640713351,13053.691930401757,14061.017240003188,10335.303688217027,10672.549036811277
2023-08-23,11011.350062245805,12033.043640713351,13053.691930401757,14061.017240003188,10335.303688217027,10672.549036811277
2023-08-24,11011.350062245805,12033.043640713351,13053.691930401757,14061.017240003188,10335.303688217027,10672.549036811277
2023-08-25,11011.350062245805,12033.043640713351,13053.691930401757,14061.017240003188,10335.303688217027,10672.549036811277
2023-08-28,11011.350062245805,12033.043640713351,13053.691930401757,14061.017240003188,10335.303688217027,10672.549036811277
2023-08-29,11011.350062245805,12033.043640713351,13053.691930401757,14061.017240003188,10335.303688217027,10672.549036811277
2023-08-30,11011.350062245805,12033.043640713351,13053.691930401757,14061.017240003188,10335.303688217027,10672.549036811277
2023-08-31,11011.350062245805,12033.043640713351,13053.691930401757,14061.017240003188,10335.303688217027,10672.549036811277
2023-09-01,11011.350062245805,12033.043640713351,13053.691930401757,14061.017240003188,10335.303688217027,10672.549036811277
2023-09-05,11011.350062245805,12033.043640713351,13053.691930401757,14061.017240003188,10335.303688217027,10672.549036811277
2023-09-06,11011.350062245805,12033.043640713351,13053.691930401757,14061.017240003188,10335.303688217027,10672.549036811277
2023-09-07,11011.350062245805,12033.043640713351,13053.691930401757,14061.017240003188,10335.303688217027,10672.549036811277
2023-09-08,11011.350062245805,12033.043640713351,13053.691930401757,14061.017240003188,10335.303688217027,10672.549036811277
2023-09-11,11011.350062245805,12033.043640713351,13053.691930401757,14061.017240003188,10335.303688217027,10672.549036811277
2023-09-12,11011.350062245805,12033.043640713351,13053.691930401757,14061.017240003188,10335.303688217027,10672.549036811277
2023-09-13,11011.350062245805,12033.043640713351,13053.691930401757,14061.017240003188,10335.303688217027,10672.549036811277
2023-09-14,11011.350062245805,12033.043640713351,13053.691930401757,14061.017240003188,10335.303688217027,10672.549036811277
2023-09-15,11011.350062245805,12033.043640713351,13053.691930401757,14061.017240003188,10335.303688217027,10672.549036811277
2023-09-18,11011.350062245805,12033.043640713351,13053.691930401757,14061.017240003188,10335.303688217027,10672.549036811277
2023-09-19,11011.350062245805,12033.043640713351,13053.691930401757,14061.017240003188,10335.303688217027,10672.549036811277
2023-09-20,11011.350062245805,12033.043640713351,13053.691930401757,14061.017240003188,10335.303688217027,10672.549036811277
2023-09-21,11011.350062245805,12033.043640713351,13053.691930401757,14061.017240003188,10335.303688217027,10672.549036811277
2023-09-22,11011.350062245805,12033.043640713351,13053.691930401757,14061.017240003188,10335.303688217027,10672.549036811277
2023-09-25,11011.350062245805,12033.043640713351,13053.691930401757,14061.017240003188,10335.303688217027,10672.549036811277
2023-09-26,11011.350062245805,12033.043640713351,13053.691930401757,14061.017240003188,10335.303688217027,10672.549036811277
2023-09-27,11011.350062245805,12033.043640713351,13053.691930401757,14061.017240003188,10335.303688217027,10672.549036811277
2023-09-28,11011.350062245805,12033.043640713351,13053.691930401757,14061.017240003188,10335.303688217027,10672.549036811277
2023-09-29,11011.350062245805,12033.043640713351,13053.691930401757,14061.017240003188,10335.303688217027,10672.549036811277
2023-10-02,11011.350062245805,12033.043640713351,13053.691930401757,14061.017240003188,10335.303688217027,10672.549036811277
2023-10-03,11011.350062245805,12033.043640713351,13053.691930401757,14061.017240003188,10335.303688217027,10672.549036811277
2023-10-04,11011.350062245805,12033.043640713351,13053.691930401757,14061.017240003188,10335.303688217027,10672.549036811277
2023-10-05,11011.350062245805,12033.043640713351,13053.691930401757,14061.017240003188,10335.303688217027,10672.549036811277
2023-10-06,11011.350062245805,12033.043640713351,13053.691930401757,14061.017240003188,10335.303688217027,10672.549036811277
2023-10-09,11011.350062245805,12033.043640713351,13053.691930401757,14061.017240003188,10335.303688217027,10672.549036811277
2023-10-10,11011.350062245805,12033.043640713351,13053.691930401757,14061.017240003188,10335.303688217027,10672.549036811277
2023-10-11,11011.350062245805,12033.043640713351,13053.691930401757,14061.017240003188,10335.303688217027,10672.549036811277
2023-10-12,11011.350062245805,12033.043640713351,13053.691930401757,14061.017240003188,10335.303688217027,10672.549036811277
2023-10-13,11011.350062245805,12033.043640713351,13053.691930401757,14061.017240003188,10335.303688217027,10672.549036811277
2023-10-16,11011.350062245805,12033.043640713351,13053.691930401757,14061.017240003188,10335.303688217027,10672.549036811277
2023-10-17,11011.350062245805,12033.043640713351,13053.691930401757,14061.017240003188,10335.303688217027,10672.549036811277
2023-10-18,11011.350062245805,12033.043640713351,13053.691930401757,14061.017240003188,10335.303688217027,10672.549036811277
2023-10-19,11011.350062245805,12033.043640713351,13053.691930401757,14061.017240003188,10335.303688217027,10672.549036811277
2023-10-20,11011.350062245805,12033.043640713351,13053.691930401757,14061.017240003188,10335.303688217027,10672.549036811277
2023-10-23,11011.350062245805,12033.043640713351,13053.691930401757,14061.017240003188,10335.303688217027,10672.549036811277
2023-10-24,11011.350062245805,12033.043640713351,13053.691930401757,14061.017240003188,10335.303688217027,10672.549036811277
2023-10-25,11011.350062245805,12033.043640713351,13053.691930401757,14061.017240003188,10335.303688217027,10672.549036811277
2023-10-26,11011.350062245805,12033.043640713351,13053.691930401757,14061.017240003188,10335.303688217027,10672.549036811277
2023-10-27,11011.350062245805,12033.043640713351,13053.691930401757,14061.017240003188,10335.303688217027,10672.549036811277
2023-10-30,11011.350062245805,12033.043640713351,13053.691930401757,14061.017240003188,10335.303688217027,10672.549036811277
2023-10-31,11011.350062245805,12033.043640713351,13053.691930401757,14061.017240003188,10335.303688217027,10672.549036811277
2023-11-01,11011.350062245805,12033.043640713351,13053.691930401757,14061.017240003188,10335.303688217027,10672.549036811277
2023-11-02,11011.350062245805,12033.043640713351,13053.691930401757,14061.017240003188,10335.303688217027,10672.549036811277
2023-11-03,11011.350062245805,12033.043640713351,13053.691930401757,14061.017240003188,10335.303688217027,10672.549036811277
2023-11-06,11011.350062245805,12033.043640713351,13053.691930401757,14061.017240003188,10335.303688217027,10672.549036811277
2023-11-07,11011.350062245805,12033.043640713351,13053.691930401757,14061.017240003188,10335.303688217027,10672.549036811277
2023-11-08,11011.350062245805,12033.043640713351,13053.691930401757,14061.017240003188,10335.303688217027,10672.549036811277
2023-11-09,11011.350062245805,12033.043640713351,13053.691930401757,14061.017240003188,10335.303688217027,10672.549036811277
2023-11-10,11011.350062245805,12033.043640713351,13053.691930401757,14061.017240003188,10335.303688217027,10672.549036811277
2023-11-13,11011.350062245805,12033.043640713351,13053.691930401757,14061.017240003188,10335.303688217027,10672.549036811277
2023-11-14,11011.350062245805,12033.043640713351,13053.691930401757,14061.017240003188,10335.303688217027,10672.549036811277
2023-11-15,11011.350062245805,12033.043640713351,13053.691930401757,14061.017240003188,10335.303688217027,10672.549036811277
2023-11-16,11011.350062245805,12033.043640713351,13053.691930401757,14061.017240003188,10335.303688217027,10672.549036811277
2023-11-17,11011.350062245805,12033.043640713351,13053.691930401757,14061.017240003188,10335.303688217027,10672.549036811277
2023-11-20,11011.350062245805,12033.043640713351,13053.691930401757,14061.017240003188,10335.303688217027,10672.549036811277
2023-11-21,11011.350062245805,12033.043640713351,13053.691930401757,14061.017240003188,10335.303688217027,10672.549036811277
2023-11-22,11011.350062245805,12033.043640713351,13053.691930401757,14061.017240003188,10335.303688217027,10672.549036811277
2023-11-24,11011.350062245805,12033.043640713351,13053.691930401757,14061.017240003188,10335.303688217027,10672.549036811277
2023-11-27,11011.350062245805,12033.043640713351,13053.691930401757,14061.017240003188,10335.303688217027,10672.549036811277
2023-11-28,11011.350062245805,12033.043640713351,13053.691930401757,14061.017240003188,10335.303688217027,10672.549036811277
2023-11-29,11011.350062245805,12033.043640713351,13053.691930401757,14061.017240003188,10335.303688217027,10672.549036811277
2023-11-30,11011.350062245805,12033.043640713351,13053.691930401757,14061.017240003188,10335.303688217027,10672.549036811277
2023-12-01,11011.350062245805,12033.043640713351,13053.691930401757,14061.017240003188,10335.303688217027,10672.549036811277
2023-12-04,11011.350062245805,12033.043640713351,13053.691930401757,14061.017240003188,10335.303688217027,10672.549036811277
2023-12-05,11011.350062245805,12033.043640713351,13053.691930401757,14061.017240003188,10335.303688217027,10672.549036811277
2023-12-06,11011.350062245805,12033.043640713351,13053.691930401757,14061.017240003188,10335.303688217027,10672.549036811277
2023-12-07,11011.350062245805,12033.043640713351,13053.691930401757,14061.017240003188,10335.303688217027,10672.549036811277
2023-12-08,11011.350062245805,12033.043640713351,13053.691930401757,14061.017240003188,10335.303688217027,10672.549036811277
2023-12-11,11011.350062245805,12033.043640713351,13053.691930401757,14061.017240003188,10335.303688217027,10672.549036811277
2023-12-12,11011.350062245805,12033.043640713351,13053.691930401757,14061.017240003188,10335.303688217027,10672.549036811277
2023-12-13,11011.350062245805,12033.043640713351,13053.691930401757,14061.017240003188,10335.303688217027,10672.549036811277
2023-12-14,11011.350062245805,12033.043640713351,13053.691930401757,14061.017240003188,10335.303688217027,10672.549036811277
2023-12-15,11011.350062245805,12033.043640713351,13053.691930401757,14061.017240003188,10335.303688217027,10672.549036811277
2023-12-18,11011.350062245805,12033.043640713351,13053.691930401757,14061.017240003188,10335.303688217027,10672.549036811277
2023-12-19,11011.350062245805,12033.043640713351,13053.691930401757,14061.017240003188,10335.303688217027,10672.549036811277
2023-12-20,11011.350062245805,12033.043640713351,13053.691930401757,14061.017240003188,10335.303688217027,10672.549036811277
2023-12-21,11011.350062245805,12033.043640713351,13053.691930401757,14061.017240003188,10335.303688217027,10672.549036811277
2023-12-22,11011.350062245805,12033.043640713351,13053.691930401757,14061.017240003188,10335.303688217027,10672.549036811277
2023-12-26,11011.350062245805,12033.043640713351,13053.691930401757,14061.017240003188,10335.303688217027,10672.549036811277
2023-12-27,11011.350062245805,12033.043640713351,13053.691930401757,14061.017240003188,10335.303688217027,10672.549036811277
2023-12-28,11011.350062245805,12033.043640713351,13053.691930401757,14061.017240003188,10335.303688217027,10672.549036811277
2023-12-29,11011.350062245805,12033.043640713351,13053.691930401757,14061.017240003188,10335.303688217027,10672.549036811277
2024-01-02,11011.350062245805,12033.043640713351,13053.691930401757,14061.017240003188,10335.303688217027,10672.549036811277
2024-01-03,11011.350062245805,12033.043640713351,13053.691930401757,14061.017240003188,10335.303688217027,10672.549036811277
2024-01-04,11011.350062245805,12033.043640713351,13053.691930401757,14061.017240003188,10335.303688217027,10672.549036811277
2024-01-05,11011.350062245805,12033.043640713351,13053.691930401757,14061.017240003188,10335.303688217027,10672.549036811277
2024-01-08,11011.350062245805,12033.043640713351,13053.691930401757,14061.017240003188,10335.303688217027,10672.549036811277
2024-01-09,11011.350062245805,12033.043640713351,13053.691930401757,14061.017240003188,10335.303688217027,10672.549036811277
2024-01-10,11011.350062245805,12033.043640713351,13053.691930401757,14061.017240003188,10335.303688217027,10672.549036811277
2024-01-11,11011.350062245805,12033.043640713351,13053.691930401757,14061.017240003188,10335.303688217027,10672.549036811277
2024-01-12,11011.350062245805,12033.043640713351,13053.691930401757,14061.017240003188,10335.303688217027,10672.549036811277
2024-01-16,11011.350062245805,12033.043640713351,13053.691930401757,14061.017240003188,10335.303688217027,10672.549036811277
2024-01-17,11011.350062245805,12033.043640713351,13053.691930401757,14061.017240003188,10335.303688217027,10672.549036811277
2024-01-18,11011.350062245805,12033.043640713351,13053.691930401757,14061.017240003188,10335.303688217027,10672.549036811277
2024-01-19,11011.350062245805,12033.043640713351,13053.691930401757,14061.017240003188,10335.303688217027,10672.549036811277
2024-01-22,11011.350062245805,12033.043640713351,13053.691930401757,14061.017240003188,10335.303688217027,10672.549036811277
2024-01-23,11011.350062245805,12033.043640713351,13053.691930401757,14061.017240003188,10335.303688217027,10672.549036811277
2024-01-24,11011.350062245805,12033.043640713351,13053.691930401757,14061.017240003188,10335.303688217027,10672.549036811277
2024-01-25,11011.350062245805,12033.043640713351,13053.691930401757,14061.017240003188,10335.303688217027,10672.549036811277
2024-01-26,11011.350062245805,12033.043640713351,13053.691930401757,14061.017240003188,10335.303688217027,10672.549036811277
2024-01-29,11011.350062245805,12033.043640713351,13053.691930401757,14061.017240003188,10335.303688217027,10672.549036811277
2024-01-30,11011.350062245805,12033.043640713351,13053.691930401757,14061.017240003188,10335.303688217027,10672.549036811277
2024-01-31,11011.350062245805,12033.043640713351,13053.691930401757,14061.017240003188,10335.303688217027,10672.549036811277
2024-02-01,11011.350062245805,12033.043640713351,13053.691930401757,14061.017240003188,10335.303688217027,10672.549036811277
2024-02-02,11011.350062245805,12033.043640713351,13053.691930401757,14061.017240003188,10335.303688217027,10672.549036811277
2024-02-05,11011.350062245805,12033.043640713351,13053.691930401757,14061.017240003188,10335.303688217027,10672.549036811277
2024-02-06,11011.350062245805,12033.043640713351,13053.691930401757,14061.017240003188,10335.303688217027,10672.549036811277
2024-02-07,11011.350062245805,12033.043640713351,13053.691930401757,14061.017240003188,10335.303688217027,10672.549036811277
2024-02-08,11011.350062245805,12033.043640713351,13053.691930401757,14061.017240003188,10335.303688217027,10672.549036811277
2024-02-09,11011.350062245805,12033.043640713351,13053.691930401757,14061.017240003188,10335.303688217027,10672.549036811277
2024-02-12,11011.350062245805,12033.043640713351,13053.691930401757,14061.017240003188,10335.303688217027,10672.549036811277
2024-02-13,11011.350062245805,12033.043640713351,13053.691930401757,14061.017240003188,10335.303688217027,10672.549036811277
2024-02-14,11011.350062245805,12033.043640713351,13053.691930401757,14061.017240003188,10335.303688217027,10672.549036811277
2024-02-15,11011.350062245805,12033.043640713351,13053.691930401757,14061.017240003188,10335.303688217027,10672.549036811277
2024-02-16,11011.350062245805,12033.043640713351,13053.691930401757,14061.017240003188,10335.303688217027,10672.549036811277
2024-02-20,11011.350062245805,12033.043640713351,13053.691930401757,14061.017240003188,10335.303688217027,10672.549036811277
2024-02-21,11011.350062245805,12033.043640713351,13053.691930401757,14061.017240003188,10335.303688217027,10672.549036811277
2024-02-22,11011.350062245805,12033.043640713351,13053.691930401757,14061.017240003188,10335.303688217027,10672.549036811277
2024-02-23,11011.350062245805,12033.043640713351,13053.691930401757,14061.017240003188,10335.303688217027,10672.549036811277
2024-02-26,11011.350062245805,12033.043640713351,13053.691930401757,14061.017240003188,10335.303688217027,10672.549036811277
2024-02-27,11011.350062245805,12033.043640713351,13053.691930401757,14061.017240003188,10335.303688217027,10672.549036811277
2024-02-28,11011.350062245805,12033.043640713351,13053.691930401757,14061.017240003188,10335.303688217027,10672.549036811277
2024-02-29,11011.350062245805,12033.043640713351,13053.691930401757,14061.017240003188,10335.303688217027,10672.549036811277
2024-03-01,11011.350062245805,12033.043640713351,13053.691930401757,14061.017240003188,10335.303688217027,10672.549036811277
2024-03-04,11011.350062245805,12033.043640713351,13053.691930401757,14061.017240003188,10335.303688217027,10672.549036811277
2024-03-05,11011.350062245805,12033.043640713351,13053.691930401757,14061.017240003188,10335.303688217027,10672.549036811277
2024-03-06,11011.350062245805,12033.043640713351,13053.691930401757,14061.017240003188,10335.303688217027,10672.549036811277
2024-03-07,11011.350062245805,12033.043640713351,13053.691930401757,14061.017240003188,10335.303688217027,10672.549036811277
2024-03-08,11011.350062245805,12033.043640713351,13053.691930401757,14061.017240003188,10335.303688217027,10672.549036811277
2024-03-11,11011.350062245805,12033.043640713351,13053.691930401757,14061.017240003188,10335.303688217027,10672.549036811277
2024-03-12,11011.350062245805,12033.043640713351,13053.691930401757,14061.017240003188,10335.303688217027,10672.549036811277
2024-03-13,11011.350062245805,12033.043640713351,13053.691930401757,14061.017240003188,10335.303688217027,10672.549036811277
2024-03-14,11011.350062245805,12033.043640713351,13053.691930401757,14061.017240003188,10335.303688217027,10672.549036811277
2024-03-15,11011.350062245805,12033.043640713351,13053.691930401757,14061.017240003188,10335.303688217027,10672.549036811277
2024-03-18,11011.350062245805,12033.043640713351,13053.691930401757,14061.017240003188,10335.303688217027,10672.549036811277
2024-03-19,11011.350062245805,12033.043640713351,13053.691930401757,14061.017240003188,10335.303688217027,10672.549036811277
2024-03-20,11011.350062245805,12033.043640713351,13053.691930401757,14061.017240003188,10335.303688217027,10672.549036811277
2024-03-21,11011.350062245805,12033.043640713351,13053.691930401757,14061.017240003188,10335.303688217027,10672.549036811277
2024-03-22,11011.350062245805,12033.043640713351,13053.691930401757,14061.017240003188,10335.303688217027,10672.549036811277
2024-03-25,11011.350062245805,12033.043640713351,13053.691930401757,14061.017240003188,10335.303688217027,10672.549036811277
2024-03-26,11011.350062245805,12033.043640713351,13053.691930401757,14061.017240003188,10335.303688217027,10672.549036811277
2024-03-27,11011.350062245805,12033.043640713351,13053.691930401757,14061.017240003188,10335.303688217027,10672.549036811277
2024-03-28,11011.350062245805,12033.043640713351,13053.691930401757,14061.017240003188,10335.303688217027,10672.549036811277
2024-04-01,11011.350062245805,12033.043640713351,13053.691930401757,14061.017240003188,10335.303688217027,10672.549036811277
2024-04-02,11011.350062245805,12033.043640713351,13053.691930401757,14061.017240003188,10335.303688217027,10672.549036811277
2024-04-03,11011.350062245805,12033.043640713351,13053.691930401757,14061.017240003188,10335.303688217027,10672.549036811277
2024-04-04,11011.350062245805,12033.043640713351,13053.691930401757,14061.017240003188,10335.303688217027,10672.549036811277
2024-04-05,11011.350062245805,12033.043640713351,13053.691930401757,14061.017240003188,10335.303688217027,10672.549036811277
2024-04-08,11011.350062245805,12033.043640713351,13053.691930401757,14061.017240003188,10335.303688217027,10672.549036811277
2024-04-09,11011.350062245805,12033.043640713351,13053.691930401757,14061.017240003188,10335.303688217027,10672.549036811277
2024-04-10,11011.350062245805,12033.043640713351,13053.691930401757,14061.017240003188,10335.303688217027,10672.549036811277
2024-04-11,11011.350062245805,12033.043640713351,13053.691930401757,14061.017240003188,10335.303688217027,10672.549036811277
2024-04-12,11011.350062245805,12033.043640713351,13053.691930401757,14061.017240003188,10335.303688217027,10672.549036811277
2024-04-15,11011.350062245805,12033.043640713351,13053.691930401757,14061.017240003188,10335.303688217027,10672.549036811277
2024-04-16,11011.350062245805,12033.043640713351,13053.691930401757,14061.017240003188,10335.303688217027,10672.549036811277
2024-04-17,11011.350062245805,12033.043640713351,13053.691930401757,14061.017240003188,10335.303688217027,10672.549036811277
2024-04-18,11011.350062245805,12033.043640713351,13053.691930401757,14061.017240003188,10335.303688217027,10672.549036811277
2024-04-19,11011.350062245805,12033.043640713351,13053.691930401757,14061.017240003188,10335.303688217027,10672.549036811277
2024-04-22,11011.350062245805,12033.043640713351,13053.691930401757,14061.017240003188,10335.303688217027,10672.549036811277
2024-04-23,11011.350062245805,12033.043640713351,13053.691930401757,14061.017240003188,10335.303688217027,10672.549036811277
2024-04-24,11011.350062245805,12033.043640713351,13053.691930401757,14061.017240003188,10335.303688217027,10672.549036811277
2024-04-25,11011.350062245805,12033.043640713351,13053.691930401757,14061.017240003188,10335.303688217027,10672.549036811277
2024-04-26,11011.350062245805,12033.043640713351,13053.691930401757,14061.017240003188,10335.303688217027,10672.549036811277
2024-04-29,11011.350062245805,12033.043640713351,13053.691930401757,14061.017240003188,10335.303688217027,10672.549036811277
2024-04-30,11011.350062245805,12033.043640713351,13053.691930401757,14061.017240003188,10335.303688217027,10672.549036811277
2024-05-01,11011.350062245805,12033.043640713351,13053.691930401757,14061.017240003188,10335.303688217027,10672.549036811277
2024-05-02,11011.350062245805,12033.043640713351,13053.691930401757,14061.017240003188,10335.303688217027,10672.549036811277
2024-05-03,11011.350062245805,12033.043640713351,13053.691930401757,14061.017240003188,10335.303688217027,10672.549036811277
2024-05-06,11011.350062245805,12033.043640713351,13053.691930401757,14061.017240003188,10335.303688217027,10672.549036811277
2024-05-07,11011.350062245805,12033.043640713351,13053.691930401757,14061.017240003188,10335.303688217027,10672.549036811277
2024-05-08,11011.350062245805,12033.043640713351,13053.691930401757,14061.017240003188,10335.303688217027,10672.549036811277
2024-05-09,11011.350062245805,12033.043640713351,13053.691930401757,14061.017240003188,10335.303688217027,10672.549036811277
2024-05-10,11011.350062245805,12033.043640713351,13053.691930401757,14061.017240003188,10335.303688217027,10672.549036811277
2024-05-13,11011.350062245805,12033.043640713351,13053.691930401757,14061.017240003188,10335.303688217027,10672.549036811277
2024-05-14,11011.350062245805,12033.043640713351,13053.691930401757,14061.017240003188,10335.303688217027,10672.549036811277
2024-05-15,11011.350062245805,12033.043640713351,13053.691930401757,14061.017240003188,10335.303688217027,10672.549036811277
2024-05-16,11011.350062245805,12033.043640713351,13053.691930401757,14061.017240003188,10335.303688217027,10672.549036811277
2024-05-17,11011.350062245805,12033.043640713351,13053.691930401757,14061.017240003188,10335.303688217027,10672.549036811277
2024-05-20,11011.350062245805,12033.043640713351,13053.691930401757,14061.017240003188,10335.303688217027,10672.549036811277
2024-05-21,11011.350062245805,12033.043640713351,13053.691930401757,14061.017240003188,10335.303688217027,10672.549036811277
2024-05-22,11011.350062245805,12033.043640713351,13053.691930401757,14061.017240003188,10335.303688217027,10672.549036811277
2024-05-23,11011.350062245805,12033.043640713351,13053.691930401757,14061.017240003188,10335.303688217027,10672.549036811277
2024-05-24,11011.350062245805,12033.043640713351,13053.691930401757,14061.017240003188,10335.303688217027,10672.549036811277
2024-05-28,11011.350062245805,12033.043640713351,13053.691930401757,14061.017240003188,10335.303688217027,10672.549036811277
2024-05-29,11011.350062245805,12033.043640713351,13053.691930401757,14061.017240003188,10335.303688217027,10672.549036811277
2024-05-30,11011.350062245805,12033.043640713351,13053.691930401757,14061.017240003188,10335.303688217027,10672.549036811277
2024-05-31,11011.350062245805,12033.043640713351,13053.691930401757,14061.017240003188,10335.303688217027,10672.549036811277
2024-06-03,11011.350062245805,12033.043640713351,13053.691930401757,14061.017240003188,10335.303688217027,10672.549036811277
2024-06-04,11011.350062245805,12033.043640713351,13053.691930401757,14061.017240003188,10335.303688217027,10672.549036811277
2024-06-05,11011.350062245805,12033.043640713351,13053.691930401757,14061.017240003188,10335.303688217027,10672.549036811277
2024-06-06,11011.350062245805,12033.043640713351,13053.691930401757,14061.017240003188,10335.303688217027,10672.549036811277
2024-06-07,11011.350062245805,12033.043640713351,13053.691930401757,14061.017240003188,10335.303688217027,10672.549036811277
2024-06-10,11011.350062245805,12033.043640713351,13053.691930401757,14061.017240003188,10335.303688217027,10672.549036811277
2024-06-11,11011.350062245805,12033.043640713351,13053.691930401757,14061.017240003188,10335.303688217027,10672.549036811277
2024-06-12,11011.350062245805,12033.043640713351,13053.691930401757,14061.017240003188,10335.303688217027,10672.549036811277
2024-06-13,11011.350062245805,12033.043640713351,13053.691930401757,14061.017240003188,10335.303688217027,10672.549036811277
2024-06-14,11011.350062245805,12033.043640713351,13053.691930401757,14061.017240003188,10335.303688217027,10672.549036811277
2024-06-17,11011.350062245805,12033.043640713351,13053.691930401757,14061.017240003188,10335.303688217027,10672.549036811277
2024-06-18,11011.350062245805,12033.043640713351,13053.691930401757,14061.017240003188,10335.303688217027,10672.549036811277
2024-06-20,11011.350062245805,12033.043640713351,13053.691930401757,14061.017240003188,10335.303688217027,10672.549036811277
2024-06-21,11011.350062245805,12033.043640713351,13053.691930401757,14061.017240003188,10335.303688217027,10672.549036811277
2024-06-24,11011.350062245805,12033.043640713351,13053.691930401757,14061.017240003188,10335.303688217027,10672.549036811277
2024-06-25,11011.350062245805,12033.043640713351,13053.691930401757,14061.017240003188,10335.303688217027,10672.549036811277
2024-06-26,11011.350062245805,12033.043640713351,13053.691930401757,14061.017240003188,10335.303688217027,10672.549036811277
2024-06-27,11011.350062245805,12033.043640713351,13053.691930401757,14061.017240003188,10335.303688217027,10672.549036811277
2024-06-28,11011.350062245805,12033.043640713351,13053.691930401757,14061.017240003188,10335.303688217027,10672.549036811277
2024-07-01,11011.350062245805,12033.043640713351,13053.691930401757,14061.017240003188,10335.303688217027,10672.549036811277
2024-07-02,11011.350062245805,12033.043640713351,13053.691930401757,14061.017240003188,10335.303688217027,10672.549036811277
2024-07-03,11011.350062245805,12033.043640713351,13053.691930401757,14061.017240003188,10335.303688217027,10672.549036811277
2024-07-05,11011.350062245805,12033.043640713351,13053.691930401757,14061.017240003188,10335.303688217027,10672.549036811277
2024-07-08,11011.350062245805,12033.043640713351,13053.691930401757,14061.017240003188,10335.303688217027,10672.549036811277
2024-07-09,11011.350062245805,12033.043640713351,13053.691930401757,14061.017240003188,10335.303688217027,10672.549036811277
2024-07-10,11011.350062245805,12033.043640713351,13053.691930401757,14061.017240003188,10335.303688217027,10672.549036811277
2024-07-11,11011.350062245805,12033.043640713351,13053.691930401757,14061.017240003188,10335.303688217027,10672.549036811277
2024-07-12,11011.350062245805,12033.043640713351,13053.691930401757,14061.017240003188,10335.303688217027,10672.549036811277
2024-07-15,11011.350062245805,12033.043640713351,13053.691930401757,14061.017240003188,10335.303688217027,10672.549036811277
2024-07-16,11011.350062245805,12033.043640713351,13053.691930401757,14061.017240003188,10335.303688217027,10672.549036811277
2024-07-17,11011.350062245805,12033.043640713351,13053.691930401757,14061.017240003188,10335.303688217027,10672.549036811277
2024-07-18,11011.350062245805,12033.043640713351,13053.691930401757,14061.017240003188,10335.303688217027,10672.549036811277
2024-07-19,11011.350062245805,12033.043640713351,13053.691930401757,14061.017240003188,10335.303688217027,10672.549036811277
2024-07-22,11166.846824990838,12372.892854755872,13606.705001162618,14855.26777217696,10383.953679859584,10773.023959872819
2024-07-23,11034.974689325172,12084.67694036047,13137.711220167708,14181.687743356128,10342.69508267232,10687.814194402046
2024-07-24,10678.587063364736,11305.766483068637,11870.244219991535,12361.321476031602,10231.192729064387,10457.532748882986
2024-07-25,10678.587063364737,11305.766483068637,11870.244219991535,12361.321476031602,10231.192729064387,10457.532748882986
2024-07-26,10678.587063364737,11305.766483068637,11870.244219991535,12361.321476031602,10231.192729064387,10457.532748882986
2024-07-29,10678.587063364737,11305.766483068637,11870.244219991535,12361.321476031602,10231.192729064387,10457.532748882986
2024-07-30,10678.587063364737,11305.766483068637,11870.244219991535,12361.321476031602,10231.192729064387,10457.532748882986
2024-07-31,10678.587063364737,11305.766483068637,11870.244219991535,12361.321476031602,10231.192729064387,10457.532748882986
2024-08-01,10678.587063364737,11305.766483068637,11870.244219991535,12361.321476031602,10231.192729064387,10457.532748882986
2024-08-02,10678.587063364737,11305.766483068637,11870.244219991535,12361.321476031602,10231.192729064387,10457.532748882986
2024-08-05,10678.587063364737,11305.766483068637,11870.244219991535,12361.321476031602,10231.192729064387,10457.532748882986
2024-08-06,10678.587063364737,11305.766483068637,11870.244219991535,12361.321476031602,10231.192729064387,10457.532748882986
2024-08-07,10678.587063364737,11305.766483068637,11870.244219991535,12361.321476031602,10231.192729064387,10457.532748882986
2024-08-08,10678.587063364737,11305.766483068637,11870.244219991535,12361.321476031602,10231.192729064387,10457.532748882986
2024-08-09,10678.587063364737,11305.766483068637,11870.244219991535,12361.321476031602,10231.192729064387,10457.532748882986
2024-08-12,10678.587063364737,11305.766483068637,11870.244219991535,12361.321476031602,10231.192729064387,10457.532748882986
2024-08-13,10678.587063364737,11305.766483068637,11870.244219991535,12361.321476031602,10231.192729064387,10457.532748882986
2024-08-14,10678.587063364737,11305.766483068637,11870.244219991535,12361.321476031602,10231.192729064387,10457.532748882986
2024-08-15,10678.587063364737,11305.766483068637,11870.244219991535,12361.321476031602,10231.192729064387,10457.532748882986
2024-08-16,10678.587063364737,11305.766483068637,11870.244219991535,12361.321476031602,10231.192729064387,10457.532748882986
2024-08-19,10678.587063364737,11305.766483068637,11870.244219991535,12361.321476031602,10231.192729064387,10457.532748882986
2024-08-20,10678.587063364737,11305.766483068637,11870.244219991535,12361.321476031602,10231.192729064387,10457.532748882986
2024-08-21,10678.587063364737,11305.766483068637,11870.244219991535,12361.321476031602,10231.192729064387,10457.532748882986
2024-08-22,10678.587063364737,11305.766483068637,11870.244219991535,12361.321476031602,10231.192729064387,10457.532748882986
2024-08-23,10678.587063364737,11305.766483068637,11870.244219991535,12361.321476031602,10231.192729064387,10457.532748882986
2024-08-26,10678.587063364737,11305.766483068637,11870.244219991535,12361.321476031602,10231.192729064387,10457.532748882986
2024-08-27,10678.587063364737,11305.766483068637,11870.244219991535,12361.321476031602,10231.192729064387,10457.532748882986
2024-08-28,10678.587063364737,11305.766483068637,11870.244219991535,12361.321476031602,10231.192729064387,10457.532748882986
2024-08-29,10678.587063364737,11305.766483068637,11870.244219991535,12361.321476031602,10231.192729064387,10457.532748882986
2024-08-30,10678.587063364737,11305.766483068637,11870.244219991535,12361.321476031602,10231.192729064387,10457.532748882986
2024-09-03,10678.587063364737,11305.766483068637,11870.244219991535,12361.321476031602,10231.192729064387,10457.532748882986
2024-09-04,10678.587063364737,11305.766483068637,11870.244219991535,12361.321476031602,10231.192729064387,10457.532748882986
2024-09-05,10678.587063364737,11305.766483068637,11870.244219991535,12361.321476031602,10231.192729064387,10457.532748882986
2024-09-06,10678.587063364737,11305.766483068637,11870.244219991535,12361.321476031602,10231.192729064387,10457.532748882986
2024-09-09,10678.587063364737,11305.766483068637,11870.244219991535,12361.321476031602,10231.192729064387,10457.532748882986
2024-09-10,10678.587063364737,11305.766483068637,11870.244219991535,12361.321476031602,10231.192729064387,10457.532748882986
2024-09-11,10678.587063364737,11305.766483068637,11870.244219991535,12361.321476031602,10231.192729064387,10457.532748882986
2024-09-12,10678.587063364737,11305.766483068637,11870.244219991535,12361.321476031602,10231.192729064387,10457.532748882986
2024-09-13,10678.587063364737,11305.766483068637,11870.244219991535,12361.321476031602,10231.192729064387,10457.532748882986
2024-09-16,10678.587063364737,11305.766483068637,11870.244219991535,12361.321476031602,10231.192729064387,10457.532748882986
2024-09-17,10678.587063364737,11305.766483068637,11870.244219991535,12361.321476031602,10231.192729064387,10457.532748882986
2024-09-18,10678.587063364737,11305.766483068637,11870.244219991535,12361.321476031602,10231.192729064387,10457.532748882986
2024-09-19,10678.587063364737,11305.766483068637,11870.244219991535,12361.321476031602,10231.192729064387,10457.532748882986
2024-09-20,10678.587063364737,11305.766483068637,11870.244219991535,12361.321476031602,10231.192729064387,10457.532748882986
2024-09-23,10678.587063364737,11305.766483068637,11870.244219991535,12361.321476031602,10231.192729064387,10457.532748882986
2024-09-24,10678.587063364737,11305.766483068637,11870.244219991535,12361.321476031602,10231.192729064387,10457.532748882986
2024-09-25,10678.587063364737,11305.766483068637,11870.244219991535,12361.321476031602,10231.192729064387,10457.532748882986
2024-09-26,10678.587063364737,11305.766483068637,11870.244219991535,12361.321476031602,10231.192729064387,10457.532748882986
2024-09-27,10678.587063364737,11305.766483068637,11870.244219991535,12361.321476031602,10231.192729064387,10457.532748882986
2024-09-30,10678.587063364737,11305.766483068637,11870.244219991535,12361.321476031602,10231.192729064387,10457.532748882986
2024-10-01,10678.587063364737,11305.766483068637,11870.244219991535,12361.321476031602,10231.192729064387,10457.532748882986
2024-10-02,10678.587063364737,11305.766483068637,11870.244219991535,12361.321476031602,10231.192729064387,10457.532748882986
2024-10-03,10678.587063364737,11305.766483068637,11870.244219991535,12361.321476031602,10231.192729064387,10457.532748882986
2024-10-04,10678.587063364737,11305.766483068637,11870.244219991535,12361.321476031602,10231.192729064387,10457.532748882986
2024-10-07,10678.587063364737,11305.766483068637,11870.244219991535,12361.321476031602,10231.192729064387,10457.532748882986
2024-10-08,10678.587063364737,11305.766483068637,11870.244219991535,12361.321476031602,10231.192729064387,10457.532748882986
2024-10-09,10678.587063364737,11305.766483068637,11870.244219991535,12361.321476031602,10231.192729064387,10457.532748882986
2024-10-10,10678.587063364737,11305.766483068637,11870.244219991535,12361.321476031602,10231.192729064387,10457.532748882986
2024-10-11,10678.587063364737,11305.766483068637,11870.244219991535,12361.321476031602,10231.192729064387,10457.532748882986
2024-10-14,10678.587063364737,11305.766483068637,11870.244219991535,12361.321476031602,10231.192729064387,10457.532748882986
2024-10-15,10678.587063364737,11305.766483068637,11870.244219991535,12361.321476031602,10231.192729064387,10457.532748882986
2024-10-16,10678.587063364737,11305.766483068637,11870.244219991535,12361.321476031602,10231.192729064387,10457.532748882986
2024-10-17,10678.587063364737,11305.766483068637,11870.244219991535,12361.321476031602,10231.192729064387,10457.532748882986
2024-10-18,10678.587063364737,11305.766483068637,11870.244219991535,12361.321476031602,10231.192729064387,10457.532748882986
2024-10-21,10678.587063364737,11305.766483068637,11870.244219991535,12361.321476031602,10231.192729064387,10457.532748882986
2024-10-22,10678.587063364737,11305.766483068637,11870.244219991535,12361.321476031602,10231.192729064387,10457.532748882986
2024-10-23,10678.587063364737,11305.766483068637,11870.244219991535,12361.321476031602,10231.192729064387,10457.532748882986
2024-10-24,10678.587063364737,11305.766483068637,11870.244219991535,12361.321476031602,10231.192729064387,10457.532748882986
2024-10-25,10678.587063364737,11305.766483068637,11870.244219991535,12361.321476031602,10231.192729064387,10457.532748882986
2024-10-28,10678.587063364737,11305.766483068637,11870.244219991535,12361.321476031602,10231.192729064387,10457.532748882986
2024-10-29,10678.587063364737,11305.766483068637,11870.244219991535,12361.321476031602,10231.192729064387,10457.532748882986
2024-10-30,10678.587063364737,11305.766483068637,11870.244219991535,12361.321476031602,10231.192729064387,10457.532748882986
2024-10-31,10678.587063364737,11305.766483068637,11870.244219991535,12361.321476031602,10231.192729064387,10457.532748882986
2024-11-01,10688.086116024271,11325.8803933719,11901.921465564794,12405.30513901828,10234.226421253767,10463.734359244669
2024-11-04,10646.373815816582,11237.556063042153,11762.820144152654,12212.1637995087,10220.904852895672,10436.501808542047
2024-11-05,10735.881317101359,11427.085052599281,12061.307919773246,12626.612262149722,10249.490672689606,10494.938230289734
2024-11-06,10973.989149298386,11931.270022508783,12855.345024710487,13729.127957263046,10325.534663249155,10650.390784589326
2024-11-07,11152.464510204252,12309.185329357877,13450.52099002295,14555.526168418532,10382.533958629778,10766.911314285302
2024-11-08,11152.464510204252,12309.185329357877,13450.52099002295,14555.526168418532,10382.533958629776,10766.911314285302
2024-11-11,11152.464510204252,12309.185329357877,13450.52099002295,14555.526168418532,10382.533958629776,10766.911314285302
2024-11-12,11152.464510204252,12309.185329357877,13450.52099002295,14555.526168418532,10382.533958629776,10766.911314285302
2024-11-13,11152.464510204252,12309.185329357877,13450.52099002295,14555.526168418532,10382.533958629776,10766.911314285302
2024-11-14,11152.464510204252,12309.185329357877,13450.52099002295,14555.526168418532,10382.533958629776,10766.911314285302
2024-11-15,11152.464510204252,12309.185329357877,13450.52099002295,14555.526168418532,10382.533958629776,10766.911314285302
2024-11-18,11250.86902521705,12526.40716609716,13806.565699283836,15069.252795227801,10413.070952429609,10830.246354721052
2024-11-19,11269.646614115107,12567.857523831666,13874.506293055978,15167.28231554966,10418.89803379555,10842.331972459117
2024-11-20,11194.536459369892,12402.056536250911,13602.744644666958,14775.165282796006,10395.589770658837,10793.989630775863
2024-11-21,11336.410972947506,12715.235686839818,14116.071395291168,15515.829624070933,10439.616420664788,10885.302799212002
2024-11-22,11333.438910357212,12708.675043817657,14105.317954143384,15500.313794446864,10438.694127039535,10883.389922508028
2024-11-25,11333.438910357214,12708.675043817659,14105.317954143386,15500.313794446864,10438.694127039535,10883.389922508028
2024-11-26,11333.438910357214,12708.675043817659,14105.317954143386,15500.313794446864,10438.694127039535,10883.389922508028
2024-11-27,11333.438910357214,12708.675043817659,14105.317954143386,15500.313794446864,10438.694127039535,10883.389922508028
2024-11-29,11333.438910357214,12708.675043817659,14105.317954143386,15500.313794446864,10438.694127039535,10883.389922508028
2024-12-02,11333.438910357214,12708.675043817659,14105.317954143386,15500.313794446864,10438.694127039535,10883.389922508028
2024-12-03,11333.438910357214,12708.675043817659,14105.317954143386,15500.313794446864,10438.694127039535,10883.389922508028
2024-12-04,11333.438910357214,12708.675043817659,14105.317954143386,15500.313794446864,10438.694127039535,10883.389922508028
2024-12-05,11333.438910357214,12708.675043817659,14105.317954143386,15500.313794446864,10438.694127039535,10883.389922508028
2024-12-06,11333.438910357214,12708.675043817659,14105.317954143386,15500.313794446864,10438.694127039535,10883.389922508028
2024-12-09,11333.438910357214,12708.675043817659,14105.317954143386,15500.313794446864,10438.694127039535,10883.389922508028
2024-12-10,11333.438910357214,12708.675043817659,14105.317954143386,15500.313794446864,10438.694127039535,10883.389922508028
2024-12-11,11333.438910357214,12708.675043817659,14105.317954143386,15500.313794446864,10438.694127039535,10883.389922508028
2024-12-12,11333.438910357214,12708.675043817659,14105.317954143386,15500.313794446864,10438.694127039535,10883.389922508028
2024-12-13,11333.438910357214,12708.675043817659,14105.317954143386,15500.313794446864,10438.694127039535,10883.389922508028
2024-12-16,11333.438910357214,12708.675043817659,14105.317954143386,15500.313794446864,10438.694127039535,10883.389922508028
2024-12-17,11333.438910357214,12708.675043817659,14105.317954143386,15500.313794446864,10438.694127039535,10883.389922508028
2024-12-18,11333.438910357214,12708.675043817659,14105.317954143386,15500.313794446864,10438.694127039535,10883.389922508028
2024-12-19,11333.438910357214,12708.675043817659,14105.317954143386,15500.313794446864,10438.694127039535,10883.389922508028
2024-12-20,11492.85400344459,13066.19311598479,14700.530208554159,16372.417658408995,10487.637359219838,10985.44641988279
2024-12-23,11753.07116682778,13649.778627217183,15672.109758859286,17795.974169029705,10567.52859660589,11152.03574174285
2024-12-24,11850.913872195792,13869.209138603042,16037.427597414397,18331.237171794317,10597.568024825843,11214.674000204719
2024-12-26,11896.710824201966,13971.917343173132,16208.420861106164,18581.7761767829,10611.628493077491,11243.992908607128
2024-12-27,11896.710824201968,13971.917343173132,16208.420861106162,18581.7761767829,10611.62849307749,11243.992908607126
2024-12-30,11896.710824201968,13971.917343173132,16208.420861106162,18581.7761767829,10611.62849307749,11243.992908607126
2024-12-31,11896.710824201968,13971.917343173132,16208.420861106162,18581.7761767829,10611.62849307749,11243.992908607126
2025-01-02,11896.710824201968,13971.917343173132,16208.420861106162,18581.7761767829,10611.62849307749,11243.992908607126
2025-01-03,11896.710824201968,13971.917343173132,16208.420861106162,18581.7761767829,10611.62849307749,11243.992908607126
2025-01-06,11896.710824201968,13971.917343173132,16208.420861106162,18581.7761767829,10611.62849307749,11243.992908607126
2025-01-07,11896.710824201968,13971.917343173132,16208.420861106162,18581.7761767829,10611.62849307749,11243.992908607126
2025-01-08,11896.710824201968,13971.917343173132,16208.420861106162,18581.7761767829,10611.62849307749,11243.992908607126
2025-01-10,11896.710824201968,13971.917343173132,16208.420861106162,18581.7761767829,10611.62849307749,11243.992908607126
2025-01-13,11896.710824201968,13971.917343173132,16208.420861106162,18581.7761767829,10611.62849307749,11243.992908607126
2025-01-14,11896.710824201968,13971.917343173132,16208.420861106162,18581.7761767829,10611.62849307749,11243.992908607126
2025-01-15,11896.710824201968,13971.917343173132,16208.420861106162,18581.7761767829,10611.62849307749,11243.992908607126
2025-01-16,11896.710824201968,13971.917343173132,16208.420861106162,18581.7761767829,10611.62849307749,11243.992908607126
2025-01-17,11896.710824201968,13971.917343173132,16208.420861106162,18581.7761767829,10611.62849307749,11243.992908607126
2025-01-21,11896.710824201968,13971.917343173132,16208.420861106162,18581.7761767829,10611.62849307749,11243.992908607126
2025-01-22,11896.710824201968,13971.917343173132,16208.420861106162,18581.7761767829,10611.62849307749,11243.992908607126
2025-01-23,11896.710824201968,13971.917343173132,16208.420861106162,18581.7761767829,10611.62849307749,11243.992908607126
2025-01-24,11896.710824201968,13971.917343173132,16208.420861106162,18581.7761767829,10611.62849307749,11243.992908607126
2025-01-27,11896.710824201968,13971.917343173132,16208.420861106162,18581.7761767829,10611.62849307749,11243.992908607126
2025-01-28,11896.710824201968,13971.917343173132,16208.420861106162,18581.7761767829,10611.62849307749,11243.992908607126
2025-01-29,11896.710824201968,13971.917343173132,16208.420861106162,18581.7761767829,10611.62849307749,11243.992908607126
2025-01-30,11896.710824201968,13971.917343173132,16208.420861106162,18581.7761767829,10611.62849307749,11243.992908607126
2025-01-31,11896.710824201968,13971.917343173132,16208.420861106162,18581.7761767829,10611.62849307749,11243.992908607126
2025-02-03,11896.710824201968,13971.917343173132,16208.420861106162,18581.7761767829,10611.62849307749,11243.992908607126
2025-02-04,11896.710824201968,13971.917343173132,16208.420861106162,18581.7761767829,10611.62849307749,11243.992908607126
2025-02-05,11896.710824201968,13971.917343173132,16208.420861106162,18581.7761767829,10611.62849307749,11243.992908607126
2025-02-06,11896.710824201968,13971.917343173132,16208.420861106162,18581.7761767829,10611.62849307749,11243.992908607126
2025-02-07,11896.710824201968,13971.917343173132,16208.420861106162,18581.7761767829,10611.62849307749,11243.992908607126
2025-02-10,11896.710824201968,13971.917343173132,16208.420861106162,18581.7761767829,10611.62849307749,11243.992908607126
2025-02-11,11896.710824201968,13971.917343173132,16208.420861106162,18581.7761767829,10611.62849307749,11243.992908607126
2025-02-12,11896.710824201968,13971.917343173132,16208.420861106162,18581.7761767829,10611.62849307749,11243.992908607126
2025-02-13,11896.710824201968,13971.917343173132,16208.420861106162,18581.7761767829,10611.62849307749,11243.992908607126
2025-02-14,11896.710824201968,13971.917343173132,16208.420861106162,18581.7761767829,10611.62849307749,11243.992908607126
2025-02-18,11896.710824201968,13971.917343173132,16208.420861106162,18581.7761767829,10611.62849307749,11243.992908607126
2025-02-19,11896.710824201968,13971.917343173132,16208.420861106162,18581.7761767829,10611.62849307749,11243.992908607126
2025-02-20,11896.710824201968,13971.917343173132,16208.420861106162,18581.7761767829,10611.62849307749,11243.992908607126
2025-02-21,11896.710824201968,13971.917343173132,16208.420861106162,18581.7761767829,10611.62849307749,11243.992908607126
2025-02-24,11896.710824201968,13971.917343173132,16208.420861106162,18581.7761767829,10611.62849307749,11243.992908607126
2025-02-25,11896.710824201968,13971.917343173132,16208.420861106162,18581.7761767829,10611.62849307749,11243.992908607126
2025-02-26,11896.710824201968,13971.917343173132,16208.420861106162,18581.7761767829,10611.62849307749,11243.992908607126
2025-02-27,11896.710824201968,13971.917343173132,16208.420861106162,18581.7761767829,10611.62849307749,11243.992908607126
2025-02-28,11896.710824201968,13971.917343173132,16208.420861106162,18581.7761767829,10611.62849307749,11243.992908607126
2025-03-03,11896.710824201968,13971.917343173132,16208.420861106162,18581.7761767829,10611.62849307749,11243.992908607126
2025-03-04,11896.710824201968,13971.917343173132,16208.420861106162,18581.7761767829,10611.62849307749,11243.992908607126
2025-03-05,11896.710824201968,13971.917343173132,16208.420861106162,18581.7761767829,10611.62849307749,11243.992908607126
2025-03-06,11896.710824201968,13971.917343173132,16208.420861106162,18581.7761767829,10611.62849307749,11243.992908607126
2025-03-07,11896.710824201968,13971.917343173132,16208.420861106162,18581.7761767829,10611.62849307749,11243.992908607126
2025-03-10,11896.710824201968,13971.917343173132,16208.420861106162,18581.7761767829,10611.62849307749,11243.992908607126
2025-03-11,11896.710824201968,13971.917343173132,16208.420861106162,18581.7761767829,10611.62849307749,11243.992908607126
2025-03-12,11896.710824201968,13971.917343173132,16208.420861106162,18581.7761767829,10611.62849307749,11243.992908607126
2025-03-13,11896.710824201968,13971.917343173132,16208.420861106162,18581.7761767829,10611.62849307749,11243.992908607126
2025-03-14,11896.710824201968,13971.917343173132,16208.420861106162,18581.7761767829,10611.62849307749,11243.992908607126
2025-03-17,11896.710824201968,13971.917343173132,16208.420861106162,18581.7761767829,10611.62849307749,11243.992908607126
2025-03-18,11896.710824201968,13971.917343173132,16208.420861106162,18581.7761767829,10611.62849307749,11243.992908607126
2025-03-19,11896.710824201968,13971.917343173132,16208.420861106162,18581.7761767829,10611.62849307749,11243.992908607126
2025-03-20,11896.710824201968,13971.917343173132,16208.420861106162,18581.7761767829,10611.62849307749,11243.992908607126
2025-03-21,11896.710824201968,13971.917343173132,16208.420861106162,18581.7761767829,10611.62849307749,11243.992908607126
2025-03-24,11896.710824201968,13971.917343173132,16208.420861106162,18581.7761767829,10611.62849307749,11243.992908607126
2025-03-25,11896.710824201968,13971.917343173132,16208.420861106162,18581.7761767829,10611.62849307749,11243.992908607126
2025-03-26,11896.710824201968,13971.917343173132,16208.420861106162,18581.7761767829,10611.62849307749,11243.992908607126
2025-03-27,11896.710824201968,13971.917343173132,16208.420861106162,18581.7761767829,10611.62849307749,11243.992908607126
2025-03-28,11896.710824201968,13971.917343173132,16208.420861106162,18581.7761767829,10611.62849307749,11243.992908607126
2025-03-31,11896.710824201968,13971.917343173132,16208.420861106162,18581.7761767829,10611.62849307749,11243.992908607126
2025-04-01,11896.710824201968,13971.917343173132,16208.420861106162,18581.7761767829,10611.62849307749,11243.992908607126
2025-04-02,11896.710824201968,13971.917343173132,16208.420861106162,18581.7761767829,10611.62849307749,11243.992908607126
2025-04-03,11896.710824201968,13971.917343173132,16208.420861106162,18581.7761767829,10611.62849307749,11243.992908607126
2025-04-04,11896.710824201968,13971.917343173132,16208.420861106162,18581.7761767829,10611.62849307749,11243.992908607126
2025-04-07,11896.710824201968,13971.917343173132,16208.420861106162,18581.7761767829,10611.62849307749,11243.992908607126
2025-04-08,11896.710824201968,13971.917343173132,16208.420861106162,18581.7761767829,10611.62849307749,11243.992908607126
2025-04-09,11896.710824201968,13971.917343173132,16208.420861106162,18581.7761767829,10611.62849307749,11243.992908607126
2025-04-10,11896.710824201968,13971.917343173132,16208.420861106162,18581.7761767829,10611.62849307749,11243.992908607126
2025-04-11,11896.710824201968,13971.917343173132,16208.420861106162,18581.7761767829,10611.62849307749,11243.992908607126
2025-04-14,11896.710824201968,13971.917343173132,16208.420861106162,18581.7761767829,10611.62849307749,11243.992908607126
2025-04-15,11896.710824201968,13971.917343173132,16208.420861106162,18581.7761767829,10611.62849307749,11243.992908607126
2025-04-16,11896.710824201968,13971.917343173132,16208.420861106162,18581.7761767829,10611.62849307749,11243.992908607126
2025-04-17,11896.710824201968,13971.917343173132,16208.420861106162,18581.7761767829,10611.62849307749,11243.992908607126
2025-04-21,11896.710824201968,13971.917343173132,16208.420861106162,18581.7761767829,10611.62849307749,11243.992908607126
2025-04-22,11896.710824201968,13971.917343173132,16208.420861106162,18581.7761767829,10611.62849307749,11243.992908607126
2025-04-23,11896.710824201968,13971.917343173132,16208.420861106162,18581.7761767829,10611.62849307749,11243.992908607126
2025-04-24,11896.710824201968,13971.917343173132,16208.420861106162,18581.7761767829,10611.62849307749,11243.992908607126
2025-04-25,11896.710824201968,13971.917343173132,16208.420861106162,18581.7761767829,10611.62849307749,11243.992908607126
2025-04-28,11896.710824201968,13971.917343173132,16208.420861106162,18581.7761767829,10611.62849307749,11243.992908607126
2025-04-29,11896.710824201968,13971.917343173132,16208.420861106162,18581.7761767829,10611.62849307749,11243.992908607126
2025-04-30,11896.710824201968,13971.917343173132,16208.420861106162,18581.7761767829,10611.62849307749,11243.992908607126
2025-05-01,11896.710824201968,13971.917343173132,16208.420861106162,18581.7761767829,10611.62849307749,11243.992908607126
2025-05-02,11896.710824201968,13971.917343173132,16208.420861106162,18581.7761767829,10611.62849307749,11243.992908607126
2025-05-05,11896.710824201968,13971.917343173132,16208.420861106162,18581.7761767829,10611.62849307749,11243.992908607126
2025-05-06,11896.710824201968,13971.917343173132,16208.420861106162,18581.7761767829,10611.62849307749,11243.992908607126
2025-05-07,11896.710824201968,13971.917343173132,16208.420861106162,18581.7761767829,10611.62849307749,11243.992908607126
2025-05-08,11896.710824201968,13971.917343173132,16208.420861106162,18581.7761767829,10611.62849307749,11243.992908607126
2025-05-09,11896.710824201968,13971.917343173132,16208.420861106162,18581.7761767829,10611.62849307749,11243.992908607126
2025-05-12,11896.710824201968,13971.917343173132,16208.420861106162,18581.7761767829,10611.62849307749,11243.992908607126
2025-05-13,11896.710824201968,13971.917343173132,16208.420861106162,18581.7761767829,10611.62849307749,11243.992908607126
2025-05-14,11896.710824201968,13971.917343173132,16208.420861106162,18581.7761767829,10611.62849307749,11243.992908607126
2025-05-15,11896.710824201968,13971.917343173132,16208.420861106162,18581.7761767829,10611.62849307749,11243.992908607126
2025-05-16,11896.710824201968,13971.917343173132,16208.420861106162,18581.7761767829,10611.62849307749,11243.992908607126
2025-05-19,11896.710824201968,13971.917343173132,16208.420861106162,18581.7761767829,10611.62849307749,11243.992908607126
2025-05-20,11896.710824201968,13971.917343173132,16208.420861106162,18581.7761767829,10611.62849307749,11243.992908607126
2025-05-21,11896.710824201968,13971.917343173132,16208.420861106162,18581.7761767829,10611.62849307749,11243.992908607126
2025-05-22,11896.710824201968,13971.917343173132,16208.420861106162,18581.7761767829,10611.62849307749,11243.992908607126
2025-05-23,11896.710824201968,13971.917343173132,16208.420861106162,18581.7761767829,10611.62849307749,11243.992908607126
2025-05-27,11896.710824201968,13971.917343173132,16208.420861106162,18581.7761767829,10611.62849307749,11243.992908607126
2025-05-28,11896.710824201968,13971.917343173132,16208.420861106162,18581.7761767829,10611.62849307749,11243.992908607126
2025-05-29,11896.710824201968,13971.917343173132,16208.420861106162,18581.7761767829,10611.62849307749,11243.992908607126
2025-05-30,11896.710824201968,13971.917343173132,16208.420861106162,18581.7761767829,10611.62849307749,11243.992908607126
2025-06-02,11896.710824201968,13971.917343173132,16208.420861106162,18581.7761767829,10611.62849307749,11243.992908607126
2025-06-03,11896.710824201968,13971.917343173132,16208.420861106162,18581.7761767829,10611.62849307749,11243.992908607126
2025-06-04,11896.710824201968,13971.917343173132,16208.420861106162,18581.7761767829,10611.62849307749,11243.992908607126
2025-06-05,11896.710824201968,13971.917343173132,16208.420861106162,18581.7761767829,10611.62849307749,11243.992908607126
2025-06-06,11896.710824201968,13971.917343173132,16208.420861106162,18581.7761767829,10611.62849307749,11243.992908607126
2025-06-09,11896.710824201968,13971.917343173132,16208.420861106162,18581.7761767829,10611.62849307749,11243.992908607126
2025-06-10,11896.710824201968,13971.917343173132,16208.420861106162,18581.7761767829,10611.62849307749,11243.992908607126
2025-06-11,11896.710824201968,13971.917343173132,16208.420861106162,18581.7761767829,10611.62849307749,11243.992908607126
2025-06-12,11896.710824201968,13971.917343173132,16208.420861106162,18581.7761767829,10611.62849307749,11243.992908607126
2025-06-13,11896.710824201968,13971.917343173132,16208.420861106162,18581.7761767829,10611.62849307749,11243.992908607126
2025-06-16,11896.710824201968,13971.917343173132,16208.420861106162,18581.7761767829,10611.62849307749,11243.992908607126
2025-06-17,11896.710824201968,13971.917343173132,16208.420861106162,18581.7761767829,10611.62849307749,11243.992908607126
2025-06-18,11896.710824201968,13971.917343173132,16208.420861106162,18581.7761767829,10611.62849307749,11243.992908607126
2025-06-20,11896.710824201968,13971.917343173132,16208.420861106162,18581.7761767829,10611.62849307749,11243.992908607126
2025-06-23,11896.710824201968,13971.917343173132,16208.420861106162,18581.7761767829,10611.62849307749,11243.992908607126
2025-06-24,11896.710824201968,13971.917343173132,16208.420861106162,18581.7761767829,10611.62849307749,11243.992908607126
2025-06-25,11896.710824201968,13971.917343173132,16208.420861106162,18581.7761767829,10611.62849307749,11243.992908607126
2025-06-26,11896.710824201968,13971.917343173132,16208.420861106162,18581.7761767829,10611.62849307749,11243.992908607126
2025-06-27,11896.710824201968,13971.917343173132,16208.420861106162,18581.7761767829,10611.62849307749,11243.992908607126
2025-06-30,11896.710824201968,13971.917343173132,16208.420861106162,18581.7761767829,10611.62849307749,11243.992908607126
2025-07-01,11896.710824201968,13971.917343173132,16208.420861106162,18581.7761767829,10611.62849307749,11243.992908607126
2025-07-02,11896.710824201968,13971.917343173132,16208.420861106162,18581.7761767829,10611.62849307749,11243.992908607126
2025-07-03,11896.710824201968,13971.917343173132,16208.420861106162,18581.7761767829,10611.62849307749,11243.992908607126
2025-07-07,11896.710824201968,13971.917343173132,16208.420861106162,18581.7761767829,10611.62849307749,11243.992908607126
2025-07-08,11896.710824201968,13971.917343173132,16208.420861106162,18581.7761767829,10611.62849307749,11243.992908607126
2025-07-09,11896.710824201968,13971.917343173132,16208.420861106162,18581.7761767829,10611.62849307749,11243.992908607126
2025-07-10,11896.710824201968,13971.917343173132,16208.420861106162,18581.7761767829,10611.62849307749,11243.992908607126
2025-07-11,11896.710824201968,13971.917343173132,16208.420861106162,18581.7761767829,10611.62849307749,11243.992908607126
2025-07-14,11896.710824201968,13971.917343173132,16208.420861106162,18581.7761767829,10611.62849307749,11243.992908607126
2025-07-15,11896.710824201968,13971.917343173132,16208.420861106162,18581.7761767829,10611.62849307749,11243.992908607126
2025-07-16,11896.710824201968,13971.917343173132,16208.420861106162,18581.7761767829,10611.62849307749,11243.992908607126
2025-07-17,11896.710824201968,13971.917343173132,16208.420861106162,18581.7761767829,10611.62849307749,11243.992908607126
2025-07-18,11896.710824201968,13971.917343173132,16208.420861106162,18581.7761767829,10611.62849307749,11243.992908607126
2025-07-21,11896.710824201968,13971.917343173132,16208.420861106162,18581.7761767829,10611.62849307749,11243.992908607126
2025-07-22,11896.710824201968,13971.917343173132,16208.420861106162,18581.7761767829,10611.62849307749,11243.992908607126
2025-07-23,11896.710824201968,13971.917343173132,16208.420861106162,18581.7761767829,10611.62849307749,11243.992908607126
2025-07-24,11896.710824201968,13971.917343173132,16208.420861106162,18581.7761767829,10611.62849307749,11243.992908607126
2025-07-25,11896.710824201968,13971.917343173132,16208.420861106162,18581.7761767829,10611.62849307749,11243.992908607126
2025-07-28,11896.710824201968,13971.917343173132,16208.420861106162,18581.7761767829,10611.62849307749,11243.992908607126
2025-07-29,11896.710824201968,13971.917343173132,16208.420861106162,18581.7761767829,10611.62849307749,11243.992908607126
2025-07-30,11896.710824201968,13971.917343173132,16208.420861106162,18581.7761767829,10611.62849307749,11243.992908607126
2025-07-31,11896.710824201968,13971.917343173132,16208.420861106162,18581.7761767829,10611.62849307749,11243.992908607126
2025-08-01,11956.742300254673,14112.923514339496,16453.786687800766,18956.83495329917,10629.477452373209,11281.81812494937
2025-08-04,12072.667270127246,14385.216271724908,16927.605223303013,19681.099626217096,10663.945038457488,11354.861257539487
2025-08-05,12012.184729412424,14243.150608020034,16680.395766216643,19303.222732082744,10645.961965604629,11316.751829987545
2025-08-06,11945.401868946767,14086.286308272814,16407.43509883609,18885.983317271166,10626.105639615631,11274.672635685383
2025-08-07,12069.51713597527,14377.81701412477,16914.72972329499,19661.418526590878,10663.008419537686,11352.876390372454
2025-08-08,12069.51713597527,14377.81701412477,16914.72972329499,19661.418526590878,10663.008419537688,11352.876390372454
2025-08-11,12069.51713597527,14377.81701412477,16914.72972329499,19661.418526590878,10663.008419537688,11352.876390372454
2025-08-12,12069.51713597527,14377.81701412477,16914.72972329499,19661.418526590878,10663.008419537688,11352.876390372454
2025-08-13,12069.51713597527,14377.81701412477,16914.72972329499,19661.418526590878,10663.008419537688,11352.876390372454
2025-08-14,12069.51713597527,14377.81701412477,16914.72972329499,19661.418526590878,10663.008419537688,11352.876390372454
2025-08-15,12069.51713597527,14377.81701412477,16914.72972329499,19661.418526590878,10663.008419537688,11352.876390372454
2025-08-18,12069.51713597527,14377.81701412477,16914.72972329499,19661.418526590878,10663.008419537688,11352.876390372454
2025-08-19,12069.51713597527,14377.81701412477,16914.72972329499,19661.418526590878,10663.008419537688,11352.876390372454
2025-08-20,12069.51713597527,14377.81701412477,16914.72972329499,19661.418526590878,10663.008419537688,11352.876390372454
2025-08-21,12069.51713597527,14377.81701412477,16914.72972329499,19661.418526590878,10663.008419537688,11352.876390372454
2025-08-22,12069.51713597527,14377.81701412477,16914.72972329499,19661.418526590878,10663.008419537688,11352.876390372454
2025-08-25,12069.51713597527,14377.81701412477,16914.72972329499,19661.418526590878,10663.008419537688,11352.876390372454
2025-08-26,12069.51713597527,14377.81701412477,16914.72972329499,19661.418526590878,10663.008419537688,11352.876390372454
2025-08-27,12069.51713597527,14377.81701412477,16914.72972329499,19661.418526590878,10663.008419537688,11352.876390372454
2025-08-28,12069.51713597527,14377.81701412477,16914.72972329499,19661.418526590878,10663.008419537688,11352.876390372454
2025-08-29,12069.51713597527,14377.81701412477,16914.72972329499,19661.418526590878,10663.008419537688,11352.876390372454
2025-09-02,12069.51713597527,14377.81701412477,16914.72972329499,19661.418526590878,10663.008419537688,11352.876390372454
2025-09-03,12069.51713597527,14377.81701412477,16914.72972329499,19661.418526590878,10663.008419537688,11352.876390372454
2025-09-04,12069.51713597527,14377.81701412477,16914.72972329499,19661.418526590878,10663.008419537688,11352.876390372454
2025-09-05,12069.51713597527,14377.81701412477,16914.72972329499,19661.418526590878,10663.008419537688,11352.876390372454
2025-09-08,12069.51713597527,14377.81701412477,16914.72972329499,19661.418526590878,10663.008419537688,11352.876390372454
2025-09-09,12069.51713597527,14377.81701412477,16914.72972329499,19661.418526590878,10663.008419537688,11352.876390372454
2025-09-10,12069.51713597527,14377.81701412477,16914.72972329499,19661.418526590878,10663.008419537688,11352.876390372454
2025-09-11,12069.51713597527,14377.81701412477,16914.72972329499,19661.418526590878,10663.008419537688,11352.876390372454
2025-09-12,12069.51713597527,14377.81701412477,16914.72972329499,19661.418526590878,10663.008419537688,11352.876390372454
2025-09-15,12069.51713597527,14377.81701412477,16914.72972329499,19661.418526590878,10663.008419537688,11352.876390372454
2025-09-16,12069.51713597527,14377.81701412477,16914.72972329499,19661.418526590878,10663.008419537688,11352.876390372454
2025-09-17,12069.51713597527,14377.81701412477,16914.72972329499,19661.418526590878,10663.008419537688,11352.876390372454
2025-09-18,12069.51713597527,14377.81701412477,16914.72972329499,19661.418526590878,10663.008419537688,11352.876390372454
2025-09-19,12069.51713597527,14377.81701412477,16914.72972329499,19661.418526590878,10663.008419537688,11352.876390372454
2025-09-22,12069.51713597527,14377.81701412477,16914.72972329499,19661.418526590878,10663.008419537688,11352.876390372454
2025-09-23,12069.51713597527,14377.81701412477,16914.72972329499,19661.418526590878,10663.008419537688,11352.876390372454
2025-09-24,12069.51713597527,14377.81701412477,16914.72972329499,19661.418526590878,10663.008419537688,11352.876390372454
2025-09-25,12069.51713597527,14377.81701412477,16914.72972329499,19661.418526590878,10663.008419537688,11352.876390372454
2025-09-26,12069.51713597527,14377.81701412477,16914.72972329499,19661.418526590878,10663.008419537688,11352.876390372454
2025-09-29,12069.51713597527,14377.81701412477,16914.72972329499,19661.418526590878,10663.008419537688,11352.876390372454
2025-09-30,12069.51713597527,14377.81701412477,16914.72972329499,19661.418526590878,10663.008419537688,11352.876390372454
2025-10-01,12069.51713597527,14377.81701412477,16914.72972329499,19661.418526590878,10663.008419537688,11352.876390372454
2025-10-02,12069.51713597527,14377.81701412477,16914.72972329499,19661.418526590878,10663.008419537688,11352.876390372454
2025-10-03,12069.51713597527,14377.81701412477,16914.72972329499,19661.418526590878,10663.008419537688,11352.876390372454
2025-10-06,12069.51713597527,14377.81701412477,16914.72972329499,19661.418526590878,10663.008419537688,11352.876390372454
2025-10-07,12069.51713597527,14377.81701412477,16914.72972329499,19661.418526590878,10663.008419537688,11352.876390372454
2025-10-08,12069.51713597527,14377.81701412477,16914.72972329499,19661.418526590878,10663.008419537688,11352.876390372454
2025-10-09,12069.51713597527,14377.81701412477,16914.72972329499,19661.418526590878,10663.008419537688,11352.876390372454
2025-10-10,12069.51713597527,14377.81701412477,16914.72972329499,19661.418526590878,10663.008419537688,11352.876390372454
2025-10-13,12069.51713597527,14377.81701412477,16914.72972329499,19661.418526590878,10663.008419537688,11352.876390372454
2025-10-14,12069.51713597527,14377.81701412477,16914.72972329499,19661.418526590878,10663.008419537688,11352.876390372454
2025-10-15,12069.51713597527,14377.81701412477,16914.72972329499,19661.418526590878,10663.008419537688,11352.876390372454
2025-10-16,12069.51713597527,14377.81701412477,16914.72972329499,19661.418526590878,10663.008419537688,11352.876390372454
2025-10-17,12069.51713597527,14377.81701412477,16914.72972329499,19661.418526590878,10663.008419537688,11352.876390372454
2025-10-20,12069.51713597527,14377.81701412477,16914.72972329499,19661.418526590878,10663.008419537688,11352.876390372454
2025-10-21,12069.51713597527,14377.81701412477,16914.72972329499,19661.418526590878,10663.008419537688,11352.876390372454
2025-10-22,12069.51713597527,14377.81701412477,16914.72972329499,19661.418526590878,10663.008419537688,11352.876390372454
2025-10-23,12069.51713597527,14377.81701412477,16914.72972329499,19661.418526590878,10663.008419537688,11352.876390372454
2025-10-24,12069.51713597527,14377.81701412477,16914.72972329499,19661.418526590878,10663.008419537688,11352.876390372454
2025-10-27,12069.51713597527,14377.81701412477,16914.72972329499,19661.418526590878,10663.008419537688,11352.876390372454
2025-10-28,12069.51713597527,14377.81701412477,16914.72972329499,19661.418526590878,10663.008419537688,11352.876390372454
2025-10-29,12069.51713597527,14377.81701412477,16914.72972329499,19661.418526590878,10663.008419537688,11352.876390372454
2025-10-30,12069.51713597527,14377.81701412477,16914.72972329499,19661.418526590878,10663.008419537688,11352.876390372454
2025-10-31,12069.51713597527,14377.81701412477,16914.72972329499,19661.418526590878,10663.008419537688,11352.876390372454
2025-11-03,12069.51713597527,14377.81701412477,16914.72972329499,19661.418526590878,10663.008419537688,11352.876390372454
2025-11-04,12069.51713597527,14377.81701412477,16914.72972329499,19661.418526590878,10663.008419537688,11352.876390372454
2025-11-05,12069.51713597527,14377.81701412477,16914.72972329499,19661.418526590878,10663.008419537688,11352.876390372454
2025-11-06,12069.51713597527,14377.81701412477,16914.72972329499,19661.418526590878,10663.008419537688,11352.876390372454
2025-11-07,12069.51713597527,14377.81701412477,16914.72972329499,19661.418526590878,10663.008419537688,11352.876390372454
2025-11-10,12069.51713597527,14377.81701412477,16914.72972329499,19661.418526590878,10663.008419537688,11352.876390372454
2025-11-11,12069.51713597527,14377.81701412477,16914.72972329499,19661.418526590878,10663.008419537688,11352.876390372454
2025-11-12,12069.51713597527,14377.81701412477,16914.72972329499,19661.418526590878,10663.008419537688,11352.876390372454
2025-11-13,12069.51713597527,14377.81701412477,16914.72972329499,19661.418526590878,10663.008419537688,11352.876390372454
2025-11-14,12069.51713597527,14377.81701412477,16914.72972329499,19661.418526590878,10663.008419537688,11352.876390372454
2025-11-17,12069.51713597527,14377.81701412477,16914.72972329499,19661.418526590878,10663.008419537688,11352.876390372454
2025-11-18,12069.51713597527,14377.81701412477,16914.72972329499,19661.418526590878,10663.008419537688,11352.876390372454
2025-11-19,12069.51713597527,14377.81701412477,16914.72972329499,19661.418526590878,10663.008419537688,11352.876390372454
2025-11-20,12069.51713597527,14377.81701412477,16914.72972329499,19661.418526590878,10663.008419537688,11352.876390372454
2025-11-21,12069.51713597527,14377.81701412477,16914.72972329499,19661.418526590878,10663.008419537688,11352.876390372454
2025-11-24,12069.51713597527,14377.81701412477,16914.72972329499,19661.418526590878,10663.008419537688,11352.876390372454
2025-11-25,12069.51713597527,14377.81701412477,16914.72972329499,19661.418526590878,10663.008419537688,11352.876390372454
2025-11-26,12069.51713597527,14377.81701412477,16914.72972329499,19661.418526590878,10663.008419537688,11352.876390372454
2025-11-28,12069.51713597527,14377.81701412477,16914.72972329499,19661.418526590878,10663.008419537688,11352.876390372454
2025-12-01,12069.51713597527,14377.81701412477,16914.72972329499,19661.418526590878,10663.008419537688,11352.876390372454
2025-12-02,12069.51713597527,14377.81701412477,16914.72972329499,19661.418526590878,10663.008419537688,11352.876390372454
2025-12-03,12069.51713597527,14377.81701412477,16914.72972329499,19661.418526590878,10663.008419537688,11352.876390372454
2025-12-04,12069.51713597527,14377.81701412477,16914.72972329499,19661.418526590878,10663.008419537688,11352.876390372454
2025-12-05,12069.51713597527,14377.81701412477,16914.72972329499,19661.418526590878,10663.008419537688,11352.876390372454
2025-12-08,12069.51713597527,14377.81701412477,16914.72972329499,19661.418526590878,10663.008419537688,11352.876390372454
2025-12-09,12069.51713597527,14377.81701412477,16914.72972329499,19661.418526590878,10663.008419537688,11352.876390372454
2025-12-10,12069.51713597527,14377.81701412477,16914.72972329499,19661.418526590878,10663.008419537688,11352.876390372454
2025-12-11,12069.51713597527,14377.81701412477,16914.72972329499,19661.418526590878,10663.008419537688,11352.876390372454
2025-12-12,12069.51713597527,14377.81701412477,16914.72972329499,19661.418526590878,10663.008419537688,11352.876390372454
2025-12-15,12069.51713597527,14377.81701412477,16914.72972329499,19661.418526590878,10663.008419537688,11352.876390372454
2025-12-16,12069.51713597527,14377.81701412477,16914.72972329499,19661.418526590878,10663.008419537688,11352.876390372454
2025-12-17,12069.51713597527,14377.81701412477,16914.72972329499,19661.418526590878,10663.008419537688,11352.876390372454
2025-12-18,12069.51713597527,14377.81701412477,16914.72972329499,19661.418526590878,10663.008419537688,11352.876390372454
2025-12-19,12069.51713597527,14377.81701412477,16914.72972329499,19661.418526590878,10663.008419537688,11352.876390372454
2025-12-22,12069.51713597527,14377.81701412477,16914.72972329499,19661.418526590878,10663.008419537688,11352.876390372454
2025-12-23,12069.51713597527,14377.81701412477,16914.72972329499,19661.418526590878,10663.008419537688,11352.876390372454
2025-12-24,12069.51713597527,14377.81701412477,16914.72972329499,19661.418526590878,10663.008419537688,11352.876390372454
2025-12-26,12069.51713597527,14377.81701412477,16914.72972329499,19661.418526590878,10663.008419537688,11352.876390372454
2025-12-29,12069.51713597527,14377.81701412477,16914.72972329499,19661.418526590878,10663.008419537688,11352.876390372454
2025-12-30,12069.51713597527,14377.81701412477,16914.72972329499,19661.418526590878,10663.008419537688,11352.876390372454
2025-12-31,12069.51713597527,14377.81701412477,16914.72972329499,19661.418526590878,10663.008419537688,11352.876390372454
2026-01-02,12069.51713597527,14377.81701412477,16914.72972329499,19661.418526590878,10663.008419537688,11352.876390372454
2026-01-05,12069.51713597527,14377.81701412477,16914.72972329499,19661.418526590878,10663.008419537688,11352.876390372454
2026-01-06,12069.51713597527,14377.81701412477,16914.72972329499,19661.418526590878,10663.008419537688,11352.876390372454
2026-01-07,12069.51713597527,14377.81701412477,16914.72972329499,19661.418526590878,10663.008419537688,11352.876390372454
2026-01-08,12069.51713597527,14377.81701412477,16914.72972329499,19661.418526590878,10663.008419537688,11352.876390372454
2026-01-09,12069.51713597527,14377.81701412477,16914.72972329499,19661.418526590878,10663.008419537688,11352.876390372454
2026-01-12,12069.51713597527,14377.81701412477,16914.72972329499,19661.418526590878,10663.008419537688,11352.876390372454
2026-01-13,12069.51713597527,14377.81701412477,16914.72972329499,19661.418526590878,10663.008419537688,11352.876390372454
2026-01-14,12069.51713597527,14377.81701412477,16914.72972329499,19661.418526590878,10663.008419537688,11352.876390372454
2026-01-15,12069.51713597527,14377.81701412477,16914.72972329499,19661.418526590878,10663.008419537688,11352.876390372454
2026-01-16,12069.51713597527,14377.81701412477,16914.72972329499,19661.418526590878,10663.008419537688,11352.876390372454
2026-01-20,12069.51713597527,14377.81701412477,16914.72972329499,19661.418526590878,10663.008419537688,11352.876390372454
2026-01-21,12069.51713597527,14377.81701412477,16914.72972329499,19661.418526590878,10663.008419537688,11352.876390372454
2026-01-22,12069.51713597527,14377.81701412477,16914.72972329499,19661.418526590878,10663.008419537688,11352.876390372454
2026-01-23,12069.51713597527,14377.81701412477,16914.72972329499,19661.418526590878,10663.008419537688,11352.876390372454
2026-01-26,12069.51713597527,14377.81701412477,16914.72972329499,19661.418526590878,10663.008419537688,11352.876390372454
2026-01-27,12069.51713597527,14377.81701412477,16914.72972329499,19661.418526590878,10663.008419537688,11352.876390372454
2026-01-28,12069.51713597527,14377.81701412477,16914.72972329499,19661.418526590878,10663.008419537688,11352.876390372454
2026-01-29,12069.51713597527,14377.81701412477,16914.72972329499,19661.418526590878,10663.008419537688,11352.876390372454
2026-01-30,12069.51713597527,14377.81701412477,16914.72972329499,19661.418526590878,10663.008419537688,11352.876390372454
2026-02-02,12069.51713597527,14377.81701412477,16914.72972329499,19661.418526590878,10663.008419537688,11352.876390372454
2026-02-03,12069.51713597527,14377.81701412477,16914.72972329499,19661.418526590878,10663.008419537688,11352.876390372454
2026-02-04,12069.51713597527,14377.81701412477,16914.72972329499,19661.418526590878,10663.008419537688,11352.876390372454
2026-02-05,12069.51713597527,14377.81701412477,16914.72972329499,19661.418526590878,10663.008419537688,11352.876390372454
2026-02-06,12069.51713597527,14377.81701412477,16914.72972329499,19661.418526590878,10663.008419537688,11352.876390372454
2026-02-09,12069.51713597527,14377.81701412477,16914.72972329499,19661.418526590878,10663.008419537688,11352.876390372454
2026-02-10,12069.51713597527,14377.81701412477,16914.72972329499,19661.418526590878,10663.008419537688,11352.876390372454
2026-02-11,12069.51713597527,14377.81701412477,16914.72972329499,19661.418526590878,10663.008419537688,11352.876390372454
2026-02-12,12069.51713597527,14377.81701412477,16914.72972329499,19661.418526590878,10663.008419537688,11352.876390372454
2026-02-13,12069.51713597527,14377.81701412477,16914.72972329499,19661.418526590878,10663.008419537688,11352.876390372454
2026-02-17,12069.51713597527,14377.81701412477,16914.72972329499,19661.418526590878,10663.008419537688,11352.876390372454
2026-02-18,12069.51713597527,14377.81701412477,16914.72972329499,19661.418526590878,10663.008419537688,11352.876390372454
2026-02-19,12069.51713597527,14377.81701412477,16914.72972329499,19661.418526590878,10663.008419537688,11352.876390372454
2026-02-20,12069.51713597527,14377.81701412477,16914.72972329499,19661.418526590878,10663.008419537688,11352.876390372454
2026-02-23,12069.51713597527,14377.81701412477,16914.72972329499,19661.418526590878,10663.008419537688,11352.876390372454
2026-02-24,12069.51713597527,14377.81701412477,16914.72972329499,19661.418526590878,10663.008419537688,11352.876390372454
2026-02-25,12069.51713597527,14377.81701412477,16914.72972329499,19661.418526590878,10663.008419537688,11352.876390372454
2026-02-26,12069.51713597527,14377.81701412477,16914.72972329499,19661.418526590878,10663.008419537688,11352.876390372454
2026-02-27,12069.51713597527,14377.81701412477,16914.72972329499,19661.418526590878,10663.008419537688,11352.876390372454
2026-03-02,12069.51713597527,14377.81701412477,16914.72972329499,19661.418526590878,10663.008419537688,11352.876390372454
2026-03-03,12069.51713597527,14377.81701412477,16914.72972329499,19661.418526590878,10663.008419537688,11352.876390372454
2026-03-04,12069.51713597527,14377.81701412477,16914.72972329499,19661.418526590878,10663.008419537688,11352.876390372454
2026-03-05,12069.51713597527,14377.81701412477,16914.72972329499,19661.418526590878,10663.008419537688,11352.876390372454
2026-03-06,12069.51713597527,14377.81701412477,16914.72972329499,19661.418526590878,10663.008419537688,11352.876390372454
2026-03-09,12069.51713597527,14377.81701412477,16914.72972329499,19661.418526590878,10663.008419537688,11352.876390372454
2026-03-10,12069.51713597527,14377.81701412477,16914.72972329499,19661.418526590878,10663.008419537688,11352.876390372454
2026-03-11,12069.51713597527,14377.81701412477,16914.72972329499,19661.418526590878,10663.008419537688,11352.876390372454
2026-03-12,12069.51713597527,14377.81701412477,16914.72972329499,19661.418526590878,10663.008419537688,11352.876390372454
2026-03-13,12069.51713597527,14377.81701412477,16914.72972329499,19661.418526590878,10663.008419537688,11352.876390372454
2026-03-16,12069.51713597527,14377.81701412477,16914.72972329499,19661.418526590878,10663.008419537688,11352.876390372454
2026-03-17,12069.51713597527,14377.81701412477,16914.72972329499,19661.418526590878,10663.008419537688,11352.876390372454
2026-03-18,12069.51713597527,14377.81701412477,16914.72972329499,19661.418526590878,10663.008419537688,11352.876390372454
2026-03-19,12069.51713597527,14377.81701412477,16914.72972329499,19661.418526590878,10663.008419537688,11352.876390372454
2026-03-20,12069.51713597527,14377.81701412477,16914.72972329499,19661.418526590878,10663.008419537688,11352.876390372454
2026-03-23,12069.51713597527,14377.81701412477,16914.72972329499,19661.418526590878,10663.008419537688,11352.876390372454
2026-03-24,12069.51713597527,14377.81701412477,16914.72972329499,19661.418526590878,10663.008419537688,11352.876390372454
2026-03-25,12069.51713597527,14377.81701412477,16914.72972329499,19661.418526590878,10663.008419537688,11352.876390372454
2026-03-26,12069.51713597527,14377.81701412477,16914.72972329499,19661.418526590878,10663.008419537688,11352.876390372454
2026-03-27,12069.51713597527,14377.81701412477,16914.72972329499,19661.418526590878,10663.008419537688,11352.876390372454
2026-03-30,12069.51713597527,14377.81701412477,16914.72972329499,19661.418526590878,10663.008419537688,11352.876390372454
2026-03-31,12069.51713597527,14377.81701412477,16914.72972329499,19661.418526590878,10663.008419537688,11352.876390372454
2026-04-01,12069.51713597527,14377.81701412477,16914.72972329499,19661.418526590878,10663.008419537688,11352.876390372454
2026-04-02,12069.51713597527,14377.81701412477,16914.72972329499,19661.418526590878,10663.008419537688,11352.876390372454
2026-04-06,12069.51713597527,14377.81701412477,16914.72972329499,19661.418526590878,10663.008419537688,11352.876390372454
2026-04-07,12069.51713597527,14377.81701412477,16914.72972329499,19661.418526590878,10663.008419537688,11352.876390372454
2026-04-08,12069.51713597527,14377.81701412477,16914.72972329499,19661.418526590878,10663.008419537688,11352.876390372454
2026-04-09,12069.51713597527,14377.81701412477,16914.72972329499,19661.418526590878,10663.008419537688,11352.876390372454
2026-04-10,12069.51713597527,14377.81701412477,16914.72972329499,19661.418526590878,10663.008419537688,11352.876390372454
2026-04-13,12069.51713597527,14377.81701412477,16914.72972329499,19661.418526590878,10663.008419537688,11352.876390372454
2026-04-14,12069.51713597527,14377.81701412477,16914.72972329499,19661.418526590878,10663.008419537688,11352.876390372454
2026-04-15,12069.51713597527,14377.81701412477,16914.72972329499,19661.418526590878,10663.008419537688,11352.876390372454
2026-04-16,12069.51713597527,14377.81701412477,16914.72972329499,19661.418526590878,10663.008419537688,11352.876390372454
2026-04-17,12069.51713597527,14377.81701412477,16914.72972329499,19661.418526590878,10663.008419537688,11352.876390372454
2026-04-20,12069.51713597527,14377.81701412477,16914.72972329499,19661.418526590878,10663.008419537688,11352.876390372454
2026-04-21,12069.51713597527,14377.81701412477,16914.72972329499,19661.418526590878,10663.008419537688,11352.876390372454
2026-04-22,12069.51713597527,14377.81701412477,16914.72972329499,19661.418526590878,10663.008419537688,11352.876390372454
2026-04-23,12069.51713597527,14377.81701412477,16914.72972329499,19661.418526590878,10663.008419537688,11352.876390372454
2026-04-24,12069.51713597527,14377.81701412477,16914.72972329499,19661.418526590878,10663.008419537688,11352.876390372454
2026-04-27,12069.51713597527,14377.81701412477,16914.72972329499,19661.418526590878,10663.008419537688,11352.876390372454
2026-04-28,12069.51713597527,14377.81701412477,16914.72972329499,19661.418526590878,10663.008419537688,11352.876390372454
2026-04-29,12069.51713597527,14377.81701412477,16914.72972329499,19661.418526590878,10663.008419537688,11352.876390372454
2026-04-30,12069.51713597527,14377.81701412477,16914.72972329499,19661.418526590878,10663.008419537688,11352.876390372454
2026-05-01,12069.51713597527,14377.81701412477,16914.72972329499,19661.418526590878,10663.008419537688,11352.876390372454
2026-05-04,12069.51713597527,14377.81701412477,16914.72972329499,19661.418526590878,10663.008419537688,11352.876390372454
2026-05-05,12069.51713597527,14377.81701412477,16914.72972329499,19661.418526590878,10663.008419537688,11352.876390372454
2026-05-06,12069.51713597527,14377.81701412477,16914.72972329499,19661.418526590878,10663.008419537688,11352.876390372454
2026-05-07,12069.51713597527,14377.81701412477,16914.72972329499,19661.418526590878,10663.008419537688,11352.876390372454
2026-05-08,12069.51713597527,14377.81701412477,16914.72972329499,19661.418526590878,10663.008419537688,11352.876390372454
2026-05-11,12069.51713597527,14377.81701412477,16914.72972329499,19661.418526590878,10663.008419537688,11352.876390372454
2026-05-12,12069.51713597527,14377.81701412477,16914.72972329499,19661.418526590878,10663.008419537688,11352.876390372454
2026-05-13,12069.51713597527,14377.81701412477,16914.72972329499,19661.418526590878,10663.008419537688,11352.876390372454
2026-05-14,12069.51713597527,14377.81701412477,16914.72972329499,19661.418526590878,10663.008419537688,11352.876390372454
2026-05-15,12069.51713597527,14377.81701412477,16914.72972329499,19661.418526590878,10663.008419537688,11352.876390372454
2026-05-18,12069.51713597527,14377.81701412477,16914.72972329499,19661.418526590878,10663.008419537688,11352.876390372454
2026-05-19,12069.51713597527,14377.81701412477,16914.72972329499,19661.418526590878,10663.008419537688,11352.876390372454
2026-05-20,12069.51713597527,14377.81701412477,16914.72972329499,19661.418526590878,10663.008419537688,11352.876390372454
2026-05-21,12069.51713597527,14377.81701412477,16914.72972329499,19661.418526590878,10663.008419537688,11352.876390372454
2026-05-22,12069.51713597527,14377.81701412477,16914.72972329499,19661.418526590878,10663.008419537688,11352.876390372454
2026-05-26,12069.51713597527,14377.81701412477,16914.72972329499,19661.418526590878,10663.008419537688,11352.876390372454
2026-05-27,12069.51713597527,14377.81701412477,16914.72972329499,19661.418526590878,10663.008419537688,11352.876390372454
2026-05-28,12069.51713597527,14377.81701412477,16914.72972329499,19661.418526590878,10663.008419537688,11352.876390372454
2026-05-29,12069.51713597527,14377.81701412477,16914.72972329499,19661.418526590878,10663.008419537688,11352.876390372454
2026-06-01,12069.51713597527,14377.81701412477,16914.72972329499,19661.418526590878,10663.008419537688,11352.876390372454
2026-06-02,12069.51713597527,14377.81701412477,16914.72972329499,19661.418526590878,10663.008419537688,11352.876390372454
2026-06-03,12069.51713597527,14377.81701412477,16914.72972329499,19661.418526590878,10663.008419537688,11352.876390372454
2026-06-04,12069.51713597527,14377.81701412477,16914.72972329499,19661.418526590878,10663.008419537688,11352.876390372454
2026-06-05,12069.51713597527,14377.81701412477,16914.72972329499,19661.418526590878,10663.008419537688,11352.876390372454
2026-06-08,12069.51713597527,14377.81701412477,16914.72972329499,19661.418526590878,10663.008419537688,11352.876390372454
2026-06-09,12069.51713597527,14377.81701412477,16914.72972329499,19661.418526590878,10663.008419537688,11352.876390372454
2026-06-10,12069.51713597527,14377.81701412477,16914.72972329499,19661.418526590878,10663.008419537688,11352.876390372454
2026-06-11,12069.51713597527,14377.81701412477,16914.72972329499,19661.418526590878,10663.008419537688,11352.876390372454
2026-06-12,12069.51713597527,14377.81701412477,16914.72972329499,19661.418526590878,10663.008419537688,11352.876390372454
2026-06-15,12069.51713597527,14377.81701412477,16914.72972329499,19661.418526590878,10663.008419537688,11352.876390372454
2026-06-16,12069.51713597527,14377.81701412477,16914.72972329499,19661.418526590878,10663.008419537688,11352.876390372454
2026-06-17,12069.51713597527,14377.81701412477,16914.72972329499,19661.418526590878,10663.008419537688,11352.876390372454
2026-06-18,12069.51713597527,14377.81701412477,16914.72972329499,19661.418526590878,10663.008419537688,11352.876390372454
2026-06-22,12069.51713597527,14377.81701412477,16914.72972329499,19661.418526590878,10663.008419537688,11352.876390372454
2026-06-23,12069.51713597527,14377.81701412477,16914.72972329499,19661.418526590878,10663.008419537688,11352.876390372454
2026-06-24,12069.51713597527,14377.81701412477,16914.72972329499,19661.418526590878,10663.008419537688,11352.876390372454
2026-06-25,12069.51713597527,14377.81701412477,16914.72972329499,19661.418526590878,10663.008419537688,11352.876390372454
2026-06-26,12069.51713597527,14377.81701412477,16914.72972329499,19661.418526590878,10663.008419537688,11352.876390372454
2026-06-29,12069.51713597527,14377.81701412477,16914.72972329499,19661.418526590878,10663.008419537688,11352.876390372454
2026-06-30,12069.51713597527,14377.81701412477,16914.72972329499,19661.418526590878,10663.008419537688,11352.876390372454
2026-07-01,12069.51713597527,14377.81701412477,16914.72972329499,19661.418526590878,10663.008419537688,11352.876390372454
2026-07-02,12069.51713597527,14377.81701412477,16914.72972329499,19661.418526590878,10663.008419537688,11352.876390372454
