Date,Close,High,Low,Open,Volume
2021-01-04,299.4560546875,305.24555554776396,295.4576227654511,305.0712675012697,45305900
2021-01-05,301.92474365234375,302.1958517702346,298.46849923876596,298.46849923876596,29323400
2021-01-06,297.74237060546875,301.9441029399915,296.2320715928881,297.2195657025458,52809600
2021-01-07,304.9454040527344,305.7779920626543,300.36608136211987,300.39512444280655,30394800
2021-01-08,308.8663330078125,309.21487948228685,305.0421603895947,307.23017070693584,33955800
2021-01-11,304.4032287597656,307.08497153497416,303.7545606025091,305.9135279564242,32746400
2021-01-12,303.91912841796875,305.52621802584207,301.2857811800355,304.44190378881314,29266800
2021-01-13,305.97161865234375,306.7654726708281,303.5803066312761,304.1805499689339,22898400
2021-01-14,304.33544921875,307.4141337446142,303.861039539168,306.41694864804754,23500100
2021-01-15,301.92474365234375,305.08089596114627,300.6855230999575,304.1224448556124,35118700
2021-01-19,306.3298645019531,306.83328778900795,303.14466852170074,304.2386738901535,24537000
2021-01-20,313.4553527832031,314.3944517891422,306.42666132440587,309.9410218264804,30728100
2021-01-21,315.962890625,316.70837906675666,313.4167013248198,314.7914467748411,25130600
2021-01-22,315.0528259277344,316.0596724734222,314.365423740635,314.9269627231851,21609400
2021-01-25,317.6571044921875,319.7967199017761,311.1705698585587,318.43163593412686,39080600
2021-01-26,318.121826171875,319.25456548964087,316.79547615092645,318.3735525859016,25498100
2021-01-27,309.25360107421875,315.8756890037456,307.249539984331,315.86602767429855,55264000
2021-01-28,311.0834045410156,316.02093480896673,309.83449304813007,310.4541181298361,42836300
2021-01-29,304.5387878417969,310.50254694314407,302.79614381568024,309.39885072667784,55259000
2021-02-01,312.14837646484375,313.2326908464539,305.9522436350412,307.97565699810855,35646000
2021-02-02,317.24078369140625,318.39287510847345,314.94629173240133,315.11088888284706,33930800
2021-02-03,315.9822082519531,319.68051798841714,315.92412209235215,319.31261928071063,24824500
2021-02-04,319.7192077636719,319.8063369990852,316.0596321495655,317.3763206460709,22350900
2021-02-05,320.80352783203125,321.81040381264313,319.0318409228675,320.66800331185556,22732000
2021-02-08,322.95281982421875,323.10772610139503,320.8519680704715,322.4881305380413,20462800
2021-02-09,322.88507080078125,324.14364367200585,322.0137193026321,322.0234101778319,17597500
2021-02-10,322.1492919921875,324.7729488774115,319.00283008692946,324.31792089699087,28068700
2021-02-11,323.9210205078125,324.3276532521453,321.53939884916826,323.6789849456841,22046100
2021-02-12,325.73138427734375,325.89595187020984,322.0330747855263,323.0786551345279,20346800
2021-02-16,324.8504638671875,327.4160349603375,323.6886813310575,326.52533107659025,27080800
2021-02-17,323.2916564941406,324.96655281909017,319.6514626027675,321.87817742268214,31360300
2021-02-18,321.87823486328125,323.2336280192509,317.8991551016132,319.7096058137298,32236200
2021-02-19,320.47442626953125,323.34980983793963,319.45788875907965,323.2239466223806,39157700
2021-02-22,312.1676940917969,317.3569207848066,311.96439255410183,316.0983480624215,47256900
2021-02-23,311.23834228515625,312.9035479289462,301.09220213632534,306.9010549106596,97241900
2021-02-24,313.80389404296875,314.11370659641756,305.8941603269146,308.5855941011295,58206300
2021-02-25,302.86383056640625,313.70703212959273,301.3244884248278,311.151152767555,110182600
2021-02-26,304.1321716308594,308.9438094751332,300.97601894949236,305.7876863391182,104739800
2021-03-01,313.28106689453125,313.6199225043149,307.8110704920777,309.0986863548367,49164500
2021-03-02,308.25640869140625,313.9974836940551,308.0047118607735,313.92004533355646,48370000
2021-03-03,299.310791015625,308.10150757392336,299.25270485794294,307.16240863093043,86301100
2021-03-04,294.4119873046875,302.0990371273131,290.5490806444042,298.9428847614246,139131600
2021-03-05,298.8460998535156,299.7464649262253,287.9738828516121,297.02598795684276,121523700
2021-03-08,290.3845520019531,300.18214560216165,289.9682579781333,298.30394751172685,88409800
2021-03-09,301.83758544921875,303.73516482023393,297.1421209339256,297.6745871535942,80391100
2021-03-10,300.97607421875,306.387985973286,300.2887014783937,306.0878642326224,76798100
2021-03-11,307.90789794921875,309.66989398051334,304.8195225253842,305.7101966431199,53484800
2021-03-12,305.4100341796875,308.09180614010404,301.4697191182016,303.8610012373215,69315600
2021-03-15,308.6727600097656,308.8373571812603,304.09346638127744,305.72962903843666,42955700
2021-03-16,310.366943359375,313.871642149708,308.93411213610096,310.8607052243403,54925900
2021-03-17,311.6448974609375,313.53278614012544,305.62305316336887,307.3366833770359,78258700
2021-03-18,302.09918212890625,307.7531305617995,301.64415398993106,306.7752972206189,82718100
2021-03-19,303.1640319824219,304.70337437905994,299.7948868313532,301.93447260393606,78446200
2021-03-22,308.8492431640625,310.91399450971323,305.5534094175685,305.5534094175685,56194800
2021-03-23,307.5018615722656,311.2532981091528,306.68759879999,309.93497635860996,53455400
2021-03-24,302.3158264160156,308.9075254809563,302.17042759765224,308.8687426018364,64803700
2021-03-25,301.7923583984375,303.3045948439506,297.97308794522104,300.4740363467963,78729000
2021-03-26,306.3193054199219,306.6391828174355,300.183238678992,301.5790969053566,63519600
2021-03-29,306.2320556640625,307.2789566937248,302.8974381878525,305.78615611278667,54608000
2021-03-30,304.69073486328125,305.26265651500455,301.9959020456259,304.2739151212453,44635700
2021-03-31,309.3533935546875,310.914056684004,306.1350953167934,306.47437891354315,55032500
2021-04-01,314.62677001953125,314.76246572139036,312.9206783435734,313.17272268188594,55685600
2021-04-05,320.908203125,321.67400959517823,316.8659685015175,317.10830969994527,42172500
2021-04-06,320.68524169921875,322.63364465762453,319.90973217862893,320.5980024249018,33537200
2021-04-07,321.460693359375,322.2943623228412,319.2796229453217,320.2102047055061,32046400
2021-04-08,324.8148498535156,324.9990315920566,323.51590414879405,324.31079064326826,29940800
2021-04-09,326.7825622558594,326.9861501688162,322.72095085143667,323.45764800289913,36664900
2021-04-12,326.3560791015625,326.7728988898223,324.4755089142188,325.74537450902636,25833000
2021-04-13,330.16571044921875,330.63098669592097,327.66473229251113,327.87799376647325,30374000
2021-04-14,326.20098876953125,330.53405101338524,325.3867258114292,330.40802884439285,42564300
2021-04-15,331.14471435546875,331.5324839641165,325.91985316308563,329.07028894600836,36342800
2021-04-16,331.53253173828125,331.7457932207016,329.66163481322775,331.6682274547277,40860100
2021-04-19,328.4983825683594,331.1156500529259,326.57902941354195,329.96213303614445,34533100
2021-04-20,326.1040344238281,329.11874492322863,324.13622495146456,327.8392057974429,38081800
2021-04-21,328.8957824707031,329.07996414438594,323.7387547729154,324.8244385866254,36598100
2021-04-22,324.93115234375,329.4871499891358,323.77760565372427,328.50811147791865,45936100
2021-04-23,329.0218200683594,330.33043890861984,325.5611805627224,325.5611805627224,36381900
2021-04-26,331.16400146484375,331.44512545519194,328.5176257093374,329.2640553130904,30812000
2021-04-27,329.72943115234375,331.6681607543951,328.7794725802449,331.4548993148628,33187200
2021-04-28,328.61468505859375,330.4080159525857,327.9651975909243,329.3998682226513,33615700
2021-04-29,329.7973327636719,332.29828122950687,326.5790341440886,331.88146141564596,37708900
2021-04-30,327.6356201171875,329.8360972860039,326.7244147806382,327.35452560683456,38263400
2021-05-03,325.890869140625,329.5841479614614,325.44496945888534,328.83774745260627,29729700
2021-05-04,320.0260925292969,323.6612103391232,316.2164665817739,323.34130340556635,65147000
2021-05-05,318.9501953125,322.93430122704666,318.17471507130125,322.0715520947387,46219300
2021-05-06,321.35418701171875,321.5092889550731,316.4492026859882,318.68843337457514,46814300
2021-05-07,323.9617614746094,326.33668773045906,321.52864610869307,324.126536941346,53324500
2021-05-10,315.7803039550781,322.7597131465326,315.5767160364433,322.58523457284645,60700500
2021-05-11,315.3440856933594,316.13897199214597,309.2467723353691,309.90596293439626,71963600
2021-05-12,307.1820983886719,312.7365410746286,306.3193493127598,310.41977403718346,91164900
2021-05-13,309.5569763183594,312.52323047581723,307.19172365150604,310.1192245133992,69877800
2021-05-14,316.3909912109375,317.30216690670983,312.2130017076869,312.7170903364963,44370000
2021-05-17,314.4716796875,316.37162666229653,311.6023677851809,314.68494115486175,39395000
2021-05-18,312.34869384765625,316.64297235548605,312.07727291580534,315.42159295348847,36528500
2021-05-19,312.7074279785156,313.0079287390102,306.61011430985127,306.9591010662555,66319100
2021-05-20,318.7562255859375,319.6092713737214,313.96759051845436,314.190525497534,46466100
2021-05-21,316.99200439453125,320.7240353459111,316.6333441385424,320.30721556639253,50330400
2021-05-24,322.323486328125,323.4479530014382,316.88533463286603,319.2796667771913,32475800
2021-05-25,322.7694396972656,324.5530676062325,321.5965164232101,323.83574702943866,31280300
2021-05-26,323.8938903808594,324.3591665878998,322.7500469283273,323.43828770635344,25444900
2021-05-27,322.6821594238281,324.2913085420802,322.4786010989326,323.44796589913267,27931700
2021-05-28,323.70001220703125,325.2897848341171,323.3801348081351,323.88419390364896,29927400
2021-06-01,322.6241149902344,325.5031306571496,321.27668323761515,325.02812161939147,31145400
2021-06-02,323.2540588378906,324.09740142274245,321.53829390949085,323.040797413231,22047900
2021-06-03,319.89044189453125,321.69344654916364,318.22313295347107,320.4235807979536,37057800
2021-06-04,325.31884765625,325.76474720147104,321.61586685126764,321.68372949020727,38736500
2021-06-07,326.2882385253906,326.3463980540727,324.09746433613174,324.7857051473166,32611900
2021-06-08,326.443359375,328.89585158541155,324.7663473137233,328.03310255552793,27282800
2021-06-09,326.52081298828125,328.5855646020038,326.3366313224689,327.81008464896746,21485300
2021-06-10,329.92333984375,330.0299557799059,326.4142437430809,326.8601433007051,33702100
2021-06-11,330.78607177734375,330.795774892879,329.28356800283944,329.93302592497895,21222800
2021-06-14,333.9559020996094,333.9655756321318,330.0299566115849,331.2125829407871,27827700
2021-06-15,331.77490234375,333.9171908912527,331.05755206704157,333.6069869652531,35963800
2021-06-16,330.5631103515625,333.3063998058053,327.1121739212168,332.2400925756048,55399500
2021-06-17,334.7604675292969,335.7686152979436,329.5065263923153,329.554982803743,59722700
2021-06-18,332.13348388671875,334.2466921636833,331.3870540179676,333.10284873846405,55414900
2021-06-21,334.19769287109375,334.51797093685457,330.11194106733024,332.32465556437614,32992600
2021-06-22,337.3129577636719,337.75937452860774,333.69302217724,333.9938714771948,28941600
2021-06-23,337.4778747558594,338.62307441836913,336.64326833463394,337.2546812146828,27188500
2021-06-24,339.5645751953125,341.08822115574117,338.86582159157274,339.4092933259272,32581600
2021-06-25,339.14715576171875,340.3699816607992,338.5454571818476,340.1273593549169,28682800
2021-06-28,343.27178955078125,343.4076722798349,340.3700357884095,340.42826278172237,39130300
2021-06-29,344.5140380859375,344.5431515845643,342.2625250858279,343.09713179112106,29426000
2021-06-30,343.97052001953125,344.74692923994303,343.3882205084683,344.35870982124544,32724000
2021-07-01,344.1064453125,344.6110891554649,342.27220606826614,343.62120059607673,29290000
2021-07-02,348.0563049316406,348.3765533766794,345.76593472908996,345.99884268911813,32727200
2021-07-06,349.5605773925781,349.84202760975387,345.9697547859461,348.65802936372256,38842400
2021-07-07,350.2980651855469,352.054648150842,348.347372546427,351.7537988882983,35265200
2021-07-08,348.182373046875,349.03640821640755,343.9607690426728,345.241792179994,50890000
2021-07-09,350.35638427734375,350.83191460116575,347.0178984052795,347.60019796286946,35184500
2021-07-12,351.72479248046875,352.1809236975444,350.1816882228182,351.7539059787082,25717700
2021-07-13,351.72479248046875,354.684773397096,350.87075704279624,351.3462873863692,39723000
2021-07-14,352.3555908203125,354.70415856449887,351.53066891334356,354.0636320114519,35336400
2021-07-15,349.8807373046875,352.4719563637608,347.8815320272811,352.2681619352426,53391600
2021-07-16,347.04705810546875,351.7151103250239,346.69766647760514,350.7349064328671,47262000
2021-07-19,344.2034912109375,344.69842066924264,341.65109933033574,343.6017628999815,64404600
2021-07-20,348.2018127441406,349.64783210985405,343.3590517137888,345.1350634556446,42183700
2021-07-21,350.89013671875,350.89013671875,347.5516508930821,347.7748741118687,30259900
2021-07-22,353.20953369140625,353.21921844324305,351.0938448612465,351.0938448612465,30252200
2021-07-23,357.334228515625,357.61564913282234,353.18053484060164,354.52949977971826,31960800
2021-07-26,357.6155090332031,358.00372835598495,355.78130008605626,356.6450199602008,28438100
2021-07-27,353.6753845214844,357.3535470119616,349.53140615344574,357.3535470119616,57933100
2021-07-28,355.0340576171875,356.6062750287339,352.5204940964089,354.81086405189757,42066200
2021-07-29,355.6649475097656,356.8295169591154,354.47123494762224,354.47123494762224,25672500
2021-07-30,353.811279296875,354.3935787806666,351.7150189254144,351.7441324187549,36484600
2021-08-02,353.8404235839844,356.0531381213734,353.13195569506735,355.47083858690587,27334100
2021-08-03,355.985107421875,356.1015613761467,351.3170571806287,354.5002602709564,35558500
2021-08-04,356.49957275390625,357.45066302831987,354.84004417214123,355.9463866876559,29602200
2021-08-05,358.76080322265625,358.9937111841423,356.6063157279587,357.31475398314,21443900
2021-08-06,357.1885986328125,358.46965170158194,356.0822561585007,357.49916233742056,33332100
2021-08-09,357.8484802246094,358.3725230491214,356.5480282984479,357.64465617587575,25960200
2021-08-10,356.01434326171875,358.6540757279893,354.83034495809034,358.36294074225583,35130800
2021-08-11,355.4028625488281,357.77085870550394,354.073297005322,357.27592932393196,34249800
2021-08-12,356.6839294433594,357.04300574382904,353.5492383580731,354.89823269441365,25969200
2021-08-13,357.9358825683594,358.26584538723085,356.53837556079554,357.0333345975948,19336200
2021-08-16,358.0912170410156,358.1300152957724,352.9670337992206,356.81987819850315,34856900
2021-08-17,354.93707275390625,356.3151510147856,352.5108494327965,355.34466168634174,44793900
2021-08-18,351.5209045410156,355.80076570692756,351.19094174855974,354.4032588112428,38541900
2021-08-19,353.21929931640625,354.8885422009641,349.33734187482844,349.58967858596617,48499400
2021-08-20,356.8780212402344,357.2759253852955,353.9762382539555,354.28680192087853,39486000
2021-08-23,362.21575927734375,362.90479843928557,357.9067840926924,357.9164688468706,34034700
2021-08-24,363.3220520019531,363.923750591973,362.341848392222,362.80769388948636,21732900
2021-08-25,363.7393493652344,364.3119640704269,362.8270871251734,363.5743827826378,20441900
2021-08-26,361.42962646484375,363.56468508570066,360.9928944471551,362.8853603678298,29133300
2021-08-27,364.9427795410156,365.4474232801606,361.57518071717175,362.0604253337661,27104700
2021-08-30,369.0382995605469,369.5235442485013,365.70949849227054,365.72892723465935,27295700
2021-08-31,368.7374267578125,369.3488101474605,367.19432268536974,369.28089840437747,29628200
2021-09-01,369.3488464355469,371.41599361649696,369.14505195230834,369.79529288814643,28138300
2021-09-02,369.17413330078125,371.02777146554007,367.9610216445504,370.69780864908336,25453400
2021-09-03,370.30963134765625,370.70753553837505,368.00957630848825,368.02897543352884,24605400
2021-09-07,370.8336486816406,371.4838895379319,369.26146076930337,370.4163453946835,23970200
2021-09-08,369.5429382324219,370.65899507579223,367.28171104948837,370.65899507579223,32949200
2021-09-09,368.2715148925781,370.87241867795257,368.02889260774145,369.76607645992596,29399000
2021-09-10,365.4765930175781,370.69783063437353,365.146630181552,369.9796779687276,40249400
2021-09-13,365.2242431640625,368.2327660651284,363.1765248567049,367.8057483828101,48741800
2021-09-14,364.1858825683594,367.43699855087266,363.23479223980155,366.7091314592077,41826600
2021-09-15,366.8934631347656,367.24285467894634,362.3515803792951,364.64195049764095,34097900
2021-09-16,367.1458435058594,367.7184286993201,363.64239097884035,365.563941041,35193100
2021-09-17,362.79803466796875,366.718820085904,361.7596335323379,366.6703074633272,60912300
2021-09-20,355.3014221191406,358.75046688054283,350.66703692248456,357.0113567892473,76203200
2021-09-21,355.7386474609375,358.3230148534642,354.6116280954116,357.12797879738775,41927500
2021-09-22,359.06146240234375,360.51881062576444,355.55409559340205,356.65196933235103,46972900
2021-09-23,362.37445068359375,363.404307570577,359.5763377643105,360.217574445798,44652000
2021-09-24,362.71453857421875,363.132334277124,359.74155048747497,360.11075012501493,36056800
2021-09-27,359.8191833496094,360.6935861132538,357.2736872299661,359.6734544973048,43338100
2021-09-28,349.6372985839844,359.7707204110066,349.1320951591354,355.27239670650744,97701600
2021-09-29,349.0639343261719,353.03763232754807,348.44214803307705,350.90020673587804,58076600
2021-09-30,347.7815246582031,352.3673142998109,346.9459926884588,350.7059458519513,61384600
2021-10-01,349.9383239746094,350.9779057872913,344.3032580391962,348.4032641038666,56375500
2021-10-04,342.5934143066406,348.6559734049248,340.3588255658776,348.3256447001927,76766000
2021-10-05,347.2179870605469,349.4623003725709,343.4288885889361,343.6523296162224,47232900
2021-10-06,349.44293212890625,349.7149692484246,343.10830689611487,344.01185558060564,56806500
2021-10-07,352.6490478515625,355.29170657655396,351.94951966995245,352.48386870945467,39411200
2021-10-08,350.8905334472656,353.9606834069778,350.35615473302096,353.7274875690188,41822300
2021-10-11,348.1993103027344,352.8725371338533,348.11184333183206,349.3554457591394,34847200
2021-10-12,346.9848937988281,350.0841602596316,346.3436570535441,349.6469736036361,43905100
2021-10-13,349.7635192871094,350.4339017377287,347.266589269575,349.2874617626891,40120800
2021-10-14,356.2049865722656,356.4187321217917,352.68792497082467,353.3485822512437,43433900
2021-10-15,358.44927978515625,358.56586286925926,356.3895662331551,357.4194230091557,40419900
2021-10-18,362.0538024902344,362.2675480418583,356.5547393437458,357.15710508473506,34513500
2021-10-19,364.7936706542969,364.84223706552996,362.1024451058263,363.12257694031103,29091000
2021-10-20,364.3175048828125,365.8622898890038,362.84070690219073,365.250199110174,31390300
2021-10-21,366.54241943359375,366.7367443478896,363.21968280779555,363.52086567008075,25469300
2021-10-22,363.46270751953125,366.25109612910575,361.8013385968962,365.2892556449218,36275800
2021-10-25,367.1836242675781,368.0968979159917,362.9378891413452,364.8810195167244,32597800
2021-10-26,368.33978271484375,371.82769811913937,367.1641971604271,369.41823547205826,47191300
2021-10-27,369.1948547363281,372.2552798390462,368.5244722333737,368.78678421938156,45760500
2021-10-28,373.2948303222656,373.54744679468445,370.32184280003185,371.0893877086592,38007000
2021-10-29,375.1310729980469,375.29625214903933,369.8749306873248,370.22467997203256,37310100
2021-11-01,376.4135437011719,376.53985193637055,373.4891522584772,375.5682866192368,30765300
2021-11-02,377.9874267578125,378.46351386461185,375.7528386721774,375.80140507193687,25135300
2021-11-03,382.0,382.41776592199056,377.43366132861297,378.47321356359595,33748900
2021-11-04,386.89666748046875,387.8488119823579,382.7189492789556,383.2630233800881,40265300
2021-11-05,387.26593017578125,389.5879557988873,385.8668737874535,388.664986564109,43383800
2021-11-08,386.7413024902344,388.25694207068057,386.10006579853456,387.23681030878004,29256300
2021-11-09,384.07916259765625,388.20831470429704,382.7189772454321,387.80996941367835,50490700
2021-11-10,378.4344177246094,384.1180511334133,376.51070771481966,381.3102427732296,54937400
2021-11-11,379.483642578125,381.58222693861705,379.1435888329395,381.4073523210302,32243000
2021-11-12,383.4768981933594,384.0112473354142,379.0368369336371,380.63018886710097,34730600
2021-11-15,383.38934326171875,384.97299933919516,380.9507346830435,384.6523958574728,33716900
2021-11-16,386.1195373535156,386.61501554953645,382.4664419328145,382.66073722445026,27872900
2021-11-17,386.3234558105469,388.3540234185503,385.36161579881247,386.4400388847189,28703300
2021-11-18,390.3263244628906,390.8315276998978,386.1486059054176,388.36377340586023,45721500
2021-11-19,392.502685546875,393.7754338135081,391.1327748129784,391.9586113099856,45191700
2021-11-22,387.94598388671875,397.0884162450373,387.8391259434944,394.03771684540067,61715400
2021-11-23,386.177734375,388.84953859201204,381.7473995725945,386.7897955261428,70098700
2021-11-24,387.42138671875,387.7031193065727,381.37824939479043,383.7002750331125,46954400
2021-11-26,380.07635498046875,386.23607538819647,378.6869940757919,384.84671448351963,51533300
2021-11-29,388.324951171875,389.3353874223647,383.9043407569417,384.6330147582925,54447100
2021-11-30,382.62188720703125,389.782319353698,380.6107397432283,387.4408432168267,81332700
2021-12-01,376.1123352050781,389.09246237572006,375.6460028605043,386.9550069636954,77766500
2021-12-02,378.822998046875,380.6009493514841,373.41137266182295,374.82984957942165,84416600
2021-12-03,372.23577880859375,381.1838859743327,368.12604734982597,380.1831750070444,105349100
2021-12-06,375.218505859375,376.5786912592903,368.51468201368897,372.7215760878553,67588800
2021-12-07,386.517822265625,387.1299131676193,381.8154496254589,381.8543205406165,56005300
2021-12-08,388.2471618652344,388.45121190853195,384.9535711997848,386.84813523155293,39204000
2021-12-09,382.53436279296875,388.8203905916405,382.340037900193,387.0229891078201,49973700
2021-12-10,386.6927185058594,386.9550304656138,382.17491609468055,385.3422284930987,52545800
2021-12-13,381.1061706542969,387.0035488196658,380.736971138381,386.6829453531064,50166400
2021-12-14,377.1616516113281,378.99789456315466,372.7215911886639,376.28721914398113,75199200
2021-12-15,385.760009765625,386.11951385042335,372.96451072965965,376.909063672621,73858000
2021-12-16,375.84033203125,387.1493668046247,374.2566757853387,386.7218756836491,82591400
2021-12-17,373.9652099609375,378.1235083343343,370.91448063171447,372.4301201552073,80492500
2021-12-20,370.337646484375,371.1256172416419,367.2052088944607,369.2481081379167,65336800
2021-12-21,378.6259460449219,378.93725119775377,369.86098113771806,373.60626178435757,48899500
2021-12-22,383.2370300292969,383.44131102709355,377.6725771503509,378.3340782683433,37042200
2021-12-23,386.1262512207031,387.5951683998454,383.42185116342694,383.58721159285807,29595500
2021-12-27,392.5078430175781,392.5078430175781,387.39087307820034,387.4200560757079,32820700
2021-12-28,390.6886901855469,393.5779258347806,389.8131705286223,393.40282784093364,33113700
2021-12-29,390.63031005859375,392.08951932991863,388.2566606022235,390.82488316984586,32248500
2021-12-30,389.4629211425781,392.5953579163481,388.8792315554268,390.41625210349576,23850100
2021-12-31,387.03094482421875,390.15364435086724,386.53480417213575,388.7917216357938,34752900
2022-01-03,390.75677490234375,391.0097140063851,386.0873171654606,388.19828992742805,40575900
2022-01-04,385.6884460449219,391.3404472631714,382.5949296886275,391.3015267055708,58027200
2022-01-05,373.8396301269531,385.1241857874778,373.5866910641378,384.0054351251383,75739800
2022-01-06,373.5770263671875,376.8164876394273,369.79282568546137,372.02056019679407,70814300
2022-01-07,369.5301208496094,375.26970074436014,367.7596362625609,373.5867354584606,72652300
2022-01-10,369.7732849121094,370.28890060692953,359.2669916887858,364.6271624010825,91770500
2022-01-11,375.328125,375.4934854420192,366.96198507841575,369.0437750740555,68295700
2022-01-12,376.8164367675781,379.58894000178645,374.5400741286229,377.8962372540875,54576400
2022-01-13,367.38995361328125,378.87879122687906,366.4560680740918,378.19781508490973,77994000
2022-01-14,369.6760559082031,370.0068064199914,364.6660807383496,364.8703913946755,80121200
2022-01-18,360.4732971191406,365.9891209009165,359.71450953046275,363.86841067713556,75450900
2022-01-19,356.5140380859375,364.5007689267913,356.25136140354783,362.029832788458,81791500
2022-01-20,351.8834228515625,363.70301100121503,351.34839137289583,359.73397518513565,88610700
2022-01-21,342.1262512207031,352.3309798433953,341.8441290801608,349.6946830737125,143388900
2022-01-24,343.69244384765625,344.35397467492515,325.0632096858729,336.5034209388335,198685800
2022-01-25,335.7251281738281,341.48415385021434,332.38841008513276,337.24273313473367,124398400
2022-01-26,335.1998291015625,347.17507067851926,331.51288540493397,343.3130289963466,146559500
2022-01-27,331.82427978515625,341.7177045702787,330.80281521926963,339.8985612930599,95255700
2022-01-28,342.23321533203125,342.4472338873204,328.7598729741147,333.7017154948516,108167900
2022-01-31,353.1772766113281,353.7609662648605,341.96082238980597,343.5951593572345,94326400
2022-02-01,355.5801086425781,356.2319018538568,349.3736300747479,354.51975345573044,74433000
2022-02-02,358.4693603515625,360.0355938288942,354.3835919735696,359.704843271225,78777100
2022-02-03,343.9356384277344,352.0877595673493,342.87528317586026,348.78022424897017,95384800
2022-02-04,348.2744140625,351.5722121816899,342.3986553419763,344.4512625092367,86318300
2022-02-07,345.47265625,351.2316520904139,344.2177279914136,348.86774024734893,58198100
2022-02-08,349.35418701171875,350.4437252968105,343.206044188482,344.3345030373818,64720900
2022-02-09,356.7572326660156,356.8350441003599,352.27258059296145,353.86799703006915,55766400
2022-02-10,348.6829528808594,356.5237692365518,346.8443644225489,349.7433081789407,112468500
2022-02-11,337.6221618652344,350.2783816942469,336.3964163917307,348.6829650660236,101569100
2022-02-14,338.04046630859375,341.43558063007725,334.53838722726806,337.0676599665158,80254400
2022-02-15,346.44549560546875,346.67895960611054,342.252703030362,343.31305828353123,55128800
2022-02-16,346.3578796386719,347.37931413168127,341.17280668796377,344.19824898721663,58947100
2022-02-17,336.055908203125,343.84806555084964,335.63757898128034,343.14764391072606,61801400
2022-02-18,332.2231140136719,337.3789759165863,329.91756765920456,336.98985930484275,80001500
2022-02-22,328.88623046875,334.6841754461255,325.2576831875964,329.2850844804195,85967100
2022-02-23,320.4618225097656,332.8748090871975,320.1505174094211,332.038210028671,86215400
2022-02-24,331.2308044433594,331.76586571589667,309.60533959972105,310.1695541857817,130614100
2022-02-25,336.3672180175781,336.57152871228726,328.21512629807074,332.0285103049562,78842100
2022-02-28,337.36920166015625,339.0619047530669,332.0382423149123,333.1958841481367,77515500
2022-03-01,332.2035217285156,338.6143099045402,329.68395767300495,336.3476849169218,67407000
2022-03-02,337.7778015136719,339.11054138217366,330.9876029156235,333.75036921925533,70609000
2022-03-03,332.9526672363281,340.5210984604028,331.09460378869966,340.41407433832154,71089400
2022-03-04,328.1275329589844,332.0284954824209,325.8122790448653,330.59846912175567,76936300
2022-03-07,316.0258483886719,329.2754954686106,315.82156737304103,328.1178535672142,89933800
2022-03-08,314.556884765625,324.14873946634606,311.23961212376486,315.23783128014855,116153900
2022-03-09,325.8803405761719,327.2325554489857,320.1407899136627,322.7284579772235,64723400
2022-03-10,322.261474609375,323.46777439300604,317.8254810506982,321.82372966537287,69362700
2022-03-11,315.5782775878906,325.53983175609693,315.0918745614951,325.2285266941595,66228400
2022-03-14,309.5177307128906,317.7087414713096,308.8173091315427,314.3428406690173,79802600
2022-03-15,319.22637939453125,320.00464224223913,310.54896387835566,312.15408832569585,76471000
2022-03-16,331.0653991699219,331.18213115897674,319.4695366915689,323.13703491127427,105243000
2022-03-17,335.0733337402344,335.1316997309201,327.8745745746981,329.16839361847946,67810000
2022-03-18,341.93170166015625,342.22356138391706,332.26200396256377,333.4196459184512,85446300
2022-03-21,340.98101806640625,343.31866317461163,336.5979780751096,341.09792410133036,73799100
2022-03-22,347.68218994140625,348.5490720835401,341.0979103437439,341.4777583376518,63345900
2022-03-23,342.68548583984375,348.36397350473,342.62704769272557,344.8088475078949,70615500
2022-03-24,350.3022766113281,350.3509948884147,342.4517676660401,344.60431889958267,53555300
2022-03-25,350.01007080078125,351.29576956009686,345.71468839424256,350.2438234026969,57584200
2022-03-28,355.425537109375,355.52294392941155,348.76332081543086,350.0003012291695,56833900
2022-03-29,361.5423278808594,362.1656780545059,356.54565799435034,359.31183941200896,68073000
2022-03-30,357.54888916015625,361.3377976846079,356.06840647526775,359.68197082403816,68757700
2022-03-31,353.1171569824219,358.0456391088496,352.279493961754,357.6949804858477,67011400
2022-04-01,352.44512939453125,354.1593648604611,349.269850841836,353.3801696236196,54527800
2022-04-04,359.7013854980469,359.71113509642987,353.0197003720873,353.2826720089601,45950200
2022-04-05,351.71453857421875,358.9611654959589,350.57493534545756,358.2501284622544,62738700
2022-04-06,344.0783996582031,347.5069003465268,341.4485636915753,346.4062655140077,90077100
2022-04-07,344.89654541015625,347.08806535874953,339.627153877945,343.08487346263547,63777400
2022-04-08,340.0751953125,343.9127926867397,339.4420954838791,343.16281654814475,61956100
2022-04-11,332.0299377441406,336.7636071517967,331.6890286539163,335.8480363263463,66107400
2022-04-12,330.6273193359375,338.65314282857037,329.2539632767462,336.77331286308385,72790200
2022-04-13,337.3479919433594,338.39990848748874,330.2474586662088,330.9682157478457,61367800
2022-04-14,329.6337585449219,337.95180119950777,329.41947544107677,337.4355777753882,73519400
2022-04-18,329.8870544433594,332.1759811486784,327.0624347689701,328.58188617241785,58560600
2022-04-19,337.2602844238281,337.8349460281546,328.221484275128,329.2441815884501,56515700
2022-04-20,332.3415832519531,338.52654598737115,331.12407207271315,338.06876059500115,65500000
2022-04-21,325.4650573730469,338.8284602340918,324.53976678286665,336.21812360109845,75801000
2022-04-22,316.9425048828125,326.838439334833,316.51393856889234,325.62092815310405,82562100
2022-04-25,321.0137634277344,321.3254533350625,314.04960740276744,315.31583650464313,101755900
2022-04-26,308.8971862792969,319.14374885707394,308.6244352611816,318.95868479443385,105819600
2022-04-27,308.52703857421875,314.48796770473507,306.8127735656662,308.99454377699504,111204200
2022-04-28,319.48468017578125,321.3158217288803,309.2673062384134,313.48478157123293,99450000
2022-04-29,305.1082458496094,318.72489909461126,304.47514609679433,315.2866493407325,91977900
2022-05-02,310.2022705078125,310.43602306067214,301.60175789978604,304.69909812271106,115511800
2022-05-03,310.5334777832031,312.8224042977626,307.76729649145034,310.221787848372,78185500
2022-05-04,321.0333251953125,321.7053936845587,305.73165437547124,311.01076573447637,116083400
2022-05-05,304.86480712890625,316.7964169925775,301.5726520595983,316.7185093538342,154607400
2022-05-06,301.21221923828125,306.90042702253174,297.17980856751376,302.8680460761537,139572800
2022-05-09,289.42681884765625,301.30974260842095,288.03399286876356,295.59231353786646,113387300
2022-05-10,292.9429626464844,297.81300775113056,288.8618624708391,296.595496474969,124124600
2022-05-11,284.25469970703125,296.18630646109506,283.38784740770296,290.6831631683839,140326100
2022-05-12,283.5826721191406,288.0631187959251,277.53408545389686,279.9788571911552,120910900
2022-05-13,294.09228515625,295.12473233696886,286.4365588211198,288.03394787771657,83684900
2022-05-16,290.6832580566406,294.403979694894,289.40730860193224,292.3488051794956,59190400
2022-05-17,298.2123107910156,298.5921587961595,292.7383559367014,296.5370143344921,62715300
2022-05-18,283.572998046875,294.3942239034574,282.3165180984512,293.70268582770615,79477100
2022-05-19,282.0534362792969,286.73844563903594,280.10541881014825,281.77099514782947,79920700
2022-05-20,281.1769104003906,286.1638317140984,272.9270529986011,285.5112623311195,91764200
2022-05-23,285.8520812988281,286.23192923158854,279.8229651243598,282.2190181810846,63648400
2022-05-24,279.7743225097656,281.35221225976335,274.9140273398157,280.6412047467661,73491100
2022-05-25,283.6898498535156,285.76449362585697,278.07954891697494,278.28408246900483,67144500
2022-05-26,291.550048828125,293.0987490190363,282.60865493867686,282.8911258210658,59462200
2022-05-27,301.0661315917969,301.21222696962036,294.5597598213431,294.6766361236019,66985600
2022-05-31,300.2674560546875,303.2381712461334,296.4201090925534,301.0369313919927,60968300
2022-06-01,298.0467834472656,304.52393799233465,295.83579349960047,302.4006052964026,65341700
2022-06-02,306.2088928222656,306.3842072732837,295.5142654443154,296.92659010109287,59291300
2022-06-03,298.2414855957031,302.40049218011103,296.9947556078543,300.99791722823267,60914700
2022-06-06,299.2349853515625,304.23165526192764,297.6765653234213,302.67323523378644,51785000
2022-06-07,301.8161315917969,302.59535654257195,294.8227548582987,295.9136400649913,44900300
2022-06-08,299.64404296875,303.6179852830129,298.7966304532307,301.01736904269234,38342100
2022-06-09,291.6182556152344,301.01743545544304,291.4526907496542,297.9590629986376,55900500
2022-06-10,281.3326721191406,287.20594344916174,280.8846364355447,286.0176516344523,85963500
2022-06-13,268.25177001953125,275.001643941255,267.39463751053967,272.47896468943065,94442000
2022-06-14,268.73876953125,271.41729371088064,266.2355598004326,270.44328491828765,64697500
2022-06-15,275.44970703125,279.37496173778936,269.4205895185,272.1575818938242,86051400
2022-06-16,264.3362731933594,268.88487782771375,262.28109908553523,268.4270924842186,81910300
2022-06-17,267.550537109375,269.9855596323229,263.47918658486117,265.10576498452855,82703400
2022-06-21,274.3006591796875,276.6135225102179,271.9195365844866,272.026869215321,51633700
2022-06-22,273.9006042480469,278.30180844546015,271.2071624610074,271.8024357299077,67472900
2022-06-23,277.9797058105469,278.82871750635326,273.5491977794671,276.37924669266306,57457800
2022-06-24,287.5043640136719,287.92401558987484,280.56586254296246,280.80006451551657,58422300
2022-06-27,285.3964538574219,289.42681798517424,284.26442815111665,288.8608200227862,54151500
2022-06-28,276.7013854980469,288.5192934621976,276.51596567297554,285.9332140355885,61609800
2022-06-29,276.9551086425781,278.45797422473055,274.0665082539823,276.5647620681519,57302700
2022-06-30,273.5199890136719,277.09171787698773,269.1285234937554,273.9786543814577,79313600
2022-07-01,275.3254089355469,275.7157555176732,270.34840811421464,272.2221134025702,56675100
2022-07-05,280.0388488769531,280.15594985091695,270.0751105884705,271.5974828130593,61829300
2022-07-06,281.8344421386719,283.93261027210065,278.70187223129227,280.4194324508901,63194700
2022-07-07,287.86541748046875,288.56805306343966,282.64444764131935,282.64444764131935,56620100
2022-07-08,288.22650146484375,289.5927291083753,284.0985135096991,285.0353510679023,59895500
2022-07-11,282.0687255859375,286.040539649993,281.19043841491765,285.8161060220792,55273900
2022-07-12,279.3362121582031,285.2305426707223,277.74552111118555,283.3178239465647,55797100
2022-07-13,278.76043701171875,281.10254575215123,273.2662215205759,273.8322492499436,73939400
2022-07-14,279.75592041015625,280.6244393274366,273.05159050234846,276.16465439918056,63741800
2022-07-15,284.8304138183594,284.9377762264799,281.13181608551673,282.74204373662945,63818100
2022-07-18,282.4200439453125,289.0170111026838,281.2490042472601,287.61173963979365,59519600
2022-07-19,291.1053161621094,291.3980983569474,284.4400614458328,286.04049094114333,55172600
2022-07-20,295.7212829589844,296.90209088858387,290.74428281343535,291.52500565321566,67769400
2022-07-21,299.96636962890625,300.0249201186976,293.5255477180764,296.17994578756554,55049400
2022-07-22,294.70635986328125,301.10813827886636,292.88146674837793,299.0392748591571,57127700
2022-07-25,293.02777099609375,295.2039963017495,291.027226900708,294.7355627102361,40582400
2022-07-26,287.27008056640625,291.58348762062855,286.46011245335563,291.32974903463776,50074100
2022-07-27,299.41009521484375,301.09838033677926,291.26148160253575,291.82750935090854,69304400
2022-07-28,302.3377380371094,302.9135043443742,295.44801947013815,299.19539952894036,55139900
2022-07-29,307.85150146484375,308.7590936927906,302.4548791564084,303.879687273535,57501000
2022-08-01,307.6660461425781,311.1206738276758,304.9921412634084,306.08512341017763,46358800
2022-08-02,306.748779296875,310.8669998879111,304.3188442048246,305.3728127667873,48676500
2022-08-03,315.102294921875,315.922031555984,308.3686908175321,308.42724130700196,53735700
2022-08-04,316.5758056640625,316.8880947466427,313.0333526987041,315.1803029145353,38973700
2022-08-05,313.98974609375,316.0195656918979,310.7107998702354,311.4914928430166,53894000
2022-08-08,312.9748229980469,318.5959077315919,311.51100133048016,314.907078320585,43878500
2022-08-09,309.43243408203125,311.33541455782307,307.8124973077939,311.081675885975,39764200
2022-08-10,318.0689697265625,318.3617519714591,314.29231404150215,316.7612924209817,51459600
2022-08-11,316.2635803222656,322.3921133408172,315.56094463561175,320.39156870404844,45897700
2022-08-12,322.4214172363281,322.6165756154438,317.25899713697703,318.31293577249124,40928400
2022-08-15,325.0270080566406,325.5247170262433,321.45527909341536,321.474815778675,38266600
2022-08-16,324.26580810546875,326.35420819540025,321.22106348744586,324.0511130474527,41186900
2022-08-17,320.5671691894531,323.436261971791,318.48853770617495,321.1331968983646,47842200
2022-08-18,321.338134765625,322.5189425848019,318.90820030114213,320.5183981966612,41937200
2022-08-19,315.0729675292969,318.9569851504218,314.31178143869266,318.3031614705781,51770600
2022-08-22,306.77801513671875,311.05237977233116,305.96804680393296,310.81817780266437,51098900
2022-08-23,306.5243225097656,309.354372325522,305.77287484803617,306.5438294144277,39497100
2022-08-24,307.41229248046875,309.22741689930655,305.44099374167973,306.0460352146257,38057100
2022-08-25,312.8479919433594,312.86752862816047,308.1442670437042,309.18843732695433,38098300
2022-08-26,300.0249328613281,313.75558914966086,299.93710712291096,312.55524449489485,69047700
2022-08-29,297.0679931640625,299.8102168935229,295.9652426671527,297.2729198727488,48321900
2022-08-30,293.759765625,299.3320690520821,291.24200508269274,298.71725909436464,51184500
2022-08-31,292.05194091796875,297.555924896819,291.9446082866473,296.6581011353187,50044000
2022-09-01,292.1788024902344,292.5496420822986,285.8843871110546,289.5634482261889,57990700
2022-09-02,288.0508117675781,296.42385775688933,286.44058427059224,295.04786195450646,64666800
2022-09-06,285.9819641113281,289.446360123515,283.8545503145779,288.52902944390166,57005400
2022-09-07,291.7591247558594,292.75451258967024,286.196591505597,286.46009841860774,49260400
2022-09-08,293.2718200683594,294.5892657011136,288.32412480633064,289.6903525885628,55649800
2022-09-09,299.6833190917969,300.1810279756889,293.27177320994116,295.52605613582205,56125200
2022-09-12,303.24530029296875,303.57709631157707,300.74704692101136,301.0593360378884,45905700
2022-09-13,286.61627197265625,295.7114605874526,285.7282166567736,294.520884533157,79562200
2022-09-14,288.89007568359375,289.76836270160635,285.9917076770831,287.7580500540228,54907200
2022-09-15,284.07904052734375,289.37806861756616,282.4785809670192,286.97740905861184,65299400
2022-09-16,282.3419189453125,282.7322654178717,278.7311470657045,280.78050327354885,79920400
2022-09-19,284.54058837890625,284.69701352258903,279.6426584603543,279.70131415985463,52613800
2022-09-20,282.27252197265625,284.5601839494864,279.9750741000764,282.0378693199994,51271100
2022-09-21,277.21820068359375,287.37584347776414,277.08134728672815,283.1133390180322,82931000
2022-09-22,273.80615234375,276.69994264649773,272.58410899216227,275.6929801181912,62757100
2022-09-23,269.3482666015625,271.63592924583816,265.9362996797736,271.3426208032038,74815200
2022-09-26,268.23370361328125,273.2391899171992,267.4418216694611,268.8789462776998,71176700
2022-09-27,268.3412780761719,273.94310779342754,266.02425795648827,271.59678965082986,69780100
2022-09-28,273.67913818359375,274.9598376182292,266.84547923320525,268.32168776244924,79652100
2022-09-29,265.78961181640625,270.0716577150531,262.8273790808432,269.69036575980726,81216000
2022-09-30,261.2827453613281,269.0353839204615,261.1263201777009,264.9684186513129,78482400
2022-10-03,267.4124450683594,269.00599456249716,261.54663628113104,263.052202223666,61267400
2022-10-04,275.8202209472656,276.5241194775163,272.75043212962663,272.75043212962663,66696900
2022-10-05,275.6734924316406,277.4625511231233,269.2602100468539,272.05623146486425,55766300
2022-10-06,273.503173828125,277.8243037680566,273.18053757441095,274.67631791285686,53489400
2022-10-07,263.0816345214844,268.99631546280324,261.75203515428467,268.869218115013,71354700
2022-10-10,260.45172119140625,263.66814841441,257.74368321845105,263.2770705805112,60393000
2022-10-11,256.8735656738281,261.6444286795512,255.19203248058224,258.77996563092654,66522500
2022-10-12,256.7855529785156,259.4251489637878,256.0914406437089,257.50899316310165,50580200
2022-10-13,262.8078308105469,264.12764394193346,248.5734536032913,249.45333399672413,112894100
2022-10-14,254.90846252441406,265.73088583053635,254.32190557154297,265.1345429834363,77244300
2022-10-17,263.3259582519531,264.1960377721946,260.7743157265391,260.8720851805675,64576500
2022-10-18,265.40826416015625,271.0100915814728,262.729524945079,270.3453071832955,69781000
2022-10-19,264.4404296875,267.5590871120454,262.07457015959795,263.89295658178486,53115400
2022-10-20,263.09130859375,268.6931672043855,261.9279505332129,263.5507981813768,60605500
2022-10-21,269.2602233886719,269.7979106618397,260.85255709108765,261.986617180999,77897700
2022-10-24,272.2224426269531,273.1511778563182,265.88735790217254,269.5241608272236,63963600
2022-10-25,277.8536071777344,278.23489911038496,271.68473333216065,273.16097158157777,59014500
2022-10-26,271.7140808105469,277.6287902965968,271.2252633241817,272.2322261526919,63492400
2022-10-27,266.7671813964844,272.05618881434197,266.24903618804586,270.59952262808065,57760300
2022-10-28,274.930419921875,275.39969529868125,265.9752828676894,266.1414938870922,62651300
2022-10-31,271.733642578125,273.503159426672,269.81745662103884,272.68194966008537,47742000
2022-11-01,268.9571228027344,275.7614831825195,268.59540266363206,275.204224129554,45895900
2022-11-02,259.738037109375,271.9878014034031,259.6695955048992,268.9277993452256,79803100
2022-11-03,254.6641387939453,258.5844648018636,254.2828766474066,257.1277981579473,70038900
2022-11-04,258.7603759765625,260.64720401130904,253.28561503914713,259.5913715372942,78313200
2022-11-07,261.6053161621094,262.1430332516671,257.6752346520297,259.8064715479662,47333800
2022-11-08,263.51177978515625,266.7477496601227,259.58166749062383,263.12073170240666,63213800
2022-11-09,257.43084716796875,262.55364485772475,257.1473246731768,261.77154881663506,64862100
2022-11-10,276.4262390136719,276.71951751892516,267.7252952822844,269.8369900252469,99256700
2022-11-11,281.5196533203125,282.1844675282757,274.9010777658381,276.2404324049749,66961800
2022-11-14,279.0561218261719,282.7417948379583,278.0784868785844,279.4667117965301,55290700
2022-11-15,282.917724609375,286.7011661843519,279.5742007553002,285.6746318321595,73985400
2022-11-16,279.0561218261719,283.0057753682395,278.2349120504045,280.9625219079878,48859800
2022-11-17,278.440185546875,279.9164237510192,274.4416625000356,274.5980876597836,55462100
2022-11-18,278.45001220703125,281.54909849777874,276.00592466887895,281.45135886429506,53588600
2022-11-21,275.58551025390625,278.21532062913855,274.75451464007284,277.0617186327833,40083500
2022-11-22,279.5546569824219,279.711052281029,274.187422141993,276.3186884823213,41873400
2022-11-23,282.3605041503906,282.9861749393081,279.39827175235274,279.5742388647001,46390000
2022-11-25,280.5030517578125,281.47090087588236,280.01423425009193,280.76700247136256,15498800
2022-11-28,276.3871765136719,280.54212517373634,275.45844118480625,278.5281995041328,38714200
2022-11-29,274.2950134277344,277.0128370816902,272.92633062269323,276.6120032182411,35618900
2022-11-30,286.7989501953125,286.9065055448826,273.70843484346506,274.5589724039487,74718100
2022-12-01,287.1508483886719,289.1354455195464,284.3743695841752,287.1215205427985,51547300
2022-12-02,286.007080078125,286.88697536237026,281.9107874314308,282.0867843893096,53583200
2022-12-05,281.2068176269531,285.15643974660395,279.75012185266394,283.88552675954463,41482100
2022-12-06,275.38018798828125,281.18734160763,273.9919631554687,281.0504882375868,53937600
2022-12-07,274.25592041015625,276.2503039825609,272.54505931577694,274.1972647022958,45614300
2022-12-08,277.5016784667969,278.4695274919775,273.532483071853,275.60506433206405,42594900
2022-12-09,275.73211669921875,279.2516078103331,275.2921691221875,276.4848847255361,47860500
2022-12-12,279.1929931640625,279.25167871293957,274.871863125392,275.9081538496914,35732500
2022-12-13,282.19427490234375,290.24021992861685,279.51556513695834,290.0153531873076,80667700
2022-12-14,280.1021728515625,284.8925776911261,276.856417960983,281.6077090523937,64984400
2022-12-15,270.69732666015625,276.68044714031987,269.5046109553816,276.01563277082005,60554100
2022-12-16,268.11639404296875,271.5576584419353,266.5130583502916,270.0227941935211,68300400
2022-12-19,264.348388671875,268.47407711477496,263.11360998326035,268.3858829093709,44167900
2022-12-20,264.14263916015625,265.8869945818374,261.6045058722679,263.1822522783271,51064200
2022-12-21,267.97430419921875,269.27765841529884,264.33857367332774,265.1813681287866,46394700
2022-12-22,261.41827392578125,265.0931820504398,257.2043613322855,264.96578045041497,60278400
2022-12-23,262.0061950683594,262.6726010348919,258.25290263889315,260.15405720930426,39373600
2022-12-27,258.3018798828125,261.5064182969755,257.76290542316593,261.3986054611623,38009000
2022-12-28,254.8916015625,260.15406455243925,254.52901545801257,257.9001331477215,47139000
2022-12-29,261.1046447753906,262.0454127740725,256.9985455070873,257.6943196587652,45893600
2022-12-30,260.9479064941406,261.075308109581,257.0378133464567,258.3411677601905,37858300
2023-01-03,259.1838684082031,264.740311403582,256.8809205581157,263.27034850860764,42335300
2023-01-04,260.41864013671875,262.094419519153,257.2729276346424,261.30064187756807,47754900
2023-01-05,256.3419494628906,258.9192895246878,256.0283800668829,258.75271045594553,45396700
2023-01-06,263.41741943359375,264.5346059307866,255.12683454248378,258.0765705578795,54659700
2023-01-09,265.1225891113281,269.77747289377504,264.51500906581396,265.40676048327515,45568700
2023-01-10,267.3666687011719,267.4744815439094,263.5839781045529,264.0935545337913,35247800
2023-01-11,271.99212646484375,272.0999392967966,267.65084316056124,268.4348413268979,44077000
2023-01-12,273.4621276855469,274.4911198155303,268.25846062265697,272.55075772684324,60600000
2023-01-13,275.3436584472656,275.58865226978315,270.6299796945461,270.9631677043932,44802900
2023-01-17,275.90228271484375,277.18604809737275,273.98150939661457,275.14768251608376,36269700
2023-01-18,272.3155822753906,278.9892126837552,272.1097958051242,277.4408347282873,47754500
2023-01-19,269.6402282714844,271.82558420366604,268.40547959041226,270.6888091384825,44150400
2023-01-20,277.0193786621094,277.3525666368872,270.18895041299066,271.24734036249134,60613600
2023-01-23,283.1736755371094,284.39864475391676,277.06844810068554,277.8622257606587,52799900
2023-01-24,282.5955505371094,283.7519145329774,281.0373929684775,281.55677882468814,44875100
2023-01-25,281.9683532714844,282.5857126972859,275.54949598721333,278.08762887043525,50872000
2023-01-26,287.4659729003906,287.64236129032844,282.7424844155557,285.388429890523,51596300
2023-01-27,290.3275451660156,292.2874961252807,286.03524778018846,286.15284005270786,56441900
2023-01-30,284.45745849609375,288.48517308170074,284.0850929525682,287.0641967396339,49405800
2023-01-31,288.7203369140625,288.81834043174297,284.38886255344715,284.4966454883634,46705100
2023-02-01,294.8942565917969,297.35397489362185,286.44684220280044,288.5146061711699,67562200
2023-02-02,305.4779357910156,307.3986792194791,300.58786806855676,301.41104382361254,83070600
2023-02-03,300.0489196777344,306.1345896386831,298.44177525770675,298.83375951333676,76170800
2023-02-06,297.5107727050781,299.7843231515215,296.16821099081466,297.4323878201747,40802300
2023-02-07,303.67474365234375,304.8017092397127,296.26613294999623,297.38328921452313,67584000
2023-02-08,298.275146484375,303.30242572488396,297.58918155909504,302.36165759241106,56720900
2023-02-09,295.63897705078125,302.8025949668986,294.18863257166754,302.65560463543113,49137800
2023-02-10,293.6986999511719,295.5312495423064,291.29774776311353,293.4831041224218,50050100
2023-02-13,298.40252685546875,298.9905181113563,293.92403183643796,295.1000143482131,39636700
2023-02-14,300.60748291015625,301.55806033599276,294.8844296115814,296.82479185684485,64079100
2023-02-15,302.910400390625,303.0769794600468,298.1085269393555,298.7944917715508,43100600
2023-02-16,297.2265319824219,302.25381065614226,297.0795416511825,298.28492218029794,59498600
2023-02-17,295.12939453125,295.8839648215853,292.1306722050672,295.041200334183,58230700
2023-02-21,288.1421813964844,292.7480779905276,288.0050003843626,291.3075128776228,46526700
2023-02-22,288.3577880859375,290.42552201582805,286.70162711443794,288.72037423239385,51389200
2023-02-23,290.8763122558594,292.16007766757474,286.6917980591671,292.0032780111049,69294400
2023-02-24,286.0057678222656,287.10333526015967,284.24179452010475,285.91757364312804,74332000
2023-02-27,288.05401611328125,290.5529418079931,287.4660248008548,289.16139327194696,48995000
2023-02-28,287.68157958984375,290.1903142523565,287.0935883612757,287.4267764126198,48243100
2023-03-01,285.368896484375,288.04421063661897,284.38892091939636,287.38764375571253,58287000
2023-03-02,287.7306213378906,288.5342085068235,282.5955587679446,282.8797600655393,53565900
2023-03-03,293.6790466308594,293.914261084036,288.96536693308644,289.4749733262371,60511500
2023-03-06,294.0122375488281,297.91255078931,293.8162603935119,294.9138281640149,56736300
2023-03-07,290.4058837890625,294.9823817088426,289.79830387350347,294.0612025121971,65955800
2023-03-08,291.8563232421875,292.45409396799647,288.97519275474593,290.827330978684,50876300
2023-03-09,286.799560546875,294.9529618127606,285.98616434091986,292.35600347242956,71456700
2023-03-10,282.77191162109375,288.4557873254567,281.62535706186685,286.9662054618756,98593600
2023-03-13,284.8690185546875,288.57332394308236,279.47915447648757,280.98832479219584,97123600
2023-03-14,291.415283203125,291.9640670408029,287.57379633938,288.4165608377867,73602500
2023-03-15,292.9440612792969,293.2772493516955,287.3679984394516,288.80856358255966,83631500
2023-03-16,300.6662902832031,301.02887644464795,291.2389304597185,292.0327082473355,98198100
2023-03-17,299.24530029296875,302.9594157617402,297.2951586443175,300.5780825063804,89923700
2023-03-20,300.3072814941406,300.6311608615665,296.4205793211497,298.62893759374526,56359500
2023-03-21,304.5964050292969,305.04788323131515,300.72932185078076,302.24082881743965,49757000
2023-03-22,300.4544982910156,309.4155301746397,300.2876613290279,304.52768643281496,75791900
2023-03-23,304.017333984375,308.33589544993333,301.3280538352292,304.18420090621953,74576000
2023-03-24,305.13616943359375,305.23429470585234,301.269087199096,303.59521926368706,57195200
2023-03-27,303.0456237792969,306.9127064965641,302.1917301252153,305.8330587920121,50287400
2023-03-28,301.43597412109375,302.49600280278304,299.1294607378363,302.466559225668,48585900
2023-03-29,306.9323425292969,307.55068761030134,304.3117443176052,305.1263998840245,53274300
2023-03-30,309.8375549316406,310.4657245286793,307.02067616071264,309.4056958218703,58354800
2023-03-31,314.99041748046875,315.2259960757609,309.7590750261057,310.06333534027965,62138100
2023-04-03,314.2248229980469,314.48984514713516,311.54536759921757,312.8703585335609,47126800
2023-04-04,313.16485595703125,315.6774746560139,311.94778474615265,314.66653846035115,45875400
2023-04-05,310.0731506347656,313.15502177624506,308.25738336194655,312.2127972814154,62795700
2023-04-06,312.1637268066406,312.6544731339284,307.03053939298894,308.4242421889301,46916500
2023-04-10,311.9870300292969,312.03612262814016,307.452539270489,309.2388628884362,45134700
2023-04-11,309.9847717285156,312.0066738913755,309.47440639730115,311.9477567831826,40113600
2023-04-12,307.2464599609375,312.52689508007813,306.7851572287098,311.9379935140546,62813300
2023-04-13,313.2629089355469,313.7340060673171,307.82543323514574,309.0032060173391,54613800
2023-04-14,312.674072265625,314.43092227098646,309.768832905649,311.71219883461987,56278300
2023-04-17,312.93902587890625,313.29237871005614,310.1908592044973,312.2617937425751,43007000
2023-04-18,312.9586486816406,315.4712967532463,311.7612567220938,315.0492322620022,46746900
2023-04-19,312.8115539550781,313.8715829257095,310.42653370033116,310.55413255353517,38960100
2023-04-20,310.4264221191406,313.36107487685706,309.14066944218166,309.8473451843308,62462100
2023-04-21,310.7503662109375,311.52575377293005,308.28684008542274,310.0633393438064,59002300
2023-04-24,310.1025695800781,311.85941960168043,307.9334495735245,310.52460416943904,44043100
2023-04-25,304.25286865234375,309.14071237711994,304.15474335870545,308.4733046259451,57121600
2023-04-26,306.09808349609375,309.11127287941105,305.5778936312846,307.63903402208973,55400500
2023-04-27,314.4211120605469,314.92165284170386,309.21918410864004,309.8571781627747,65430400
2023-04-28,316.5901794433594,316.67851016315626,313.0568008876314,314.18551113317454,59712600
2023-05-01,316.2271728515625,317.6405249031305,315.1475247631726,316.1290175793846,41013400
2023-05-02,313.4690856933594,316.48227491711145,311.7318247639411,316.15836561209886,56519400
2023-05-03,311.4177551269531,316.5018789481338,311.3097753794873,313.83221822361713,59882100
2023-05-04,310.3184814453125,312.3403534983685,309.28789639998797,311.1919941513549,50224500
2023-05-05,316.9141845703125,317.76807840609376,310.35779072970627,312.57597376263107,51806100
2023-05-08,317.6993103027344,318.04283866891797,315.3731778659205,316.45282560845146,36465800
2023-05-09,315.6872253417969,316.9042663152859,315.37314058968013,316.04054822335024,31768800
2023-05-10,319.1224670410156,319.9763606733042,315.6479754087776,318.1213255801761,60446600
2023-05-11,320.1629333496094,320.7027423579291,318.12141174329184,319.67218699558043,44278500
2023-05-12,319.0145263671875,321.1149348281114,316.9632105060504,320.6928702621586,48432800
2023-05-15,320.7419738769531,320.97752251513634,317.96433305634275,319.4856645520145,33375600
2023-05-16,321.1050720214844,322.81285929154046,319.98615625643214,320.0254243410232,40019200
2023-05-17,324.9918518066406,325.57092889421534,320.9873748465659,322.16514809233865,47486100
2023-05-18,331.0279541015625,331.24388364276535,325.3647533407416,325.3843724071153,64213500
2023-05-19,330.28204345703125,331.95056269847424,329.22201480691604,331.2438869159886,61554900
2023-05-22,331.3911437988281,332.40207988096876,330.0170303294707,330.02685483940945,43015900
2023-05-23,327.1903381347656,330.8218725069687,326.8370151983698,329.67354301090694,48216700
2023-05-24,325.51190185546875,326.74859168725897,323.4605866275539,325.2370852209339,62891200
2023-05-25,333.4326477050781,334.69878147156203,330.4391074318428,332.86339520970245,66862800
2023-05-26,341.95196533203125,342.7862399093372,334.3552233152055,334.4533785512602,63007000
2023-05-30,343.5027770996094,347.37965474183784,342.0796009058038,346.18223261994183,72652200
2023-05-31,341.5495910644531,344.11130225670985,340.0970012254624,341.9225630348241,65105400
2023-06-01,345.4952697753906,346.82026101516874,340.24427761393247,341.2944820367804,50488600
2023-06-02,348.0863037109375,349.2444576542266,345.49517912675213,347.25202910838146,53372100
2023-06-05,348.3316955566406,350.883582144611,347.30114037340985,347.8703928659199,47266200
2023-06-06,348.2727966308594,349.2346700680704,346.3981423533168,347.7231632246743,41390400
2023-06-07,342.3642578125,350.5106344564043,341.73608816769587,348.55747375650026,69225900
2023-06-08,346.6140441894531,347.07534682770165,342.4329068233246,342.6586309114903,47153900
2023-06-09,347.9391174316406,351.04063755935596,346.49632214996257,348.06671625868603,53196900
2023-06-12,353.8182373046875,353.9163925495602,348.62616331728384,349.59783135014015,44606500
2023-06-13,356.5369873046875,357.3712319959438,353.3667556384782,356.5664308825815,57097800
2023-06-14,359.12811279296875,359.4127540150757,353.74955286754476,356.5467826318429,69525600
2023-06-15,363.40740966796875,364.8894429222012,357.2436381860123,357.86195327861964,71138800
2023-06-16,361.1205749511719,365.9495318537329,360.67892124082596,365.82193301981806,80932000
2023-06-20,360.6036376953125,361.999282329097,357.6453125814142,359.66995860384486,49204700
2023-06-21,355.6894226074219,359.89597226269495,354.7655515621823,359.4635207098651,53378300
2023-06-22,359.8860778808594,360.04330568608754,354.03817532737975,354.4411428136905,47603000
2023-06-23,356.31842041015625,358.6182598188581,354.6279363156579,355.99406677913646,48922900
2023-06-26,351.54180908203125,358.5789391758396,351.453357180665,355.78768031078647,52685500
2023-06-27,357.5862731933594,358.31359439431293,352.35759290319345,353.0848841102833,49428100
2023-06-28,358.28411865234375,360.23012057412603,355.6894094314815,355.76805334391855,46498000
2023-06-29,357.5666198730469,358.62810268773603,355.9252956971378,357.98923340395874,46151000
2023-06-30,363.0802917480469,364.1319063790845,360.9278725599883,361.2423581538513,58712500
2023-07-03,363.93536376953125,364.56436496345026,362.63800944013485,363.7191380479652,19432900
2023-07-05,363.9255676269531,365.6258896326675,362.3333734913829,362.3726954436045,34460900
2023-07-06,361.1539001464844,361.59618955883457,358.26435197023386,360.22022137820494,49374700
2023-07-07,359.9549865722656,364.1222448005621,359.728952772713,360.928017688413,47133700
2023-07-10,360.0727844238281,360.7509455502349,357.1734281529696,359.6796549287457,48498800
2023-07-11,361.8518371582031,362.3039346865907,358.3627408147586,360.4955145791754,38214100
2023-07-12,366.42205810546875,367.76854279130197,363.9452845284982,365.95028456845836,61975400
2023-07-13,372.64337158203125,373.46895267792223,369.01669355737863,369.59656492256886,46960000
2023-07-14,372.5647277832031,376.289665406279,371.6899868150142,373.07579318427884,55148500
2023-07-17,376.0439758300781,376.918716845104,372.80061946885183,373.28220093014846,40868900
2023-07-18,379.1202697753906,380.48643025096686,373.4787840563649,375.4051399126897,55262000
2023-07-19,379.03179931640625,381.32183065046223,377.70496086028794,380.1817339767386,54093000
2023-07-20,370.2943420410156,377.5083749640253,369.2721813289526,376.0439248109553,71941700
2023-07-21,369.18377685546875,373.4001640896318,368.7513253445873,372.6728429155879,60499600
2023-07-24,369.77349853515625,371.10030708517195,367.9159185749525,370.1567901180446,40380100
2023-07-25,372.27972412109375,373.94072429184797,370.4614661242125,370.48114209864303,38894400
2023-07-26,371.04132080078125,372.73180486329676,368.74148143559074,371.23790057306576,47075700
2023-07-27,370.15673828125,378.10790044992103,368.8692218728485,376.4960604398785,63940200
2023-07-28,376.8990478515625,377.9211786460314,373.69498364625855,374.206049043493,56902900
2023-07-31,377.09564208984375,378.2750608303682,375.77864149278133,377.2037699714263,44019900
2023-08-01,376.22088623046875,376.977661335996,374.15691867719516,375.7491127916499,41060600
2023-08-02,367.96502685546875,372.7514469360487,366.7266403892012,372.7514469360487,72687100
2023-08-03,367.3753967285156,369.4983325592285,365.3900427604383,365.5571385870663,47666400
2023-08-04,365.6554260253906,371.6114279018202,365.1541685427449,369.3017502778893,61702800
2023-08-07,368.75128173828125,368.8495716143789,365.13444225121697,367.46376534482164,37230400
2023-08-08,365.6161193847656,366.2647967442284,362.4906984659723,366.2451507614084,44726500
2023-08-09,361.59625244140625,366.05834931171427,360.83947730891896,365.9010914931724,51150900
2023-08-10,362.2645263671875,367.93549508025467,360.7411383228196,364.6036873595908,72035300
2023-08-11,359.9549865722656,361.6847930064215,358.4315979470961,359.709276794408,48707200
2023-08-14,363.99432373046875,364.1122595771322,358.4412909951128,359.1587440602677,42130800
2023-08-15,360.1318359375,363.8174817408834,359.4634827031511,363.02135465299926,45539900
2023-08-16,356.31842041015625,361.12448699666004,356.2201305221544,359.59126072419207,53190500
2023-08-17,352.4264221191406,358.0581008135343,352.01364650443765,357.714101138703,62604300
2023-08-18,351.984130859375,353.2421635617153,348.6228083299143,349.16338776854,61191400
2023-08-21,357.65496826171875,358.3331293098661,352.9864848109429,353.4484201626686,50696500
2023-08-22,357.14398193359375,360.269402241501,356.4559827490985,360.2595642550805,44530200
2023-08-23,362.7756042480469,363.86657088030654,358.1071200873245,358.32334581662815,51770600
2023-08-24,355.0210266113281,366.3433186005974,354.814638865053,366.24505871732504,66842500
2023-08-25,357.7729797363281,359.46346372196984,352.42633410703627,355.8564620160863,69960500
2023-08-28,360.46600341796875,361.39968237368765,357.9990681887623,360.69203716817907,40910000
2023-08-29,368.3385314941406,368.6923691023836,359.945108707373,360.26943235388745,58492400
2023-08-30,370.39263916015625,370.97254048337203,367.44412257396607,368.44663740934226,41731500
2023-08-31,371.5032958984375,373.2036181290947,370.4025210414967,370.4713269685218,35730700
2023-09-01,371.11016845703125,374.29455716790716,369.6260719928034,373.87194360321496,39801200
2023-09-05,371.5818786621094,372.800589196893,369.380299316676,370.30417020396686,32344200
2023-09-06,368.30908203125,371.14950117508664,366.30411204087085,370.80550152185896,42998700
2023-09-07,365.675048828125,366.4514999788388,362.8149839509158,363.8567908141635,52060700
2023-09-08,366.18609619140625,368.41715964189956,365.2229332864503,365.62590082593965,35800100
2023-09-11,370.50079345703125,371.0118589039647,367.24759899108267,369.21327685540757,39936600
2023-09-12,366.3924865722656,370.48109960097645,366.10745492048966,368.8299076129813,41391000
2023-09-13,367.7881774902344,369.39020987536315,365.4981757945069,366.6284346570997,46300700
2023-09-14,370.79559326171875,371.77843208818126,367.47362322311847,369.53756076360116,48039400
2023-09-15,364.4465026855469,369.8619548094555,363.5127937007819,369.45898724728664,69811200
2023-09-18,364.826416015625,365.93863645323245,363.22206476755633,363.5075090480625,36903500
2023-09-19,364.0487976074219,364.846047022524,361.0271075817854,363.50746579523855,37621700
2023-09-20,358.8027648925781,365.4662057206334,358.72400713649756,365.11188593011985,45514200
2023-09-21,352.2278137207031,355.9089722370328,352.0605060828978,355.12154499734396,69734800
2023-09-22,352.27703857421875,356.1058002061891,351.9620676839268,353.9699695629412,51589700
2023-09-25,353.9503173828125,354.0389273640815,350.3282417213544,351.31250337092115,39168000
2023-09-26,348.6352844238281,351.91289229277817,347.6510228478301,351.37153040361153,53657700
2023-09-27,349.4523010253906,351.3617712282636,345.8301949477779,349.78694641677345,56066000
2023-09-28,352.37548828125,354.50149684068487,347.68054144851845,348.5368441938577,56453300
2023-09-29,352.6313781738281,357.23774510147166,351.4010512242257,355.84993269784667,64829600
2023-10-02,355.5743713378906,356.9720060523361,352.2869410494211,352.8971784631042,51625100
2023-10-03,349.3341369628906,355.3282864453552,347.7199335363626,353.13337228482897,60478500
2023-10-04,354.08807373046875,354.9345242004373,349.708098051623,350.1707021569454,54786700
2023-10-05,353.04473876953125,354.4817520633378,349.5506226679585,354.078201267947,45897400
2023-10-06,358.9601745605469,360.15112254352925,349.26519295376465,350.0525901245861,75049100
2023-10-09,360.7909240722656,361.3322559289201,355.1018933143861,356.597960109658,45304800
2023-10-10,362.7889404296875,365.43660625124284,360.6235831654883,361.12553610202554,46968800
2023-10-11,365.3775939941406,365.5646061019628,362.39528253424044,364.11774034197475,38215100
2023-10-12,364.1078186035156,367.8578521974668,361.71607057032304,365.8795071756126,49587900
2023-10-13,359.53106689453125,365.3185297611744,358.13340224170594,364.7378190364302,52469900
2023-10-16,363.5960998535156,364.6492670283182,360.70236819855785,360.85000143865125,44201100
2023-10-17,362.4051208496094,364.0980519457113,357.93656492665207,360.0527212874597,50999100
2023-10-18,357.6510925292969,362.11964810076057,356.3223335114042,359.9149119768525,54280500
2023-10-19,354.30462646484375,360.2593967452439,353.50737702332975,359.06844869661955,72274200
2023-10-20,349.0191345214844,354.37351949388653,348.7927435626663,353.80263100200693,72559700
2023-10-23,350.0723571777344,353.6058529260909,345.59394861069154,347.70028297707074,60665200
2023-10-24,353.4778747558594,354.245597605717,350.190444601993,351.88337576286887,47082100
2023-10-25,344.82623291015625,351.2633126992723,344.24552212419906,351.08615280605477,71190500
2023-10-26,338.2513427734375,344.56046319125295,336.9619624891379,343.62540266266313,78621400
2023-10-27,339.8753662109375,343.34980841162735,338.664713645482,340.9777343824353,63476700
2023-10-30,343.7041320800781,345.0230389019717,340.99741292148934,342.3556685770316,55298500
2023-10-31,345.3477783203125,345.7218024427979,341.16466754342457,343.7336053104953,47671900
2023-11-01,351.3420104980469,351.9030468160759,346.0860571858595,346.18448935280355,58992700
2023-11-02,357.72003173828125,357.95624490601404,354.62943595313834,355.8499407400772,58162400
2023-11-03,361.9228515625,363.21223195183893,358.7830544209634,359.0094454192966,53280500
2023-11-06,363.3992004394531,363.96023673494824,361.1354108770652,362.6905309181117,38848700
2023-11-07,366.8343200683594,367.7004450680254,363.241741103211,364.4425414885638,50777400
2023-11-08,367.0705261230469,367.90715449646547,364.7870319858255,367.20830712864307,35663400
2023-11-09,364.2456970214844,368.9012351592412,363.7535662221592,367.7595181376134,53859400
2023-11-10,372.434814453125,372.5824477067619,365.43669785789075,365.96820760826813,58309800
2023-11-13,371.2733459472656,372.32651317096065,369.33434920460445,370.85997285581357,40733500
2023-11-14,379.2655029296875,380.1808890311,377.14934653163624,377.6710039696422,67792600
2023-11-15,379.55096435546875,381.64744643002416,378.19267850224793,381.15531561580104,54141400
2023-11-16,379.8757629394531,380.11197610306954,377.52336338174916,378.78321698316876,45343500
2023-11-17,379.9643249511719,380.978113113573,378.2418672940734,379.1473710700725,46571900
2023-11-20,384.5903625488281,385.2498310279321,379.9741733069402,379.9741733069402,44429600
2023-11-21,382.3560485839844,383.10409690163175,380.61391662224213,382.88755818006416,43337000
2023-11-22,383.92108154296875,386.8837186036944,382.9171455132762,384.4230645764553,44121000
2023-11-24,383.3797302246094,384.1080741677964,382.3856164361023,383.51751122375975,15718800
2023-11-27,383.04510498046875,384.9939237494987,382.16909772738626,382.8876195179838,34139700
2023-11-28,384.0490417480469,384.629752496103,381.9427074752137,382.29705727580426,35491100
2023-11-29,383.6750183105469,387.9368879307099,383.3305207373286,386.5096965719259,38811700
2023-11-30,382.71038818359375,384.40331917550225,379.747781475712,383.9407150661645,52834400
2023-12-01,383.8030090332031,384.3935720596323,379.9939210667959,381.6474735109709,40490100
2023-12-04,380.23992919921875,380.5155212317235,376.6375283217996,380.01353822930184,51186900
2023-12-05,381.1946716308594,382.38561971941857,378.1631291761713,378.3403190869991,42933000
2023-12-06,378.9899597167969,384.2262392270375,378.64549214785455,384.1278070485038,41994100
2023-12-07,384.2851867675781,385.11196277261325,380.8697983696664,381.9623441873283,49593500
2023-12-08,385.9978942871094,386.44079399552544,382.36596649169275,382.5529786032287,46687500
2023-12-11,389.2951354980469,389.56090535273165,385.36794134333326,385.5746278679813,41198000
2023-12-12,392.3956298828125,392.5137364822701,388.2026653783669,389.3345603395468,39221200
2023-12-13,397.3857421875,397.9959795327111,392.5628666775999,393.3305894727491,55408100
2023-12-14,397.0412902832031,399.9054650273427,394.03927446369323,398.60626257953487,55447800
2023-12-15,398.9606018066406,400.1417277666197,397.2184695510884,397.8188547219358,62896600
2023-12-18,401.4734802246094,402.3709508674687,399.0276552700058,399.35309710444824,46610000
2023-12-19,403.5248718261719,403.6432143177387,401.739802351394,401.92718799546697,35711900
2023-12-20,397.52862548828125,404.81686222390726,397.3511117357138,402.7260644342573,54042400
2023-12-21,402.1540222167969,402.5189517146843,398.89948313848276,401.45380904002565,45568900
2023-12-22,402.755615234375,404.32371344102273,400.8817888923147,403.36707150520004,34314000
2023-12-26,405.2211608886719,405.8917883667709,403.5149764749767,403.6136052446442,22722500
2023-12-27,406.04608154296875,406.3322463869044,404.644888619348,405.5033831511548,31980500
2023-12-28,405.8487243652344,407.4472786001535,405.493510166212,407.20059203535254,27029200
2023-12-29,404.0923767089844,406.18430438142775,402.17808627530565,405.8290600170089,42662100
2024-01-02,397.2541809082031,400.7077928852175,394.93532112958644,400.46110631543075,58026900
2024-01-03,393.0506286621094,395.6852544540013,392.61648800716534,394.6294287174648,47002800
2024-01-04,391.0278015136719,394.2939291818346,390.8107161348315,391.1856845267472,39432800
2024-01-05,391.4915466308594,394.26430098559865,390.10023090449675,391.19553482231566,44922800
2024-01-08,399.5829162597656,399.86905099818864,392.5671345830091,392.7151405016946,42473800
2024-01-09,400.372314453125,401.2998583916522,396.38585093731285,396.5832122441471,39132900
2024-01-10,403.0858459472656,404.0923162885945,399.7999941615258,400.68805977012255,33962800
2024-01-11,403.92462158203125,405.75010833943963,398.88233210983117,404.3587923820562,54536200
2024-01-12,404.1318054199219,405.79940904791505,402.7404895467562,404.96066868440437,39595000
2024-01-16,404.0923767089844,405.67117697872385,401.43802647196935,402.89842199127276,43903000
2024-01-17,401.8129577636719,402.1879261807825,397.57983776151127,400.78676327938865,54386000
2024-01-18,407.5163269042969,408.0985035821571,403.7371019910327,405.0790624458076,59562500
2024-01-19,415.59783935546875,415.7557223922179,409.1346625144501,409.71683927383793,70325100
2024-01-22,416.1405334472656,419.10077238644385,415.53860253748337,417.79826002605955,44880600
2024-01-23,417.8673095703125,418.08439494816366,414.9958743913693,416.831207947934,33003800
2024-01-24,420.1861877441406,424.1529273697124,419.69281456588413,421.77486503694314,46948000
2024-01-25,420.6993408203125,423.35369109052186,418.360756630622,422.6826806411416,44367200
2024-01-26,418.19293212890625,420.5611171421055,417.54167598048286,418.81458709390614,37137000
2024-01-29,422.4754333496094,422.6727946600037,417.995596599009,418.6468527875806,38694700
2024-01-30,419.6632080078125,422.0116691243493,418.7554182347818,421.43936949466547,36739000
2024-01-31,411.443603515625,417.2654006290457,411.2659964098067,415.2721839553905,64010600
2024-02-01,416.2885437011719,416.7819168628328,412.2724789381055,413.2395011756799,51008600
2024-02-02,423.32403564453125,424.5377143092311,417.18647251424335,418.1830657905494,59602400
2024-02-05,422.7715148925781,423.91611423807007,419.367227704789,423.3832928537203,39889200
2024-02-06,421.9228820800781,424.51802988415363,419.584297971648,423.9160989320108,35846100
2024-02-07,426.2645568847656,427.0934202261627,423.4029984199902,424.70551086208974,37712700
2024-02-08,427.0539245605469,427.8137083440557,425.7020869952788,426.38291421422974,29889900
2024-02-09,431.25750732421875,432.0469225216941,427.39935535279267,428.1887404371573,36943900
2024-02-12,429.5701904296875,433.3198449595482,428.8893329788555,431.14899075209667,33203300
2024-02-13,422.8701171875,425.55406834305234,419.69279287918516,421.6169602202019,64491700
2024-02-14,427.4782409667969,427.90253465627023,423.1957655614689,425.5442266157376,45092700
2024-02-15,428.75115966796875,429.2149316499549,425.61328343662643,428.1689829438769,38796100
2024-02-16,424.8633728027344,429.2247747002088,424.15291424350715,429.12612415809764,53716500
2024-02-20,421.6564025878906,424.3798016822506,417.8870247947105,422.8700811679179,53999500
2024-02-21,419.9691162109375,420.0579498854934,416.0418848547064,418.92316744753936,49779000
2024-02-22,432.2639465332031,433.3000180733952,427.96171712915435,428.73137801666724,53887800
2024-02-23,430.9910583496094,434.75055943637386,430.01418912468716,433.82301548242646,39853900
2024-02-26,430.7640686035156,432.7869165083509,430.576584404699,431.80017024641353,33043200
2024-02-27,431.80023193359375,432.18504737190904,429.26428645098287,431.86931140894353,33713200
2024-02-28,429.5010070800781,430.8824758487822,428.5438620627868,429.65889008544724,32938800
2024-02-29,433.181640625,434.25719051548447,429.25437937497003,432.4218567885407,42495200
2024-03-01,439.7040100097656,440.66115513774344,434.01049462540504,434.0696969951267,43853000
2024-03-04,438.1350402832031,440.12828689505744,437.8883537312889,439.70396313980547,34325700
2024-03-05,430.2706604003906,435.1057407802523,427.9024755873973,435.0958636822441,57917100
2024-03-06,432.97442626953125,436.13199642628683,431.09961428378455,434.48414693490355,46234500
2024-03-07,439.546142578125,440.7992995133113,435.0169506522898,436.55630255352224,44526700
2024-03-08,433.20135498046875,442.6938797953184,432.53037471556775,439.901370869489,72096000
2024-03-11,431.59295654296875,432.8461134391734,429.66878931111285,431.7113612748173,45860000
2024-03-12,437.77984619140625,438.1350603881726,430.67526112502065,433.901940644511,55300900
2024-03-13,434.4150695800781,436.8030089363392,433.30004141473387,436.78325473745014,37928700
2024-03-14,433.31982421875,436.1715056274267,430.60627164587515,435.6485312451789,52195200
2024-03-15,428.1689758300781,433.0533520394362,427.0045922881317,430.2904743925129,73069800
2024-03-18,432.2525939941406,435.77005339953286,432.015441232783,433.4876578345993,47323800
2024-03-19,433.3295593261719,433.7346638779125,428.15215128325195,430.24684485265067,43004100
2024-03-20,438.4673767089844,438.803310427028,432.8256140023546,434.5250629102318,43653500
2024-03-21,440.5422668457031,443.97080480624504,440.3446747498812,443.5163098176408,39345700
2024-03-22,441.04620361328125,442.142925733488,439.17877277778564,440.02851230460703,28253900
2024-03-25,439.44561767578125,440.92769432844847,437.2521430237167,438.2500541325225,27789200
2024-03-26,438.0227966308594,441.8860798362607,437.79553403539165,440.967169447926,34142000
2024-03-27,439.5147705078125,441.2043596487488,436.64942826389364,441.1055485052493,41359200
2024-03-28,438.7045593261719,440.3150873730311,438.3488452662453,439.46534778476365,36839600
2024-04-01,439.63336181640625,442.1825204613971,437.7264002216161,439.65311198392817,38729000
2024-04-02,435.83917236328125,436.15535592740196,432.7959884791613,434.8214810155187,44259700
2024-04-03,436.8173522949219,438.6946431607458,433.7049976814608,433.71485768745384,39949800
2024-04-04,430.13818359375,441.6094731133344,429.9109209744225,440.9968560724856,57267700
2024-04-05,435.2068176269531,437.8745673418474,430.75069804531415,431.56090708796177,54744600
2024-04-08,435.3352966308594,437.2125875865216,433.9520311978938,436.13561556539395,28144900
2024-04-09,436.94580078125,437.9437117785747,432.21302808963225,437.66705870710007,39443600
2024-04-10,433.13189697265625,433.9914964882746,431.0668740728693,431.7782719742298,61502200
2024-04-11,440.04827880859375,440.9967993468194,432.7268171178065,434.99935255997985,45474600
2024-04-12,433.0331115722656,436.9556753449203,431.65973632798597,435.82931285671975,53665000
2024-04-15,425.9093017578125,436.8667847613836,425.0694522981349,436.7778637813603,63453600
2024-04-16,425.94879150390625,428.57701077839033,424.5655261365261,425.75116924302756,47619000
2024-04-17,420.7516174316406,427.9446272184881,419.8228471164691,427.9248770543287,56880500
2024-04-18,418.3507385253906,423.1230122839189,417.77765197619533,421.39392278181145,46549400
2024-04-19,409.6954040527344,417.69862441269396,408.134296500219,417.17495850837054,75231000
2024-04-22,413.8155822753906,416.147368473136,408.993887927526,412.3236154173701,47807700
2024-04-23,419.99090576171875,421.1864391995663,413.86497662605376,415.7422677634582,44384700
2024-04-24,421.4136962890625,424.5952221276178,419.13130059541714,423.0835051077627,48440300
2024-04-25,419.3782958984375,420.23789551957753,413.1436959522945,414.23052802555014,57392200
2024-04-26,425.85003662109375,427.38150380995216,421.8188012818527,422.51041898043206,41874900
2024-04-29,427.5791015625,428.57704279451684,424.84221094712433,427.9545657944638,30022200
2024-04-30,419.5166320800781,427.39140091265017,419.43760125575835,425.9982451797064,43665900
2024-05-01,416.4832458496094,425.00027078139163,415.6335364646761,418.0937738009243,52251700
2024-05-02,421.79901123046875,422.6981413555137,415.60394164929187,420.2181234298724,36559000
2024-05-03,430.2764892578125,431.26454032422834,427.45064752834196,429.2489077059209,48515300
2024-05-06,434.9894714355469,435.0783924110158,431.3040301921814,432.07470879916997,30227200
2024-05-07,435.0586853027344,436.68896365352816,434.3275069549733,435.4341495604902,30996100
2024-05-08,434.8017272949219,436.20477300365775,432.32170959807235,432.44030104834115,24896700
2024-05-09,435.7502746582031,436.3233611678897,433.22086631601803,435.068517003567,24580100
2024-05-10,436.77783203125,439.0009468290101,435.23647485037026,437.25210737649155,27116600
2024-05-13,437.78564453125,438.78358573741383,436.3727387710848,438.6847746021528,22994200
2024-05-14,440.6015930175781,441.1351490219814,437.1730547027617,437.36078681259016,34478300
2024-05-15,447.4883117675781,447.7353245285619,441.5600055039681,443.0717223950717,41464700
2024-05-16,446.579345703125,449.25695573333155,446.41136374933757,447.300603706104,34780400
2024-05-17,446.36199951171875,447.3105201778688,444.16852474110857,446.7077932936881,35803700
2024-05-20,449.4742736816406,450.136250950765,446.3915594570712,446.57929155498357,24474200
2024-05-21,450.3536682128906,450.5414003294952,447.4290454718327,447.6266677481299,23167700
2024-05-22,450.2647705078125,451.36152293797704,447.66619122011053,450.6105944327446,25120000
2024-05-23,448.2392883300781,455.0765854024799,446.4509181608015,455.04694507409687,40899200
2024-05-24,452.47802734375,453.74273158486886,448.1503585670211,449.8498077178615,29669500
2024-05-28,454.18731689453125,454.24659754757704,451.23305379035156,453.6932913505319,26216800
2024-05-29,450.98602294921875,452.7645027751896,449.899160765381,450.0375023855627,29739200
2024-05-30,446.1544494628906,450.19560488160533,444.83046464487313,450.0572632581326,30536800
2024-05-31,445.3244934082031,447.07336311604297,437.76590868384545,446.3817152995183,55941300
2024-06-03,447.7156066894531,450.1363138301229,442.54808850150624,449.13840270768463,32997500
2024-06-04,448.9407653808594,450.1362987474651,445.73948952356676,447.4586887576052,23767400
2024-06-05,457.9913024902344,458.07033330703183,448.98028172906453,452.50763121803925,33817400
2024-06-06,457.83319091796875,458.98922386503307,456.6672979648091,458.6730403056571,21966800
2024-06-07,457.4281311035156,460.17491196915165,456.3215186904431,457.467661590533,25829700
2024-06-10,459.2757873535156,459.6315014350847,456.015230729256,456.3017739959468,20660800
2024-06-11,462.42767333984375,462.5462648024494,456.5092567926191,458.0012236295698,22053300
2024-06-12,468.4844055175781,470.80633154634563,465.6585939506412,466.35021160302534,34532600
2024-06-13,471.023681640625,472.6737401049363,468.7511763645749,472.01173265680745,25859000
2024-06-14,473.4642028808594,473.5333736936647,470.36170799369097,470.8260932107854,23372600
2024-06-17,479.2640686035156,481.0425485388574,472.4267718136733,473.7309763615581,37054500
2024-06-18,479.4122314453125,480.09398906770866,477.65350181941676,479.21463933122305,24438600
2024-06-20,475.7169189453125,481.0227480217305,473.8890185540874,480.6077834849521,33918700
2024-06-21,474.44232177734375,476.7741378160484,472.9503852718537,475.44026293593026,37456800
2024-06-24,469.041015625,474.9490574140219,468.9024843141438,473.2172197227776,37751000
2024-06-25,474.40478515625,474.70165954196335,470.1889876740023,471.129140230183,29014700
2024-06-26,475.3844909667969,475.92880093044886,473.1677483971883,473.58337252856364,22737100
2024-06-27,476.611572265625,478.08612876340686,474.32554913110164,475.13704596869303,26222100
2024-06-28,474.13751220703125,482.1435762094865,473.4942643131208,477.403281069795,34881600
2024-07-01,476.9183654785156,477.48242673227065,471.3171046470013,475.05787238667386,24898300
2024-07-02,481.9258728027344,481.98524767467785,475.2953968944467,475.42405251727433,26723600
2024-07-03,485.9437255859375,486.0723812066587,481.1737429455758,481.1737429455758,18064900
2024-07-05,491.01055908203125,491.4459949155481,486.4879820207779,486.78488656227495,28495900
2024-07-08,492.1783752441406,492.73256089290976,490.35747522663445,491.37678420928336,22109400
2024-07-09,492.6039123535156,494.8107793015075,491.08979257688713,493.6925021081496,25614500
2024-07-10,497.74005126953125,498.2942369269607,493.2175036938141,494.52378120012463,28046900
2024-07-11,486.82452392578125,498.05673460649984,485.6369961812132,497.8489225363497,49966600
2024-07-12,489.68450927734375,494.43468031357077,486.9333627636992,487.3984860685638,37109400
2024-07-15,491.000732421875,495.8103089222989,488.962114418248,491.45594988459715,31151400
2024-07-16,491.1887512207031,493.2669624935249,488.0318560940838,492.45546558304693,25950600
2024-07-17,476.76995849609375,483.7269967148813,476.70070794093556,483.21240438634226,56268800
2024-07-18,474.51361083984375,480.6690578747681,471.32702835165105,480.49093325016867,49347400
2024-07-19,470.3077697753906,476.6908413149235,469.0212737476787,474.1771939398709,42042900
2024-07-22,477.3143005371094,478.33360958385947,472.75212922630016,476.1663358493662,40300000
2024-07-23,475.6319274902344,479.40238336168676,475.1569284518494,476.41373700871543,23282500
2024-07-24,458.5708312988281,469.2686376662744,457.7098653963061,468.90248253079744,58818600
2024-07-25,453.51385498046875,463.08350861797516,450.9012698036603,458.9073044861217,59256800
2024-07-26,458.1650390625,461.0943100672406,454.9982383756969,457.8483529536498,39992100
2024-07-29,459.0854187011719,463.05381067459047,456.8290828356766,460.8766312425985,28218500
2024-07-30,452.78155517578125,461.7178367342233,449.43662944102124,461.0152138765976,41317200
2024-07-31,466.1809997558594,467.8831499165186,461.5693600159238,463.0141989264488,44552100
2024-08-01,454.88946533203125,470.61453674967504,451.2476651158383,466.86389265459763,56653900
2024-08-02,444.0926208496094,448.86260343484975,439.85704229778526,446.2104252259462,66323200
2024-08-05,430.8515319824219,437.69972643798087,419.05525994795903,420.3021625718776,87483500
2024-08-06,434.9683532714844,442.4301081222253,430.04993302092026,432.6922358150409,63164400
2024-08-07,430.25775146484375,444.3400770278095,429.8619088840542,441.85611726701137,54929200
2024-08-08,443.41973876953125,444.3301736904715,432.6130580671069,436.48248198323597,47890100
2024-08-09,445.73541259765625,447.36828199277033,440.98521139268263,442.1034884926195,33574000
2024-08-12,446.69537353515625,449.65433226208825,443.8947276771572,446.7052794147843,27795000
2024-08-13,457.7790832519531,458.0463003756158,450.9507011946519,451.08926269593627,40084500
2024-08-14,457.92755126953125,460.28282498699116,453.6424734145616,458.6994548040249,34733700
2024-08-15,469.4962463378906,469.8920888985799,463.5189240086724,463.89498501162524,38280600
2024-08-16,470.0998840332031,471.46556648913753,466.75495864422777,467.71489267478665,38383600
2024-08-19,476.275146484375,476.31473980211405,468.4571423782289,470.23847926625564,23737700
2024-08-20,475.275634765625,477.92781315701507,473.5833602435094,475.36469707718084,29209300
2024-08-21,477.49237060546875,479.34295796614543,474.3453815043976,476.0574073595781,25658800
2024-08-22,469.9217834472656,480.50083988140653,468.89256861321644,479.8080927390778,37739600
2024-08-23,475.0183410644531,477.72989443042314,470.3473261692852,474.2662190268282,36061500
2024-08-26,470.40667724609375,475.3943780311616,468.32846606891127,474.47403729011756,27452600
2024-08-27,471.81195068359375,472.8807286031664,466.8143440444415,468.77380546465093,27510000
2024-08-28,466.4580993652344,472.06923634933787,463.0340174366107,471.3468319839668,37372400
2024-08-29,465.7752685546875,472.9698061378377,464.4986483367516,468.36807210677364,41081500
2024-08-30,471.3270263671875,471.9504927515124,465.626826998042,470.1098112366977,33466500
2024-09-03,457.0171203613281,468.41754961460447,454.6420347086688,468.28892418329235,44985200
2024-09-04,455.8295593261719,459.6297325855357,452.9794746829276,453.9097213390106,32505100
2024-09-05,456.255126953125,460.53026908790207,453.18729411410754,454.20660310052904,34452400
2024-09-06,444.0332946777344,456.43325146305574,443.53848390385747,455.55247378914544,50624400
2024-09-09,449.743408203125,450.73302976862993,445.151579843626,448.3579440515888,32981200
2024-09-10,453.8998107910156,454.404527431382,447.5365516543528,451.50491342000015,29680300
2024-09-11,463.7564392089844,464.4986553607296,446.5964054047374,455.13684408962206,57843000
2024-09-12,468.3086853027344,469.1201821772386,462.00480120861374,463.78610782015113,40067800
2024-09-13,470.40667724609375,471.5843292398022,467.34875045430647,467.57637427019046,29111800
2024-09-16,468.3284912109375,468.94205173790556,465.0132831893614,468.2790222139315,22585600
2024-09-17,468.57586669921875,472.6432267020708,466.08203143235426,471.3468249743636,30084400
2024-09-18,466.5471496582031,473.8604366394035,465.9434648552166,469.7733253245315,39909200
2024-09-19,478.34344482421875,481.18368396372693,475.50323588556273,477.60122868202563,52782500
2024-09-20,477.43304443359375,478.6700714266331,473.33599653623736,477.4825134329736,34577700
2024-09-23,478.6985168457031,479.78863625808964,477.2714569319046,478.60932938150205,24843000
2024-09-24,481.007568359375,481.9589315670274,475.85432326157445,480.10574366251944,25952600
2024-09-25,481.4535217285156,483.40581684032236,480.2048367630411,480.3832116885974,26549900
2024-09-26,485.07073974609375,489.2627322137733,481.4337116875212,488.93568125355074,32020200
2024-09-27,482.37518310546875,486.2302350383357,481.19587618082716,486.091478815064,22851100
2024-09-30,483.6832580566406,484.02019852413594,478.5795520524963,481.41383199610914,30281100
2024-10-01,476.9444274902344,483.61395044024334,473.109215140219,483.31665887950265,42735400
2024-10-02,477.6183166503906,479.530962836938,473.42632437830656,476.0425807215539,23744000
2024-10-03,477.26153564453125,480.19492312784206,474.6848980169124,475.42815712622803,25337200
2024-10-04,482.9400329589844,483.49499732601123,478.054350472024,483.06886937334593,30686600
2024-10-07,477.76702880859375,482.19685493377233,476.5480728100457,481.027467695468,24975100
2024-10-08,484.9022521972656,485.5860530274448,479.50125391077506,480.30397136476074,28272000
2024-10-09,488.7176208496094,489.2924248153579,483.564375972424,484.6049266009383,24995000
2024-10-10,488.16265869140625,490.0257663240612,485.130164010439,486.43830727293584,25750400
2024-10-11,488.92572021484375,489.94649172199814,485.7644194068518,486.32927332481586,20644500
2024-10-14,493.028564453125,494.3465973585844,490.808706825702,491.3141024770898,26060100
2024-10-15,486.4383544921875,494.019591930527,484.28784466660454,493.355600435728,34784500
2024-10-16,486.4977722167969,487.2707604745814,483.18779530560226,486.76533460642946,22996800
2024-10-17,486.834716796875,492.02761076485535,486.7752584875692,491.97807225486406,27210700
2024-10-18,490.0257568359375,491.1158762002441,488.866259365882,489.6194382436373,25335000
2024-10-21,490.9672546386719,491.7699720639436,486.894178959246,488.81674495745733,30336500
2024-10-22,491.50244140625,492.97907026734487,487.5483120910429,488.30149110090883,26685800
2024-10-23,483.9706726074219,489.80774860991164,480.69042485410046,489.1536769704334,39346600
2024-10-24,487.8951110839844,488.56899209054706,485.0409912405532,487.68697675640317,22024900
2024-10-25,490.86810302734375,495.78351439895096,489.9860877731949,490.6897281141299,38762100
2024-10-28,490.9474182128906,494.0393713144082,490.65012666208736,493.9799130042475,20477800
2024-10-29,495.66461181640625,496.8439186259501,489.41132793216394,491.2645157062217,28014100
2024-10-30,491.91864013671875,495.8529597761459,491.43305383710356,494.9015965333086,29756000
2024-10-31,479.5011901855469,488.0040603338986,479.40208293111544,487.9545218283268,41245200
2024-11-01,483.0490417480469,486.33920932217706,480.83910402420423,481.13639556987664,33655800
2024-11-04,481.641845703125,484.9815519553387,479.8976545652101,482.4445631601672,23291600
2024-11-05,487.7861022949219,488.45009377025474,483.1382526974681,483.2274401655053,24353600
2024-11-06,501.0359191894531,501.8584762261197,495.10968577343385,496.0610489877298,43082200
2024-11-07,508.92431640625,509.70725465257993,503.77107179071777,503.83053009542596,32853100
2024-11-08,509.51898193359375,510.29193992816494,507.8044898484447,508.4288323181187,22924500
2024-11-11,509.2217712402344,510.9461229115346,506.3280021058684,510.73798855974053,24167500
2024-11-12,508.3000183105469,510.0342895835151,505.24771417717085,509.1523347344934,25835300
2024-11-13,507.64599609375,510.3514400261562,505.36668014613633,507.7946721174008,24567400
2024-11-14,504.1180114746094,508.18113740505333,503.2062669199819,507.30907205086606,28679500
2024-11-15,492.1069030761719,498.80612454252906,490.04558089937717,498.41964553643646,51461100
2024-11-18,495.52587890625,497.62685004551037,492.2654707437731,493.652881689858,27080800
2024-11-19,498.9349670410156,499.4205835584643,492.612304704476,492.94927544853863,24523000
2024-11-20,498.6476135253906,498.9548248827178,492.0970072679585,498.63769372570533,29565500
2024-11-21,500.44134521484375,502.4035299899302,493.088021478257,501.6900000053646,34526700
2024-11-22,501.2440490722656,501.9773883931018,498.2610927916357,499.8863672514566,23826600
2024-11-25,502.0368347167969,506.85316942781503,499.727789745264,505.31708246990956,26375200
2024-11-26,504.7324523925781,505.555009505717,502.6711601960854,503.5134964235707,26557100
2024-11-27,500.7584533691406,503.6720316612962,497.41874708868886,503.6026837920866,24957400
2024-11-29,505.1585388183594,505.75315217485644,500.7683621205399,501.3827848330466,15334000
2024-12-02,510.6585998535156,511.6199130371729,506.0305903133928,506.4170995466131,25147200
2024-12-03,512.2244873046875,512.5019997630951,508.755944494111,509.33074852467934,18597900
2024-12-04,518.5570678710938,518.8147407281132,514.9299292457346,515.6434895026028,26086200
2024-12-05,517.1199951171875,519.3299326318131,516.7334859011141,518.6065131914003,18169600
2024-12-06,521.748046875,521.9858801083601,517.6551619389516,517.7839983547849,23762600
2024-12-09,517.6849365234375,521.6192257616104,516.5353285463648,520.8264281316256,20674400
2024-12-10,515.9209594726562,520.6580271192222,514.4938993957188,518.9138358600111,24350000
2024-12-11,525.1571655273438,525.8409663614733,519.8751140774373,520.2814024633593,32168600
2024-12-12,521.7679443359375,524.2058562213963,521.2922778164673,522.9373315206931,23577500
2024-12-13,525.7616577148438,528.3778835858818,522.560647627192,525.6922796121901,28780400
2024-12-16,533.3329467773438,534.3041797331767,528.2094313308821,528.2887292324265,31979900
2024-12-17,530.9842529296875,532.6491459423796,529.3292797155087,531.5392172672515,28579100
2024-12-18,511.8280029296875,532.0545942641155,510.38116393926435,530.3401626443599,54703200
2024-12-19,509.54876708984375,517.070576909416,509.2118567871215,516.5056926514047,46441800
2024-12-20,513.998291015625,520.1029592084699,504.71254304884667,505.852200874932,60530000
2024-12-23,519.0060424804688,519.383239168352,512.31586004398,515.7105696508168,29672800
2024-12-24,526.0437622070312,526.1330632045123,520.3163815436208,520.9516666586724,17558200
2024-12-26,525.6863403320312,527.3142356084127,522.4206745678785,524.4158307733787,19090500
2024-12-27,518.6983642578125,522.559632331355,514.0330843757536,522.1228814363513,33839600
2024-12-30,511.79974365234375,515.5220319966776,508.04767821293757,511.7005068634762,34584000
2024-12-31,507.45208740234375,513.8345329727888,506.4892543650599,513.0802001650353,29117000
2025-01-02,506.4595031738281,512.8221380642742,501.9728857721829,510.49940358547883,36389800
2025-01-03,514.747802734375,515.8099028942349,508.74252327822325,509.5564103096281,29059500
2025-01-06,520.6637573242188,524.018784806924,518.1723564940825,520.1476411928097,36109700
2025-01-07,511.3728942871094,522.1030076792526,509.4869713360559,521.7059999662438,36690300
2025-01-08,511.46221923828125,513.0999895323981,506.7969397096138,511.2736208982677,30777800
2025-01-10,503.44195556640625,507.7994984696709,500.19613120906627,507.7002616861164,40532500
2025-01-13,501.823974609375,502.28056678713506,496.00729379112454,497.49620898526393,31694200
2025-01-14,501.3475646972656,506.39004165996994,497.8833646668992,504.98052179626774,33737200
2025-01-15,512.8816528320312,514.0231181011155,507.6803552886918,509.23879071405617,34957600
2025-01-16,509.2884216308594,515.224210811633,509.15937746744135,515.144785037811,28229000
2025-01-17,517.8844604492188,520.1972592877152,509.31822917298143,518.9862432829292,51837900
2025-01-21,520.9218139648438,522.0831509199561,516.2168513724278,520.6041714349437,23628000
2025-01-22,527.582275390625,529.875202608773,525.3489023631776,525.6566091124832,33593000
2025-01-23,528.7039184570312,528.8230268358762,524.5448792406889,525.1304853393235,23096600
2025-01-24,525.716064453125,529.8452955948869,524.2470209693237,529.0810270552897,19878300
2025-01-27,510.41015625,514.1621916220109,506.3801306258622,507.2238554261772,60771700
2025-01-28,517.9539184570312,519.135127001106,507.9980395084438,511.4125906777684,33194200
2025-01-29,516.981201171875,518.7282048637726,513.0802502522747,518.5991606876129,26649000
2025-01-30,519.1847534179688,522.2122024136221,514.3805539731445,519.8399100776113,27431300
2025-01-31,518.4303588867188,527.5921922182381,517.3385119017584,523.0261489535886,38755200
2025-02-03,514.2813110351562,517.0010535797855,507.27348469906485,509.6755846757201,40580800
2025-02-04,520.59423828125,521.2295233442737,514.4003603770645,514.7974286874838,26046800
2025-02-05,522.9566650390625,523.11551659981,516.7727228160936,517.9638671852232,21134100
2025-02-06,525.6863403320312,525.8948102853632,521.8548794809367,523.4629031663001,19434500
2025-02-07,519.0557250976562,528.1678797493125,518.3311390158517,526.2224024701397,29605500
2025-02-10,525.3389282226562,526.4407109622551,522.8574028177311,523.3239005134812,20852800
2025-02-11,524.0882568359375,526.0039872775455,521.9442454321847,522.0732896066455,19325500
2025-02-12,524.3959350585938,525.2793726405877,518.0928847804781,518.4402741025981,25009400
2025-02-13,531.9398803710938,532.2574623508953,525.2794434932922,526.0635838146525,28714800
2025-02-14,534.1731567382812,534.8580601398642,531.7114424599516,532.0489565555039,17862600
2025-02-18,535.3841552734375,536.0095045421328,532.078746365208,535.7414804029439,20565000
2025-02-19,535.5331420898438,536.8135875991883,532.4957569178074,534.5901501639886,19666900
2025-02-20,533.2598876953125,535.1160636766159,528.5251788659228,534.7488027980122,26550800
2025-02-21,522.1923828125,534.421347555334,521.8251218909734,534.4014759647268,47093800
2025-02-24,516.0281982421875,525.1602231091551,515.6907447415672,523.979014688761,39268400
2025-02-25,509.52667236328125,515.4823335308943,505.67533996149535,515.402907751773,48940000
2025-02-26,510.7574768066406,515.8197643424149,507.591048002011,511.72034015672153,34457600
2025-02-27,496.5730895996094,515.2341793751592,496.35471414579564,514.3011233717788,52448000
2025-02-28,504.4147033691406,505.02018100858754,493.25774490318094,496.4341094377578,47654000
2025-03-03,493.37689208984375,509.2487196326077,489.93253345416554,507.7399630206097,44587200
2025-03-04,491.8879699707031,500.0174498903787,484.1356867718227,490.5280988504062,67875400
2025-03-05,498.30023193359375,499.9082555325708,487.6296728031353,492.5331693757525,46323700
2025-03-06,484.59234619140625,494.895615354215,482.60712565033873,490.04176688317693,57574300
2025-03-07,488.1557922363281,489.63477178176004,476.9789913818525,483.56000203653406,54714700
2025-03-10,469.23663330078125,480.39356231594445,465.1967024947357,479.8774159142813,76668000
2025-03-11,468.114990234375,475.2717015064333,463.55891291656457,468.85944790641054,68760800
2025-03-12,473.3956604003906,477.50505079394827,468.3035653299785,475.6190975102553,46971100
2025-03-13,464.8790283203125,472.76035523811606,462.98313932199375,472.73057814566323,46563300
2025-03-14,476.1153869628906,477.0087300371878,469.6237081167645,470.2292160585815,43563000
2025-03-17,479.202392578125,482.2497130174167,474.2691189068619,476.06574086012523,41744400
2025-03-18,471.03326416015625,476.0657749736721,468.91899953639006,475.86727110411596,39072300
2025-03-19,477.3363037109375,481.74346485411456,471.3607712944133,473.2864373851265,40430300
2025-03-20,475.7183837890625,480.96927004322396,472.6611273475336,473.35596661844284,36780500
2025-03-21,477.28668212890625,478.0509810732746,469.4152905592447,470.57662752286865,42234900
2025-03-24,487.7604064941406,488.60538941404207,481.5373907904982,484.8576491349716,34567200
2025-03-25,490.5438537597656,490.70291186860106,487.5218407035887,488.4861096315565,26035200
2025-03-26,481.5175476074219,490.2456607367531,479.96676889831855,489.3907271556028,34627100
2025-03-27,478.7738342285156,483.70451433059617,477.41193517577676,479.5591741727875,33469800
2025-03-28,466.1687927246094,477.68034714960163,465.28403763438615,476.974551402309,46363800
2025-03-31,466.14892578125,467.08334293131804,454.62739030879317,459.1902923533091,53000300
2025-04-01,469.90655517578125,470.83105198841025,461.6754876852753,464.53844262078127,41156200
2025-04-02,473.3361511230469,476.7260031222664,463.1069521266998,463.3654253458386,49894500
2025-04-03,447.9967956542969,457.3511902166352,447.4798795534505,453.742637111202,70456300
2025-04-04,420.17218017578125,437.76756110951874,420.17218017578125,435.55075905226965,117088400
2025-04-07,421.1861877441406,440.52125924890055,400.01207316550386,406.24500940343484,161557000
2025-04-08,413.6012268066406,440.5212103571544,407.36829126047905,435.57062951414565,101248100
2025-04-09,463.2461242675781,465.06529634282225,412.97496569005153,413.11415290728195,142876900
2025-04-10,443.54327392578125,452.89766878987024,430.07336033484415,450.8796663706337,108384100
2025-04-11,451.7146911621094,453.09649143953806,438.7219217931667,442.0223093443537,52483800
2025-04-14,454.77655029296875,462.3017926101127,449.9552051157199,461.71528283309993,43941200
2025-04-15,455.283447265625,459.6475186324782,453.454324591476,455.83021518157193,35404200
2025-04-16,441.5550537109375,449.9451788691767,435.17301051795084,446.37639807774553,48980600
2025-04-17,441.4755554199219,445.103979334769,438.75172707786896,444.5274202476084,44837000
2025-04-21,430.55047607421875,436.4851969411389,425.40109511314887,435.6402443758458,44149300
2025-04-22,441.8533630371094,444.9350193638807,435.03388632871594,436.2268070816329,52304400
2025-04-23,451.8737487792969,460.641633756553,450.20368411807647,455.46243104941027,55801100
2025-04-24,464.5881652832031,464.89633088737224,453.1362241937562,453.78240723852906,45956100
2025-04-25,469.767333984375,470.2942006570759,462.6397231543872,464.2103725610634,38697100
2025-04-28,469.6182556152344,472.0040665388327,463.27595392675005,470.23458681729716,33550800
2025-04-29,472.7198181152344,473.6045731544733,466.8149185696458,467.3915080044207,30613100
2025-04-30,472.6601867675781,474.37997416490805,459.697238824554,464.36947606745446,46810600
2025-05-01,478.8334655761719,484.30096287876717,477.89901815565884,480.5532529218463,43316500
2025-05-02,485.94122314453125,488.00894827712347,481.9648613296433,483.66477784831574,39218100
2025-05-05,483.058349609375,486.14003597307794,481.2391774925475,481.73622270162116,28309500
2025-05-06,478.5650939941406,482.1835675083398,475.36412148604,476.7260205679887,32786300
2025-05-07,480.44390869140625,482.9291348492083,473.9624497932624,479.2311171129095,38006300
2025-05-08,485.4044189453125,489.78836133137906,481.30877127503675,485.642990937839,39577600
2025-05-09,485.0863037109375,488.63521379310254,483.326774588034,487.31305654497106,27767400
2025-05-12,504.84881591796875,504.88858802841014,498.51646492128515,503.99388239825186,45090600
2025-05-13,512.5430297851562,514.3323801389852,505.4153891900417,506.1510062830471,53269600
2025-05-14,515.6148681640625,516.1616058199734,512.7021901958013,513.7161819509431,47014500
2025-05-15,516.181396484375,518.845551249811,512.1254910070218,513.46754933804,50153300
2025-05-16,518.4281616210938,518.6170412486316,514.0441884093638,517.5831482665423,48394600
2025-05-19,518.9252319335938,519.4421784495908,511.201128732598,511.201128732598,52536200
2025-05-20,517.1954956054688,517.8515686536134,513.6067827063093,516.4001746478178,42517600
2025-05-21,510.0081481933594,519.909311026266,508.2187974987168,513.2191016405527,71292800
2025-05-22,510.9625549316406,514.6506528032378,509.2725888212911,510.6245374397813,55607200
2025-05-23,506.2306213378906,508.8152626278632,502.59224657648224,503.1887069260503,58368100
2025-05-27,518.1398315429688,518.626986864166,511.54906721801433,513.0998460017336,47226300
2025-05-28,515.8433837890625,520.5852140545883,515.3264980787542,519.0940785672615,46637200
2025-05-29,516.857421875,523.3687019543887,514.2628604553026,523.2196247969079,58513300
2025-05-30,516.0422973632812,517.6030267064441,508.9047349583655,516.3703642123456,67662800
2025-06-02,520.1181030273438,520.3566750351536,512.9208369697641,514.18335129797,44762800
2025-06-03,524.1838989257812,525.6153916465726,519.6011563664897,520.4660102317107,44070300
2025-06-04,525.645263671875,526.7089478092026,522.8617616763219,524.889745168766,41359300
2025-06-05,521.6887817382812,529.8999797645338,519.5713639160355,527.0469446095782,61031200
2025-06-06,526.7883911132812,528.6572860020211,525.0885352856423,526.8679353376542,42467000
2025-06-09,527.5637817382812,529.2039944759547,525.8837665533798,527.0070935472497,33688700
2025-06-10,531.0530395507812,531.7389643345455,525.7644714899908,528.0309659877803,40664800
2025-06-11,529.263671875,533.607902979141,526.9772759658763,532.4547240748923,53701000
2025-06-12,530.5062866210938,531.4805365276557,527.703004925698,527.9515275399644,34104900
2025-06-13,523.845947265625,528.7269048823287,522.6231747023902,524.5616632957901,55814400
2025-06-16,531.132568359375,532.2062030416474,527.3152949826874,527.3649873706377,37622100
2025-06-17,525.9533081054688,530.178191841852,524.7901787794913,528.5677704245282,42180900
2025-06-18,525.8638305664062,529.4027896913979,524.2832609295995,526.9672562637179,43983500
2025-06-20,523.7167358398438,530.4069457539052,521.7782471531975,529.1146401876316,61643500
2025-06-23,529.1017456054688,529.6192118620138,521.1400908129034,524.2849177292203,50666100
2025-06-24,537.1928100585938,538.1083833993794,533.6996241180443,534.3166475371182,45442000
2025-06-25,538.5661010742188,540.7058200544818,536.7946645040316,539.4618115177252,44804200
2025-06-26,543.6018676757812,544.0497229160504,538.9244439782782,540.7456288167091,43811400
2025-06-27,545.4629516601562,547.3538082383178,541.9299187322695,544.6369129629151,57577100
2025-06-30,548.9959106445312,550.150323841353,546.3785118204822,548.6177271894713,45548700
2025-07-01,544.3682250976562,548.0704264374054,542.0493759591154,547.0950823478822,56166700
2025-07-02,548.159912109375,548.3589656247289,543.5023514145969,543.5421378206258,36538300
2025-07-03,553.553955078125,554.5292991491806,550.528547956803,550.528547956803,26443500
2025-07-07,549.3840942382812,551.6830197478901,546.9458251844275,550.8669428006658,45349300
2025-07-08,549.6925659179688,551.3545443122363,548.4584584278795,550.7275591514004,36153300
2025-07-09,553.5838623046875,554.9572527460838,550.4489361357153,551.8223265771115,43045500
2025-07-10,552.7876586914062,554.6287670725607,550.1005880395711,554.2207589895446,34710900
2025-07-11,551.543701171875,553.126046198862,549.4039819426756,550.647990624161,39618600
2025-07-14,553.5440673828125,554.280510790838,548.9860026438791,551.3346764161255,36453300
2025-07-15,554.0515747070312,558.112036002509,553.9918647207423,557.5646843377589,43277700
2025-07-16,554.6187744140625,557.524821997974,548.9162589009651,554.6088733698717,52314700
2025-07-17,559.1072387695312,559.6148040205102,554.5392729959415,555.3453881761403,40423800
2025-07-18,558.56982421875,562.0231629422733,557.2959302535468,560.4208944407413,50484700
2025-07-21,561.4658813476562,563.3468370391857,559.3660092861638,559.3958946507648,39595200
2025-07-22,558.559814453125,561.6449312247784,555.9324539325285,561.5951830334812,43270600
2025-07-23,561.1076049804688,561.1473913894928,556.897899192682,559.644679980569,40215300
2025-07-24,562.3018798828125,563.5259649748344,560.590092369004,562.4212998555654,42275500
2025-07-25,563.6553955078125,564.9790378534013,561.5654850611911,562.2222949681642,30630800
2025-07-28,565.4168090820312,566.3124587614624,564.1528770013529,565.0187020627711,31498700
2025-07-29,564.5410766601562,569.3678058353573,563.8145950597007,568.0243008153843,45463300
2025-07-30,565.2974853515625,567.8849991894002,562.3416890497874,565.4566917408055,43433800
2025-07-31,562.3018798828125,571.8757657350329,561.1673293990499,571.7861703841629,64613600
2025-08-01,551.2252197265625,556.3405979294319,549.0357523301388,556.1515061828632,69400800
2025-08-04,561.3961181640625,561.6150952409816,556.2708397121321,556.3703360927129,47669800
2025-08-05,557.5845947265625,563.8444243211386,557.047144120063,562.6800492447384,48666600
2025-08-06,564.6007690429688,565.0386624956789,557.9428326498341,558.4205125100245,41823700
2025-08-07,566.5115966796875,570.5720580592475,562.4013871009583,568.9299422883823,44463000
2025-08-08,571.7960815429688,572.0150586353669,567.4172078636645,567.7157577691117,35255500
2025-08-11,570.1041870117188,574.0352659921666,568.8303539029688,571.9353942373868,33112900
2025-08-12,577.2697143554688,577.568264258411,569.7459530883017,572.4031383383943,42143300
2025-08-13,577.558349609375,580.5240464797514,576.165035771658,579.9667330931853,41209300
2025-08-14,577.110595703125,579.091047893356,575.1400445589929,575.5083270283026,45425000
2025-08-15,574.5728149414062,577.060832349756,572.8112791786587,577.0209851959504,49480200
2025-08-18,574.3438110351562,575.0006815724842,572.4827790837365,573.67703945311,29831000
2025-08-19,566.5513916015625,573.7964659713523,565.5262993771687,573.6272978127284,53752600
2025-08-20,563.1875610351562,565.7253262654696,556.1614033493433,565.6059063070504,76781100
2025-08-21,560.5802001953125,563.774775630925,558.2911756152315,561.6450181787756,46436900
2025-08-22,569.2284545898438,571.238791941298,560.5702032580724,561.9634564557491,51502100
2025-08-25,567.5863647460938,570.5420998652211,566.4318908111547,567.6659983001664,34044700
2025-08-26,569.8654174804688,570.1739291946637,566.0736815609588,567.0987738406898,34103000
2025-08-27,570.7412109375,571.6567843025553,567.6361701841732,568.8503542214644,36927100
2025-08-28,574.31396484375,575.2295381040836,569.716114225579,571.3581690220095,46787900
2025-08-29,567.6660766601562,572.2738897636767,565.8149455424127,571.90560730373,56030400
2025-09-02,562.9088745117188,563.2571726003424,556.8580000613789,558.6195355636612,65876800
2025-09-03,567.3375854492188,568.9597775003773,564.0135677896833,566.5015849549442,54230200
2025-09-04,572.4728393554688,572.8410610450118,566.3026052373926,568.0043701424134,47526300
2025-09-05,573.2988891601562,578.3346336864022,568.7906334517568,577.7076484747704,68342500
2025-09-08,576.0953979492188,578.0559870759845,575.0006946855148,575.5977945125156,46371400
2025-09-09,577.7276000976562,578.155531799883,574.2742003720782,576.8915995273586,44007600
2025-09-10,577.9166259765625,580.971918274203,575.7769069667078,580.9420329124574,49308000
2025-09-11,581.2804565429688,582.0766099053841,578.8322257294989,580.4444560297375,44745800
2025-09-12,583.8479614257812,585.0422216665232,581.300234592078,582.2357313606893,50745900
2025-09-15,588.843994140625,588.9534523182087,585.4702282697297,585.6195335974215,44360300
2025-09-16,588.3463134765625,590.0182535112544,587.6596183960106,589.7694518261646,36942100
2025-09-17,587.172119140625,588.913731358415,581.5690989748401,588.2668225233333,69384800
2025-09-18,592.466552734375,595.2730433570825,590.1178791327126,592.058483907603,61069300
2025-09-19,596.4771728515625,597.173829761915,592.9939490424024,594.4668964152456,58196100
2025-09-22,600.0083618164062,600.6759063866804,595.5446250028239,595.56457167487,57154800
2025-09-23,596.02294921875,600.3770403666388,594.8073576106723,600.1777560752951,64635500
2025-09-24,593.9305419921875,597.7167610032964,591.2005236200914,597.3979183069385,49850300
2025-09-25,591.3699340820312,592.9541133753095,586.358211090951,590.0447574609248,70920200
2025-09-26,593.801025390625,594.1298414316656,588.9089213733314,592.1869260081028,54337400
2025-09-29,596.5509643554688,599.858888854889,595.2357610619866,596.929586249639,48332900
2025-09-30,598.1849975585938,598.5237869140956,593.9305184146496,596.2520555976123,46533800
2025-10-01,601.0545043945312,601.592517201177,594.1696797218984,594.9966151966095,46899600
2025-10-02,603.5255126953125,604.950301116935,600.7357150581139,604.8506893778672,43765400
2025-10-03,600.9848022460938,605.1197232184186,599.2013385970163,604.3027001978111,46482100
2025-10-06,605.498291015625,607.1422494333636,603.7645725777412,606.2355880916678,41962100
2025-10-07,602.3099975585938,607.4910851983766,600.835403229105,606.8035939044607,58209500
2025-10-08,609.2147216796875,609.523591030116,603.0572205300643,603.2066381307736,50629800
2025-10-09,608.4774169921875,609.3840783602061,605.2691043090726,609.2545466200572,45551000
2025-10-10,587.3545532226562,610.9483641105261,586.9061788056832,609.1748739271294,97614800
2025-10-13,599.8190307617188,600.7556121211176,595.056398092238,597.497493628088,65872600
2025-10-14,595.8236694335938,600.4966033203683,587.9823159734815,593.1434568492728,69203200
2025-10-15,600.0282592773438,604.4919961772353,593.7611729131481,601.8117836952674,62805500
2025-10-16,597.806396484375,606.0961241101174,593.3327470469682,602.9077579751356,70982000
2025-10-17,601.7320556640625,603.306322454893,594.1995718879336,595.7738386787643,72024900
2025-10-20,609.3142700195312,610.5696939626,604.8605678351395,604.9303203667564,45761700
2025-10-21,609.1549682617188,610.4900574537519,607.1024677916307,609.41403175621,44538200
2025-10-22,603.286376953125,609.1848147458128,597.5573034367524,608.5969960402966,61478800
2025-10-23,608.35791015625,609.1450131867009,602.319966975814,602.7085014161719,42844300
2025-10-24,614.8541259765625,616.1693293175521,612.8913247080658,613.7481802624443,47632500
2025-10-27,625.80419921875,626.2624862060553,621.7589773359792,622.2471843336021,54098600
2025-10-28,630.6165161132812,632.3701204498367,626.9598898422056,628.0658354818435,61195700
2025-10-29,633.4562377929688,634.6917152842577,627.9563074763624,633.2769001713006,67422800
2025-10-30,623.7716064453125,631.1945058511565,623.6620213630231,629.8693290874667,61628600
2025-10-31,626.7805786132812,631.8919134270566,624.4092354874234,631.8619934183905,66305100
2025-11-03,629.779541015625,633.5059194321615,627.5576158213403,632.798481607898,37154300
2025-11-04,616.996337890625,624.6683271251044,616.2092348629542,621.0117005353788,63830800
2025-11-05,621.01171875,624.3195827183903,614.9638020768305,616.2391121345779,48688500
2025-11-06,609.4439086914062,619.7761638844125,608.078899450419,619.5270737190788,72115100
2025-11-07,607.5208740234375,607.730131632313,596.4911554011275,606.0960857298178,81835400
2025-11-10,620.9617919921875,622.0378784586748,614.644899897251,616.6674802752618,55919900
2025-11-11,619.307861328125,620.4536395227035,615.2726130875191,618.3115007347396,44868800
2025-11-12,618.8196411132812,622.5858524528388,615.5615225825271,622.5659665942537,47444400
2025-11-13,606.1858520507812,615.8704485105809,603.8742880136988,615.2925422980531,71333600
2025-11-14,606.6441040039062,611.1177533949825,594.9966460866717,597.3679891941105,80087300
2025-11-17,601.4630126953125,610.2509204798646,597.6868279161546,604.0934192729386,63850400
2025-11-18,594.1398315429688,600.1179955916228,589.1879481795877,597.4377829439551,83327300
2025-11-19,597.6868286132812,603.9539148983285,592.4260762649179,594.897031094223,73111500
2025-11-20,583.5385131835938,611.7953468701894,582.6218784315797,609.3940836964333,117743200
2025-11-21,587.9224853515625,594.807310091711,578.6264242609341,585.3319113971087,103344200
2025-11-24,602.9575805664062,604.4720682054578,592.9939741263881,593.1135933516537,60168100
2025-11-25,606.6740112304688,608.0390203669549,595.1461119637967,601.3135864178203,57560900
2025-11-26,612.034423828125,613.9474190856081,608.1685399702174,610.2808195033393,42393600
2025-11-28,616.996337890625,617.0660904342964,613.1802595402138,613.8677508272276,23034400
2025-12-01,614.923828125,617.1855860502521,610.2907880213397,611.3967336448243,40957600
2025-12-02,619.736328125,621.4799592732617,615.3424043891131,617.2055939510703,54541800
2025-12-03,621.2507934570312,621.9481972408511,615.7807833814271,617.3649627124794,47841600
2025-12-04,620.6729125976562,622.665633919662,617.285262025035,622.6556605829674,47067800
2025-12-05,623.20361328125,626.6310962033638,621.440096358939,622.1076409382764,53614200
2025-12-08,622.008056640625,626.5514587784469,619.42745579579,624.9273860516373,43462400
2025-12-09,622.7752075195312,623.5922305440594,618.7399590794447,620.7426537012356,37156000
2025-12-10,625.3258666992188,626.920080160108,618.7299643381673,621.5795410824109,55031400
2025-12-11,623.3032836914062,623.5025679748155,615.4718431258982,621.5496792982444,58272800
2025-12-12,611.3867797851562,621.2706598008424,609.1349951238292,619.8160122611713,75158700
2025-12-15,608.3179931640625,616.1693197420918,607.102462393675,616.1195138735233,49538200
2025-12-16,609.5236206054688,611.277225059322,604.7012083573723,606.0463317071705,55152800
2025-12-17,598.2247924804688,611.4166568355257,598.0953215609716,610.8287773715621,70654300
2025-12-18,606.8931884765625,610.6992932536183,604.7111563372118,607.5806797208244,78875800
2025-12-19,614.8042602539062,615.372193060386,609.6431199441153,609.722845815118,60369800
2025-12-22,617.7513427734375,620.1855972768566,616.3147325600856,619.8862552767364,43703100
2025-12-23,620.6444702148438,620.9437513214359,616.3247143117193,616.7437078609482,41120400
2025-12-24,622.460205078125,622.809417120355,620.255389239048,620.5247726871431,18468700
2025-12-26,622.4203491210938,624.0465142854792,621.6721158574088,623.1884938656726,28959800
2025-12-29,619.4074096679688,621.312944373981,617.2724362589381,618.6392040742111,32458300
2025-12-30,617.9707641601562,620.7142858196408,617.7612369489017,618.3798323976478,31226800
2025-12-31,612.8628540039062,618.4995685313527,612.6034567489972,618.1903012408169,40746500
2026-01-02,611.6756591796875,621.3827185880021,608.7126848809434,618.5993129536024,61859200
2026-01-05,616.5341796875,619.3475438678657,615.2671519649484,617.8610636312775,46828400
2026-01-06,621.951416015625,622.550039153126,617.0829067758982,617.7712838046286,43137500
2026-01-07,622.550048828125,626.4607976434537,621.0934661514185,621.5723159557587,44880300
2026-01-08,619.0083618164062,621.9514248328863,616.3446684463296,621.5623898130801,50435900
2026-01-09,625.173828125,626.4108973206594,617.6016810573577,619.946120817708,49688700
2026-01-12,625.6925659179688,627.368601054656,620.7941591397378,620.8440291770474,37388700
2026-01-13,624.7647705078125,627.9871421828441,622.2307758506613,625.7923733874012,44481400
2026-01-14,618.0905151367188,621.9813522711377,613.1122798122711,620.7741807448011,72598700
2026-01-15,620.3153076171875,628.5159146085045,619.2877047511574,625.1238996016858,53934900
2026-01-16,619.7965087890625,624.6051616315584,617.4221104790464,624.0265108868263,61058100
2026-01-20,606.6276245117188,613.611135001854,605.6199939698072,609.0918377338978,81988900
2026-01-21,614.8282470703125,618.958448118544,606.4280383777512,608.0342310571399,79837900
2026-01-22,619.2976684570312,620.9936758988773,616.3247080096578,620.8838887514372,42254800
2026-01-23,621.2530517578125,623.9267921630139,617.1926928942361,618.2701049354484,43645800
2026-01-26,623.9866333007812,626.1315320367429,620.654474506515,621.7419335987944,35983000
2026-01-27,629.6432495117188,630.5510790290263,625.8621995501378,627.428447510711,38997200
2026-01-28,631.728271484375,635.1003139672691,630.3216198646463,633.9630457840011,50691700
2026-01-29,627.9472045898438,632.1772064107698,616.8135217006399,631.1596506954837,79944000
2026-01-30,620.405029296875,626.7799907137291,617.8410762491409,624.2360100363766,65650700
2026-02-02,624.6650390625,627.0094788951942,617.2026180242116,617.2425627681274,49020300
2026-02-03,615.0676879882812,628.4959413976924,609.5207880738473,626.8199062679399,81234000
2026-02-04,604.322998046875,613.6509473291842,599.0554072347201,613.5711796318161,81850700
2026-02-05,595.6235961914062,603.3852370585454,593.3589241811554,598.7960977080248,89354500
2026-02-06,608.2138671875,609.9696699932801,597.3594924154261,598.7761302609774,78019300
2026-02-09,612.8728637695312,615.0078372205985,603.6446538426547,606.1088060763491,56797600
2026-02-10,610.029541015625,615.566515685603,609.5706636004911,613.8605219833995,53938900
2026-02-11,611.6657104492188,616.0653561148772,606.2584951427149,614.9280269463444,58575100
2026-02-12,599.22509765625,614.3593449076634,598.1576109292407,613.2619605146361,81378900
2026-02-13,600.5020141601562,605.0512695366964,595.0149707463246,599.0155339597561,69237500
2026-02-17,599.8834838867188,602.527265543405,591.9422745141455,596.9703796848319,69013800
2026-02-18,604.3629760742188,608.333642172117,599.3049116850376,600.6916520079001,64250700
2026-02-19,602.04833984375,604.3928403408552,599.3347767407971,601.3899214380363,60960800
2026-02-20,607.3757934570312,608.9121436812641,597.8183444916572,598.70626248816,74127300
2026-02-23,599.9932250976562,606.5777139403463,597.6387991893799,605.1809875790976,63859100
2026-02-24,606.4380493164062,607.5554060860559,598.3172099190714,600.9809641013653,55023700
2026-02-25,615.227294921875,615.3769659271486,609.5606824638733,609.6305248735758,55710700
2026-02-26,607.8048095703125,614.1398874724765,602.5571907580546,614.1398874724765,96178900
2026-02-27,605.8594360351562,606.8870389785335,600.7714740333364,601.5595911757949,68125200
2026-03-02,606.6575317382812,608.4831769130049,596.5812880631398,597.449233707877,75264600
2026-03-03,600.162841796875,602.5372399706525,590.4756942596103,594.9252095120197,97015500
2026-03-04,609.3112182617188,611.436205359631,602.0084551337541,602.7367159421393,70943900
2026-03-05,607.4755859375,611.3165531665334,600.8412876368789,605.9691941386595,89602400
2026-03-06,598.337158203125,604.5724349663923,596.9205203720956,598.8958365654587,86302300
2026-03-09,606.3283081054688,607.8347607375977,589.9370196014203,592.83015152989,93068200
2026-03-10,606.3383178710938,611.8452732023572,603.9938171455258,606.3483040570791,64078900
2026-03-11,606.2584228515625,610.9872467457833,603.6047159994632,607.5154643204306,60114800
2026-03-12,595.85302734375,602.716824803038,595.6435001258386,601.3400708370464,71836600
2026-03-13,592.3213500976562,602.1780807449821,591.1740956767717,598.3172021392496,63145500
2026-03-16,598.9656982421875,602.4374809704295,597.6986704778886,598.6264723831473,49077200
2026-03-17,601.8887939453125,604.4727195335382,600.4521836848432,601.7192114600242,47106600
2026-03-18,593.4986572265625,601.7391485345295,593.1594313501803,600.0730994941966,56128000
2026-03-19,591.623046875,594.3964663870662,585.6970372512312,588.1213056121308,75597600
2026-03-20,580.6888427734375,589.777367794347,577.177115328303,589.6676415345306,91964700
2026-03-23,587.3545532226562,594.426798587646,585.316814476339,589.8718065319924,89936100
2026-03-24,583.3389282226562,587.2846043834495,581.291190762444,584.168034177979,57750900
2026-03-25,587.1747436523438,590.7208345412774,585.0470769253521,588.4933019738706,60475500
2026-03-26,573.1600952148438,583.9882223389391,572.8005050402526,581.9604215239336,81492100
2026-03-27,561.9624633789062,570.3932010852176,560.953562318283,570.1834096572744,82702200
2026-03-30,557.6671752929688,567.4264087803426,554.990063621082,566.7571613464482,70602600
2026-03-31,576.54638671875,578.0048059355398,563.5906539497258,563.6705222317372,95878000
2026-04-01,583.6685791015625,587.0948065489223,579.7828346644924,580.8416686249938,79435100
2026-04-02,584.3378295898438,585.4066623334502,571.2921684003409,573.3399058573888,50941700
2026-04-06,587.85400390625,589.9616731281693,584.04818857967,585.5864761740653,35108500
2026-04-07,587.9439086914062,588.33343423744,577.7650922119919,584.9971348275072,49948200
2026-04-08,605.4246826171875,609.2304976949432,601.4590090396181,608.0418015962135,63086000
2026-04-09,609.5202026367188,609.8298599139192,602.3680889271087,605.2648690435934,37837500
2026-04-10,610.3992309570312,612.9963525292593,608.9108762966896,611.1684052317679,34038500
2026-04-13,616.7122802734375,626.0519920071752,607.4424380458482,608.8109292631304,32972100
2026-04-14,627.909912109375,627.909912109375,619.4192432257902,619.5391066149297,49921100
2026-04-15,636.7003173828125,637.1298380333551,627.5104045058445,628.389443361703,50102400
2026-04-16,639.7669067382812,641.4750515662109,634.5626649382287,638.508341093032,42320600
2026-04-17,648.1376953125,649.2864572780229,643.3629742993419,644.8813252169399,53488900
2026-04-20,646.0799560546875,648.0478251654257,641.8146849601577,647.3285838511964,37138500
2026-04-21,643.6226806640625,649.4862317832127,641.5050128476822,647.6981578004061,39580500
2026-04-22,654.390869140625,654.6106593494021,647.8081371457112,649.4363527672372,37368400
2026-04-23,650.7048950195312,656.1988574654163,644.8114082493845,652.8325617169355,40099800
2026-04-24,663.1512451171875,663.7805584259092,655.8093378063087,657.7871447947734,45563100
2026-04-27,663.5008544921875,663.7006471456002,659.9647623025988,662.6718094811696,32717000
2026-04-28,656.8281860351562,658.9159186391063,653.0923012400261,656.6883250827437,34147900
2026-04-29,660.84375,660.9935487523345,655.8692364466933,657.906975030037,31724900
2026-04-30,667.0069580078125,668.165718724101,656.8381407338443,664.6195670718752,40622200
2026-05-01,673.4099731445312,675.2279215792395,668.0658095505829,668.425399726581,39172600
2026-05-04,672.141357421875,675.9871067346722,668.165745937857,673.9193717407993,34542000
2026-05-05,680.8617553710938,682.0205161358222,676.7662804889583,677.2157986999623,37101100
2026-05-06,695.0062255859375,695.1660231170968,685.7263848294704,687.0250065058129,38778500
2026-05-07,694.1771240234375,700.4701959320079,691.0106209986512,695.8153383268437,43779100
2026-05-08,710.44921875,710.44921875,698.7321150158692,699.1516368844667,44320400
2026-05-11,712.5069580078125,713.805579696499,708.1317613118729,709.5801817559162,36019100
2026-05-12,706.463623046875,709.4003981235137,695.8752835015275,707.4425277497028,45873000
2026-05-13,713.9254760742188,715.8633489513101,704.0563165931343,709.1806902070881,40012500
2026-05-14,718.9998168945312,721.2374091114184,713.4359241362712,713.8355094170396,33327500
2026-05-15,708.1517944335938,714.3450008365951,704.7754998097428,709.3604881552494,51792700
2026-05-18,705.1051025390625,711.2883097073819,698.0827906816122,710.7588622671137,49834500
2026-05-19,700.7599487304688,705.714465040699,694.4868131207006,699.0418050981273,46827500
2026-05-20,712.3671875,712.3671875,703.0174157954351,704.5157692199168,36779200
2026-05-21,713.7256469726562,716.3327671783537,705.9941534147096,708.2116871156971,36415400
2026-05-22,716.7523193359375,721.3273088449104,715.1640988544713,717.2817668085307,33118600
2026-05-26,729.4783935546875,730.3673702569255,723.3650554496121,725.1631283460116,34254700
2026-05-27,728.6492919921875,732.515039000156,724.6436840304248,732.155448805963,35148700
2026-05-28,734.79248046875,735.7913827320126,725.6125662306399,728.9289290608506,32840000
2026-05-29,737.49951171875,740.815874477768,734.4428732975097,737.0300569298091,37541700
2026-06-01,741.9246826171875,744.8315224447946,735.1820921097265,736.2309273283665,33890600
2026-06-02,745.3408813476562,745.6206032443648,738.4184960219842,741.5850600741305,30085200
2026-06-03,743.39306640625,747.828194840854,740.1965670083828,746.4896389980919,40270200
2026-06-04,739.7969970703125,742.6838392688934,731.815777671541,734.6726235372454,40782600
2026-06-05,704.2860107421875,730.8867822650427,703.5468328396532,729.2585667367451,99606600
2026-06-08,715.283935546875,722.2363170978037,712.2872288217055,717.0220156925686,47401500
2026-06-09,707.052978515625,724.863361278284,685.6165148330579,722.1863106332692,91932200
2026-06-10,692.9285278320312,710.4992458337158,692.1693523412803,700.8897497708573,65334300
2026-06-11,716.332763671875,717.5813914617661,694.2370511794155,698.5223198057862,71798900
2026-06-12,720.5481567382812,723.2152086039907,710.4992028084189,716.8222099862159,51168400
2026-06-15,743.1832885742188,743.9424640540115,736.5705604269921,737.2897407963812,46710200
2026-06-16,729.0587768554688,743.4029984406948,728.8390476265988,741.4351902855873,45348700
2026-06-17,721.7168579101562,734.8723831709506,720.058646070882,734.38293083454,51669300
2026-06-18,739.8070068359375,741.005701773832,731.7059239216511,736.390778085872,50154600
2026-06-22,737.9500122070312,745.4500122070312,734.3900146484375,742.02001953125,43518600
2026-06-23,713.6500244140625,723.6099853515625,712.1099853515625,715.739990234375,53354200
2026-06-24,710.6199951171875,719.9299926757812,704.4500122070312,715.3699951171875,52480400
2026-06-25,716.3800048828125,726.8300170898438,705.2999877929688,725.9000244140625,49668000
2026-06-26,706.52001953125,715.5599975585938,702.8099975585938,707.1300048828125,47081800
2026-06-29,724.0800170898438,724.5800170898438,705.1699829101562,713.989990234375,44939100
2026-06-30,736.4000244140625,737.6199951171875,723.9099731445312,724.1799926757812,42121800
2026-07-01,725.1699829101562,731.9199829101562,724.5999755859375,729.1900024414062,40803800
2026-07-02,712.5999755859375,730.8300170898438,707.5599975585938,725.5800170898438,50959800
