Date,Close,High,Low,Open,Volume,return_1d,ma_20,std_20,z_score,signal
2010-04-08,0.67242830991745,0.6845575069084536,0.650140433961872,0.6845575069084536,4470000,-0.03544927353091332,0.6386245638132095,0.03659342406451535,0.9237655936389925,False
2010-04-09,0.6903185248374939,0.6906223904495667,0.6646956155961999,0.6801607160273468,1254000,0.026605386263764297,0.6430972933769226,0.03719704941966148,1.2694886341068576,False
2010-04-12,0.7076030969619751,0.7254944067516327,0.6924418605652931,0.7007802721796609,2400000,0.025038545979263915,0.6491771548986435,0.03731167630072875,1.5658889617401213,False
2010-04-13,0.7212488651275635,0.7247367053986049,0.7024488291339271,0.7115459303395916,2904000,0.019284494689431275,0.6568642169237137,0.03538782378154846,1.8194011759892559,False
2010-04-14,0.8140393495559692,0.816617436046656,0.7659765753464384,0.7659765753464384,6504000,0.12865252053047516,0.6668861895799637,0.04845892755709961,3.036657379646167,False
2010-04-15,0.8210140466690063,0.8398150564722224,0.8117650137009651,0.8285946923365582,12666000,0.008568009785818731,0.6761500924825669,0.05879748871774197,2.463777915445685,False
2010-04-16,0.7906907200813293,0.8111592514143928,0.7536955067516574,0.8111592514143928,4452000,-0.03693399243375173,0.6846710801124573,0.06250502424733184,1.6961778872263658,False
2010-04-19,0.764005184173584,0.7873546881791615,0.7203390306688241,0.7641570627689107,5712000,-0.03374965107090233,0.6932678490877151,0.06090177518114184,1.1614987391660236,False
2010-04-20,0.8010002970695496,0.8066104780799028,0.780834715201948,0.7862929634119242,2922000,0.04842259406391691,0.7015765577554702,0.06377660455103137,1.5589374820750235,False
2010-04-21,0.7759833335876465,0.8243499166699318,0.7405046337946509,0.8066105938849298,5772000,-0.031232152564021898,0.7065875589847564,0.0655541127559768,1.0586029111737612,False
2010-04-22,0.819801390171051,0.822378609030622,0.7253424962467655,0.7608211970509888,6594000,0.05646778053958723,0.7156619250774383,0.06811704784279614,1.528831157421133,False
2010-04-23,0.8234400749206543,0.8332949934733674,0.7902356558112947,0.8332949934733674,3600000,0.004438495461497105,0.725077423453331,0.06940212178686378,1.4172859407583853,False
2010-04-26,0.8307179808616638,0.8533088532702441,0.8249558657946795,0.830868991904241,3846000,0.008838416009459893,0.7353571474552154,0.0690431298732917,1.3811777302311627,False
2010-04-27,0.7447502017021179,0.824652818331154,0.7423239940714721,0.7959969448020681,5112000,-0.10348611820148113,0.7404970079660416,0.06545695719751041,0.06497695459999356,False
2010-04-28,0.7596086263656616,0.7997878680401563,0.7218556469691249,0.7599115702566676,6864000,0.01995088370514697,0.7457657426595687,0.06231346738289879,0.22214914828976276,False
2010-04-29,0.785687267780304,0.7884163652523308,0.7509663331903343,0.759911500382726,5838000,0.034331681486313936,0.7528463423252105,0.05805010319708285,0.5657341442373829,False
2010-04-30,0.6797060370445251,0.7656737321107091,0.6780376495112356,0.7656737321107091,10104000,-0.13488984113894742,0.754521769285202,0.05522483340148085,-1.3547479934755342,False
2010-05-03,0.7297399640083313,0.7405045826529255,0.689257840470273,0.689257840470273,4926000,0.07361112633538158,0.7559621632099152,0.054118121895840816,-0.48453638601969184,False
2010-05-04,0.6331586837768555,0.7145778075826138,0.6016217807191135,0.7145778075826138,19164000,-0.1323502685819372,0.7531041711568832,0.059051670578321516,-2.0311954971865096,True
2010-05-05,0.6128422617912292,0.6421040281472065,0.5835795736442814,0.6231520057908514,7920000,-0.03208740953284683,0.7488892108201981,0.0658711491370011,-2.0653495621582936,True
2010-05-06,0.5606849193572998,0.6328559509047987,0.3790465679822791,0.6064742918796416,17448000,-0.08510728728381556,0.7433020412921906,0.07656830943173674,-2.385022253856867,True
2010-05-07,0.5265705585479736,0.5623531184220187,0.4678942418761289,0.5458264411884809,12372000,-0.060844084853273195,0.7351146429777146,0.09009235815155514,-2.3147810614405713,True
2010-05-10,0.6186032891273499,0.6210294965331045,0.5884309098462648,0.6186032891273499,7206000,0.17477758504607221,0.7306646525859832,0.09365052310276036,-1.196590897155708,False
2010-05-11,0.6067770719528198,0.639071794766775,0.5781211995468153,0.585550778948192,27720000,-0.019117611209621965,0.7249410629272461,0.09766814787600026,-1.2098518661831044,False
2010-05-12,0.6560535430908203,0.6592375175395156,0.6167840007345966,0.6167840007345966,42330000,0.08121017325096291,0.7170417726039886,0.09646414251661613,-0.6322373052003541,False
2010-05-13,0.6046547293663025,0.6648466364912248,0.5963153967049096,0.6384650388414563,28992000,-0.07834545558944184,0.7062238067388534,0.09632219262294107,-1.0544722312349046,False
2010-05-14,0.5494653582572937,0.5904023639260806,0.5164128640720561,0.5904023639260806,15846000,-0.0912741907548611,0.6941625386476517,0.10021303597402989,-1.4438957864509372,False
2010-05-17,0.572208046913147,0.5775143623501118,0.5185351008654646,0.5377909296115561,19140000,0.04139057779362987,0.6845726817846298,0.10233227479524146,-1.0980371060480707,False
2010-05-18,0.5255099534988403,0.5961635447882135,0.5177774292306506,0.5863086783157602,16128000,-0.08161034027086089,0.6707981646060943,0.10435688015786015,-1.3922245556543775,False
2010-05-19,0.5338484048843384,0.5496173202418531,0.4973089363969448,0.5229318513859671,21306000,0.015867351950197506,0.6586914181709289,0.10555035241872379,-1.1827815864728877,False
2010-05-20,0.4903340637683868,0.5241452942426785,0.4587971621884157,0.4927602712444591,10638000,-0.08151066991645173,0.6422180518507957,0.10478976465782792,-1.4494162533751145,False
2010-05-21,0.5223259925842285,0.5449168106617284,0.4583423701469163,0.4700176112676024,11220000,0.0652451689160094,0.6271623477339745,0.09884496112716826,-1.0606140561365545,False
2010-05-24,0.4915467202663421,0.5320288972974936,0.4915467202663421,0.5120152470999667,10944000,-0.058927322696702755,0.6102037847042083,0.09085588527678297,-1.3059920562811078,False
2010-05-25,0.5026150941848755,0.5027670269605365,0.4321125115313129,0.4496999503310168,10818000,0.02251744028021596,0.5980970293283463,0.08807358268880724,-1.0841154887594353,False
2010-05-26,0.5000381469726562,0.5491625621422298,0.4971571160873014,0.5279353404344639,14250000,-0.005127078836337895,0.585118505358696,0.08193157290269679,-1.0384318934909567,False
2010-05-27,0.5761497616767883,0.5769084495644802,0.5312709764642571,0.5388516196988732,10578000,0.15221161658351257,0.5746416300535202,0.06696431952857661,0.022521420868385614,False
2010-05-28,0.548403799533844,0.5828218502258803,0.5250551578635902,0.5828218502258803,9288000,-0.048157552061107056,0.5680765181779861,0.062402792601066626,-0.31525381836526734,False
2010-06-01,0.5111055970191956,0.5650823623877214,0.5111055970191956,0.5449167774491954,4530000,-0.06801229777465578,0.5571447998285294,0.050632124596693175,-0.909288385112338,False
2010-06-02,0.5656881332397461,0.5662948883946033,0.5132287549157513,0.5292996872953327,11094000,0.10679307082309375,0.5537712723016739,0.04744852779908083,0.2511534391232062,False
2010-06-03,0.5873702168464661,0.5940411080555523,0.5594721113630087,0.5758469106853683,9102000,0.03832868736797557,0.5524976700544357,0.04610226563519767,0.7564172023122051,False
2010-06-04,0.5109545588493347,0.5735726764542548,0.5026152257954514,0.5722081007106835,13650000,-0.13009794471262026,0.5500111520290375,0.046970372877573614,-0.8315155019420906,False
2010-06-07,0.4539456963539123,0.5258128453619938,0.450306845816125,0.5183832114725361,18312000,-0.11157325344900704,0.5463799089193344,0.051469712329218376,-1.7958952631050353,False
2010-06-08,0.4489423334598541,0.4586462435273717,0.4155859728923915,0.4565229794424835,12504000,-0.01102194146622637,0.5378968611359596,0.05290115754710424,-1.681523274739283,False
2010-06-09,0.439997136592865,0.4898793377011645,0.4343869543182952,0.4612234603626522,8634000,-0.019925046493279863,0.5295578643679619,0.054589960619413146,-1.6406080304671913,False
2010-06-10,0.4883628785610199,0.4900313203154741,0.4562200797576019,0.4633458497154621,9504000,0.10992285618646735,0.5211733311414719,0.04640274174051839,-0.7070800420355823,False
2010-06-11,0.509286105632782,0.5114093693904033,0.4669845839036168,0.4712301896280661,6510000,0.04284360665047515,0.5164048999547959,0.042070415871731354,-0.16921140840913998,False
2010-06-14,0.5189899802207947,0.5481007280162711,0.5177773374002698,0.5338482708202348,6924000,0.019053876555213956,0.5148811310529708,0.0413557920873531,0.09935365665696805,False
2010-06-15,0.605412483215332,0.6092032663499908,0.5306643084363927,0.5306643084363927,14508000,0.1665205616450831,0.5165413528680801,0.044337315255397525,2.004431929072046,False
2010-06-16,0.6137517690658569,0.6273974160971827,0.5767565675984452,0.5925245563413521,14226000,0.013774552196603507,0.5209534436464309,0.04938050503696904,1.8792502294164861,False
2010-06-17,0.609809160232544,0.6272455373910193,0.5787279482108664,0.6258810159486089,8724000,-0.0064237840638956545,0.5247514814138412,0.05319814391472664,1.5988843324128936,False
2010-06-18,0.6057155132293701,0.6208776719118698,0.5973771013427973,0.6126902710612192,4656000,-0.006712996901543367,0.5305205538868905,0.05547677544889053,1.3554313266054017,False
2010-06-21,0.5896445512771606,0.6487757529460854,0.5785760663947552,0.6328558286337185,9054000,-0.026532194736976766,0.533886481821537,0.05697538087222307,0.9786344312584865,False
2010-06-22,0.5585625767707825,0.6158743370477007,0.5534072164824012,0.5925247740330599,9888000,-0.052713069999638096,0.5372372746467591,0.05632115826009048,0.3786374922465796,False
2010-06-23,0.5634139180183411,0.5844891457332456,0.5335453485864683,0.5640206732370182,8076000,0.008685403300030758,0.5402772158384324,0.05599392867309067,0.4132001938100773,False
2010-06-24,0.5142894983291626,0.5555303072834651,0.5074666744374501,0.5535589764661885,11754000,-0.08719063927629012,0.5409897834062576,0.05554377347456345,-0.48070707852289724,False
2010-06-25,0.5159579515457153,0.5217191443671131,0.4882117758029075,0.5202026899705386,8718000,0.003244190717432982,0.537980192899704,0.055167839839246474,-0.39918621824162887,False
2010-06-28,0.5220220685005188,0.5388517456691516,0.502918170718356,0.5108026271336952,4248000,0.011753122394250415,0.5366611063480378,0.05522086317712436,-0.26509976493057236,False
2010-06-29,0.4509136080741882,0.4954894302853114,0.4419674931514855,0.4954894302853114,23970000,-0.1362173454286827,0.5336515069007873,0.05824446054393074,-1.4205282022346881,False
2010-06-30,0.4290805459022522,0.4681980937323943,0.4254417225281302,0.4534908132012137,10842000,-0.04841961249557991,0.5268211275339126,0.06216767873560019,-1.5722089616270247,False
2010-07-01,0.4307479858398437,0.4424223013931548,0.3952692679405195,0.432112534186152,10716000,0.0038860767599828705,0.5189900159835815,0.06397734610749159,-1.3792699371349026,False
2010-07-02,0.4254418015480041,0.4380258206617669,0.4042145823568845,0.4316578446849234,7032000,-0.012318535353088134,0.5147143781185151,0.06731309161548633,-1.3262290355116082,False
2010-07-06,0.424683004617691,0.459403935483089,0.4137664803431343,0.4509136187801388,24060000,-0.0017835504822332204,0.5132512435317039,0.06900037910975834,-1.2835906129316792,False
2010-07-07,0.4913956224918365,0.4921534428212806,0.4248348574971977,0.4248348574971977,13650000,0.1570880330711648,0.5153739079833031,0.06755579066591613,-0.35494049074262884,False
2010-07-08,0.4877570569515228,0.5095901116887495,0.4645594261264064,0.5095901116887495,14706000,-0.007404554240558192,0.517761904001236,0.06556591480233598,-0.4576287410946666,False
2010-07-09,0.5045866370201111,0.5061022240293025,0.4795696098943672,0.4898793537883108,7512000,0.03450402168196809,0.5185730919241905,0.06528279330797299,-0.21424412460566838,False
2010-07-12,0.523841381072998,0.5296034939294924,0.5012505173308358,0.5070117083967596,8718000,0.03815944109538427,0.5193008556962013,0.0652549384675861,0.06958132952729892,False
2010-07-13,0.5575008392333984,0.562808077144898,0.5333934601110324,0.5427944253958169,11688000,0.06425505768836892,0.5212263986468315,0.06581110155883035,0.5511902965815001,False
2010-07-14,0.5523463487625122,0.5882799214427934,0.5415808087186185,0.5822148635907032,16902000,-0.00924570889969245,0.5185730919241905,0.06325856480737421,0.5338922395910036,False
2010-07-15,0.5452197194099426,0.5509818340781274,0.5167157770875721,0.544916775554831,11166000,-0.012902464854771312,0.5151464894413949,0.059580774226304416,0.5047472168508796,False
2010-07-16,0.4933662712574005,0.5388518292674732,0.4924565720262585,0.5352129781199078,7878000,-0.09510559927777351,0.5093243449926377,0.05538521265402337,-0.2881287796965408,False
2010-07-19,0.5306643843650818,0.5326357155055738,0.4977637699008782,0.5089832120912349,7908000,0.0755992358630897,0.5055717885494232,0.050868985589443735,0.49327887169163,False
2010-07-20,0.5321807861328125,0.5323327189446962,0.4727466980636244,0.4907889634782679,14142000,0.0028575533094141736,0.5026986002922058,0.0473731687925892,0.6223393239681007,False
2010-07-21,0.4998860955238342,0.5423396070768002,0.4963991776160982,0.5423396070768002,10890000,-0.060683683910600195,0.4997647762298584,0.04551177126511152,0.0026656684766034997,False
2010-07-22,0.5456745028495789,0.5564399880223988,0.507921480154006,0.507921480154006,10308000,0.09159768142333036,0.4988778054714203,0.04436443606232207,1.0548245741796358,False
2010-07-23,0.5561361908912659,0.5599269196964126,0.5274802656855674,0.541277900394285,7092000,0.01917203018842706,0.5009701400995255,0.046083051854151694,1.1971006383504181,False
2010-07-26,0.5761497616767883,0.5793337348589825,0.539610307586565,0.5564399265978569,8622000,0.0359868160233352,0.5039797306060791,0.04898737431531527,1.4732373816603221,False
2010-07-27,0.5643236637115479,0.5887348542413936,0.5570459623109818,0.5887348542413936,10470000,-0.020526083237147552,0.5060948103666305,0.05069095583296764,1.1487030060507817,False
2010-07-28,0.5350618362426758,0.5699337761711832,0.5261157487210668,0.5571978273802904,17106000,-0.051852915889469386,0.5103022217750549,0.04934410024373248,0.5017745656587538,False
2010-07-29,0.5026150941848755,0.5421875092713955,0.4822985046126616,0.5411258776458894,24666000,-0.060641106989892224,0.5139789491891861,0.045568761898251646,-0.24937818213460364,False
2010-07-30,0.4868471920490265,0.4963991682563231,0.4618301683111441,0.4909409193762923,13908000,-0.03137172424441581,0.5167839094996453,0.04174175752008095,-0.7171887153102486,False
2010-08-02,0.5126221179962158,0.5200517533213289,0.493215272864552,0.5114094748462317,19812000,0.052942537962905156,0.5211429253220559,0.03583517203523851,-0.23777777088557314,False
2010-08-03,0.4971570968627929,0.513834790976207,0.4842692110395864,0.5127740806078863,11742000,-0.030168462480460234,0.5247666299343109,0.02847640805941029,-0.9695581343656913,False
2010-08-04,0.5117123126983643,0.5132288212205619,0.4842690825697294,0.4988244302941337,8508000,0.029276894421137678,0.5257824644446373,0.027571307711076576,-0.5103186215799418,False
2010-08-05,0.4994312226772308,0.5158059679737921,0.4942758638444218,0.5088312652942353,7224000,-0.02399998928376912,0.5263661727309227,0.02683772402840908,-1.0036227373520905,False
2010-08-06,0.5000381469726562,0.5103478921106653,0.481389066448448,0.4901823568263133,7914000,0.001215230982500426,0.52613874822855,0.02705042806932395,-0.9648868102569019,False
2010-08-09,0.5082253813743591,0.5155030821526051,0.491243826517849,0.503676831943702,7584000,0.016373219625883007,0.525357948243618,0.02734401248788609,-0.6265564308401684,False
2010-08-10,0.4692588448524475,0.4927602799929991,0.4556131423591821,0.4927602799929991,18732000,-0.07667176404400955,0.5209458485245705,0.028956243614798594,-1.785003758074042,False
2010-08-11,0.4127057492733001,0.4395421955091694,0.4008794994289734,0.4390873460024243,30720000,-0.12051577972265992,0.5139638185501099,0.03676795634413372,-2.7539759982598366,True
2010-08-12,0.396179050207138,0.4016373260754379,0.3699493569931953,0.3834431002925995,27768000,-0.04004475124289553,0.5065117850899696,0.044409241523989874,-2.4844543859914805,True
2010-08-13,0.3842009902000427,0.4089151028531654,0.383443196624797,0.398150508339276,9888000,-0.030233956088371317,0.5010535210371018,0.052144892773709824,-2.2409199563254876,True
2010-08-16,0.3881436288356781,0.4001208649958321,0.3714649878433751,0.3805620882585681,15528000,0.010261916903396173,0.4939274832606316,0.057362622732066965,-1.8441251356141004,False
2010-08-17,0.4030019342899322,0.4166476124223536,0.3943596832210481,0.4031538671279927,14430000,0.03828043113531154,0.48746854066848755,0.060038899992617745,-1.4068646558971132,False
2010-08-18,0.4164955615997314,0.4225606190066862,0.3986052038710911,0.4066406702139026,10218000,0.03348278546993644,0.4832990139722824,0.06199490206802185,-1.0775636406240816,False
2010-08-19,0.395572304725647,0.4178602327097056,0.3901140554599775,0.4116441628770255,11196000,-0.05023644620297896,0.4757939040660858,0.06312174126013995,-1.270902825855615,False
2010-08-20,0.4001207649707794,0.4119470142433181,0.3917823819057904,0.3992110660012723,8682000,0.011498429467369009,0.4679931327700615,0.06230537293993768,-1.0893501570837394,False
2010-08-23,0.3860203325748443,0.4133116586554255,0.3855654830143253,0.411492233301854,15390000,-0.03524044146262906,0.4584866613149643,0.059370138715721284,-1.2205854712098023,False
2010-08-24,0.3664615154266357,0.3790464533162228,0.3576682281980043,0.3705551881131541,13998000,-0.05066784181482564,0.4485935539007187,0.05725342507089976,-1.4345349360736903,False
2010-08-25,0.3775299489498138,0.3822304311104035,0.3479643510280482,0.3613070823862469,19578000,0.03020353586185487,0.4407169595360756,0.05554211123405229,-1.13764149727752,False
2010-08-26,0.3559998869895935,0.3863241764985395,0.3520580923763607,0.3842009125849133,15816000,-0.05702875234166482,0.4333861991763115,0.05660779128315156,-1.3670611488731734,False
2010-08-27,0.3772270977497101,0.3813207983027907,0.3378056791477313,0.3667654215708926,22824000,0.059627015445476994,0.4279051944613457,0.05646579649644342,-0.8975007855388637,False
2010-08-30,0.34993577003479,0.3767722213350201,0.3493289876105456,0.3717688215936376,11874000,-0.07234720908896075,0.4197708770632744,0.05532595704079671,-1.2622485134236143,False
2010-08-31,0.327647864818573,0.3543324122756244,0.3227954757766248,0.3472066426787816,17046000,-0.06369141746784324,0.4112954154610634,0.05582850729543323,-1.4982945934743408,False
2010-09-01,0.3581230938434601,0.368887684467596,0.3409895800610754,0.3409895800610754,21294000,0.09301213985252743,0.40361595451831817,0.05169947695851931,-0.8799481803531386,False
2010-09-02,0.3819266259670257,0.3819266259670257,0.3569095752158295,0.3641872493978071,32310000,0.06646745918589225,0.39774072468280786,0.04666982417734699,-0.33885061695728735,False
2010-09-03,0.3984533548355102,0.407095605272924,0.3790465117836642,0.3969368732730626,39972000,0.04327199976340834,0.39266148507595056,0.04000207167073043,0.1447892450979623,False
2010-09-07,0.3769232332706451,0.397998518526031,0.3729814655367294,0.3949664499794364,24540000,-0.05403423337658475,0.3860963776707649,0.029409821809478532,-0.3119075137396231,False
2010-09-08,0.370707243680954,0.3810169885408244,0.3600936331134073,0.3785917020717061,55176000,-0.01649139411161682,0.3811687976121902,0.022087175787367068,-0.4736483302324138,False
2010-09-09,0.3722236752510071,0.3855655144027766,0.3678261360949336,0.3846557880961833,16536000,0.004090644560909018,0.3791446939110755,0.02086613893760224,-0.3316865990763766,False
2010-09-10,0.3576682806015014,0.3735882326177079,0.3417483556967914,0.3688877498191496,50568000,-0.03910389267875103,0.3772191554307937,0.020988007094961136,-0.931526025355029,False
2010-09-13,0.3931469917297363,0.3940567179527414,0.3679780351174047,0.3684328846731596,34164000,0.09919445769294732,0.3776664555072784,0.02123847154748961,0.7288912569740771,False
2010-09-14,0.4124018251895904,0.419983363162927,0.3787425326793933,0.3896590819622857,29940000,0.048976168875509485,0.378879365324974,0.022522190859698765,1.4884191361952053,False
2010-09-15,0.4092179536819458,0.4101276527925226,0.392540208952024,0.403911610503206,20400000,-0.007720313813307955,0.3791901662945747,0.02291211149090757,1.3105639521389079,False
2010-09-16,0.4178601205348968,0.419376601718228,0.3984532552232206,0.4010304734459339,15978000,0.021118738254743974,0.379258394241333,0.02303077111797676,1.6760935226972518,False
2010-09-17,0.4181639850139618,0.4257446020438547,0.4116440779779444,0.4239251769600445,14418000,0.000727191861898735,0.38038797825574877,0.024387112714719873,1.549015137630939,False
2010-09-20,0.4231674075126648,0.4255927203454651,0.4055790704069746,0.4183150196000165,39192000,0.011965216226203612,0.38154031038284303,0.02586812036590343,1.6092045552985026,False
2010-09-21,0.4202864468097687,0.4313548783347914,0.4163446519646565,0.4216509955906461,18630000,-0.006808087418239794,0.38325361609458924,0.027276862697712696,1.3576645938201986,False
2010-09-22,0.4029659628868103,0.4190424471610034,0.3935632131262146,0.4149475683254623,25320000,-0.04121114076942389,0.38507883846759794,0.027315400293764287,0.6548366206185796,False
2010-09-23,0.4107006788253784,0.4316300517759891,0.3841604314669404,0.3917432314355149,21150000,0.019194464671798528,0.38673737496137617,0.02783501096716995,0.8609051346258066,False
2010-09-24,0.4595362544059753,0.4619631607812876,0.4292041282064495,0.4292041282064495,25266000,0.11890794950782335,0.3919141933321953,0.03123751421135851,2.1647708782535395,False
2010-09-27,0.45164954662323,0.4642381103984888,0.4463416751653311,0.4630241961308837,20460000,-0.017162318983820257,0.3956353157758713,0.03372920817593115,1.6607039974134323,False
2010-09-28,0.4727309644222259,0.4753089257735187,0.438455007530872,0.4571094298421171,25440000,0.046676494987345274,0.40177507549524305,0.0360678365031631,1.9672898572876727,False
2010-09-29,0.4831956624984741,0.4938122748603859,0.46408620500368,0.46408620500368,31692000,0.02213668844188832,0.4095524653792381,0.03601286358442157,2.0449136722105195,False
2010-09-30,0.4727309644222259,0.5004851346991719,0.4593843600537155,0.4907784295169417,36396000,-0.02165726824230607,0.4152828589081764,0.036513440072247556,1.5733413614378549,False
2010-10-01,0.4677259624004364,0.4872903674686705,0.4569582445213335,0.4842574534862317,24258000,-0.010587421595931734,0.41957282572984694,0.03741724857921565,1.2869235045074194,False
2010-10-04,0.4486165940761566,0.4652991146330024,0.4329950891272425,0.4649960835420345,25332000,-0.04085590679253248,0.4220809876918793,0.037607845089946676,0.7055869944372541,False
2010-10-05,0.4766737520694732,0.4809206348036408,0.458019306099991,0.458019306099991,24222000,0.0625415073000033,0.4270685136318207,0.03791700706589414,1.3082582797594222,False
2010-10-06,0.4602943658828735,0.4769777837097215,0.4436118158738407,0.4762188770303326,22194000,-0.03436183787231584,0.43154786974191667,0.03615926827099318,0.7949966223187414,False
2010-10-07,0.4604462385177612,0.4669680514105397,0.4443697525114386,0.4592332462975563,20838000,0.00032994676047448657,0.4359589979052544,0.033848700191495336,0.7234322285338253,False
2010-10-08,0.4754608273506164,0.4775838351099618,0.4420948602739102,0.4572613864533258,29346000,0.03260877726179112,0.4418486252427101,0.029474484503802613,1.1403830354885371,False
2010-10-11,0.4841055870056152,0.4980581985942212,0.4754608201668491,0.4754608201668491,20370000,0.018181854650717533,0.44639655500650405,0.028567821340217004,1.31998277187576,False
2010-10-12,0.4944183528423309,0.5004851591344819,0.4695460416598585,0.4780388328236755,18330000,0.021302720136952447,0.4504973813891411,0.029308166436977562,1.4985915801875456,False
2010-10-13,0.4966932237148285,0.5042769205074703,0.4828925888816479,0.4991201303525063,27384000,0.004601105236931025,0.45487114489078523,0.02935075748241015,1.4249062856080341,False
2010-10-14,0.4925983548164367,0.5067029423516834,0.4839535883714566,0.4976031682164273,19338000,-0.008244261654640206,0.4586080566048622,0.02914763562927234,1.1661425524833577,False
2010-10-15,0.5038219690322876,0.5080678759752253,0.4812236687314878,0.5029120078562617,22374000,0.02278451421144778,0.4628909558057785,0.029185269384256224,1.4024545289477106,False
2010-10-18,0.4921431541442871,0.5012428704727037,0.4798585479486424,0.5012428704727037,21282000,-0.023180439928875085,0.4663397431373596,0.028306282703269667,0.911578933815529,False
2010-10-19,0.4715179800987243,0.4971482751434378,0.4560484218524803,0.4766738486507528,37842000,-0.0419088914919985,0.4689013198018074,0.026155749799900888,0.1000414943916784,False
2010-10-20,0.4794037640094757,0.4866835621626195,0.4625692917987703,0.4719729113192616,24378000,0.016724248583479984,0.4727232098579407,0.021112524189146924,0.316426121845213,False
2010-10-21,0.472275972366333,0.4842576081580104,0.4589294217932664,0.4818307012677557,22062000,-0.014868034375720485,0.4758019745349884,0.015274444949972285,-0.23084322737775118,False
2010-10-22,0.5003330707550049,0.5026080005694553,0.4722758742364749,0.4722758742364749,29832000,0.05940826980481795,0.47784181535243986,0.01570592700944525,1.432023425872233,False
2010-10-25,0.5167126059532166,0.5253573178678621,0.5080678397999638,0.5080678397999638,12414000,0.03273726274678368,0.4810949683189392,0.016701859426221127,2.132555227854411,False
2010-10-26,0.510191798210144,0.5179266045109987,0.4930533718737325,0.509432891496157,10962000,-0.01261979612640396,0.4829680100083351,0.017780227490553604,1.5311271026353608,False
2010-10-27,0.5570551753044128,0.5578131596197062,0.5118595672656467,0.5120115437988455,19632000,0.09185443054685516,0.486660985648632,0.024303658114362352,2.896444202948241,False
2010-10-28,0.5584203004837036,0.5619082225623659,0.5377939549945281,0.5585713550032594,13932000,0.002450610352098037,0.49094545245170595,0.02884706389835002,2.339054271511391,False
2010-10-29,0.5688849687576294,0.5732828517855167,0.5529604601631997,0.5538704212351605,10818000,0.018739770500573183,0.49600340276956556,0.0331143752143956,2.2009041546518593,False
2010-11-01,0.5631211400032043,0.5804106156379654,0.5496234848568444,0.5729797647958482,19554000,-0.010131800049160256,0.501728630065918,0.03436521461278737,1.7864724730816062,False
2010-11-02,0.5740407109260559,0.5826854197629293,0.5656999008965397,0.5734346489461507,11472000,0.019391157864876885,0.5065969780087471,0.0373924179095548,1.8036740250508119,False
2010-11-03,0.5929992198944092,0.5929992198944092,0.5660030398595057,0.5798045948625827,18366000,0.03302641887152746,0.5132322207093238,0.04039707651265137,1.974573560047205,False
2010-11-04,0.6474456787109375,0.6495686321048315,0.609226822566904,0.609226822566904,18684000,0.09181539703580577,0.5225821927189827,0.048387147535490865,2.580509336707032,False
2010-11-05,0.6609432697296143,0.6703468876146074,0.6454737149043365,0.6539673717381023,18162000,0.02084744938841876,0.5318563148379326,0.05604893661680815,2.3031115786230743,False
2010-11-08,0.6618530750274658,0.6747446659937485,0.6500234214295639,0.6573032166034406,17436000,0.0013765255499518236,0.5407436892390252,0.06186891907300526,1.9575157866509951,False
2010-11-09,0.6366778016090393,0.6638250322750232,0.6297010368211784,0.6618531338941704,14748000,-0.038037556020090735,0.5478566616773606,0.0643890025685837,1.3794458119936124,False
2010-11-10,0.637435793876648,0.6391037390466122,0.6124115178995705,0.6360708254795576,14172000,0.0011905429491856356,0.5548937901854515,0.06616933196946027,1.247435953098224,False
2010-11-11,0.6151415109634399,0.6218143227869294,0.5655480162565697,0.5887523184139287,24570000,-0.034974946696391895,0.5610209479928017,0.06576971575829518,0.8228796847706057,False
2010-11-12,0.6136246919631958,0.6436538428998022,0.5957292057254822,0.6104398009167069,16152000,-0.0024658049785463154,0.566511084139347,0.06532511949151643,0.7212173232988464,False
2010-11-15,0.5999748706817627,0.6322788842886443,0.5999748706817627,0.6272740730145294,14220000,-0.02224457630243437,0.5719026699662209,0.06328211917507198,0.4436039924307719,False
2010-11-16,0.5744960308074951,0.6042221044366162,0.5653963086508285,0.5852646753752949,16314000,-0.04246651171459148,0.5770515725016594,0.05870861191769272,-0.04352924742535303,False
2010-11-17,0.5728276968002319,0.5928471064274448,0.5658509868650969,0.5723727435005669,7788000,-0.0029039957071909095,0.5817227691411972,0.054063153233998386,-0.16453114198621183,False
2010-11-18,0.6048288345336914,0.6122596853932282,0.5902692418143305,0.5902692418143305,10518000,0.0558652067841956,0.5883504122495651,0.04768892737239334,0.3455397970151354,False
2010-11-19,0.6342511773109436,0.6388010377710799,0.6008851542663051,0.6008851542663051,9654000,0.04864573429263852,0.595046317577362,0.043933901878385216,0.8923600694995346,False
2010-11-22,0.6577584743499756,0.659123443356685,0.6304593111702498,0.6360711095601088,32064000,0.03706307198150838,0.6020986109972,0.04197462537471152,1.3260359766381393,False
2010-11-23,0.6401661038398743,0.6542706962957685,0.6330383345612771,0.6371331882478901,22074000,-0.026745942767954167,0.6085973262786866,0.03673025434452438,0.8594761491460748,False
2010-11-24,0.6914271712303162,0.6950670689038352,0.654118342113578,0.654118342113578,24210000,0.08007463544690263,0.6153159260749816,0.03902395912044973,1.9503722039174116,False
2010-11-26,0.679901659488678,0.6900624489548715,0.6718629555263402,0.681114651698473,6378000,-0.016669162308345253,0.6213899940252304,0.03915612276054152,1.4943171422072217,False
2010-11-29,0.6751996874809265,0.6789915619820974,0.6495684794911778,0.6685268757023001,12354000,-0.006915664849660219,0.6267057299613953,0.03886847017673642,1.2476425570398668,False
2010-11-30,0.6501755118370056,0.660488222334926,0.6436537540652478,0.654573394500012,14658000,-0.03706188866479265,0.6310584485530853,0.03615267981774665,0.5287868943683691,False
2010-12-01,0.7125087380409241,0.7146316914256504,0.6823276642070687,0.6823276642070687,16272000,0.09587138406336182,0.6379818499088288,0.03787636843383682,1.9676355261534726,False
2010-12-02,0.752547562122345,0.7539124766960484,0.7141767299906681,0.716603636511644,13560000,0.05619415165561259,0.6459592670202255,0.04418075799638704,2.412550167447011,False
2010-12-03,0.7634671330451965,0.7672590080253631,0.7355609920885438,0.7414758202319993,10824000,0.01451014058441169,0.6517603397369385,0.05141149187031987,2.172798128286703,False
2010-12-06,0.7595242857933044,0.7660451220893967,0.7401108788304004,0.7660451220893967,11808000,-0.005164396843339469,0.656689390540123,0.05678329974111122,1.8110059774974434,False
2010-12-07,0.758007287979126,0.7927382169976794,0.7570973269646831,0.7834865218151336,22344000,-0.0019972999449174855,0.661497101187706,0.06114645513280153,1.5783447557477108,False
2010-12-08,0.7787848114967346,0.7813636946897319,0.7522445578628525,0.7661971691103041,8406000,0.027410717346797897,0.6686024516820908,0.06616151679028985,1.665354199237686,False
2010-12-09,0.7843965888023376,0.7974392385480236,0.776964868883246,0.7922833164094234,7170000,0.007205812469323725,0.6759504914283753,0.07053428716299524,1.5374947665290506,False
2010-12-10,0.7865195274353027,0.7942543325545116,0.7760548389551444,0.7872784882719593,7374000,0.0027064608174884874,0.6845193922519683,0.0731206234994688,1.3949571311310742,False
2010-12-13,0.7718088626861572,0.8024440187665293,0.7658940345794675,0.8024440187665293,8994000,-0.01870349589045084,0.6924286007881164,0.07360211937893565,1.078505110557439,False
2010-12-14,0.7520925402641296,0.7752968469202745,0.7446608205562197,0.7716569482355802,11034000,-0.025545602512788035,0.7000344842672348,0.07137125757821082,0.7293980485050024,False
2010-12-15,0.7287362813949585,0.7590693319138201,0.7249453280627124,0.7463297132107654,13974000,-0.031055033282165745,0.707746496796608,0.06515473843649942,0.3221528487725791,False
2010-12-16,0.7416279315948486,0.7478457919438789,0.7208505291807972,0.7349551177604629,5910000,0.017690419056963558,0.7161865085363388,0.05720593083994816,0.4447340107040706,False
2010-12-17,0.756794273853302,0.761344133031578,0.7428407432054986,0.7452676493511243,5250000,0.020450068844951153,0.7237847805023193,0.05143807531463702,0.6417326688269309,False
2010-12-20,0.7481496334075928,0.7619503219785602,0.738442983504127,0.7534575321394631,24018000,-0.011422708580621332,0.7294797033071518,0.04712825350545596,0.3961515378090459,False
2010-12-21,0.7639219760894775,0.7713536936441069,0.753912244047156,0.7577041182103136,7824000,0.021081802326155863,0.7347878783941268,0.04453217305748885,0.654225825848202,False
2010-12-22,0.7646801471710205,0.7658940613815659,0.7398078960006532,0.7522444826139764,10470000,0.0009924718823040024,0.7410135805606842,0.03896304218556022,0.6074106456478687,False
2010-12-23,0.7583103775978088,0.7649841125746535,0.7514855881046082,0.7514855881046082,4158000,-0.008329979007271171,0.7443577408790588,0.037318651681717614,0.373878371537882,False
2010-12-27,0.7605853080749512,0.7646801600789077,0.7302531814946547,0.7442057915819139,7362000,0.0029999991353790723,0.7483919233083725,0.03421619226940428,0.3563629953494825,False
2010-12-28,0.7508795261383057,0.7657420973026089,0.741930861327871,0.758310377811613,6186000,-0.012760937969221287,0.7521759152412415,0.02956431111143315,-0.04384979910573645,False
2010-12-29,0.7539124488830566,0.7575523475020701,0.7442057994521922,0.7539124488830566,3360000,0.004039160263629826,0.757362762093544,0.01727149612185223,-0.19976921432544487,False
2010-12-30,0.7605853080749512,0.763922175566208,0.7499695654789489,0.7539124409101265,3732000,0.008850973613422353,0.7597665905952453,0.013670406930056452,0.059889766551556055,False
2010-12-31,0.7581592798233032,0.7622541315901422,0.7461776471172972,0.7546704359612935,6024000,-0.0031896859246312026,0.7600471764802933,0.013571671335776985,-0.13910568641706578,False
2011-01-03,0.7751448750495911,0.8000181037976017,0.7661971319799594,0.7730219217157216,11646000,0.02240372924043954,0.760631063580513,0.013971853115890092,1.0387892965015202,False
2011-01-04,0.7777237296104431,0.7936482384101813,0.7534574860077808,0.7822735892675112,10098000,0.003326932350145695,0.7615410357713699,0.014479412240044648,1.1176347196136827,False
2011-01-05,0.7853065133094788,0.7912213417844642,0.7590692926990907,0.7666520667895876,4482000,0.009749970857689805,0.7629059970378875,0.01538704575027355,1.4558035788769261,False
2011-01-06,0.8288334012031555,0.8308053002892469,0.7921314864138246,0.7921314864138246,9810000,0.055426622797566605,0.7654084265232086,0.021110617391394595,3.004411169225258,False
2011-01-07,0.8342930674552917,0.845667716475773,0.7960742142033116,0.8341420129407265,21936000,0.00658716968236428,0.7679032504558563,0.025881883205272935,2.56510766519145,False
2011-01-10,0.8605313301086426,0.8652322445938796,0.818975551964902,0.8295922173009465,9960000,0.03144969516932594,0.7716038405895234,0.03299686883998151,2.6950281237402725,False
2011-01-11,0.8700857758522034,0.8750906421932271,0.8511274343580165,0.8750906421932271,9942000,0.011102960937348527,0.7765176862478256,0.03967154997274898,2.3585690417604357,False
2011-01-12,0.9189205765724182,0.919072553150621,0.8709959938525454,0.8870715577737532,9696000,0.05612642118230671,0.78485908806324,0.05036353181415623,2.661876236239176,False
2011-01-13,0.91861754655838,0.9334801174015848,0.9007210851418438,0.9198305387062276,8448000,-0.0003297673615804131,0.7943531513214112,0.056722794288856404,2.190731200655633,False
2011-01-14,0.993690311908722,0.993690311908722,0.9281722455241442,0.9318121983661828,18042000,0.0817236352948012,0.8069562703371048,0.07067740466153033,2.6420613839157627,False
2011-01-18,0.9820123910903932,0.99369006855835,0.966997846927358,0.9827704296608296,13842000,-0.011752072731691876,0.8182171761989594,0.0796382857442793,2.0567395865022093,False
2011-01-19,0.91361266374588,0.9621442842054804,0.9069399049239766,0.9577464010237527,14754000,-0.0696526112756728,0.8264903277158737,0.08056537467714951,1.0813868411725578,False
2011-01-20,0.8803986310958862,0.8958681860140213,0.846729638089548,0.8958681860140213,18720000,-0.036354610622201466,0.8323141604661941,0.08001242611735317,0.6009625374834562,False
2011-01-21,0.8652321696281433,0.9122477648014502,0.8621992011112892,0.909972780780439,12576000,-0.01722681173284457,0.8373417615890503,0.07868708127843996,0.3544471034629027,False
2011-01-24,0.9277173280715942,0.9296892269042067,0.873573908824116,0.8747869010535292,12990000,0.07221779383249882,0.8458121091127395,0.07884973252309357,1.0387507520696566,False
2011-01-25,0.9083048701286316,0.9262004112440964,0.8866165857542777,0.9157357223702204,13026000,-0.020924970737923432,0.8531980872154236,0.07735053845078212,0.7124292088577029,False
2011-01-26,0.933479905128479,0.9386366935037042,0.9007208803181322,0.9266550630941632,16392000,0.027716503376539414,0.8623281061649323,0.07538949654611522,0.9437892839624373,False
2011-01-27,0.985045611858368,0.9903535106642531,0.9522865764740648,0.9522865764740648,19854000,0.055240296493358265,0.8738847643136978,0.0756106550930719,1.4701743743370341,False
2011-01-28,0.9052709341049194,1.004609913116846,0.8828255354424064,1.004609913116846,36168000,-0.08098577039792831,0.8811190456151963,0.07097964143242967,0.34026501123868,False
2011-01-31,0.9155845642089844,0.9286271034747012,0.8796405895351022,0.913005627240738,12234000,0.011392865622337212,0.8889903098344802,0.06511274126256753,0.4084339540745588,False
2011-02-01,0.9818608164787292,0.9949034677075356,0.9412150493951562,0.9427319949744736,22254000,0.07238681696977278,0.8993261069059372,0.06244209375630279,1.321779982184873,False
2011-02-02,0.9985431432724,1.01188974543447,0.961841289053242,0.97109298496823,18420000,0.01699052097169851,0.910367077589035,0.059249742548707705,1.4882101067507205,False
2011-02-03,0.9996052384376526,1.0053680908801028,0.968818100980774,0.9989983083780666,10446000,0.0010636447432526008,0.9210820138454437,0.054641036864930485,1.4370742046186598,False
2011-02-04,1.0587533712387085,1.06102835544249,1.0037000986246891,1.008856888586513,16854000,0.05917149143145983,0.9325780123472214,0.05827685816985499,2.165102286807118,False
2011-02-07,1.047833800315857,1.0843846588243593,1.0375210875090597,1.0701281480329203,21102000,-0.01031361147882437,0.9432550489902496,0.05888062669645044,1.7761147799045383,False
2011-02-08,1.045406699180603,1.0540513556454978,1.0211413260608184,1.048136636370443,8292000,-0.0023163035345130645,0.9524988174438477,0.05971618693968935,1.5558240821803995,False
2011-02-09,1.025539517402649,1.0470758276337255,1.012344889330958,1.0319093004451094,12252000,-0.019004261014900825,0.9602715045213699,0.05852987442669378,1.1151230635737053,False
2011-02-10,1.0343360900878906,1.0367620744943478,0.9815576950273832,0.9918704067763124,12342000,0.008577507288573871,0.9660422801971436,0.059911691312510444,1.139907894345929,False
2011-02-11,1.0579952001571655,1.068459886463279,1.010524604320865,1.027359071384476,8436000,0.02287371609286537,0.9730111628770828,0.0621685874203179,1.3669932164536895,False
2011-02-14,1.082109808921814,1.1066790331098932,1.066033266866811,1.070431150620026,15360000,0.022792739287537556,0.9774321377277374,0.06669558454825483,1.5694842755046454,False
2011-02-15,1.0511703491210938,1.081350548009958,1.0372168194544182,1.080137556050533,14406000,-0.028591793130077536,0.9808900356292725,0.0687079719986243,1.022884411334808,False
2011-02-16,1.084384560585022,1.094090342439801,1.0604214014126463,1.0736160274552071,10158000,0.03159736335000263,0.9894286304712295,0.0704951072575772,1.346986107373942,False
2011-02-17,1.1321579217910769,1.1374658193595009,1.0692178268070534,1.0780145678815505,15246000,0.04405573718264799,1.0020165950059892,0.07245202245994818,1.7962414625075573,False
2011-02-18,1.1191145181655884,1.142925806948394,1.1069818852236832,1.1427738303848318,13470000,-0.011520834129618462,1.0147107124328614,0.06940186098278374,1.5043372649420175,False
2011-02-22,0.9858036637306212,1.068611160202363,0.9782208890633036,1.0613313624118983,40812000,-0.11912172728621684,1.0176150292158126,0.0667338844224743,-0.4766898519469084,False
2011-02-23,0.932873785495758,0.9958130031335726,0.893289975334009,0.9958130031335726,35844000,-0.053692109475996785,1.018843474984169,0.06481431014812604,-1.3263998226925005,False
2011-02-24,0.9789788722991944,0.985197654731972,0.9237744863728086,0.9454619043300982,41208000,0.0494226416480712,1.0211184233427049,0.062414463947666005,-0.6751568206825275,False
2011-02-25,1.052990436553955,1.0549614674400751,1.0074918408156313,1.0109797085141132,38130000,0.07560077786044528,1.0245156645774842,0.06219641782933508,0.4578201280756184,False
2011-02-28,1.0211414098739624,1.0752847708333664,0.987472471041657,1.0752847708333664,38628000,-0.030246263949198493,1.0303091883659363,0.055545275471459335,-0.16505055405989613,False
2011-03-01,0.960173487663269,1.0416161382280416,0.9580496117854728,1.0347912926868217,37800000,-0.05970566037295311,1.0325386345386505,0.05144140429304279,-1.40674905496638,False
2011-03-02,1.0011221170425415,1.0361560269407388,0.9583533477917257,0.9586564331309942,51600000,0.042647115240525224,1.0335016995668411,0.05061638484484295,-0.639705554309231,False
2011-03-03,1.0592081546783447,1.0684598486881858,1.0349419159982711,1.037216791126724,33474000,0.05802093135990005,1.0365349501371384,0.05022740857771814,0.4514109961720111,False
2011-03-04,1.025842547416687,1.0598154449909565,1.005065145019718,1.0514737632818236,31500000,-0.03150051962335021,1.03784681558609,0.049550167521536216,-0.24226493612126662,False
2011-03-07,0.9409120082855223,1.0411609077867965,0.9110348863045612,1.0275113273895806,50460000,-0.08279100856660682,1.0319547474384307,0.053760730328119385,-1.6934803265737772,False
2011-03-08,0.9459165930747986,0.9745807158229448,0.9169493850410296,0.9487985067409216,26598000,0.005318865893098046,1.026858887076378,0.05691414134339735,-1.422182468030321,False
2011-03-09,0.8615922927856445,0.9292342342702676,0.8564363709261827,0.9292342342702676,66846000,-0.08914559793802679,1.0176681667566299,0.0675997544634889,-2.3088230898128925,True
2011-03-10,0.7963782548904419,0.8341421046375205,0.7919794493132561,0.8186726019645537,60888000,-0.07569013609018815,1.0062101036310196,0.08369944098030606,-2.5069683415203428,True
2011-03-11,0.8176106214523315,0.8258003800668738,0.7796947428616093,0.781211688250076,37662000,0.026661158101071614,0.9953738301992416,0.0933404997883474,-1.9044595770324129,False
2011-03-14,0.8142737150192261,0.8459716780790583,0.7985011285650346,0.8139706839307819,37458000,-0.004081290464620024,0.9831877559423446,0.10037884468377703,-1.6827653421918496,False
2011-03-15,0.7846994996070862,0.8010790145232184,0.7119016977209655,0.7323760642468305,39852000,-0.036319747115307055,0.9683172404766083,0.10677859717386477,-1.7196118485293657,False
2011-03-16,0.7340450286865234,0.8116957853546987,0.7175135892675242,0.7872784863138367,35268000,-0.06455269940394559,0.9524609744548798,0.1168944903559297,-1.8684879424454135,False
2011-03-17,0.7608891129493713,0.788188321810266,0.7525474333995644,0.7665000417625262,37530000,0.03657007841995985,0.9362862020730972,0.12001876957312214,-1.4614138250839521,False
2011-03-18,0.7684721350669861,0.7989562421803535,0.7590693834241827,0.7989562421803535,32274000,0.00996600160070793,0.9181019127368927,0.11627283225099093,-1.2868851198783058,False
2011-03-21,0.8082079887390137,0.8251935164179148,0.7922834226262202,0.7959233219023268,39534000,0.0517076050760954,0.902556586265564,0.10850794837781526,-0.8695086298935144,False
2011-03-22,0.78924959897995,0.8138188788298406,0.7850036915763734,0.8138188788298406,24156000,-0.023457315472274698,0.8927288830280304,0.10946815081274082,-0.9452912402356641,False
2011-03-23,0.8106338381767273,0.8151836979523827,0.7643771474119918,0.7837896329571965,25218000,0.027094393490240565,0.8866168856620789,0.11051627595394087,-0.6875281204464264,False
2011-03-24,0.8703891038894653,0.8760009020219565,0.8270134542425549,0.839147011724072,44664000,0.07371425037861634,0.8811873972415925,0.10838676244657747,-0.09962741859227937,False
2011-03-25,0.8631090521812439,0.891925151184345,0.8615921613265979,0.8784266287232907,31548000,-0.008364134702157244,0.8716933280229568,0.100580920665365,-0.08534696028755823,False
2011-03-28,0.8672040700912476,0.8890434068944791,0.8631091639314266,0.8766068203225172,22812000,0.0047444965380154525,0.8639964610338211,0.09423221582173874,0.034039410295671715,False
2011-03-29,0.8910154700279236,0.8911665245692316,0.8403600211426101,0.8638673620870081,29970000,0.027457666260918945,0.8605385601520539,0.09175349249064886,0.3321607608448887,False
2011-03-30,0.8938963413238525,0.9174046011375891,0.8731189411399967,0.9119447259904696,29814000,0.003233244980402672,0.8551772713661194,0.08606285984466315,0.4498929041821066,False
2011-03-31,0.8711469769477844,0.8982950791702798,0.8606822893528026,0.8870714850414427,20958000,-0.025449667175476365,0.8457742124795914,0.071667206356122,0.3540359078894893,False
2011-04-01,0.8406628370285034,0.8904083119413844,0.8314120640284639,0.8904083119413844,33942000,-0.03499310762242158,0.8365152269601822,0.05779934689393352,0.07175877049151448,False
2011-04-04,0.8189755082130432,0.8529475337468916,0.8036579834486739,0.845212783077483,27054000,-0.02579789168760993,0.8304184019565582,0.052385239888873496,-0.21843736456660726,False
2011-04-05,0.8723608255386353,0.8928352470599502,0.8559813100170243,0.8568913252871379,44274000,0.06518548697759674,0.82674061357975,0.04604852475123833,0.9906986641881161,False
2011-04-06,0.915129780769348,0.9163427731960514,0.8881336482550136,0.8985983385082451,30012000,0.049026680220658925,0.8294174879789352,0.04960027493852206,1.7280608403209545,False
2011-04-07,0.901783049106598,0.9152807058652516,0.8735738755883314,0.9152807058652516,20022000,-0.0145845233574734,0.8346877276897431,0.051469578745027264,1.3035918119562488,False
2011-04-08,0.8796405792236328,0.9251392251973896,0.8664459550772774,0.9172524988938042,20496000,-0.024554098577148742,0.8377892255783081,0.052249391186656675,0.8009921779913975,False
2011-04-11,0.8559812903404236,0.8860104375988264,0.8488526025211258,0.8860104375988264,18594000,-0.026896540975964056,0.839874604344368,0.052093526519563706,0.30918786022303024,False
2011-04-12,0.8035060167312622,0.8341420429307401,0.7903113908499529,0.8341420429307401,31302000,-0.061304229661716,0.8408149302005767,0.051207355725484696,-0.7285850429247367,False
2011-04-13,0.8103307485580444,0.8262552566227697,0.7950131704603297,0.8197334985268548,33960000,0.008493691005010628,0.8446292161941529,0.045340913460842534,-0.7564573586663488,False
2011-04-14,0.811998724937439,0.8132126391562001,0.7762067779675972,0.7931932785236863,18072000,0.0020583895925985196,0.8471846967935562,0.04166400988998199,-0.8445171731916675,False
2011-04-15,0.828075110912323,0.8345968680471344,0.7939511158495496,0.8065387547285592,17262000,0.019798535984305365,0.8501648455858231,0.037678548863448236,-0.586268190782931,False
2011-04-18,0.7837894558906555,0.8030508283257753,0.7640739979414269,0.7983489930358739,29268000,-0.05348023921752243,0.8489439189434052,0.03946303342039717,-1.651025210319321,False
2011-04-19,0.7931933999061584,0.7947093691482172,0.7734770131040377,0.7789368346358218,22242000,0.011998048640265102,0.8491411089897156,0.03915772424088861,-1.4287783615661813,False
2011-04-20,0.8948062062263489,0.8948062062263489,0.8584073317650471,0.8643221054741276,52812000,0.12810596549619824,0.8533497273921966,0.03932420026944452,1.0542230623915463,False
2011-04-21,0.8923801183700562,0.9137644437834128,0.880853494879526,0.9137644437834128,22464000,-0.0027112997645872827,0.8544492781162262,0.04012501034095346,0.9453166474356267,False
2011-04-25,0.8949583172798157,0.9083048661431008,0.8837356438849461,0.8898014730101758,13536000,0.002889126345025028,0.8560417413711547,0.04110678291135552,0.9467190850858447,False
2011-04-26,0.9380301237106324,0.9403049996104654,0.895868334642386,0.8966263734954704,30864000,0.048127164806659906,0.859583044052124,0.04498670282353556,1.7437837124055124,False
2011-04-27,0.9378789067268372,0.9410639061826932,0.9033000051551904,0.9281722572152588,26574000,-0.00016120695910815108,0.8619262158870697,0.04784002993091205,1.587638865390639,False
2011-04-28,0.9192245602607728,0.9377270855275408,0.9004181360661127,0.9283242802197804,25950000,-0.019889930706691428,0.8631926268339157,0.04905079870899611,1.1423245880108492,False
2011-04-29,0.9327223300933838,0.936817237348984,0.9139159567806692,0.914219910001422,12540000,0.014683865527681084,0.8662713944911957,0.05145011276632518,1.2915605433945936,False
2011-05-02,0.9036028385162354,0.9418216869064804,0.8978399874817916,0.9418216869064804,21006000,-0.031219893249723074,0.8694183945655822,0.051725456563829056,0.6608824014626071,False
2011-05-03,0.8702370524406433,0.8987501805602786,0.8524926204093644,0.8948063286054242,33096000,-0.03692527806838286,0.8719814717769623,0.05034603020952308,-0.03464859749734565,False
2011-05-04,0.871753990650177,0.8928353444308025,0.8400568937454092,0.8922283601657837,20118000,0.001743132179076179,0.8719511300325393,0.0503459724126147,-0.003915693210703107,False
2011-05-05,0.8770619034767151,0.9031481268682974,0.8515826643974778,0.8568914855491176,41994000,0.006088773763546884,0.8700477361679078,0.04933712586669263,0.14216813779869117,False
2011-05-06,0.8963230848312378,0.926200199176602,0.8854033907610093,0.9099726617400756,40860000,0.021961028381429548,0.8697747379541397,0.04916709484074642,0.5399616748373866,False
2011-05-09,0.8885884881019592,0.8966263246556901,0.8706920790991698,0.8963232935422463,18708000,-0.008629250836192481,0.870222133398056,0.04930211920474834,0.37252667836911885,False
2011-05-10,0.900114893913269,0.9084557052953876,0.8849484263445029,0.9011759635781694,19446000,0.012971590298148428,0.8724288135766983,0.049617837929686735,0.5579864317305515,False
2011-05-11,0.8794888257980347,0.9142198168185492,0.8623513222994131,0.9037550729781856,18096000,-0.022914928143852986,0.876227954030037,0.046897137977650334,0.06953242582845345,False
2011-05-12,0.9155845642089844,0.9239253761669408,0.8640191133011392,0.8669009728521998,25260000,0.04104172486580149,0.8814906448125839,0.04497956977732168,0.7579867830036552,False
2011-05-13,0.8800957798957825,0.917707653577961,0.8773658420973892,0.9107309409695344,16488000,-0.03876079359623352,0.8848954975605011,0.04191534734953328,-0.11450979100074411,False
2011-05-16,0.8427868485450745,0.899356199429867,0.8396019574032653,0.8776688372373679,23142000,-0.042391898930734584,0.8856310844421387,0.040984458381103483,-1.0453776282381764,False
2011-05-17,0.8123025894165039,0.8342929785548667,0.7887943330825722,0.8335349941325663,35832000,-0.03617078171212129,0.8870567411184311,0.037612632035827605,-1.9874746237040997,False
2011-05-18,0.858104407787323,0.865991135307668,0.820795513417621,0.8215534979652168,17988000,0.0563851684921004,0.8903022915124893,0.03136938712147752,-1.0264109910875987,False
2011-05-19,0.8367198705673218,0.8480945181840127,0.8138185987818478,0.847639564822504,20982000,-0.024920670522066923,0.887397974729538,0.03354401663348757,-1.5107941519329966,False
2011-05-20,0.828985333442688,0.8441518595825791,0.8160937374090297,0.8385400615843106,10974000,-0.009243878861618926,0.8842282354831695,0.03595691131523245,-1.5363639428361844,False
2011-05-23,0.7780268788337708,0.800928157168894,0.7769649410163544,0.800928157168894,23688000,-0.061470875965069505,0.8783816635608673,0.04294735785590222,-2.336692866271514,True
2011-05-24,0.7604342699050903,0.7928893504432758,0.7584623711189655,0.7918283348185048,23982000,-0.022611826669858726,0.8695018708705902,0.04802503179360721,-2.271057340143567,True
2011-05-25,0.7804535627365112,0.7883393667674902,0.746177589080858,0.7546703772642995,19098000,0.026326131821912124,0.8616306036710739,0.04911678622870766,-1.652735188262715,False
2011-05-26,0.8024441599845886,0.8074489736951725,0.769534068397549,0.7778748821957328,14706000,0.028176688912754155,0.8557915836572647,0.04885036404834401,-1.0920578528315905,False
2011-05-27,0.8309571743011475,0.8382369718273447,0.8183686102736678,0.8183686102736678,19008000,0.03553270836578393,0.8507033258676528,0.045607827167365354,-0.4329553235247026,False
2011-05-31,0.8682659864425659,0.8682659864425659,0.8435447362357853,0.8568913377862528,15954000,0.04489859802076568,0.8489364832639694,0.0441105417833099,0.4382059797304552,False
2011-06-01,0.7895533442497253,0.8615922425868198,0.788643328976025,0.8615922425868198,17838000,-0.09065498755207457,0.8449022978544235,0.04572009114134703,-1.2106046209221848,False
2011-06-02,0.7898563146591187,0.8130606191776899,0.7772686741186903,0.7907663299254172,16122000,0.0003837237997912357,0.8408074140548706,0.046842341023565486,-1.0877146248971503,False
2011-06-03,0.7478457689285278,0.7825767043163391,0.7445097689035992,0.7648322172068609,38124000,-0.05318757975458044,0.8343466073274612,0.05035794628602168,-1.7177197399518305,False
2011-06-06,0.7296463847160339,0.7536096576721638,0.7281304153011611,0.7440549282233829,18660000,-0.024335745375104523,0.826012772321701,0.05326919177842853,-1.8090454236005669,False
2011-06-07,0.7404147982597351,0.7630121730278874,0.7401108451306905,0.7520924778795712,14688000,0.014758400465304966,0.8186040878295898,0.05440010153910878,-1.4373004343317934,False
2011-06-08,0.6959773302078247,0.7307082682762154,0.6890014849192138,0.7305563459143155,36198000,-0.06001699068732269,0.8083972096443176,0.057371253040120945,-1.959515845991289,False
2011-06-09,0.6982520818710327,0.7112956519736049,0.6865744024722178,0.6984040584326786,25770000,0.0032684278129127,0.7993353724479675,0.059812578438538974,-1.6900005519876382,False
2011-06-10,0.6644321084022522,0.6933993215186093,0.6501755988937454,0.6900624539069768,22752000,-0.048435191740720196,0.7867777496576309,0.06048248311530603,-2.0228276842095667,True
2011-06-13,0.6450189352035522,0.6755030479820152,0.6384980967911511,0.6647353254133154,18828000,-0.029217692753263358,0.7750239074230194,0.06412517982921222,-2.0273623023859875,True
2011-06-14,0.6811146140098572,0.6933992781741852,0.6676170119414575,0.6676170119414575,15768000,0.05596064989148575,0.7669402956962585,0.06531260001888706,-1.314075410588192,False
2011-06-15,0.6410759091377258,0.6750478828701458,0.639710940277293,0.6661001393707575,13464000,-0.05878409308591326,0.7583789616823197,0.07010036264398468,-1.6733587119988973,False
2011-06-16,0.6193884611129761,0.6463837210700417,0.6028570217542011,0.6462326665487003,17418000,-0.03382976604739407,0.7464431643486023,0.07250810680678868,-1.7522827285256122,False
2011-06-17,0.5923922657966614,0.641227725950228,0.5861744068028735,0.641227725950228,23820000,-0.04358524094524685,0.7342267841100693,0.07694430050972974,-1.8433401483125142,False
2011-06-20,0.5942122936248779,0.6020990215408464,0.5858705580030952,0.5887524723481591,18750000,0.00307233556766473,0.7224881321191787,0.0795900807429251,-1.611706349546623,False
2011-06-21,0.6389527916908264,0.6419857600049568,0.5952741210926568,0.6051318782978385,30174000,0.07529379406309089,0.7155344277620316,0.08055189851360055,-0.9507117458972735,False
2011-06-22,0.6295491456985474,0.6477485819148233,0.6239382169466177,0.629853044564627,20856000,-0.014717278200467199,0.7089901715517044,0.08201555880919313,-0.9686092127711321,False
2011-06-23,0.6579103469848633,0.6592753157758725,0.5948191854083758,0.6066488426123133,41520000,0.04505001949426268,0.702863010764122,0.08096645701208592,-0.5552010726188582,False
2011-06-24,0.6108947992324829,0.6516924827243782,0.6064968617913075,0.6516924827243782,21660000,-0.07146193697644043,0.6932855427265168,0.07988905624042895,-1.0313145175488867,False
2011-06-27,0.6213594675064087,0.6303081322554385,0.5929992398805479,0.6108947795046371,15390000,0.017130066072052585,0.6828056573867798,0.07444046970008263,-0.8254406524829181,False
2011-06-28,0.6450189352035522,0.6456259196300291,0.6246965368625207,0.6287913901594311,24696000,0.038076940860162445,0.6716433048248291,0.06062248474640589,-0.43918308087586877,False
2011-06-29,0.6477487087249756,0.6585173506099152,0.6328861366415126,0.6507825453128718,16728000,0.004232082769108025,0.6645530730485916,0.05404158928304811,-0.3109524450807966,False
2011-06-30,0.6946122050285339,0.7006789550456194,0.652147395645892,0.652147395645892,30492000,0.07234826665390681,0.6597908675670624,0.046019704651966926,0.7566614719676007,False
2011-07-01,0.7399598956108093,0.7431448410467539,0.6891524740287289,0.6999211161966641,25212000,0.06528490322224112,0.6593965739011765,0.04525294358709171,1.7802890889204688,False
2011-07-05,0.7197883129119873,0.7440545504769739,0.7090205964434538,0.7360158487628253,15444000,-0.02726037291814465,0.6589036703109741,0.04449483488940661,1.3683530403549993,False
2011-07-06,0.7031060457229614,0.712660774074439,0.6856645890937626,0.7123568208856986,10506000,-0.023176629697606255,0.6570382326841354,0.041584539869287,1.107811056311584,False
2011-07-07,0.7446608543395996,0.7567944109713228,0.7173616400851998,0.722821461240636,18822000,0.05910176547253254,0.6594724088907242,0.04524737352097664,1.8827268594801885,False
2011-07-08,0.7112956047058105,0.7188784318967337,0.6880913019555974,0.7159965182315393,16896000,-0.04480596695710415,0.6601245850324631,0.04592467821508377,1.1142379579382784,False
2011-07-11,0.6747449636459351,0.7161487152645569,0.6688301342377584,0.6973422892031905,22608000,-0.051386007193159444,0.6606402277946473,0.04603335648605769,0.30640250739829833,False
2011-07-12,0.6171135306358337,0.6574553931320675,0.6074068810044874,0.6544224244530448,46284000,-0.0854121721764236,0.6592449575662613,0.04694562435818196,-0.8974516263534299,False
2011-07-13,0.6105917692184448,0.6400139354969884,0.6037669795376532,0.631976153609144,27108000,-0.010568171160773798,0.6557188153266906,0.047856209278027334,-0.9429715973965661,False
2011-07-14,0.5831405520439148,0.6350089788786255,0.57934959937819,0.613018589619374,41184000,-0.04495838063730773,0.6528220474720001,0.05047119182589029,-1.3806191791242919,False
2011-07-15,0.5923922657966614,0.5954251798940857,0.5710078837261114,0.5949701722692906,24444000,0.015865323926314456,0.6514722377061843,0.05175702188344032,-1.1414870825175052,False
2011-07-18,0.5669130086898804,0.591937233772918,0.5543253146608164,0.584960468559834,25644000,-0.04301078622712262,0.6501982748508454,0.05356960915456369,-1.5547111034665775,False
2011-07-19,0.6230283975601196,0.6269713275955908,0.5848095402779513,0.5848095402779513,31746000,0.09898412632992892,0.6516390800476074,0.05235838605748085,-0.5464393508248702,False
2011-07-20,0.614989697933197,0.6444127884451362,0.6036150476235767,0.6383459828483392,21420000,-0.01290262154727373,0.650440925359726,0.05293498247568216,-0.6697126506618741,False
2011-07-21,0.6318241953849792,0.6354640941681847,0.5863255419528242,0.6104398103731256,32058000,0.027373625132840695,0.6505546778440475,0.052890150515405326,-0.35413932984767443,False
2011-07-22,0.6745927929878235,0.6809625740635514,0.6350089752332603,0.6350089752332603,40338000,0.0676906612871715,0.6513888001441955,0.05314320391279761,0.43663142481404127,False
2011-07-25,0.6488106846809387,0.6630672496274471,0.635009127451166,0.6545735372143953,17520000,-0.03821877223546044,0.6532845944166183,0.05229209670146078,-0.08555613597254454,False
2011-07-26,0.665037989616394,0.6877873368145593,0.6606401075613814,0.6606401075613814,30282000,0.0250108472603765,0.6554685205221176,0.051798365183035516,0.18474461617585122,False
2011-07-27,0.5922402739524841,0.643350716672427,0.588145368150808,0.643350716672427,54816000,-0.10946399574241006,0.6528295874595642,0.05366939736348567,-1.1289359762459792,False
2011-07-28,0.587842583656311,0.6187816470239946,0.57055304804411,0.591482428797177,23532000,-0.007425517124703185,0.649834281206131,0.05560468467456872,-1.1148646541677514,False
2011-07-29,0.5737379193305969,0.5896624295873112,0.5484106035721849,0.556903393668325,33750000,-0.02399394790010745,0.6437905669212342,0.0570322172936187,-1.228299563209782,False
2011-08-01,0.5723728537559509,0.6063448762185549,0.5493205261676152,0.5977001109966007,41922000,-0.0023792493552433625,0.6354112148284912,0.05440998434032628,-1.1585807611750953,False
2011-08-02,0.5215663909912109,0.570552908424062,0.5194425157282356,0.5594812906274276,44364000,-0.08876462681859287,0.6255001187324524,0.05625367086942571,-1.8475901418502838,False
2011-08-03,0.5380969047546387,0.5423437874424747,0.4903233796959672,0.5247512793028789,48840000,0.03169397808016794,0.6172496616840363,0.056372947654959864,-1.4040911504905758,False
2011-08-04,0.4498295783996582,0.5217174524766658,0.4454316682392221,0.52050446031629,70020000,-0.16403611612527036,0.6025080978870392,0.05974942128250221,-2.5553137789485723,True
2011-08-05,0.4170705676078796,0.4783427024181934,0.3809755877271246,0.463328154065473,60150000,-0.0728253817997565,0.5877968460321427,0.0672989445845573,-2.536834410675716,True
2011-08-08,0.3518564999103546,0.4009950271408459,0.3471546632055242,0.3714209092611225,42156000,-0.15636219086751235,0.5716524228453637,0.08238192017814358,-2.6680116518250596,True
2011-08-09,0.3991750478744507,0.4003880400788843,0.3366899489570853,0.3723308426447984,49818000,0.13448251766317187,0.5607554987072945,0.09010394819155616,-1.7932671550566508,False
2011-08-10,0.3752118051052093,0.4132796022527898,0.3576192973956636,0.3862834225778909,35904000,-0.0600319155639667,0.5489865005016327,0.09825539495464515,-1.7686020749968798,False
2011-08-11,0.4310241043567657,0.4469486411003678,0.3885583928076842,0.3911363538583716,29616000,0.14874878266665048,0.5413806781172752,0.10131243678547612,-1.089269760574251,False
2011-08-12,0.4267772734165191,0.4548344443007491,0.4176775265577858,0.4417918218342992,27114000,-0.009852885018076463,0.5330999284982681,0.10366452194895216,-1.025641686112302,False
2011-08-15,0.4519535005092621,0.4528634887975325,0.430114161261045,0.4345120447577592,22326000,0.0589914896151742,0.5273519530892372,0.1048710895549652,-0.7189631851822915,False
2011-08-16,0.4264741837978363,0.4493745616468366,0.4094877117594132,0.4361799644112131,25092000,-0.056375969392239766,0.517524242401123,0.10464265695255175,-0.8701046136908746,False
2011-08-17,0.4172224998474121,0.4458866518232163,0.4058478514312284,0.4225303707959869,17232000,-0.021693420849149936,0.5076358824968338,0.1042913325189537,-0.8669309372664322,False
2011-08-18,0.3450316190719604,0.3824915630546988,0.3366899120813947,0.3824915630546988,38010000,-0.17302729551223528,0.49329625368118285,0.10601933018075164,-1.3984679431236462,False
2011-08-19,0.3248602747917175,0.3673259830361777,0.3230403255524199,0.3369929352489764,28344000,-0.05846230654018969,0.4758096277713776,0.10335133517667539,-1.4605457464252167,False
2011-08-22,0.3339599668979645,0.3529174135926463,0.3272871281200709,0.352159402104642,21594000,0.028011095268823505,0.46006709188222883,0.09952092693099465,-1.2671417848801179,False
2011-08-23,0.3850704133510589,0.3861314559673632,0.336689907409192,0.3457896258410188,51924000,0.15304363252829734,0.4460687130689621,0.08822108106212993,-0.6914254391753032,False
2011-08-24,0.3844635486602783,0.3952312414719171,0.3615622450172001,0.3850704786994535,51954000,-0.001575983689578675,0.43567987680435183,0.08212530106447594,-0.6236364126551447,False
2011-08-25,0.3539794683456421,0.3923503040814894,0.3518565147852426,0.3783967699649496,33522000,-0.07928991037216049,0.42398672103881835,0.07571887269935096,-0.9245680792310097,False
2011-08-26,0.3820365965366363,0.3884064051843605,0.3382068425348022,0.3551923932643339,38676000,0.07926202138819516,0.41440165489912034,0.06744609062535457,-0.4798655943198175,False
2011-08-29,0.4246543049812317,0.4254123166686638,0.3981131295571178,0.4011460712439033,29448000,0.11155399464592519,0.4070157274603844,0.05642400868007942,0.3126076635365793,False
2011-08-30,0.4246543049812317,0.4322371066667241,0.4061509118186199,0.4146445967124937,25152000,0.0,0.40217012315988543,0.04984680406581011,0.45106566494537104,False
2011-08-31,0.4155545234680176,0.4445216791309189,0.406605859322832,0.4373938590765892,29664000,-0.021428680709162484,0.3960430040955543,0.03849920989774433,0.5068031116557132,False
2011-09-01,0.3947762548923492,0.4320851496177506,0.3943212743243258,0.416160612782495,26106000,-0.0500013052493401,0.39329033792018886,0.03635979542888278,0.04086703334364678,False
2011-09-02,0.3676290214061737,0.379155647049725,0.3606522553914282,0.3768806901160195,22992000,-0.06876612549449868,0.39081826061010355,0.03633864136271059,-0.638142713495222,False
2011-09-06,0.3603492677211761,0.361107279438311,0.3318370872289333,0.3335050601337447,29136000,-0.01980190153963557,0.39124289900064463,0.03590643883121279,-0.8603925169157484,False
2011-09-07,0.4067577719688415,0.4079707639429908,0.3814305169049542,0.3814305169049542,43224000,0.12878756363555155,0.3916220352053642,0.036034407572910064,0.42003567653644547,False
2011-09-08,0.4006910324096679,0.4313270828021693,0.3940181928463884,0.396748103024838,32784000,-0.014914870660758583,0.39289599657058716,0.035873743191358574,0.21729084131255244,False
2011-09-09,0.3876484036445617,0.4196494242786975,0.3797616766647363,0.3868903920296124,39306000,-0.03255033856552936,0.39072721153497697,0.03474061449792894,-0.08862272400503456,False
2011-09-12,0.4229853749275207,0.4229853749275207,0.3774867516029233,0.3774867516029233,34446000,0.09115727280373309,0.39053761661052705,0.03454330526749986,0.9393356560908545,False
2011-09-13,0.4486165940761566,0.4519534615861851,0.4202554711430581,0.4305691047641114,43494000,0.06059599378117486,0.39037077128887177,0.03423775917903709,1.7012159727715852,False
2011-09-14,0.4822856783866882,0.4982102454146664,0.4496786409875479,0.4555934437520099,86268000,0.07505091152472154,0.3931613460183144,0.03924377692807429,2.2710437002972528,False
2011-09-15,0.5041249990463257,0.5086748591550901,0.4850155431986261,0.4974521312321364,61032000,0.04528295497534374,0.39750647097826003,0.04623612023618895,2.3059574965075784,False
2011-09-16,0.5057928562164307,0.521717418046506,0.4991200438096055,0.5035179265605058,62544000,0.003308419882489755,0.40554453283548353,0.05041820883077094,1.9883356768470557,False
2011-09-19,0.4888074398040771,0.4991201527591953,0.4639342084256183,0.4825886573715971,54882000,-0.03358176416213643,0.41374189108610154,0.049935088595289764,1.503262552037532,False
2011-09-20,0.4727309644222259,0.5009400881983228,0.4696979953331677,0.4966932589148204,72882000,-0.03288917899509658,0.4206804409623146,0.047864080722927936,1.0874652280740025,False
2011-09-21,0.4431567192077636,0.4925982970456634,0.442853715254537,0.4821336095440714,117186000,-0.06256041478181584,0.42358475625514985,0.04734911899166865,0.41335432146176915,False
2011-09-22,0.3987200260162353,0.411762646866857,0.376121756871267,0.4094877172138368,61854000,-0.1002730891025827,0.4242975801229477,0.04683367315651806,-0.5461359825703245,False
2011-09-23,0.4205593764781952,0.426929185156873,0.3837054930941668,0.3894683446837762,52566000,0.05477364826684328,0.42762657552957534,0.04384311684530881,-0.16119289776580592,False
2011-09-26,0.4198005199432373,0.4357250299769936,0.390985309387556,0.4357250299769936,98616000,-0.0018043980883570843,0.4295147716999054,0.042571088697815014,-0.22818894357208813,False
2011-09-27,0.4427018165588379,0.4698490283771512,0.4351190145128364,0.4423988125523146,75846000,0.05455280669661189,0.4304171472787857,0.04265383468113629,0.2880085547263839,False
2011-09-28,0.4044829308986664,0.4504365647823219,0.4035729697648255,0.4504365647823219,57690000,-0.0863309890102788,0.4294085785746574,0.04303405729516898,-0.5792074752567938,False
2011-09-29,0.3879514932632446,0.4240473712555567,0.3655060909584796,0.4201044681988542,82098000,-0.0408705445213543,0.4280284270644188,0.04393495813142395,-0.9121878227649811,False
2011-09-30,0.3489746749401092,0.3808237285608223,0.3488226983251506,0.368842118954919,47844000,-0.10046827760677712,0.42573834806680677,0.04685601119030532,-1.6382886886150534,False
2011-10-03,0.3101488649845123,0.3529175918678485,0.3093908531136007,0.3419979198039447,52956000,-0.11125681243849628,0.4228643402457237,0.05207952736659041,-2.1642952799437207,True
2011-10-04,0.3492776155471802,0.3498845727208989,0.296651166133328,0.3002910650628746,89970000,0.12616119218950494,0.4223107576370239,0.052832410770601614,-1.3823549034503408,False
2011-10-05,0.3821885287761688,0.3849184660160752,0.3357799211293633,0.3501875375321546,78738000,0.09422565822728224,0.4210822954773903,0.05349457642398663,-0.7270599993718568,False
2011-10-06,0.3953831493854522,0.3959901064385161,0.3662640179761828,0.3797616461318308,78432000,0.034523853061563026,0.4208169013261795,0.0536140978357573,-0.4743855248416496,False
2011-10-07,0.4016009867191314,0.4154025410618689,0.3882553349348625,0.4056958654780359,53652000,0.015726106040036436,0.421514530479908,0.053249327475421146,-0.37396798616786836,False
2011-10-10,0.4336020350456238,0.4405788009764289,0.4188904915673272,0.4188904915673272,30468000,0.07968368949469995,0.4220453634858131,0.05331763575361205,0.2167513881000949,False
2011-10-11,0.430720180273056,0.4376969467241011,0.4219243864891602,0.4266253009271925,30294000,-0.006646312839063584,0.4211505427956581,0.05299743957797375,0.1805679208958445,False
2011-10-12,0.4420948326587677,0.45650337333245,0.4420948326587677,0.4470997002883419,41778000,0.026408450095142477,0.41914100050926206,0.0512918566968115,0.4475141597073934,False
2011-10-13,0.4698490500450134,0.4734889492326125,0.4332990849852673,0.4346640539604438,45486000,0.06277887759811906,0.41742720305919645,0.04881572274277724,1.0738721879022737,False
2011-10-14,0.4865324199199676,0.4889584041627447,0.4613562162915687,0.4882003654447816,47322000,0.0355079357367134,0.41646418124437334,0.0471420111389358,1.4863226447656386,False
2011-10-17,0.4464936554431915,0.4768257850309471,0.4411848886818294,0.4750058626795428,36648000,-0.08229413465060009,0.41434849202632906,0.04460570798647669,0.7206513441420547,False
2011-10-18,0.4753088653087616,0.4792526629508732,0.4311751543078702,0.4472516403420159,52332000,0.06453666141564329,0.41447738707065584,0.04478664995141944,1.358250244304727,False
2011-10-19,0.4442186057567596,0.4742476961383856,0.440881738833266,0.4742476961383856,44826000,-0.06541064520605089,0.41453048139810555,0.04482305320896507,0.6623405197376449,False
2011-10-20,0.4228343963623047,0.4378489466546952,0.3970512301374926,0.4319341443571681,53466000,-0.04813893231244848,0.415736199915409,0.044699537994781685,0.15879798238013884,False
2011-10-21,0.4486165940761566,0.465906098871238,0.4395168746929686,0.4398198786646335,28434000,0.060974693486762765,0.41713906079530705,0.04529518514962363,0.6949421484175371,False
2011-10-24,0.4951770901679992,0.4971481208439862,0.4563513113599707,0.4587782174578528,81846000,0.10378683425147339,0.42090788930654516,0.04854742198893864,1.5298279047315022,False
2011-10-25,0.4684840738773346,0.495328282514958,0.4656031356681486,0.4844086393584217,63798000,-0.05390600013746283,0.42219700217247,0.04948975081946568,0.9352860125264277,False
2011-10-26,0.4750058352947235,0.4904753371056517,0.4455836685789033,0.4807686873746188,38490000,0.01392098852670176,0.42572314739227285,0.050659744124118,0.9728175448677059,False
2011-10-27,0.5355190634727478,0.544618783641556,0.5057929420987559,0.5129216853988713,55464000,0.12739470482605353,0.43310152590274803,0.05539400488326276,1.8488920919481149,False
2011-10-28,0.5397659540176392,0.5397659540176392,0.523689465301431,0.5274812869973994,25170000,0.007930418979580356,0.44264108985662454,0.056559855266097636,1.7172049628498949,False
2011-10-31,0.4986651241779327,0.523386377928369,0.498210170709627,0.523386377928369,29562000,-0.0761456507839754,0.4520669028162955,0.04844362491205347,0.961906163013884,False
2011-11-01,0.4508915245532989,0.4687879593730689,0.4414887740659771,0.4578682635547898,40368000,-0.09580296938429422,0.45714759826660145,0.041995228870211794,-0.14897105889426732,False
2011-11-02,0.4577163457870483,0.470152932821782,0.4464936187653867,0.4671190963681991,15834000,0.01513628192614802,0.46092398911714544,0.03811659710823378,-0.08415345475329049,False
2011-11-03,0.498816967010498,0.5013949274957418,0.443611676142157,0.47015284512616,44694000,0.08979496057274683,0.46609567999839774,0.035696065607012606,0.9166636842372917,False
2011-11-04,0.5162574648857117,0.5215662841378643,0.4856223685032382,0.4872903137176581,40914000,0.03496372222408106,0.47182850390672676,0.03395764133771663,1.308364162785294,False
2011-11-07,0.5139827728271484,0.518229656625706,0.4853186394474641,0.5088269040275688,44898000,-0.004406119452561863,0.475847540795803,0.03395195755577219,1.1232115841539174,False
2011-11-08,0.5221725106239319,0.5300592392695783,0.4976032312476379,0.5252063475984741,42258000,0.01593387605529273,0.48042015731334675,0.03371187573120412,1.2385057907631836,False
2011-11-09,0.4513465166091919,0.488200402797974,0.4501335243949949,0.488200402797974,41424000,-0.13563715548739175,0.48088274151086796,0.033218168088630984,-0.889158752609989,False
2011-11-10,0.463328093290329,0.4745507648643156,0.4428536995316705,0.4736408038613976,21204000,0.026546292571726138,0.48055669367313375,0.03336385084036131,-0.516385247771303,False
2011-11-11,0.510646641254425,0.5162575157846325,0.4762187451406804,0.4762187451406804,34920000,0.10212751751801386,0.48176240473985665,0.034020431301451666,0.8490261707333467,False
2011-11-14,0.4930531978607178,0.5182294527596998,0.4833474179213128,0.5032148532060592,29382000,-0.034453263709887993,0.48409038186073305,0.03305944642103436,0.2711121016921218,False
2011-11-15,0.5130727291107178,0.5217174956319705,0.4869874292583789,0.489868421474093,45540000,0.0406031871142134,0.48597857505083086,0.033605426335280304,0.8062434259744057,False
2011-11-16,0.5047318339347839,0.5285421999330049,0.4941151702510993,0.5004850057455082,36810000,-0.016256750169494794,0.48900423645973207,0.03234832302530779,0.48619514102005673,False
2011-11-17,0.4474035799503326,0.5035179438889991,0.4296590954802842,0.5004850296749966,73242000,-0.11358160934199901,0.49023269563913346,0.030090959206019532,-1.4233217158538818,False
2011-11-18,0.4340570569038391,0.4566544345944565,0.4272322668929836,0.4566544345944565,32286000,-0.02983106001962499,0.4895047187805176,0.03130247523819046,-1.7713507144326337,False
2011-11-21,0.4091847240924835,0.4178294624265095,0.3912882903408758,0.4157055872218377,39312000,-0.057301989256370534,0.4852051004767418,0.03603101409902464,-2.109859472046227,True
2011-11-22,0.3944731950759887,0.4170705435636211,0.3868903940754831,0.4046348790106707,28380000,-0.035953270369813994,0.4815045565366745,0.041259927660946334,-2.1093435300194043,True
2011-11-23,0.3573163151741028,0.3824916270435187,0.3570123891228502,0.3818855919344495,31662000,-0.09419367492061981,0.4756200805306435,0.04975370694403255,-2.3777879603949796,True
2011-11-25,0.3424528539180755,0.3673260591407473,0.3424528539180755,0.3536764505776679,22728000,-0.041597488345263556,0.4659667700529099,0.05587348950572228,-2.210599646227299,True
2011-11-28,0.3774867355823517,0.3847665052423842,0.3664159859047867,0.3820365950097847,23802000,0.1023027878537035,0.45785280913114546,0.05637317366425653,-1.4256084645408205,False
2011-11-29,0.368993878364563,0.3882552772295021,0.3661119921007977,0.380975481798182,23424000,-0.022498425553116985,0.45136924684047697,0.058835315383208575,-1.400100737786198,False
2011-11-30,0.4320851564407348,0.4334500981663588,0.399023090005996,0.399023090005996,51342000,0.17098190993249518,0.4504289284348488,0.058993423513255976,-0.3109460496048695,False
2011-12-01,0.4395168125629425,0.4434597145782358,0.4175255017306243,0.4329950279191349,24264000,0.017199517297528333,0.4495189517736435,0.059015458728215,-0.16948337649570797,False
2011-12-02,0.4366350173950195,0.4605982317190143,0.4354220251310383,0.4528634805654948,28338000,-0.006556734772257045,0.44640985429286956,0.05790920058024224,-0.1687959218899166,False
2011-12-05,0.4501335620880127,0.4633281891966391,0.4414888222936781,0.45771639121993,29232000,0.030914938461706676,0.4431036591529846,0.05555111135994076,0.1265483761337945,False
2011-12-06,0.4474035799503326,0.4546833496759642,0.4360289312792516,0.4481615915494204,16620000,-0.006064826903856457,0.43977469950914383,0.053017174283229516,0.14389451237883,False
2011-12-07,0.4631761908531189,0.4669680662691929,0.4307201867071217,0.4414888015591545,20436000,0.03525365376946077,0.43682488352060317,0.049730747051591015,0.5298795794315879,False
2011-12-08,0.4237443208694458,0.4668160661781192,0.4204074533149824,0.449829592247808,26226000,-0.08513362897830301,0.4354447737336159,0.049689523451076086,-0.23547122313801763,False
2011-12-09,0.4390618801116943,0.4443697515977209,0.4016010366791357,0.4147956356017965,35904000,0.03614811688996711,0.43423146307468413,0.04926730931147197,0.0980450750105279,False
2011-12-12,0.4038759171962738,0.4120656747312491,0.388710316251892,0.4120656747312491,28650000,-0.08013896106505403,0.4288929268717766,0.046243217370421245,-0.54098765393224,False
2011-12-13,0.3749088048934936,0.417374515509663,0.3692970074129609,0.4100947181458962,41736000,-0.07172280165619016,0.4229857072234154,0.04514893953146674,-1.0648511975882489,False
2011-12-14,0.3568612933158874,0.3811266140989132,0.3507945156516501,0.3730888326938045,31500000,-0.048138404172004545,0.41517513543367385,0.04215683377450995,-1.3832595310572353,False
2011-12-15,0.3559513688087463,0.3794586803987572,0.3507945516700905,0.3765767932506526,20004000,-0.002549798827119254,0.407736112177372,0.03848926370507065,-1.345433463353145,False
2011-12-16,0.3642920553684234,0.3787005651107613,0.3594391927240041,0.3676289492971869,18036000,0.023432095759571503,0.4035805359482764,0.03846772179865445,-1.0213362981435328,False
2011-12-19,0.3336570262908935,0.3689939959437204,0.3321401079669621,0.3680840347844963,36264000,-0.08409469442463535,0.3985605344176292,0.04076377219844795,-1.5921860177897578,False
2011-12-20,0.3776386678218841,0.3809755349861425,0.3535244031074628,0.3535244031074628,36492000,0.13181691996693012,0.3969832316040992,0.04094097854831856,-0.47249881336824046,False
2011-12-21,0.3665670454502105,0.3791556074278294,0.3510974917856811,0.377183681786977,24912000,-0.02931803153403667,0.39558792412281035,0.041502705810846974,-0.6992526898093248,False
2011-12-22,0.4026630222797394,0.4058479408092513,0.3709659491773976,0.3721789415394178,28410000,0.09847032699078695,0.3978552594780922,0.040529094145572965,0.11862497553926561,False
2011-12-23,0.4084258377552032,0.4093358260174755,0.3944732267864523,0.4038759778017556,15252000,0.014311757366834321,0.4011539086699486,0.03841205322511399,0.18931373031890333,False
2011-12-27,0.4073647260665893,0.4164644438285974,0.4019048791378057,0.4026628906390272,19536000,-0.00259805230356136,0.40264780819416046,0.038022178625679234,0.12405701206303706,False
2011-12-28,0.3874964416027069,0.407515856976423,0.3867384570786424,0.4031179466979609,23736000,-0.048772716910778,0.40357293635606767,0.03737990943338425,-0.4300838337238649,False
2011-12-29,0.3987200260162353,0.4002360220410009,0.3859804091116022,0.3950801277236828,13962000,0.028964354787638813,0.4019046798348427,0.03678017014636095,-0.08658616330306663,False
2011-12-30,0.3937152028083801,0.4034209846289193,0.3931082727927786,0.3988711248175922,15528000,-0.01255222432106129,0.3996145993471146,0.035725814812788366,-0.16512979674917608,False
2012-01-03,0.408122718334198,0.4276871214482222,0.404937800996012,0.4185874041150568,20838000,0.03659374955056016,0.39818898439407346,0.034725670932918444,0.2860631248655812,False
2012-01-04,0.4078198075294494,0.4107007726381003,0.3925013326069018,0.4059998581024686,19632000,-0.0007422052023591252,0.3960732966661453,0.032619467164890927,0.3601073801704253,False
2012-01-05,0.4254122972488403,0.4269292154915152,0.4040279399595186,0.4063028698550228,25092000,0.04313789912747312,0.39497373253107065,0.031134987318990417,0.9776321540109952,False
2012-01-06,0.4292041063308716,0.4307201294985771,0.4154025516367874,0.4252602819746129,19224000,0.008913256872340236,0.3932751283049583,0.02798570999511628,1.2838330002055747,False
2012-01-09,0.4530145227909088,0.4565033670168735,0.4337540133924003,0.4364839510141474,27516000,0.05547574244707221,0.39473863840103146,0.0303301011127423,1.9213877386447107,False
2012-01-10,0.4669679403305053,0.4756126502681043,0.4616591209207675,0.4698488775261003,20658000,0.030801258762374717,0.396133941411972,0.033000773936941064,2.1464344761697163,False
2012-01-11,0.4727309644222259,0.4768258171076572,0.4572614064401883,0.4581713676771047,16698000,0.012341369918546619,0.3995766937732696,0.03717815246738107,1.9676682619756194,False
2012-01-12,0.4886551797389984,0.4901721243923608,0.4671188830523567,0.4812234092726184,20850000,0.03368557703055308,0.4052640125155449,0.041638573606380604,2.002738326527949,False
2012-01-13,0.45680633187294,0.4756127551502367,0.4539244719857276,0.4753088562371685,24198000,-0.06517652771647597,0.4102612644433975,0.04152106779741662,1.1209988061154457,False
2012-01-17,0.4627212584018707,0.4775838872599741,0.4605983046493206,0.4750059257398621,17028000,0.012948433758960931,0.41559975892305373,0.04103174514664513,1.148415679382084,False
2012-01-18,0.5308172106742859,0.5349120629303954,0.4791006970883092,0.4791006970883092,50442000,0.14716408860833918,0.42392601668834684,0.04659146491880295,2.2942226472643252,False
2012-01-19,0.5634250640869141,0.5657000480045519,0.5434057046068391,0.5462866421847823,41148000,0.061429533098987354,0.4354144185781479,0.05125598989408127,2.4974767978005254,False
2012-01-20,0.5716148614883423,0.5744958535050253,0.554931446058488,0.5611501733900915,17694000,0.014535734960070767,0.4451132282614708,0.05769590817765231,2.1925581418591844,False
2012-01-23,0.5672160387039185,0.5793496483211662,0.5531115066955558,0.5751028198688047,22410000,-0.007695431103681205,0.45514567792415617,0.06068648126034219,1.846710477395874,False
2012-01-24,0.5711598992347717,0.5779846886404851,0.5549314374800373,0.5579652738405629,11994000,0.006953013070407854,0.46357052177190783,0.06458753410483174,1.6657916880405443,False
2012-01-25,0.5785909295082092,0.5838996973102493,0.5534155851588447,0.5767709525614239,29904000,0.01301042017024212,0.4720787763595581,0.06805585622779602,1.5650696215199251,False
2012-01-26,0.5606951117515564,0.5954251147843439,0.5526564095586034,0.5861743427047037,22794000,-0.030930000530537072,0.47974529564380647,0.06901175643755864,1.172985883658718,False
2012-01-27,0.5684298872947693,0.5728277697516151,0.5506854046218395,0.5537183727672733,9660000,0.013794975881009863,0.48879196792840957,0.06813612077893971,1.1688061846775275,False
2012-01-30,0.5485617518424988,0.555386597357385,0.5308173162196537,0.555386597357385,15960000,-0.03495265800822944,0.49628405421972277,0.06591259497507601,0.793136693260888,False
2012-01-31,0.5508367419242859,0.5655483182435229,0.5397660418229144,0.5631214109429077,17148000,0.004147190492494124,0.504140131175518,0.062309161657969944,0.7494341041706971,False
2012-02-01,0.5870842933654785,0.6005819472127387,0.5666099291408807,0.5693398118276705,39444000,0.06580452733520636,0.513088209927082,0.06062187772084972,1.2206168172343985,False
2012-02-02,0.5984591245651245,0.6105918136882394,0.5881454899762153,0.596032217917947,22602000,0.019375124370027752,0.5226201757788658,0.05813542183757621,1.3045222067562214,False
2012-02-03,0.6237863898277283,0.6325830782298048,0.6116537016916559,0.6189334989845616,26310000,0.04232079389049015,0.5325388804078102,0.05759771347744749,1.5842210377959927,False
2012-02-06,0.6039189696311951,0.6184785104283625,0.5942122655885647,0.6178715804023961,16218000,-0.03184971733996955,0.5412746235728264,0.054252437631325395,1.1546826058594972,False
2012-02-07,0.6045251488685608,0.6104399792477465,0.5854157427684884,0.5945154651245823,18906000,0.0010037426672255823,0.548850154876709,0.05180236880344062,1.0747576853696696,False
2012-02-08,0.6274263262748718,0.6404689774261765,0.6083169233760295,0.6083169233760295,28428000,0.03788291926179288,0.5568730741739273,0.050870524932324614,1.3869181062079614,False
2012-02-09,0.6328861117362976,0.6377390025979572,0.6177195870854819,0.6377390025979572,20448000,0.008701874997565584,0.5648808315396309,0.04951554754043155,1.3734126668222246,False
2012-02-10,0.593757152557373,0.616506502204837,0.5870843404879778,0.6128666040916989,28206000,-0.06182622505584112,0.5701359301805496,0.046484389119765955,0.5081538732490142,False
2012-02-13,0.5999748706817627,0.6142314287435119,0.5772255806032788,0.6119564997356635,18954000,0.010471820166896961,0.5772943571209908,0.03844139298461622,0.5900023854455121,False
2012-02-14,0.6086198687553406,0.6086198687553406,0.5914823131014355,0.5939092195652133,20418000,0.014408933600426277,0.5845892876386642,0.02797277407658618,0.8590703607330261,False
2012-02-15,0.6168096661567688,0.6392559353516921,0.6142317050100665,0.6215115028048926,32016000,0.013456342492033313,0.5888889104127883,0.02579680428193251,1.082333898371106,False
2012-02-16,0.6624601483345032,0.6657970156375997,0.6127146716642387,0.6127146716642387,32184000,0.0740106465292194,0.5938406646251678,0.02983987908829353,2.2995898712021066,False
2012-02-17,0.6469905972480774,0.6788396106139588,0.6410757696324084,0.67868763406168,18594000,-0.02335167047454545,0.5976094514131546,0.03159347303658268,1.5630173288559777,False
2012-02-21,0.621056318283081,0.6521473452872998,0.6127145851125084,0.6518433922018176,19566000,-0.040084475841388856,0.6003014653921127,0.03115822141771872,0.6661116054321926,False
2012-02-22,0.6116535067558289,0.6289429791373177,0.6051317503064632,0.613169529564134,12120000,-0.015140030381216363,0.6023261457681656,0.03047303538757314,0.3060857203436641,False
2012-02-23,0.615293562412262,0.6183264766259543,0.5884493590080928,0.61271467954595,14346000,0.0059511727084500254,0.6041612774133682,0.030070925868618953,0.3702009391906031,False
2012-02-24,0.6107437014579773,0.6287911627197619,0.6072548575542831,0.6187814827623142,8700000,-0.0073946181664031885,0.6066637068986893,0.028293321465736255,0.1442034497161788,False
2012-02-27,0.6113496422767639,0.624544265796861,0.5867804256013512,0.5987620028969777,16248000,0.000992136009491551,0.608809694647789,0.0268306153804537,0.0946660221153662,False
2012-02-28,0.642288863658905,0.6503275675813951,0.6154446584436687,0.6154446584436687,25620000,0.05060806327933465,0.6134960502386093,0.02376370306416671,1.211629910647739,False
2012-02-29,0.6125637292861938,0.6456257975492369,0.608771907891221,0.6445638597564722,17994000,-0.046280008971939846,0.6165823996067047,0.018657194659385326,-0.2153952077939696,False
2012-03-01,0.6131697297096252,0.6306111843112971,0.6054349246868133,0.6234833635389798,11220000,0.0009892855134232548,0.6178866714239121,0.017352707786804398,-0.2718274157692987,False
2012-03-02,0.5943642854690552,0.6227245167618856,0.5914823710500151,0.6084688738480237,15672000,-0.030669231257511087,0.6176819294691086,0.017616152220182167,-1.3236513688465563,False
2012-03-05,0.5499265193939209,0.5886003766905038,0.5441636681645764,0.5882973456333899,37602000,-0.07476520235408368,0.6139889359474182,0.023143732466354948,-2.768024416399889,True
2012-03-06,0.5332440733909607,0.5373389253104283,0.5154995885165242,0.5252062376444598,25242000,-0.030335772898070212,0.6104551911354065,0.029330778029708963,-2.6324265134132863,True
2012-03-07,0.5588752031326294,0.5650930621968387,0.5382488595177244,0.5424957420335139,33216000,0.04806641277544332,0.60817269384861,0.031511677151016965,-1.5644197698436242,False
2012-03-08,0.5826855301856995,0.5875393423263732,0.5660029849092216,0.57631574922916,18336000,0.0426040141334012,0.6059356540441513,0.03166064828671672,-0.7343540046274558,False
2012-03-09,0.6014921069145203,0.6030089981810494,0.5816246659928694,0.5820796194717426,25692000,0.03227568860827423,0.6043659538030625,0.031026029066531624,-0.0926269643588477,False
2012-03-12,0.5851123332977295,0.6020987744501647,0.5782875459429502,0.6020987744501647,16902000,-0.02723190118123786,0.6039337128400802,0.031241077637251966,-0.6024561559908571,False
2012-03-13,0.6230283975601196,0.6230283975601196,0.5957292370322611,0.5957292370322611,29352000,0.06480134173329222,0.6050863891839982,0.031511447381151005,0.5693806494859303,False
2012-03-14,0.6174165606498718,0.6472936804486848,0.61347363086388,0.6293981944028202,32916000,-0.00900735332807412,0.6055262237787247,0.0316245520593434,0.37598435699057386,False
2012-03-15,0.652298629283905,0.6554835206934942,0.6245444593461694,0.628184358487963,32976000,0.056496814075277735,0.6073006719350815,0.033245104179158276,1.3535213217058655,False
2012-03-16,0.6536634564399719,0.6603371910038167,0.6454736987072279,0.6529054177362212,17574000,0.0020923348521599827,0.6068608373403549,0.03252737547193526,1.438868596699371,False
2012-03-19,0.6694368124008179,0.6774745924012874,0.6475974797027212,0.6506303934170414,17856000,0.02413069876470053,0.6079831480979919,0.03432256917642177,1.7904739003350063,False
2012-03-20,0.6563933491706848,0.6618531692087256,0.6392557961657117,0.6541184196349513,16914000,-0.019484233595333578,0.6097499996423721,0.03590406870665182,1.2991104130677893,False
2012-03-21,0.662763237953186,0.6714080041379357,0.6506305496492606,0.661702222317325,10542000,0.009704377398931818,0.61230548620224,0.03781472193810117,1.3343414724439915,False
2012-03-22,0.6513885855674744,0.657000383046404,0.6354640762975646,0.649113655671773,12330000,-0.017162467279929428,0.6141102373600006,0.03881299852232724,0.9604604031309085,False
2012-03-23,0.6563933491706848,0.6566972480379264,0.6313690700390172,0.654877326104779,17070000,0.007683222755354935,0.616392719745636,0.03993077015297837,1.001749509759085,False
2012-03-26,0.6841474771499634,0.6841474771499634,0.6604881677650517,0.6732277833787897,19938000,0.04228276842589018,0.620032611489296,0.04267080844746244,1.5025463072631373,False
2012-03-27,0.6824796199798584,0.6984041292592451,0.6794467055487605,0.6794467055487605,11262000,-0.0024378620484767355,0.6220421493053436,0.044673483976716624,1.3528712178798095,False
2012-03-28,0.6579103469848633,0.6868775057405473,0.6439577364530669,0.6817216379703592,20256000,-0.036000009781567144,0.6243094801902771,0.04531326900683108,0.7415237861016113,False
2012-03-29,0.6600332856178284,0.6632182308054766,0.633189135026265,0.6457776985431058,13368000,0.0032267901587113013,0.6266526579856873,0.04591458958788793,0.727015703107728,False
2012-03-30,0.6676170229911804,0.6811146252829787,0.6521474677365325,0.6811146252829787,17772000,0.011489931702843181,0.6303152948617935,0.04612459283874815,0.8087166917612473,False
2012-04-02,0.6670099496841431,0.6736828158918573,0.6386488580978155,0.6627631217165437,16848000,-0.0009093137025137921,0.6361694663763047,0.04268661765838301,0.7224859920889466,False
2012-04-03,0.6362229585647583,0.6642801550127506,0.6281842549204781,0.6642801550127506,24684000,-0.04615671945218158,0.6413184106349945,0.035166471034803075,-0.14489517771610944,False
2012-04-04,0.5928472280502319,0.613624626246422,0.5770746968472429,0.6118047041972227,43110000,-0.06817693377865008,0.6430170118808747,0.03161595297666273,-1.5868502799101294,False
2012-04-05,0.5984591245651245,0.6036150469224983,0.5864775442121299,0.5905723966233928,13242000,0.009466007850536862,0.6438056915998459,0.030196617529603433,-1.5017101498293848,False
2012-04-09,0.5735859274864197,0.5782877640210797,0.5619082464972933,0.5711599429842709,20418000,-0.041562065072997534,0.6424103826284409,0.03278824931929704,-2.0990585520988936,True
2012-04-10,0.5435568690299988,0.5846575881264368,0.5382489698985726,0.570552999568774,19278000,-0.05235319943781547,0.6403326094150543,0.037577235856853776,-2.575382094460374,True
2012-04-11,0.5688849687576294,0.5808656799231737,0.5603912574917308,0.5611501640494512,15714000,0.046596963759890864,0.6376254379749298,0.04070928931987619,-1.688569620490477,False
2012-04-12,0.6001269817352295,0.6074067778877554,0.5711598279154483,0.5728277732825561,29892000,0.0549179793690604,0.6367609590291977,0.041339714257108064,-0.886169097979899,False
2012-04-13,0.5679749846458435,0.5996720239783958,0.5676710315171309,0.5926952582932734,13854000,-0.053575323336438774,0.6325447767972946,0.04389283285517769,-1.4710782592797333,False
2012-04-16,0.5688849687576294,0.5857194384240199,0.5537184446646393,0.5828375786376164,26910000,0.001602155264555094,0.6283058524131775,0.045798320858733504,-1.2974467740604259,False
2012-04-17,0.5952742099761963,0.6028570386832598,0.5805626924337779,0.5805626924337779,25710000,0.046387657730169174,0.6245977222919464,0.045292364076293404,-0.6474272852341227,False
2012-04-18,0.5804107189178467,0.5879944154827121,0.5628182090974307,0.5758608589537475,18018000,-0.02496915003077993,0.6207985907793045,0.04567011461058454,-0.8843391834207823,False
2012-04-19,0.5614532828330994,0.6020990487214791,0.5505336397867149,0.5734349179264535,19344000,-0.03266210541406389,0.6157330930233001,0.046383457018534524,-1.170240721137084,False
2012-04-20,0.5224763751029968,0.5620601983364765,0.5206563986590239,0.5619082217608241,40272000,-0.0694214619842004,0.6092874825000762,0.04998508198672466,-1.73674032224525,False
2012-04-23,0.503367006778717,0.5044280225820674,0.4874424949251499,0.5036700379254975,27534000,-0.036574607455720276,0.6016361653804779,0.053949777538260905,-1.821493305177559,False
2012-04-24,0.4912333786487579,0.5103427792986395,0.4856225031164197,0.5098878258537661,19170000,-0.02410493331219299,0.5919904604554176,0.05564022480483118,-1.8108676260760017,False
2012-04-25,0.5239923000335693,0.5274810892700577,0.5073097552674457,0.5153475355843294,29502000,0.06668708359135089,0.5840660944581032,0.05331160040170917,-1.1268428254239373,False
2012-04-26,0.5593302845954895,0.5625151757097361,0.5280872729529772,0.5280872729529772,28902000,0.06743989283746399,0.5791370913386344,0.05061380778618861,-0.39133208129323527,False
2012-04-27,0.5597853660583496,0.5650932112628191,0.5427988620477535,0.5584203970470409,29844000,0.000813618492317536,0.5741246953606606,0.0470169096050582,-0.3049823866085895,False
2012-04-30,0.550685465335846,0.5597852385929765,0.5505335430069062,0.5584202698924767,15000000,-0.016256053255874425,0.5682781174778938,0.04175501149058111,-0.4213303149495318,False
2012-05-01,0.5572063326835632,0.5708559106474526,0.5458316843803221,0.5505335202628835,19788000,0.01184136455052509,0.5627879366278649,0.034715313411110685,-0.16078218503178562,False
2012-05-02,0.5649411678314209,0.5687330432689645,0.5421918677961062,0.5459837432336497,15480000,0.013881455924245945,0.559223847091198,0.03013634454890636,0.18971513718077626,False
2012-05-03,0.5244474411010742,0.5685811315991751,0.5223244874393383,0.5673681391950193,26280000,-0.0716777764413693,0.5558038577437401,0.030000636937428552,-1.0451916973651267,False
2012-05-04,0.4906272888183594,0.5247512902385796,0.4891103977505956,0.5164095554958876,31662000,-0.06448721002758573,0.5504122659564018,0.03157935220297574,-1.8931666727605914,False
2012-05-07,0.4875935018062591,0.4982101674358478,0.4833475406563609,0.4833475406563609,21600000,-0.006183486082494416,0.5461126446723938,0.034018027652963266,-1.7202391468171205,False
2012-05-08,0.479100614786148,0.4824374819096599,0.4487685186679531,0.4783426303569832,33234000,-0.017417965966834537,0.5428898319602012,0.03717925824359962,-1.7157205438608902,False
2012-05-09,0.4750058352947235,0.4809206639537047,0.4443697542974902,0.4571093727386941,33318000,-0.008546804919572604,0.5381958752870559,0.039573697344332276,-1.5967686678986153,False
2012-05-10,0.4689390063285827,0.4845605381667631,0.4575643572670964,0.4845605381667631,21144000,-0.012772114604395424,0.5316364765167236,0.03964049671470803,-1.581651981794616,False
2012-05-11,0.4789487421512604,0.4959352446927838,0.4646931536912607,0.4663610994675272,23736000,0.021345496296087507,0.5271851643919945,0.04033754761409423,-1.1958194063309875,False
2012-05-14,0.464844137430191,0.4734888487065996,0.4580192940032854,0.4645411063547232,18600000,-0.02944909022564024,0.5219831228256225,0.041372214444137245,-1.3810956498976712,False
2012-05-15,0.4501335620880127,0.4760678085903223,0.4472516748044339,0.4630242360157424,18522000,-0.031646253351721554,0.5147260904312134,0.04056121298094515,-1.5924703330135863,False
2012-05-16,0.4293552339076996,0.4590813014801749,0.4276872610123056,0.4542284373265893,32856000,-0.046160362013287104,0.507173316180706,0.04173339740340182,-1.8646476710439892,False
2012-05-17,0.3982651233673095,0.4336020942688,0.3982651233673095,0.431934121357203,27282000,-0.07241116000247394,0.4990139082074164,0.04626867397140909,-2.1774729248208593,True
2012-05-18,0.3762737810611725,0.4075158702099141,0.3738468745401965,0.4061509013976025,48906000,-0.055217846142794125,0.4917037785053252,0.053371047327672456,-2.162783067296174,True
2012-05-21,0.4047859013080597,0.4064547688009891,0.3761217502198851,0.3779416993339772,43740000,0.07577493219558629,0.4867747232317924,0.05668643202052352,-1.4463570734889144,False
2012-05-22,0.3969001770019531,0.4055449172882288,0.3885584407381093,0.4055449172882288,29538000,-0.01948122274176045,0.4820580631494521,0.06011668335494543,-1.4165433186775025,False
2012-05-23,0.4016009867191314,0.4026629242828997,0.3730888119660567,0.3827954875498898,27300000,0.011843808568407832,0.47593849748373024,0.06182836003183424,-1.2023205973168924,False
2012-05-24,0.3858284652233124,0.4040279311079291,0.3776387069312,0.4022079818075371,28086000,-0.0392741104165909,0.4672634065151214,0.0616836836185457,-1.3202023049629437,False
2012-05-25,0.3997811079025268,0.4040279639676056,0.3850704849049507,0.3853735160205466,21594000,0.03616281310695624,0.45926319360733026,0.05938551088892097,-1.0016262353297445,False
2012-05-29,0.4232893288135528,0.4289002315140794,0.4107007647146879,0.4119146790134983,18396000,0.05880273091033028,0.4528933867812156,0.05578659411089584,-0.5306661652226721,False
2012-05-30,0.4003880321979522,0.4119146579909971,0.3961412036008536,0.4116107319632848,22146000,-0.0541031749602362,0.445052471756935,0.051184269878090716,-0.8726204293890162,False
2012-05-31,0.3870415091514587,0.4005400626321505,0.375211877796268,0.397961179294445,21192000,-0.03333397098116808,0.4361574888229369,0.04423996650098809,-1.1102173793549606,False
2012-06-01,0.3416948020458221,0.3686909848599006,0.3412398214749586,0.3676290471360005,45294000,-0.11716238706554682,0.4270198568701743,0.04391647290143977,-1.942894071111865,False
2012-06-04,0.3369929492473602,0.3535244425369629,0.3278932297921802,0.3429077777409485,27960000,-0.01376038725292461,0.4193381398916244,0.04560888557949613,-1.8054637730785337,False
2012-06-05,0.3597423136234283,0.3630791815180734,0.338206899801789,0.338206899801789,36054000,0.06750694466123552,0.4129455804824829,0.044484657434819136,-1.1959913805565523,False
2012-06-06,0.3961411714553833,0.3978100389824355,0.3691459144274739,0.3702069299484267,41736000,0.10118036286956422,0.4087976083159447,0.04177672251128574,-0.3029542793152893,False
2012-06-07,0.3800656199455261,0.4147956304150378,0.3783967251335002,0.4099427666678534,32898000,-0.0405803604073699,0.4040505975484848,0.03917028408012161,-0.612325852779065,False
2012-06-08,0.3967481553554535,0.3981131241843664,0.37157194911844,0.372936917947353,22326000,0.04389382920854157,0.40044105499982835,0.03608043358298626,-0.10235186436662576,False
2012-06-11,0.374150812625885,0.4147956539506831,0.3727858437696311,0.4129757316347511,29760000,-0.05695639015466403,0.3952011585235595,0.03138281935588879,-0.670760190757831,False
2012-06-12,0.3996300399303436,0.3999330710357462,0.3783967366141706,0.3796106509098598,36006000,0.06809881589094746,0.39194045364856717,0.026822586925017686,0.28668324585069216,False
2012-06-13,0.3859803974628448,0.4034209276517028,0.3815815927940927,0.3940181782581048,21486000,-0.034155696778645384,0.38873279541730876,0.023070686790786856,-0.11930281830895142,False
2012-06-14,0.3847664594650268,0.3908332634114262,0.3706618752226277,0.3873453148822446,21318000,-0.003145076811665981,0.3865033566951751,0.021000020755176395,-0.08270931016676106,False
2012-06-15,0.4020560681819916,0.4035730137482375,0.3850705138758187,0.3858285256307197,16392000,0.04493533230782121,0.3866929039359092,0.021128486232238536,0.7271303810985164,False
2012-06-18,0.420862466096878,0.4264742639571955,0.3946252161335541,0.3946252161335541,31980000,0.04677556043346098,0.3889223381876945,0.022291654083729903,1.432828976674986,False
2012-06-19,0.433754026889801,0.440426867452675,0.4229854119491263,0.4310241163024096,23340000,0.030631291292095186,0.39037074446678155,0.02423319716944156,1.7902417959825159,False
2012-06-20,0.4484646022319793,0.4533184149055652,0.4345119925413258,0.4370899533903093,39066000,0.033914556246680494,0.39294896572828286,0.02748877989227616,2.019574412587709,False
2012-06-21,0.3923501968383789,0.4443696772270516,0.3912882593202316,0.4437636422477871,48192000,-0.12512560660155259,0.39248642623424523,0.027413259930802077,-0.004969470840396381,False
2012-06-22,0.4085777997970581,0.4131276595885847,0.3973550997759099,0.3988711230817412,21888000,0.041359996985967706,0.39362389296293254,0.027593836866970037,0.5419292324665971,False
2012-06-25,0.369145929813385,0.3985680671687812,0.3673259805862259,0.3982650632093264,41736000,-0.09651006492095027,0.39209213405847543,0.02808006457584484,-0.8171706365956618,False
2012-06-26,0.3724818825721741,0.379458648541399,0.3606522530383225,0.3741507773214185,24744000,0.009036948505636966,0.3895517617464065,0.02739913336910295,-0.6230079960660919,False
2012-06-27,0.387800395488739,0.3912883175553948,0.3746057696913085,0.378396722852346,23748000,0.04112552484642462,0.38892237991094586,0.02728143553750446,-0.04112629706249973,False
2012-06-28,0.3800656199455261,0.3841604991626381,0.3647471458226623,0.375211834142026,30120000,-0.019945249239534335,0.38857358545064924,0.02735125239652869,-0.3110631053297915,False
2012-06-29,0.4276871979236603,0.4284452095247003,0.4061508655288014,0.4085777718354477,48804000,0.1252983050267995,0.3928732052445411,0.026334137225927253,1.3220099971546848,False
2012-07-02,0.4260192811489105,0.438909954742044,0.4184355572767441,0.4360289895896466,17688000,-0.003899852001292503,0.3973245218396187,0.023792993035545586,1.2060172197093169,False
2012-07-03,0.445431649684906,0.445431649684906,0.4267772314761487,0.4307201338156913,18162000,0.045566877826851426,0.40160898864269257,0.024377258700839892,1.7976861787459135,False
2012-07-05,0.4332990050315857,0.4395168644240726,0.4204074378942696,0.435724989338036,17106000,-0.027237949216008417,0.4034668803215027,0.025335734050542406,1.1774722867934564,False
2012-07-06,0.4016009867191314,0.4229853415181655,0.3905302645654426,0.4214693455083538,30462000,-0.07315506831164686,0.40454364866018294,0.024739445328807348,-0.11894615671213146,False
2012-07-09,0.3876484036445617,0.4029659821347375,0.3815816259140524,0.3970511538542858,25698000,-0.034742402374443704,0.40408866107463837,0.02497293509990545,-0.6583229950467016,False
2012-07-10,0.3605011403560638,0.3921982029842403,0.3533723989665388,0.3788516303058984,48462000,-0.07003063351549232,0.4034061774611473,0.025999578718829543,-1.6502204735344668,False
2012-07-11,0.3492776155471802,0.3667190713709201,0.3442727748585327,0.3636861296150923,34476000,-0.03113311874075697,0.40088855624198916,0.02868380933900844,-1.7993056669994272,False
2012-07-12,0.3335049748420715,0.3423016889423677,0.3241022257694773,0.3418467084648877,49020000,-0.04515789161123074,0.3982647851109505,0.03229230622957545,-2.0054253731053637,True
2012-07-13,0.3419978022575378,0.3453346696536055,0.3339600208130877,0.3359319195005725,30048000,0.025465369503072655,0.396126352250576,0.034569060134510846,-1.5658091305467932,False
2012-07-16,0.3306230902671814,0.3372968514513278,0.323192266730729,0.3372968514513278,27762000,-0.03325960551580032,0.3925547033548355,0.03749088361878908,-1.6519112677466,False
2012-07-17,0.3260732591152191,0.3374479348083072,0.3096937705928265,0.3366899232157032,49782000,-0.013761383538837269,0.38781524300575254,0.03965307716508863,-1.5570540372814323,False
2012-07-18,0.3591362237930298,0.3659610130776218,0.320917371256152,0.3219783868247823,82602000,0.10139735091287494,0.384084352850914,0.03859962332503557,-0.6463308941593473,False
2012-07-19,0.3820365965366363,0.3902263543864677,0.3746057452190401,0.3746057452190401,54054000,0.06376514321430293,0.38076295256614684,0.03550198681940537,0.03587528712036151,False
2012-07-20,0.3629272580146789,0.3827955952759332,0.3624722773843827,0.3806717195506973,30600000,-0.050019654387023826,0.37929180562496184,0.035606025952326446,-0.45960050785206225,False
2012-07-23,0.3521595299243927,0.3580743593611272,0.3269833208333512,0.3397229409497145,36108000,-0.029669108209697148,0.37647089213132856,0.03539798720824728,-0.6868006947375703,False
2012-07-24,0.34882253408432,0.3576192477459316,0.3382067935403652,0.3548893107785933,30174000,-0.009475807287649185,0.3754547223448753,0.03590737871579264,-0.7416912404369422,False
2012-07-25,0.3673259913921356,0.3814305779780674,0.3561023968025926,0.3562543462552704,43992000,0.05304547585031538,0.37519692778587344,0.03594833017748687,-0.2189513770146435,False
2012-07-26,0.3931082189083099,0.4011459997370254,0.3821885243147542,0.3902263322627696,42372000,0.07018895509806344,0.37546231895685195,0.03606567453272278,0.4892713135157812,False
2012-07-27,0.4204074740409851,0.4238953962867479,0.3929563104795983,0.3988711392967555,44328000,0.06944463081562446,0.3774794116616249,0.037438671279600017,1.146623555594808,False
2012-07-30,0.4093357920646667,0.4302651678099593,0.4022079716173122,0.4208624175745775,21042000,-0.026335597390542698,0.3765618413686752,0.03635251131747513,0.9015594661334062,False
2012-07-31,0.4190424680709839,0.4336020349772774,0.4170705422481003,0.4225303900076987,64002000,0.023713235427953228,0.3762130007147789,0.03588338422256849,1.193573802586541,False
2012-08-01,0.4182844161987304,0.4308720831900058,0.4094877018624212,0.4260191930006078,20508000,-0.001809009658956695,0.3748556390404701,0.03356585202671012,1.2938380686330189,False
2012-08-02,0.414340615272522,0.4337539669918621,0.4009949631090062,0.4058478535703724,21774000,-0.009428515080836086,0.3739077195525169,0.03206254358024114,1.261063259651123,False
2012-08-03,0.4398198127746582,0.4474035348684884,0.4246542126993208,0.4337539307192683,25608000,0.06149336213486567,0.37581866085529325,0.034820275679228546,1.8380426539110881,False
2012-08-06,0.4475547075271606,0.4545314744350022,0.4442187345731274,0.4481616647154138,15390000,0.017586508219595176,0.3788139760494232,0.03829474313557686,1.7950435451250066,False
2012-08-07,0.474550724029541,0.4853184412948141,0.4561993120369149,0.4561993120369149,31686000,0.060318919784219105,0.384516455233097,0.04355459929212167,2.067158698730808,False
2012-08-08,0.4809206128120422,0.4818305738385173,0.4677259880930456,0.4701528943414589,15552000,0.013422988228555699,0.39109860509634015,0.047698919280541686,1.8831036231117306,False
2012-08-09,0.489717423915863,0.4924473619219613,0.4777357882730284,0.4783427726214797,14832000,0.018291607532445076,0.3989092275500297,0.05048036607763664,1.7988814943650397,False
2012-08-10,0.4960875213146209,0.4977554680996587,0.4850158411220168,0.488352710987687,13224000,0.013007700130049704,0.4066137135028839,0.05303157361497602,1.6871799517272816,False
2012-08-13,0.4865324199199676,0.4960871464937434,0.4684839823277104,0.4960871464937434,17268000,-0.019260918656717085,0.41440917998552323,0.052731518120980383,1.3677444250509556,False
2012-08-14,0.4731858074665069,0.4962381895797255,0.4671190571253217,0.4951771198102548,21054000,-0.027432113271416037,0.42176480740308764,0.04994786702755061,1.029493412302393,False
2012-08-15,0.4812236130237579,0.4878974021363892,0.4621142135849237,0.4621142135849237,13752000,0.01698657362587941,0.427869176864624,0.049347715001657605,1.0811936511617952,False
2012-08-16,0.5062478184700012,0.5065517173260614,0.479858625978715,0.4810724857678685,14346000,0.05200120020920074,0.4340797379612923,0.05106234950347491,1.4133325475710383,False
2012-08-17,0.4960875213146209,0.5032152927361784,0.4888077189734987,0.5032152927361784,16194000,-0.020069809260782723,0.44073775112628927,0.04996610124938928,1.1077464281647984,False
2012-08-20,0.4830434918403625,0.4930531700734043,0.4730338136073207,0.4924471622657339,60024000,-0.02629380686636107,0.44728194922208775,0.046181995841939535,0.7743611328681121,False
2012-08-21,0.4841055870056152,0.5033669654004549,0.4789487425499022,0.4885034705720617,14460000,0.0021987568059476104,0.45404610186815253,0.040567946063824044,0.7409664046134151,False
2012-08-22,0.4739438891410827,0.4807686788016065,0.4645411384972825,0.4766737724621281,16560000,-0.020990664304013973,0.4593769967555999,0.035226023783467855,0.41352644496649915,False
2012-08-23,0.4643891453742981,0.4715178879335698,0.4558963561401188,0.4698489660604573,12726000,-0.02016007376759399,0.4629410430788993,0.03158622657257384,0.04584600481072352,False
2012-08-24,0.4719728529453277,0.4753088526609328,0.4549864062420275,0.4595362659653593,11352000,0.016330501361992766,0.46551931202411645,0.029996161291307298,0.2151455600780974,False
2012-08-27,0.4677259624004364,0.4772806882500807,0.4602942437953398,0.4768256806425361,7974000,-0.008998166988607004,0.4684388205409049,0.026924294393652976,-0.026476390803264836,False
2012-08-28,0.4665129482746124,0.4722757991521636,0.4595361833689156,0.4619630893690664,10518000,-0.002593429108785461,0.47081234455108634,0.024305589529810493,-0.17688919954814328,False
2012-08-29,0.4674230515956878,0.4730339818736745,0.4565034085914446,0.4648442225011857,8772000,0.001950864010187514,0.4732692763209342,0.020971215536833964,-0.27877376563976614,False
2012-08-30,0.4442186057567596,0.4595361819852755,0.4416397503362939,0.4595361819852755,13566000,-0.049643349337849196,0.4747631758451461,0.017294302974733018,-1.766163697548964,False
2012-08-31,0.4616592228412628,0.4672710202798596,0.4420948150311215,0.4536214410037527,18720000,0.039261338580791394,0.4758551463484763,0.015575946980258272,-0.9114003485763087,False
2012-09-04,0.4510434865951538,0.4615081472917343,0.4345119939458131,0.4604462096602301,33096000,-0.022994745303202002,0.476029585301876,0.015258625525412912,-1.637506514928778,False
2012-09-05,0.4410338699817657,0.4574133894295869,0.4358770522699847,0.4486166724806661,15120000,-0.022192132046843005,0.4743537425994872,0.017152614486015093,-1.9425535765925332,False
2012-09-06,0.4880484342575073,0.4901723094420481,0.452256462030486,0.452256462030486,33888000,0.10660080206013522,0.47471013367176046,0.01736892566095983,0.7679404498648637,False
2012-09-07,0.4789487421512604,0.4844086177242993,0.4687880061324286,0.4812236722271562,13488000,-0.01864505952178863,0.47417169958353034,0.017043073619705622,0.2802923154780429,False
2012-09-10,0.4539244472980499,0.4730339006313988,0.4510434825045348,0.471365900851764,19014000,-0.05224837785523895,0.4720635458827018,0.016795398104311646,-1.0800040863571583,False
2012-09-11,0.4616592228412628,0.4677260279511725,0.4508915305723919,0.4586263084337679,15582000,0.0170397862226932,0.47081988602876657,0.016587234117271792,-0.552271893115985,False
2012-09-12,0.4645411670207977,0.4751578325762436,0.4575644003555144,0.4656031047693932,18390000,0.0062425790213787025,0.4703876540064811,0.016634900874955335,-0.3514590817000649,False
2012-09-13,0.4774328768253326,0.4819827379669065,0.4522566368052976,0.4619633164008073,30066000,0.02775149054541748,0.4701981171965599,0.016526179053357584,0.4377757015347605,False
2012-09-14,0.4957831501960754,0.511404625890611,0.4844085025217279,0.4856224165936806,22680000,0.038435294805758025,0.4696748837828636,0.015455734373648526,1.6892284625262097,False
2012-09-17,0.4821336269378662,0.5026079950427843,0.4757637909842845,0.5026079950427843,13680000,-0.027531236696549666,0.46897718906402586,0.014485150430247826,0.908270710559356,False
2012-09-18,0.4754608273506164,0.4807687264192651,0.4704560136470289,0.4784937963071038,8472000,-0.013840145582937669,0.46859805583953856,0.01419390886473717,0.4835011677528419,False
2012-09-19,0.4663611650466919,0.47637090217908,0.464086234650898,0.47606787101485,11808000,-0.01913861622340174,0.4677108347415924,0.013720232582746043,-0.09837075915154737,False
2012-09-20,0.4542284309864044,0.4627211939902135,0.4458867225130832,0.4604462639463145,18546000,-0.026015746956702057,0.4667250618338585,0.013955078569479772,-0.8954898236678233,False
2012-09-21,0.4546832740306854,0.4698488731110701,0.4543793480681916,0.4616591165826941,10662000,0.0010013530929653403,0.46623976826667785,0.014207074017415952,-0.8134323944413692,False
2012-09-24,0.4342090189456939,0.4452797425439616,0.4292041514099101,0.4428537580937797,20208000,-0.045029708050377426,0.4643515765666962,0.015822657596331,-1.9050249578801353,False
2012-09-25,0.4009949564933777,0.4440666976671273,0.4009949564933777,0.4395168383517361,29880000,-0.07649325786222394,0.4610150262713432,0.021196818088789336,-2.8315603562078597,True
2012-09-26,0.3940182030200958,0.3967481132690327,0.377486737841453,0.3928052109016963,29124000,-0.01739860654181835,0.4573902890086174,0.02588676721458916,-2.4480494402099997,True
2012-09-27,0.4204074740409851,0.4235923651768053,0.3959901742079306,0.4029660186994562,22788000,0.06697475095977579,0.4550395101308823,0.027036932509347952,-1.2809158760123116,False
2012-09-28,0.4088808298110962,0.4185875065006892,0.4075158610295341,0.4154025883834789,18846000,-0.027417790932910968,0.4532726213335991,0.02887360162732575,-1.5374525178906273,False
2012-10-01,0.4053928852081299,0.4232893205520479,0.4025110252742644,0.4158575736676583,17454000,-0.008530467433696343,0.45045930445194243,0.03069703530756207,-1.468103313309564,False
2012-10-02,0.4126727283000946,0.4155546156721748,0.4026630192921481,0.4150996350625652,12186000,0.017957500877765042,0.4485407665371895,0.03183652310980066,-1.1266317654534692,False
2012-10-03,0.4058479070663452,0.417374533625415,0.4031179693767904,0.417374533625415,11076000,-0.01653809608854595,0.44678146839141847,0.03321551953790473,-1.2323625189231464,False
2012-10-04,0.4152505993843078,0.4163125369679272,0.4006910332048484,0.4096396973914052,13104000,0.023168019729187694,0.4431415766477585,0.03243487484314973,-0.85990704136604,False
2012-10-05,0.4135826528072357,0.4334500924644601,0.4103977617033713,0.4214694075428669,21108000,-0.004016722864567002,0.4398732721805573,0.0319261826316278,-0.8234814564794428,False
2012-10-08,0.3997811079025268,0.407515886278438,0.3952312478411573,0.4064548434649705,13800000,-0.03337070549509147,0.4371661052107811,0.032951090282578505,-1.134560252412043,False
2012-10-09,0.3809755742549896,0.396596184258367,0.377335702775286,0.396596184258367,26988000,-0.0470395755972598,0.43313192278146745,0.03468784336256843,-1.503591560343576,False
2012-10-10,0.3652021586894989,0.380823665290787,0.3645961235627622,0.3780937274916275,33456000,-0.04140269516316408,0.4281649723649025,0.03698946035011923,-1.7021825427956163,False
2012-10-11,0.3674770593643188,0.3791556620411672,0.3670220788073093,0.3782456738078444,24282000,0.006229154512621626,0.4226671814918518,0.037449872213706575,-1.4737065539928205,False
2012-10-12,0.3612592220306396,0.3715719337250882,0.3609561909358607,0.3661120857549294,20214000,-0.01692034148862287,0.41594098508358,0.035664757697507064,-1.5332156050723045,False
2012-10-15,0.3770318031311035,0.3791557058791018,0.3664160589747522,0.3664160589747522,23754000,0.043660009595896776,0.4106858938932419,0.033045154774228445,-1.0184273910069512,False
2012-10-16,0.4012980759143829,0.4026630177379435,0.3799136890328938,0.3799136890328938,25398000,0.06436134188616816,0.4069777563214302,0.029348178697160412,-0.1935275256994685,False
2012-10-17,0.3985680639743805,0.4059998102716613,0.3888613879412091,0.3909852631670633,19134000,-0.00680295297649236,0.40358810126781464,0.025833000854536506,-0.19432652527290803,False
2012-10-18,0.3885583877563476,0.3985680956616463,0.3821885785655764,0.3937152047277192,17580000,-0.025114094988494373,0.4003045991063118,0.0230849190862968,-0.5088261867435664,False
2012-10-19,0.355192482471466,0.3859805178919783,0.3545864472893902,0.3856765918041132,56556000,-0.08587102051134787,0.3953300595283508,0.021408923613749253,-1.874805935180582,False
2012-10-22,0.3545863628387451,0.3645960700206589,0.3495814956881373,0.3601972379077895,23040000,-0.0017064540006687112,0.39134892672300337,0.021200776006118364,-1.7340197299216258,False
2012-10-23,0.3579223752021789,0.3605012585723909,0.3397229337742363,0.3436667589799598,41184000,0.009408180102377095,0.38919529765844346,0.022327126827742023,-1.4006693605290566,False
2012-10-24,0.341391772031784,0.3694489412552222,0.341087818890609,0.3694489412552222,38772000,-0.04618488341517424,0.3865639761090279,0.02470345260286961,-1.828578571725499,False
2012-10-25,0.355192482471466,0.3586813272427412,0.3447277922706033,0.3586813272427412,27804000,0.040424847844303446,0.38330322653055193,0.02430192687189616,-1.1567290201829408,False
2012-10-26,0.3601972758769989,0.367477073547335,0.3518564896497756,0.354889404207658,28536000,0.014090369736175168,0.38086904883384703,0.02404191087170545,-0.8598223771462534,False
2012-10-31,0.3597423136234283,0.3682359989229892,0.3564063677851892,0.3639891698328618,17892000,-0.0012630918778130384,0.378586520254612,0.02375641491730021,-0.7932260274449371,False
2012-11-01,0.3964451253414154,0.3973550864214169,0.3608042056213478,0.3639891236399583,59682000,0.10202528401039568,0.377775140106678,0.022788352503408854,0.8192775336411264,False
2012-11-02,0.3743017613887787,0.4005399255781793,0.3741507069029445,0.3978099886370637,29826000,-0.055854801931457754,0.37619783282279967,0.021813922806756404,-0.08692024129808128,False
2012-11-05,0.3929562866687774,0.3961412047309152,0.3708139181656636,0.3738468596538601,21156000,0.04983819795767053,0.37508311718702314,0.020225014106286958,0.8837160452806995,False
2012-11-06,0.4085777997970581,0.4129757101309164,0.3929562945050352,0.3967481426436461,36810000,0.039753819084330067,0.37483287453651426,0.01974895041699139,1.708694616576218,False
2012-11-07,0.3777906596660614,0.3964451049188464,0.3694489253266913,0.3914402378787521,49578000,-0.07535196514908249,0.37373335212469094,0.018879890391893583,0.21490101145462875,False
2012-11-08,0.3639891743659973,0.3849185533158057,0.3639891743659973,0.3837055609793207,29484000,-0.03653209772910626,0.37288403213024135,0.01891897862595483,-0.470155283755183,False
2012-11-09,0.3665670454502105,0.3802166229102426,0.3620171591775668,0.3626241162246962,39966000,0.007082274050329573,0.37295227646827694,0.018892253060169235,-0.33798144656067985,False
2012-11-12,0.366871029138565,0.3759707488763298,0.3591362510898827,0.3752118422734949,20754000,0.0008292717311266795,0.37292197495698926,0.01890198053006188,-0.3201223178068969,False
2012-11-13,0.3589842617511749,0.367932031710663,0.3565573824427391,0.3601972539368929,25692000,-0.021497383987797214,0.372808226943016,0.01898253180744245,-0.7282466497130353,False
2012-11-14,0.341391772031784,0.3692969918039371,0.3389648656609994,0.3661120738120797,41352000,-0.049006298029814266,0.37102622538805,0.02019905966431106,-1.4671204426721902,False
2012-11-15,0.3274382948875427,0.3459416895269123,0.3257703219149701,0.3430598021376532,44232000,-0.040872329936944674,0.367333236336708,0.021104748285244744,-1.8903301242904462,False
2012-11-16,0.3278931975364685,0.3335049943846443,0.3104526669210466,0.3335049943846443,43050000,0.0013892774792332307,0.3637994930148124,0.021512484709552263,-1.6690910400694114,False
2012-11-19,0.3465476930141449,0.3476096307377787,0.3360830042903863,0.3421497825308725,43926000,0.05689198683544405,0.36169895827770226,0.021012940599344627,-0.7210445007411252,False
2012-11-20,0.3442727327346802,0.3450316392835885,0.3330500333201904,0.3421497524113458,28992000,-0.006564638360965436,0.361152970790863,0.02133036733533174,-0.7913711841343822,False
2012-11-21,0.3459416329860687,0.349429554957168,0.3415428278827654,0.3457896564148864,13506000,0.004847610898870425,0.36072073429822915,0.02155682177122032,-0.6855881385952466,False
2012-11-23,0.363686054944992,0.3688419762253273,0.3518564265317206,0.3526144109614774,39354000,0.05129310920388086,0.36100891828536985,0.02155596882212222,0.12419468044853994,False
2012-11-26,0.3697519600391388,0.3715719092426106,0.3603492100662689,0.3630791203118259,27870000,0.016678959810719984,0.3624269276857376,0.021126099328765885,0.34672905013881283,False
2012-11-27,0.365354061126709,0.3767287372138618,0.364292123486857,0.3715719205217233,26604000,-0.011894186881292734,0.3629350066184997,0.021065058887463,0.11483730100792641,False
2012-11-28,0.3780935704708099,0.3791555349256445,0.350036409369247,0.3603491177420055,30288000,0.03486894139020591,0.36382982134819025,0.021321190883541178,0.66899401635349,False
2012-11-29,0.3812786936759949,0.3881034847907428,0.3739989219107922,0.3835536240475775,28662000,0.008424166539565459,0.36490664035081866,0.021645268202954968,0.7563802477134997,False
2012-11-30,0.3797616958618164,0.3859804504760457,0.375818766081422,0.3809755830076032,17814000,-0.0039787112139750835,0.3640724688768387,0.020665143388084665,0.7592121037023134,False
2012-12-03,0.3747567534446716,0.3900752517018851,0.3730887810139814,0.3868903342117187,20892000,-0.013179165965611195,0.36409521847963333,0.02067724408275021,0.5156168260320787,False
2012-12-04,0.3811266720294952,0.3844635670357345,0.3689940097938391,0.376425757289591,11244000,0.016997475098908588,0.3635037377476692,0.01996514357069645,0.8826850765897718,False
2012-12-05,0.3787005841732025,0.3853734231912131,0.3721788267677148,0.3779416777210678,11466000,-0.006365568285666701,0.36200987696647646,0.01736325956111937,0.9612657777748523,False
2012-12-06,0.3921982944011688,0.3931082826578526,0.3791556717747872,0.3805206134808564,22764000,0.035642169017074954,0.36273025870323183,0.01832470480384907,1.6081042512481447,False
2012-12-07,0.3947762548923492,0.3982650991502668,0.3868904222338544,0.3964451497588687,12366000,0.006573104799235674,0.3642696127295494,0.019679096715946788,1.5502054084666907,False
2012-12-10,0.4020560681819916,0.4055449128116827,0.3931083239720522,0.3931083239720522,10578000,0.018440352476689625,0.36604406386613847,0.021420151094590664,1.6812208353164884,False
2012-12-11,0.4263222217559814,0.4290521590916413,0.4075158270744398,0.4078197530829507,43932000,0.060355148185465834,0.36901662349700926,0.025312452538992485,2.263929114363609,False
2012-12-12,0.4213173985481262,0.4346639733262515,0.4182844571399152,0.4346639733262515,21654000,-0.01173953163229624,0.37213328033685683,0.027733825640824203,1.7734343198173983,False
2012-12-13,0.4094877541065216,0.4313271187101474,0.4044829138428277,0.4187394501128865,27486000,-0.028077749654702,0.3755380794405937,0.027940349852610097,1.2150769351499886,False
2012-12-14,0.4009949564933777,0.409942725682393,0.3946251480279699,0.4038759211635965,18882000,-0.020740052731673786,0.3792159125208855,0.026053117845278747,0.8359477012245164,False
2012-12-17,0.4056959450244903,0.4111557934799977,0.3955351818830513,0.4028149798237278,17166000,0.011723310867103764,0.38310604989528657,0.023687706907221034,0.9536547888608566,False
2012-12-18,0.4245023429393768,0.427990265098831,0.4055448646994896,0.4158575766547974,29934000,0.04635589323859568,0.38700378239154815,0.023768992361368164,1.5776251671810533,False
2012-12-19,0.4278392493724823,0.4393649546004505,0.4263223038486431,0.4263223038486431,24540000,0.007860749153938196,0.39118210822343824,0.023200226386424126,1.5800337694331466,False
2012-12-20,0.4270803332328796,0.4295072400645935,0.4158576315517123,0.4272323098323312,15660000,-0.001773834777234251,0.3952390432357788,0.02193239266051312,1.4517928112069394,False
2012-12-21,0.4135826528072357,0.4152506527411108,0.3912883337222719,0.4064548318040776,23190000,-0.03160454690917325,0.39773387312889097,0.020971133702511788,0.7557426271354364,False
2012-12-24,0.4099427461624145,0.4290521725133112,0.4049378789700093,0.4204074339583319,9054000,-0.008800917108382045,0.3997434124350548,0.020054248378795242,0.5085871848552636,False
2012-12-26,0.4006910324096679,0.4201043839017069,0.3993260637607927,0.4113076691754037,11136000,-0.02256830701202639,0.40151026099920273,0.01834912891373531,-0.044646729192772655,False
2012-12-27,0.3943212926387787,0.4000850400045137,0.3806716851289817,0.3994781099463809,24114000,-0.01589688626816277,0.40232164710760115,0.017602770458400023,-0.454494051815844,False
2012-12-28,0.3874964416027069,0.399175044088363,0.3835535389931089,0.3852215117355987,12612000,-0.017307843029221726,0.40263253450393677,0.017263196078553148,-0.8767839299487604,False
2012-12-31,0.4078198075294494,0.4105497181102682,0.3844635503293364,0.39113636375684,29208000,0.05244787756678204,0.4040354400873184,0.016426567854056516,0.2303808973215586,False
2013-01-02,0.4596882164478302,0.4599912475237117,0.4322370559719894,0.4325400870478709,59640000,0.1271846240931671,0.40828201323747637,0.019202703828993205,2.6770294260716643,False
2013-01-03,0.4514984786510467,0.4621142212505778,0.4461896852949863,0.4580193150066545,23976000,-0.01781585323215029,0.4118006035685539,0.020376422935005325,1.9482259083999725,False
2013-01-04,0.449981540441513,0.4546833493534889,0.4419437320031927,0.452711450696776,14664000,-0.0033597858714072837,0.41536465138196943,0.02051558783628229,1.687345706873815,False
2013-01-07,0.445431649684906,0.451346477781993,0.4361799813943796,0.447099649432455,14658000,-0.01011128312539833,0.4180263191461563,0.020803026508741673,1.317372283654673,False
2013-01-08,0.430720180273056,0.4478586042667598,0.4292041569266375,0.4419437755317009,20568000,-0.033027445225898955,0.41982351541519164,0.020233534775165696,0.5385447960006831,False
2013-01-09,0.4434597492218017,0.4439147297383282,0.4334500422617142,0.4334500422617142,15072000,0.029577367237981322,0.42189369946718214,0.020437064867607126,1.055242026892124,False
2013-01-10,0.4613562524318695,0.4639341592040776,0.4505885057739131,0.4580193305873837,31482000,0.040356544740471234,0.4236454010009766,0.022257004691854317,1.694336320317821,False
2013-01-11,0.4693939983844757,0.4701529049213388,0.4561993733685596,0.4561993733685596,11706000,0.0174219941969751,0.426049230992794,0.024477763801541562,1.7707813402853378,False
2013-01-14,0.465451031923294,0.4695458834287352,0.4536213765364211,0.455744329538189,11772000,-0.008400121166338481,0.42884739488363266,0.025655288231381,1.4267482286512987,False
2013-01-15,0.4584742784500122,0.4601431459440812,0.4519534156040245,0.4598392470663384,11472000,-0.0149892319380045,0.4317213609814644,0.025590379312106896,1.0454287192175733,False
2013-01-16,0.4733377397060394,0.4777356220927605,0.4569582258442926,0.4605981238400805,16008000,0.03241940050874148,0.43510345071554185,0.026425976889217204,1.4468448659734716,False
2013-01-17,0.503367006778717,0.504276968036912,0.4810726576405536,0.4844086579473152,35070000,0.06344152294158278,0.43904668390750884,0.03035306338187927,2.119071872976331,False
2013-01-18,0.4953283667564392,0.5003332356935644,0.4868356289288153,0.4921434748140064,25674000,-0.01596973960157,0.4424211397767067,0.03270211876590733,1.6178531843291273,False
2013-01-22,0.4909304082393646,0.4951772375412439,0.4818306873535949,0.4951772375412439,14790000,-0.00887887472682769,0.4456136435270309,0.03420765537686211,1.324755064709455,False
2013-01-23,0.5070067644119263,0.5082197564780383,0.4925982801352912,0.4966931317725324,19140000,0.032746710944666635,0.45028484910726546,0.0359384252176008,1.5783083137677751,False
2013-01-24,0.4935083389282226,0.5065518571641573,0.4822856108786635,0.4862285409766306,15810000,-0.026623758164963318,0.4544631287455559,0.035858979733390896,1.0888544647105196,False
2013-01-25,0.5118597149848938,0.5192914889279715,0.498513166700358,0.498513166700358,17778000,0.03718554401031171,0.46002156287431717,0.0357008536616005,1.4520143580301346,False
2013-01-28,0.5153475999832153,0.520504443657919,0.5103427328746267,0.5171675763129763,9876000,0.0068141424226448866,0.466072878241539,0.034204143032259625,1.4406068205013327,False
2013-01-29,0.5057928562164307,0.5112527307815314,0.4997269737585791,0.5103427155282804,12882000,-0.01854038665765756,0.4719876989722252,0.02985249948170669,1.1324062584749703,False
2013-01-30,0.5083718299865723,0.5164096124733369,0.5035180166840507,0.5035180166840507,14028000,0.00509887345865967,0.4770153000950813,0.02678669545762081,1.170600903015457,False
2013-01-31,0.5038219690322876,0.5158026815679735,0.4997270623822543,0.5074618679750025,17040000,-0.008949868356011859,0.4792219877243042,0.02710019837097527,0.9077417431132301,False
2013-02-01,0.5306660532951355,0.5327890062746139,0.5127695938484499,0.5162575153949438,23550000,0.053280892682009195,0.48318036645650864,0.028579085071123417,1.6615537803415148,False
2013-02-04,0.507612943649292,0.535064082093016,0.5063999513033264,0.5186845632878753,17340000,-0.0434418397459132,0.48606193661689756,0.027954133311052873,0.7709416991251634,False
2013-02-05,0.5315760970115662,0.5353670501973936,0.5141346424516132,0.5171676111069812,13062000,0.0472075301902275,0.4903691589832306,0.02800085816754938,1.4716312543624441,False
2013-02-06,0.5344571471214294,0.5368839996089692,0.5212625198050566,0.5233863954019429,8304000,0.005419826297796471,0.49555600732564925,0.02589919245502623,1.5020213415276076,False
2013-02-07,0.5274811387062073,0.5393107946449736,0.5126176465932538,0.5393107946449736,14106000,-0.013052512166400465,0.4997570767998695,0.023727409685542565,1.1684403090671291,False
2013-02-08,0.5479555726051331,0.5491685647169082,0.5308171504327608,0.5308171504327608,20130000,0.03881548058598838,0.5040870428085327,0.024246876098680495,1.809244606111865,False
2013-02-11,0.5503816604614258,0.5540215595383636,0.5408269321642907,0.548865636990662,7806000,0.00442752656891221,0.5081364259123802,0.024901852850249394,1.6964695279139648,False
2013-02-12,0.553870439529419,0.5567513773546985,0.5444667668809577,0.5503815954019756,12744000,0.006338835972601764,0.5125573962926865,0.024773288662104466,1.667644687801533,False
2013-02-13,0.5582682490348816,0.5657000219230904,0.5479555387015546,0.5600881709987625,9024000,0.007940141216417285,0.51754709482193,0.023313828498805457,1.7466523876607434,False
2013-02-14,0.5741927623748779,0.5749508010482761,0.5490165602265831,0.5499265212185407,8382000,0.028524841539038226,0.5225898459553718,0.024140853317498087,2.137576320970502,False
2013-02-15,0.5631211400032043,0.5795006546547884,0.5570552577551524,0.577074670578044,15144000,-0.019282065357078104,0.5255775526165962,0.025306100375780093,1.4835785375505843,False
2013-02-19,0.5834445953369141,0.5846575876739124,0.563728208715247,0.5652451542384617,14514000,0.036090734106686284,0.52998336404562,0.027350486870854198,1.9546720153001949,False
2013-02-20,0.5443158149719238,0.5869325606110081,0.5443158149719238,0.583899645638446,25884000,-0.067065117541101,0.532652634382248,0.025905414206638003,0.45022173730336595,False
2013-02-21,0.5145895481109619,0.537035811427818,0.5039728853145841,0.5293010621954676,27420000,-0.05461216823636694,0.5330317735671997,0.025563552104520465,-0.7214265600036297,False
2013-02-22,0.546741783618927,0.548865659311473,0.5250544191074552,0.5291492718364031,29910000,0.06248132249478178,0.535693445801735,0.023952344392547908,0.46126331669769377,False
2013-02-25,0.5154996514320374,0.5631212604203789,0.5154996514320374,0.5596333380589112,27048000,-0.05714238992325682,0.5358754426240921,0.023774888771242644,-0.8570299271683958,False
2013-02-26,0.5283911824226379,0.5321821354391766,0.5139826429228735,0.5179264945652403,17646000,0.02500783648405669,0.5365276217460633,0.02335737960783544,-0.34834555331266254,False
2013-02-27,0.5520506501197815,0.5603914658602157,0.5280874290045716,0.5309693441011526,12156000,0.04477642414217908,0.5388405114412308,0.022425462365280428,0.5890687319340587,False
2013-02-28,0.566155195236206,0.5664582264087118,0.5478037749583056,0.5478037749583056,18894000,0.025549367822253588,0.5417296797037124,0.022011876483163648,1.1096516715045217,False
2013-03-01,0.546135425567627,0.5535662745365242,0.5242960962837908,0.5393106385563398,21294000,-0.03536092194689944,0.5438453525304794,0.020129614290186015,0.11376636452811059,False
2013-03-04,0.5438605546951294,0.5508363969134621,0.5309690177696177,0.5488654207337927,10890000,-0.004165397016926975,0.5445050776004792,0.01988973236486461,-0.03240480533002703,False
2013-03-05,0.5747998356819153,0.5787427113192896,0.5582683417515681,0.5584203183322948,24552000,0.05688826063903352,0.5478644222021103,0.01898401892182943,1.4188467463458108,False
2013-03-06,0.5773778557777405,0.5872355611459381,0.5720699565401048,0.5869325300098417,22008000,0.004485074517752263,0.550154510140419,0.019666040302845432,1.3842820017704605,False
2013-03-07,0.5848095417022705,0.5937572853131419,0.5793497204311234,0.5834445728248311,15654000,0.012871442591990911,0.552672129869461,0.020744188161952667,1.5492248518914502,False
2013-03-08,0.5861745476722717,0.5990652221439269,0.5710080209506917,0.5990652221439269,29580000,0.002334103451916869,0.5556068003177643,0.021140738494190917,1.4459167243806006,False
2013-03-11,0.5889044404029846,0.5908754172514794,0.5725249225715385,0.5831406660349782,9966000,0.004657132831088262,0.5576542437076568,0.022311239459959716,1.4006481688930887,False
2013-03-12,0.5977001190185547,0.5983071032133127,0.580714595706695,0.580714595706695,10350000,0.014935663601977955,0.5600201666355134,0.023948262825565742,1.5733897968923432,False
2013-03-13,0.6030089855194092,0.6064969078789205,0.5861745139051147,0.5960322187439988,12882000,0.008882157342668506,0.5624770939350128,0.025737905821383345,1.5747936862338678,False
2013-03-14,0.6113496422767639,0.6199944068392959,0.6067997833191988,0.6095297203891767,10014000,0.013831728809431176,0.5651311635971069,0.027924980342956904,1.6550944033632593,False
2013-03-15,0.5816246271133423,0.6113497710938441,0.5760128294804102,0.6113497710938441,22080000,-0.04862195560092408,0.5655027568340302,0.028100801778797032,0.5737156685499482,False
2013-03-18,0.5581163167953491,0.5737378482386128,0.550230511965505,0.557510308876263,22266000,-0.04041835441987229,0.5652525156736374,0.02814537555411627,-0.25354782936071507,False
2013-03-19,0.5515955090522766,0.5691880180205637,0.537338945575935,0.5670650104854734,18228000,-0.011683599899953379,0.5636600613594055,0.027962310149542768,-0.4314576386073795,False
2013-03-20,0.5732830166816711,0.5763159860933073,0.5623633179614423,0.5641832948674573,21108000,0.039317774117952675,0.5651084214448929,0.027656132327659556,0.29557984247141483,False
2013-03-21,0.546135425567627,0.5716146521052,0.5443155040600514,0.5716146521052,20580000,-0.0473546055335502,0.5666857153177262,0.02543353809604736,-0.8079996448977319,False
2013-03-22,0.5632731318473816,0.5725248269631552,0.5534153746047676,0.5550833742993013,14652000,0.03137995720007081,0.5675122827291489,0.025016471818007327,-0.16945438639816005,False
2013-03-25,0.5603912472724915,0.583747529064415,0.5514435048093658,0.5751028176805248,13764000,-0.005116318197955438,0.5697568625211715,0.021927255264039405,-0.4271220969475206,False
2013-03-26,0.5758606791496277,0.5767706400106036,0.5649409861021396,0.5649409861021396,9618000,0.02760469931039844,0.5721303373575211,0.019666636691450266,0.18967868531014917,False
2013-03-27,0.5782876014709473,0.5801075232448711,0.5553863315643065,0.5664579472246609,9366000,0.004214426178400288,0.5734421849250794,0.019124322564270903,0.2533640880394042,False
2013-03-28,0.5887525081634521,0.5914823918485719,0.5710080201364108,0.5875395157982296,11640000,0.018096370501262893,0.5745720505714417,0.0193374852888924,0.7333144604979138,False
2013-04-01,0.5555383563041687,0.585415528452258,0.550230512304684,0.5801076302141694,14892000,-0.05641445496833852,0.5750421971082688,0.018713979476647234,-1.0422070211436576,False
2013-04-02,0.5396137833595276,0.5714628503689257,0.5335469793049344,0.5714628503689257,23736000,-0.02866511873380362,0.5748298585414886,0.01910638285884611,-1.8431576213106313,False
2013-04-03,0.5071578621864319,0.5611501700099145,0.5015469869422243,0.5611501700099145,25308000,-0.060146575521165535,0.5714477598667145,0.024372924811437664,-2.637758831886799,True
2013-04-04,0.5265712141990662,0.5277842063668294,0.4969971265402215,0.5077648456470536,17364000,0.038278716470923735,0.5689074277877808,0.02629430835504863,-1.6100904050053058,False
2013-04-05,0.5189872980117798,0.521566179881496,0.4906270823692509,0.5012428204008084,27174000,-0.014402451145799522,0.5656163156032562,0.02824603943100329,-1.6508161331919577,False
2013-04-08,0.5380969047546387,0.5380969047546387,0.5068548180268512,0.5133766304793858,14004000,0.03682095268240104,0.5632124334573746,0.028449438258670127,-0.8828128159993396,False
2013-04-09,0.5528082251548767,0.564182868833253,0.5285419932095311,0.5330918506808816,19890000,0.027339537303129546,0.5614076226949691,0.027872889770669904,-0.30852192258663474,False
2013-04-10,0.5882973074913025,0.5904202603886523,0.5578132095487931,0.5581162405862601,29310000,0.06419781892080745,0.5609374821186066,0.027301967265737102,1.0021191918661256,False
2013-04-11,0.5825346112251282,0.593302331410885,0.5713110155165844,0.5820796035201121,13578000,-0.009795550978719203,0.5599137634038925,0.02599394211017062,0.8702353696627184,False
2013-04-12,0.5738900303840637,0.5791979310219193,0.554325614787807,0.5685812619281562,11412000,-0.01483960038508969,0.5580407828092575,0.023302971099512834,0.680138489942922,False
2013-04-15,0.5329409241676331,0.5691878703784811,0.5299070885007657,0.5587231848346524,22998000,-0.0713535765537282,0.5556065976619721,0.023252437137998436,-0.9747654991957573,False
2013-04-16,0.5649411678314209,0.566458113265433,0.5408268989462653,0.5461356655792113,15036000,0.060044635742257935,0.5559478402137756,0.02334111732861077,0.3852997905383707,False
2013-04-17,0.5092818140983582,0.5429508130917454,0.5024570236016921,0.5429508130917454,26514000,-0.09852238941395675,0.5538321554660797,0.025567866523435765,-1.7424348381546118,False
2013-04-18,0.4954801499843597,0.535215946307918,0.4929021892394915,0.5226273837781272,19272000,-0.027100249276391652,0.5499420121312141,0.028232639203065388,-1.9290390018139407,False
2013-04-19,0.5073098540306091,0.5107977761285842,0.484712477450186,0.5007880954521539,22866000,0.0238752330373333,0.5480007335543633,0.029799501906671747,-1.365488579345817,False
2013-04-22,0.5227792263031006,0.5285420762697297,0.4910821412833544,0.511101549846487,22254000,0.030492946568229096,0.5459760382771492,0.030081543933398222,-0.7711310305550592,False
2013-04-23,0.556448221206665,0.559026127106553,0.5308170166015892,0.5308170166015892,29820000,0.06440385005666549,0.5457788869738579,0.02999489203455222,0.35570503872848547,False
2013-04-24,0.5764675736427307,0.5817754704249666,0.5464384874019905,0.5464384874019905,17994000,0.035977026564400605,0.545809231698513,0.030027215960149956,1.021018464878839,False
2013-04-25,0.5933023691177368,0.6042220123460046,0.5808657803294908,0.5825346482476462,18084000,0.029203369356278097,0.5465599700808526,0.03105218163748864,1.5052855088433836,False
2013-04-26,0.5770747065544128,0.5834444880723605,0.5705528942326947,0.5769227299892452,9282000,-0.02735142046955774,0.5459760800004005,0.030318174177929678,1.0257420638690953,False
2013-04-29,0.5967902541160583,0.6013401142145819,0.5763158836727025,0.5763158836727025,10020000,0.03416463646338408,0.548038674890995,0.0323388305239472,1.5075244971818742,False
2013-04-30,0.6145346164703369,0.6145346164703369,0.588449321274805,0.6027049609167366,9654000,0.029732996194049344,0.5517847165465355,0.03549668192127285,1.7677680427419318,False
2013-05-01,0.5972452163696289,0.61756853073549,0.5952741854062089,0.61756853073549,9882000,-0.028134135388518944,0.5562890842556953,0.03525067260715631,1.1618539189410808,False
2013-05-02,0.6219663619995117,0.6246962993184607,0.5992170651369437,0.6111986435252936,12612000,0.04139195250512162,0.5610588416457176,0.03740597318317217,1.6282832705765447,False
2013-05-03,0.6400138139724731,0.6521473677257742,0.6377388845108349,0.6438056342681872,21360000,0.029016765335897032,0.5671101674437523,0.03994498305822837,1.825101450724066,False
2013-05-06,0.6529055237770081,0.6606403293710946,0.6444127878332769,0.6524505703082218,17496000,0.020142861799369527,0.5728505983948707,0.0436351226019835,1.8346442179699134,False
2013-05-07,0.6519954204559326,0.662460107297109,0.6413787570599615,0.662460107297109,10182000,-0.0013939280461444659,0.5778099581599235,0.04676185789030803,1.5864524132045859,False
2013-05-08,0.6776265501976013,0.6786875655493364,0.6515403905284632,0.6521473203815414,10608000,0.03931182480353179,0.5822764202952385,0.051809944982959065,1.8403827669325772,False
2013-05-09,0.6883945465087891,0.6974942673917723,0.6751999186852944,0.677777880046953,15090000,0.015890753259369284,0.5875694170594216,0.05698652256972851,1.769280259661365,False
2013-05-10,0.7072007060050964,0.707351760490381,0.6932471767436047,0.6949160440533778,12012000,0.027318867634386956,0.5942349508404732,0.06280200474527114,1.7987603361201512,False
2013-05-13,0.6859675049781799,0.7090207558557756,0.6829345907111486,0.7090207558557756,14652000,-0.03002429274549323,0.6018862798810005,0.06424656094076951,1.3087272511706263,False
2013-05-14,0.6964321732521057,0.700679001599568,0.683844532591935,0.6915792827588364,11418000,0.015255341102868414,0.6084608301520348,0.06693841697893176,1.3142130792809021,False
2013-05-15,0.7149354815483093,0.7238832227917616,0.6900623121153681,0.6964320928732697,8250000,0.026568715528749065,0.6187435135245323,0.0666964783663802,1.4422345883896728,False
2013-05-16,0.7012860178947449,0.7264613003671889,0.6987071349373957,0.7208504251453692,8520000,-0.01909188172337495,0.6290338069200516,0.06241692996388577,1.157573930927044,False
2013-05-17,0.7276753187179565,0.7287363344630245,0.7076559009442703,0.7173616837638663,9216000,0.03762986876942476,0.640052080154419,0.05916389813925791,1.48102544489704,False
2013-05-20,0.7235801815986633,0.7363197962193231,0.7193332998806969,0.7317698834903953,16860000,-0.0056276982521658026,0.6500921279191971,0.05511468441048696,1.3333661340077136,False
2013-05-21,0.722063422203064,0.7313151180944498,0.7152386327139438,0.7313151180944498,9300000,-0.0020961870352063094,0.658372887969017,0.05269285705718991,1.2087128652925525,False
2013-05-22,0.6890013217926025,0.7451157122428386,0.6783847119548913,0.7282812432396805,25668000,-0.04578836068109737,0.6639995753765107,0.0493913665650526,0.5061966929617642,False
2013-05-23,0.6882423758506775,0.6918822740252744,0.6498724718756717,0.6683749395655252,18678000,-0.0011015159447741452,0.6687465757131577,0.04672966649853209,0.417203922012417,False
2013-05-24,0.6880913376808167,0.6880913376808167,0.6673130178623625,0.6748967132645936,6270000,-0.00021945491175856535,0.6742974072694778,0.04157670558036524,0.3317706446143497,False
2013-05-28,0.7064418792724609,0.7244903173521154,0.7014370662680072,0.7244903173521154,11004000,0.02666875832719251,0.6797799885272979,0.03788386744335071,0.7037795384811654,False
2013-05-29,0.7150865793228149,0.7217603135787398,0.6868774090739529,0.6868774090739529,5958000,0.012236958628863981,0.6848075866699219,0.03535729118130968,0.8563719572753606,False
2013-05-30,0.7479975819587708,0.7561872850384805,0.7196364352803074,0.7196364352803074,11388000,0.04602380129567307,0.692345204949379,0.031574569863621366,1.7625696010988772,False
2013-05-31,0.7261581420898438,0.752395411854816,0.7206983223395835,0.7304050241263952,9222000,-0.029197206509326334,0.6975547939538955,0.027710393841875066,1.0322245255397184,False
2013-06-03,0.7279783487319946,0.7448128208932165,0.7018921251937409,0.7232765118662632,14388000,0.0025066256737305004,0.7019530206918716,0.024939076239492614,1.0435562163649938,False
2013-06-04,0.7376850247383118,0.7605854356649941,0.7270684125436582,0.7340451255471899,24846000,0.013333742718069086,0.7061919957399369,0.023315833698768697,1.3507142573262587,False
2013-06-05,0.7034088969230652,0.7331349579440759,0.7008309362939954,0.7331349579440759,13428000,-0.046464448464852315,0.7087626695632935,0.01955726209001339,-0.2737485756230732,False
2013-06-06,0.6979493498802185,0.7176657393366201,0.6792948983768057,0.7023472341940317,11610000,-0.007761555287015054,0.7097788095474243,0.018344743478803226,-0.6448419232939616,False
2013-06-07,0.7313149571418762,0.7325279490478993,0.6965840331061416,0.7111435699641856,11730000,0.04780519856832566,0.7119248300790787,0.018221551031413326,1.0641315346519962,False
2013-06-10,0.7428408265113831,0.7470876551091399,0.7255513488472859,0.7429928030849142,10980000,0.01576047263487168,0.713706836104393,0.01943740844685609,1.4988618717688333,False
2013-06-11,0.6953712701797485,0.7275233223956233,0.6927923869232977,0.7272202912737062,16632000,-0.06390272941050734,0.7141770243644714,0.018835499856328562,-0.9984207654783469,False
2013-06-12,0.6698919534683228,0.716906572974378,0.6674650470841186,0.7125086899202532,17346000,-0.03664131350269839,0.7128500133752823,0.020965904202934153,-2.048948592493694,True
2013-06-13,0.7103856801986694,0.7132666719555273,0.6629151347525446,0.6661000253894912,14190000,0.06044814618341521,0.7126225233078003,0.02096676865369555,-0.10668516193775043,False
2013-06-14,0.7026510238647461,0.7278263076712366,0.6985561174388687,0.7255513777363962,8658000,-0.010887967690677902,0.7126907736063004,0.02093011385272414,-0.4796796525904989,False
2013-06-17,0.7328312397003174,0.7463297659737593,0.7214565347867223,0.7214565347867223,12372000,0.04295192750104171,0.7129485696554184,0.021154937532523024,0.9398595488326018,False
2013-06-18,0.7684721350669861,0.7713539952705929,0.7357130978250755,0.7487557485212704,15378000,0.048634519703668166,0.7151931673288345,0.024464977144873907,2.1777648686385542,False
2013-06-19,0.7434477806091309,0.778936752416273,0.7411728506911299,0.7696850561658123,16416000,-0.03256377598606608,0.7162623852491379,0.0252361741800234,1.0772391712810636,False
2013-06-20,0.6741378307342529,0.71569354979265,0.6670100105182704,0.71569354979265,19248000,-0.09322773123095485,0.7155192106962204,0.026278560003826314,-1.5747202265246678,False
2013-06-21,0.6792946457862854,0.6946122231765993,0.6545733968051939,0.6758067241074595,19020000,0.007649496611717765,0.7150718241930007,0.026837603128208307,-1.3330988701114999,False
2013-06-24,0.6371330618858337,0.6653422412029198,0.6218145577381874,0.6529055974971449,22710000,-0.062066710170591066,0.7125239104032517,0.03154074108498919,-2.3902687737828017,True
2013-06-25,0.6842995882034302,0.6877875647824647,0.652602544090912,0.6542704898481814,13842000,0.07402931842524296,0.7114167958498001,0.03214822236543392,-0.8435056638007647,False
2013-06-26,0.6930962204933167,0.7062907909740832,0.6809626113071428,0.7041669157952242,11466000,0.012854943129487095,0.7103172779083252,0.032391237606936726,-0.5316579015591736,False
2013-06-27,0.7021958827972412,0.7200914199560741,0.700830914247897,0.7128116238519699,11340000,0.013129002921770105,0.7080271929502487,0.031183594846433505,-0.1869992918303472,False
2013-06-28,0.711598813533783,0.721001564990526,0.6847546060049963,0.704015984448417,11352000,0.013390751735946615,0.7072992265224457,0.030906771203150316,0.13911472612509593,False
2013-07-01,0.7062907814979553,0.7291911867915323,0.7041669063475918,0.7169065232634847,8286000,-0.007459304224339713,0.7062148481607438,0.030521101376327516,0.0024878963663630817,False
2013-07-02,0.7081108093261719,0.7294951387928397,0.6940062227425159,0.706290832926465,12954000,0.002576881754504212,0.7047361373901367,0.02961925573828841,0.1139350686544342,False
2013-07-03,0.7193334698677063,0.7279782355853606,0.6870294452570591,0.6870294452570591,6444000,0.01584873496312489,0.7055323660373688,0.02979521936780984,0.4631985977337002,False
2013-07-05,0.7473906874656677,0.7504245238878166,0.7226703580453984,0.7325281161941908,11562000,0.03900446562443638,0.7080044329166413,0.031153052982083523,1.264282334436947,False
2013-07-08,0.7029539942741394,0.7660451560855615,0.6956742510926608,0.7660451560855615,29700000,-0.05945577585694706,0.7065863847732544,0.03067799714871326,-0.1184037693695192,False
2013-07-09,0.7246413230895996,0.7308600498858879,0.7167554644147407,0.7219113858246675,10788000,0.030851704367729216,0.7056764096021653,0.029803466619008224,0.6363324686309744,False
2013-07-10,0.7495144009590149,0.7533053532626512,0.7223663031610439,0.7228212564892681,14016000,0.034324674948656986,0.7083835661411285,0.031242418435985676,1.3165061117839396,False
2013-07-11,0.7972880005836487,0.7980459849651848,0.7725667535491445,0.7812115179617921,13638000,0.06373940188941907,0.7147533684968949,0.035656690566697916,2.3147025361865254,False
2013-07-12,0.8109376430511475,0.8142736424182596,0.7972880653070458,0.8038089553000616,8298000,0.017120090177585423,0.7197809666395187,0.04160174285949208,2.1911744591928777,False
2013-07-15,0.8107857704162598,0.8174586378234002,0.8050229183662494,0.8174586378234002,8160000,-0.0001872802874414159,0.7251877039670944,0.04604756029332855,1.8589055729314488,False
2013-07-16,0.8174585103988647,0.8292881658114871,0.8047188940095635,0.8059328080954579,11532000,0.008229966812539402,0.7294190675020218,0.05046341442030669,1.744619223811687,False
2013-07-17,0.8195825219154358,0.8292883038814207,0.8129087866197452,0.8289852727779372,13026000,0.002598311094142991,0.7319745868444443,0.053733386929549494,1.6304190016135658,False
2013-07-18,0.7992590665817261,0.8259522150128744,0.7906143554380103,0.8259522150128744,14046000,-0.02479732643176924,0.7347651511430741,0.05577118790376859,1.156402039525036,False
2013-07-19,0.7944063544273376,0.7944063544273376,0.7713539685725505,0.7862165954003233,12150000,-0.006071513426982422,0.7407785773277282,0.05537254585909172,0.9684903640890512,False
2013-07-22,0.7886434197425842,0.8000181238255539,0.7784817621454126,0.8000181238255539,6804000,-0.007254391474383115,0.7462460160255432,0.054371610939391184,0.7797709684250855,False
2013-07-23,0.7799986600875854,0.8130606698869155,0.7763587615111832,0.7889464028366815,13200000,-0.01096155681844202,0.7533892959356308,0.04833122816856355,0.5505625484862482,False
2013-07-24,0.737230122089386,0.788643559333888,0.734348207339336,0.788643559333888,20934000,-0.05483155316369004,0.7560358226299286,0.045727967846104445,-0.41125161310103353,False
2013-07-25,0.7504245042800903,0.7508795119332664,0.722973370246215,0.7278262609069165,9228000,0.01789723696219858,0.7589022368192673,0.04330774854321486,-0.19575555932484903,False
2013-07-26,0.7301012277603149,0.7489076512474179,0.7181205160420209,0.7489076512474179,10296000,-0.027082373248555114,0.7602975040674209,0.04180821671710965,-0.7222569790868025,False
2013-07-29,0.7181204557418823,0.7344999713719126,0.7120537053138358,0.729191205416629,7278000,-0.016409740954942964,0.7606235861778259,0.041432143046533955,-1.0258491912476442,False
2013-07-30,0.7420827746391296,0.746935664977936,0.724945220865463,0.7254002284884582,7872000,0.03336810517741351,0.7624131858348846,0.03969852294787895,-0.5121200912801516,False
2013-07-31,0.7526995539665222,0.7669551971360543,0.7440548410879932,0.7492107636533418,7854000,0.014306731931024164,0.7646426230669021,0.03768964712153589,-0.3168793027397601,False
2013-08-01,0.793496310710907,0.7950132561216611,0.7724150109606324,0.7777237775121839,11010000,0.054200585784058175,0.7683507651090622,0.036630653026425354,0.6864618434103479,False
2013-08-02,0.778481662273407,0.7859134354976695,0.7636190921197152,0.7859134354976695,5070000,-0.018922140197536796,0.7699053138494492,0.03635299731978785,0.23591860523945032,False
2013-08-05,0.7748419046401978,0.7783298270421367,0.7675621608950216,0.7695340598616177,3534000,-0.004675457123267335,0.773499709367752,0.03276130983616082,0.04096891361053744,False
2013-08-06,0.7590693235397339,0.7759037943151261,0.7502726348481803,0.7759037943151261,4620000,-0.020355870024592937,0.7752211093902588,0.030911243726896354,-0.5225213839089555,False
2013-08-07,0.7354099750518799,0.7498175928774893,0.7266132867625552,0.7467846785157268,6234000,-0.03116889031626835,0.774515888094902,0.03167992856481112,-1.2344066042642383,False
2013-08-08,0.7376850247383118,0.7479977922136481,0.7244904511889364,0.74723975333518,4242000,0.0030935801302822696,0.7715357393026352,0.03222377126436968,-1.0504889166015365,False
2013-08-09,0.7267652750015259,0.7392009400339556,0.7213053998948884,0.7355610413757329,4308000,-0.01480272659819759,0.7673271209001541,0.032303407293842616,-1.255652245277536,False
2013-08-12,0.7348031401634216,0.7411729228586021,0.7158456601939097,0.7159967147307462,3732000,0.01105978152558107,0.7635279893875122,0.031378151494679846,-0.9154410905614011,False
2013-08-13,0.7593724131584167,0.7624053278925627,0.72661337597666,0.7416279256451964,8910000,0.03343653783179379,0.7606236845254898,0.02869737510080254,-0.043602293334418736,False
2013-08-14,0.7255514860153198,0.744660943710698,0.7214565789783318,0.7429929435503164,12360000,-0.044537998164072556,0.755922132730484,0.0261162081476209,-1.1629041453297986,False
2013-08-15,0.6758067607879639,0.7021959566422608,0.6748967455003027,0.7021959566422608,10518000,-0.06856126158675613,0.7497495174407959,0.029680251832311346,-2.4913116327515246,True
2013-08-16,0.6824796199798584,0.7020440279422548,0.6717119005078871,0.6756548302886927,7278000,0.009873916005389338,0.744153180718422,0.03132348702467757,-1.968923852251038,False
2013-08-19,0.6686781048774719,0.6906694206576766,0.6680720426448492,0.673227964949584,6270000,-0.020222604013866108,0.7381549149751663,0.03374796509620098,-2.058696276935387,True
2013-08-20,0.6820244789123535,0.6888493215073006,0.6697398707186417,0.6701948783045037,6636000,0.01995934058185922,0.7332562059164047,0.034457722114646844,-1.4867995868558672,False
2013-08-21,0.6670099496841431,0.6842994247827746,0.6597302078058651,0.6755027378017773,8808000,-0.022014648582928564,0.7297451972961426,0.03747672153110777,-1.6739790741814433,False
2013-08-22,0.6896073818206787,0.6938542101539714,0.6742898038639547,0.6742898038639547,8454000,0.03387870322959419,0.726704341173172,0.0381714021172076,-0.9718521535725826,False
2013-08-23,0.6900623440742493,0.6993139846016443,0.6783846652573838,0.6970390550486638,9096000,0.0006597409853261738,0.7247023969888687,0.0390242868742611,-0.8876537071960359,False
2013-08-26,0.6853612661361694,0.6990108954999904,0.6820243995916747,0.6871812420293543,4092000,-0.0068125408935137965,0.7230644375085831,0.03999062308240271,-0.9428002983280439,False
2013-08-27,0.6342511773109436,0.662308324716761,0.6313692627401107,0.6597304175831532,16050000,-0.07457393837467197,0.7176728576421738,0.04432562768663078,-1.8820191542688822,False
2013-08-28,0.6551804542541504,0.665190134847123,0.6394078674807925,0.6394078674807925,6834000,0.032998404562591954,0.7127969026565552,0.04561474623745459,-1.2631101377276872,False
2013-08-29,0.6802046895027161,0.6847545492929463,0.6553323829947708,0.6592753127722137,5964000,0.03819441664671297,0.7071323215961456,0.0419532978052499,-0.6418478046333674,False
2013-08-30,0.6615502238273621,0.6815696388774165,0.6547254343363764,0.67883970138558,7362000,-0.02742478251508662,0.7012857496738434,0.039566636593456134,-1.004268476362055,False
2013-09-03,0.6777778267860413,0.7037120726554793,0.6680720443839289,0.692034391328489,7626000,0.024529661353291266,0.6964325457811356,0.03584755635776126,-0.5203902550265582,False
2013-09-04,0.7297981977462769,0.734348057561363,0.6847545530337592,0.6906693816410927,17016000,0.07675136144082972,0.6949689894914627,0.033688167142072956,1.0338706795157215,False
2013-09-05,0.7469356060028076,0.7510304573320469,0.733740982602354,0.7357128810211763,5136000,0.023482393227954867,0.6955452710390091,0.03450505181361975,1.489356840887683,False
2013-09-06,0.7378360033035278,0.7557324662762015,0.7188785788987674,0.7543674974402578,10566000,-0.012182579898655344,0.6955528199672699,0.034514771411715155,1.2250749927292282,False
2013-09-09,0.7674102187156677,0.7705951101369057,0.7392010409425519,0.7408699630990827,5964000,0.04008236963190548,0.697585067152977,0.03751546158417501,1.8612366372201272,False
2013-09-10,0.8100278377532959,0.8113928066378013,0.7843966227832005,0.7846996539028752,10008000,0.05553433873861202,0.7013463020324707,0.04455395383535218,2.4393241534175525,False
2013-09-11,0.8030511140823364,0.8091179200030982,0.7818187035636319,0.7998662226732931,4254000,-0.008612943093795677,0.7035302370786667,0.04844828443047555,2.054167204753856,False
2013-09-12,0.7890985012054443,0.8089659427502567,0.7856096566068577,0.8074489971975349,3576000,-0.01737450161293408,0.7067075878381729,0.05192736338023179,1.586656976283853,False
2013-09-13,0.7995631098747253,0.7998661409797143,0.7768138103641601,0.7868234913010871,2934000,0.013261473254980283,0.7128954052925109,0.05531444821637542,1.5668185686892036,False
2013-09-16,0.8091177940368652,0.8294401859274572,0.8065389110625749,0.8282271937547222,6642000,0.011949881184034172,0.7192273139953613,0.05878857846072294,1.5290466685048416,False
2013-09-17,0.8254971504211426,0.8295920016242445,0.8136674959077004,0.8136674959077004,5118000,0.020243475678068057,0.7270682662725448,0.06205866796850405,1.5860618245714242,False
2013-09-18,0.846729576587677,0.8488525838651318,0.8139706012560675,0.8242833116874747,6474000,0.025720774633446464,0.735303521156311,0.0665336420945895,1.6747325401629727,False
2013-09-19,0.8379329442977905,0.8606822959884399,0.8303501705787293,0.8508245382855707,5850000,-0.01038895124620176,0.7438496708869934,0.06825487765974617,1.378410988879165,False
2013-09-20,0.824435293674469,0.8523414331792406,0.8207953954495164,0.8364168716652477,4320000,-0.01610827061422304,0.7505910664796829,0.0692663533982524,1.066090873446345,False
2013-09-23,0.8138187527656555,0.8389949588380936,0.803658017292237,0.827317277963837,12870000,-0.012877348883859718,0.7567788869142532,0.069102120536879,0.825443060332147,False
2013-09-24,0.8301982283592224,0.839904877714422,0.8136676573037415,0.8235253611758454,5820000,0.02012668734641876,0.7640207350254059,0.06881248129230942,0.9617077031810594,False
2013-09-25,0.8323221206665039,0.8455166923083984,0.8162456348899667,0.8350520039862371,4452000,0.0025582953982918877,0.7739242821931839,0.0631753325825844,0.9243772226601402,False
2013-09-26,0.8311080932617188,0.8464265924225473,0.8210984139748501,0.8433927021246302,6276000,-0.0014586028349372615,0.7827206641435623,0.057789862140367465,0.8372996114894129,False
2013-09-27,0.811998724937439,0.8229184205685779,0.8053259120786961,0.818823568606029,3846000,-0.022992638959012268,0.7893103659152985,0.052782020242308374,0.42985014438599,False
2013-09-30,0.8135155439376831,0.8197334024122184,0.7766616650421782,0.7895532573955916,8412000,0.0018680066281644425,0.7969086319208145,0.04355363019934425,0.3812979983725588,False
2013-10-01,0.8345970511436462,0.840966833132811,0.8130606902351681,0.8188235964522215,5850000,0.025914080392270833,0.8047495931386948,0.03405885781866891,0.8763493527546009,False
2013-10-02,0.833079993724823,0.833079993724823,0.8148805570740532,0.8148805570740532,2394000,-0.0018177124119290733,0.8099136829376221,0.029639637027578894,0.7815990042538391,False
2013-10-03,0.8264073133468628,0.8459717217146395,0.8004730685921823,0.8277722821610999,4836000,-0.008009651447906774,0.8138872683048248,0.025835173530496077,0.48461238424658487,False
2013-10-04,0.84490966796875,0.8515824803047092,0.8264071998521735,0.8264071998521735,4698000,0.022388904748379623,0.819240951538086,0.019583859526385385,1.3107077486988972,False
2013-10-07,0.8323221206665039,0.8493076454933031,0.8159426037936771,0.8251933778566551,3126000,-0.01489809831683886,0.8224865466356277,0.015493696333039297,0.6348113335552139,False
2013-10-08,0.7927381992340088,0.8391468065552846,0.7831834731999578,0.8339899631725866,6852000,-0.04755841572586972,0.8216220647096634,0.016663600516433896,-1.7333508113789018,False
2013-10-09,0.7825764417648315,0.7998659153637897,0.7569452352666115,0.7931931039734669,7686000,-0.012818554068664945,0.8205983310937881,0.01840273994885222,-2.0660993653462993,True
2013-10-10,0.8358099460601807,0.8396018208627188,0.8035059237243749,0.8059328299056564,10824000,0.06802339229034193,0.8229339033365249,0.01711357095798663,0.7523878420971328,False
2013-10-11,0.8435448408126831,0.8493076931101431,0.818217579553183,0.8265583929772148,6798000,0.009254370313446225,0.8251329898834229,0.016774838663501886,1.097587362751816,False
2013-10-14,0.8600763082504272,0.8631092227414987,0.8189755384750299,0.8203405072879757,5442000,0.019597615488724296,0.827680915594101,0.01803683296318561,1.7960687844948984,False
2013-10-15,0.8380849361419678,0.8653840935820533,0.8341420065524764,0.8611372650917981,6456000,-0.025569094157696814,0.8283103048801422,0.018175709237240444,0.537785410970273,False
2013-10-16,0.8618960380554199,0.8640190451819577,0.839449774750842,0.84354462603673,4344000,0.028411323108924913,0.8290686279535293,0.01926819378674793,1.7037097750422403,False
2013-10-17,0.8800957798957825,0.8819157022689703,0.8355070851279544,0.8485497355790398,5004000,0.021115936304132665,0.8311767697334289,0.022349274614477443,2.188841070066083,False
2013-10-18,0.8860103487968445,0.8898012469633233,0.8652320309467803,0.8898012469633233,6288000,0.00672036957359623,0.8342555224895477,0.02540411380160934,2.0372616305953617,False
2013-10-21,0.8964752554893494,0.8978401700848924,0.8841905902205901,0.8932903101301249,4620000,0.01181126914230246,0.8383883476257324,0.028445737548191047,2.042025022737048,False
2013-10-22,0.8905602693557739,0.9019349172330136,0.8752417701989512,0.9019349172330136,6168000,-0.006598047293950859,0.84140644967556,0.030647994930803973,1.6038184485214055,False
2013-10-23,0.8025961518287659,0.8508246928859862,0.7904634621761029,0.8508246928859862,13896000,-0.09877390734109526,0.8399201512336731,0.03181047890615371,-1.1733240330967472,False
2013-10-24,0.8221603631973267,0.8308050740137044,0.8165485664271784,0.8165485664271784,5088000,0.024376158948659965,0.8394727647304535,0.03200327237237482,-0.5409572287386116,False
2013-10-25,0.8312602043151855,0.834142064285175,0.82216048453868,0.8297432589207854,7236000,0.011068207037457034,0.8404358386993408,0.03141743771999294,-0.2920554650551978,False
2013-10-28,0.8483977913856506,0.851582682779651,0.8256484896590578,0.8311083112257173,3276000,0.020616393015690626,0.8421799510717392,0.030806616109356894,0.20183457643771974,False
2013-10-29,0.8857066035270691,0.8869205178213704,0.8568914207653252,0.8568914207653252,6594000,0.04397561205396783,0.8447354286909103,0.03223137088343258,1.2711583067420371,False
2013-10-30,0.8726638555526733,0.8961711912113334,0.8620471915428856,0.8904083397193544,4176000,-0.014725810920294347,0.8467146217823028,0.03269006598530323,0.7937956987311294,False
2013-10-31,0.8875263333320618,0.9032998392867408,0.8737257020910186,0.874938694065939,6642000,0.017031160033522674,0.8497705727815628,0.03353756743671908,1.1257751660653115,False
2013-11-01,0.8778206706047058,0.8985980682580936,0.869023928941705,0.8946551389551113,4572000,-0.010935633527534572,0.8514161229133606,0.034089374057831655,0.7745682759252398,False
2013-11-04,0.8761517405509949,0.888891357157461,0.870995873473649,0.888891357157461,2082000,-0.001901219815843791,0.8536076039075852,0.03420590986841143,0.6590713923452399,False
2013-11-05,0.8682659864425659,0.8787306740540946,0.8467296270118324,0.8565873846542881,3276000,-0.009000443351821374,0.857383993268013,0.031166279474851927,0.3491591989134809,False
2013-11-06,0.8779716491699219,0.8828254068715302,0.8625020965394441,0.8810054850272838,2826000,0.011178213679798432,0.8621537536382675,0.025983873626001314,0.6087581766802408,False
2013-11-07,0.82746821641922,0.8753937695455495,0.8236772636527022,0.8753937695455495,7236000,-0.05752285144793723,0.8617366671562194,0.026490994652026915,-1.2935886774782717,False
2013-11-08,0.8549194931983948,0.8558295085970685,0.8189755663476926,0.8238284575007225,5514000,0.03317502259841132,0.862305399775505,0.026200387034740456,-0.2819006668610234,False
2013-11-11,0.8543124198913574,0.8568913026488358,0.8389948423696998,0.8467295922911033,2082000,-0.0007100941221567236,0.8620172053575516,0.02625783401155002,-0.29342806656501186,False
2013-11-12,0.8685691356658936,0.8709960422932599,0.8462747887237566,0.8462747887237566,4428000,0.01668794160378617,0.8635414153337478,0.025673776353264666,0.19583096241727566,False
2013-11-13,0.8931384086608887,0.8938963932394116,0.8526445673352555,0.858407473915051,2928000,0.028287066608876144,0.8651035338640213,0.026505395194660858,1.0577044632224395,False
2013-11-14,0.8807017803192139,0.8925314383589026,0.8750909044760853,0.8925314383589026,2946000,-0.013924637235477766,0.8651338338851928,0.02652377583231225,0.5869430707167864,False
2013-11-15,0.8973850607872009,0.9008729824105784,0.869781952687472,0.8851003976518714,3630000,0.018943166507441545,0.8657025694847107,0.027110443279916168,1.1686452698455547,False
2013-11-18,0.8731188178062439,0.9014799102700238,0.8678109199860498,0.9008729803420849,7848000,-0.02704105967584336,0.8645347476005554,0.02620296582048623,0.32759918340912575,False
2013-11-19,0.8426347970962524,0.8791856503126179,0.8403598673058504,0.8779717903429162,6336000,-0.03491394308346729,0.8621384739875794,0.02588715434636354,-0.7534113881492223,False
2013-11-20,0.8300472497940063,0.8521896202154357,0.8236774131178769,0.8458197835393062,5040000,-0.01493831888455499,0.8635110288858414,0.023146706991094272,-1.445725264708725,False
2013-11-21,0.8743318915367126,0.8760007591593756,0.8383879683172779,0.8388429217320427,4164000,0.053351952860149154,0.8661196053028106,0.021089721796051532,0.38939756120630975,False
2013-11-22,0.8758489489555359,0.879185817017022,0.8628063519635429,0.8711471661518876,2322000,0.0017351047508480377,0.8683490425348281,0.019508197233239905,0.38444897450230303,False
2013-11-25,0.8728159070014954,0.880550657781494,0.8565874446147131,0.880550657781494,3900000,-0.0034629737897813317,0.8695699483156204,0.01894995301169476,0.17129112055696144,False
2013-11-26,0.895261287689209,0.9008730850343264,0.8752418725412314,0.8866165217485122,5604000,0.025716053646207326,0.8700476825237274,0.01949089172123219,1.293609626798931,False
2013-11-27,0.90693998336792,0.9072429602508804,0.8799437993443043,0.8861616595100232,4746000,0.013045013605866185,0.8717614889144898,0.02116782214768915,1.6618853941604292,False
2013-11-29,0.9067878723144532,0.9184655520821216,0.9042099114996104,0.9099727631002216,2976000,-0.00016771898500045346,0.8727245658636094,0.022329145534150555,1.5255087302264616,False
2013-12-02,0.9019350409507751,0.916342604806624,0.8982951422830564,0.9148256594499838,5214000,-0.0053516721074928775,0.8739302843809128,0.02325084095122781,1.2044620935907908,False
2013-12-03,0.9111856818199158,0.9199824232260488,0.8940481829088578,0.89586810485737,5022000,0.01025643804612475,0.8756819814443588,0.0247014717360677,1.4373111349359982,False
2013-12-04,0.899660050868988,0.917555535618788,0.8811566598541829,0.907394801121246,2712000,-0.012649047478344388,0.8772516846656799,0.02519791436652566,0.8892944819701686,False
2013-12-05,0.9055749773979188,0.9163426430352618,0.8990531643212577,0.9008731408503476,3810000,0.006574623962926296,0.8786318510770798,0.025983148644212924,1.0369461642147804,False
2013-12-06,0.9368170499801636,0.9465236997683169,0.9266553382698002,0.9465236997683169,4728000,0.034499708320139044,0.884099292755127,0.026154699432626303,2.0156131926056307,False
2013-12-09,0.9440967440605164,0.954561431489489,0.939243799368336,0.9521344709959793,3150000,0.007770667795282904,0.888558155298233,0.028421546777433117,1.9541015553165224,False
2013-12-10,0.936058759689331,0.9483433672212288,0.926200135970048,0.9409117036092444,1938000,-0.008513941417289783,0.8926454722881317,0.029107166709879884,1.4914982222046191,False
2013-12-11,0.9084559082984924,0.942731888589513,0.9046649549819844,0.9395469974866236,3504000,-0.02948837464007037,0.8946398109197616,0.028734783702167043,0.4808143858653389,False
2013-12-12,0.8855555057525635,0.9114897493246256,0.882218638250372,0.9057259754087028,4140000,-0.02520805064587084,0.8942606657743454,0.028805576456284475,-0.3022039859189385,False
2013-12-13,0.8808537125587463,0.899963167543608,0.8750908604174054,0.8948063233737983,4620000,-0.005309427995506044,0.8942682623863221,0.028801832297495254,-0.46575334822508224,False
2013-12-16,0.9163424968719482,0.9324190350058312,0.8999630361544372,0.8999630361544372,3594000,0.04028907843291307,0.8952161341905593,0.02921873363270205,0.7230416946525003,False
2013-12-17,0.9448548555374146,0.9513766140440252,0.916342596465942,0.916342596465942,5094000,0.03111539491270654,0.8988029360771179,0.03072746227294579,1.4987218616111804,False
2013-12-18,0.9636611342430116,0.9662390949621762,0.9029959638054704,0.946826665652797,6684000,0.019903881104469168,0.9048542529344559,0.03099976157426581,1.8970107614432026,False
2013-12-19,0.946371614933014,0.962144200372981,0.9337840286753224,0.962144200372981,3366000,-0.017941492808651094,0.9106704711914062,0.026861981417471967,1.329058463214726,False
2013-12-20,0.970486044883728,0.9783727728492592,0.9463717753348496,0.9463717753348496,7314000,0.02548093113762806,0.915478178858757,0.028566528345256508,1.9256055674719423,False
2013-12-23,0.994600474834442,0.9983922963357,0.9803438551576338,0.9882305835349036,4920000,0.024847786403361605,0.9214157551527024,0.03202766066446117,2.285047304842579,False
2013-12-24,1.00642991065979,1.0127998012355572,0.9964202840698418,1.0021831361472526,2052000,0.011893655919797519,0.928096455335617,0.03514067683701171,2.229139059771005,False
2013-12-26,1.0156813859939575,1.0200793767882708,1.0058227618327271,1.0115865889512194,4362000,0.009192369221322494,0.9341174602508545,0.03929001349142767,2.0759454755824582,False
2013-12-27,1.0129517316818235,1.0250843653052308,1.0108278563748123,1.0187145834967777,2088000,-0.0026875104238154313,0.9394180476665497,0.042454124222367176,1.7320739824973759,False
2013-12-30,1.020686388015747,1.0270561692362286,1.0080978258380489,1.0080978258380489,2718000,0.007635760018971149,0.9451129734516144,0.04538482925982852,1.665169083956982,False
2013-12-31,1.046771764755249,1.047681671584696,1.0275112023809485,1.0275112023809485,4722000,0.02555670090811435,0.952354809641838,0.049501283331625866,1.9073637845079654,False
2014-01-02,0.9997572898864746,1.027056452776937,0.9894436002356928,1.027056452776937,7344000,-0.04491377820051068,0.956783390045166,0.04958619053199486,0.8666505609778644,False
2014-01-03,0.996116816997528,1.004154650159714,0.9814053596134324,1.004154650159714,4176000,-0.003641356683040553,0.961606228351593,0.04841479914491779,0.7128107367054435,False
2014-01-06,0.9773103594779968,1.00142461595348,0.9729124783183416,1.00142461595348,3546000,-0.018879771125857592,0.965192997455597,0.046671124369021516,0.25963295691335253,False
2014-01-07,1.0000600814819336,1.0035480577073237,0.982618681674036,0.98610752571711,2796000,0.023277888936005908,0.9683551490306854,0.046789685238251943,0.6776051663909988,False
2014-01-08,1.0441938638687134,1.046468739550226,1.016136666046936,1.02280942499009,4404000,0.044131130923034556,0.9733600050210953,0.04934213905081605,1.435565222956149,False
2014-01-09,1.0220513343811035,1.054658386928797,1.0102216789564835,1.054658386928797,2556000,-0.02120538173397446,0.9776596337556839,0.04966626173641395,0.8937999171552881,False
2014-01-10,1.0344873666763306,1.0388862273426724,1.0202317213573997,1.0222027528561897,2616000,0.012167717879608908,0.9839612066745758,0.04840294289075779,1.0438654549536166,False
2014-01-13,0.9976330995559692,1.039188760890884,0.9895952647374888,1.0291791360742182,5268000,-0.03562563285694742,0.989565086364746,0.04254361357143914,0.1896409945919474,False
2014-01-14,1.0661852359771729,1.0684602203742153,0.9983922847128168,1.0021832383521188,8208000,0.06871477745848154,0.9988316625356675,0.03750390710299808,1.7959081771541907,False
2014-01-15,1.0931806564331057,1.1022803779264212,1.0752850581869882,1.0781661051214106,5568000,0.025319634473451647,1.0076735705137252,0.037876531669935765,2.2575215350895275,False
2014-01-16,1.0749807357788086,1.0934841256284034,1.0692178845484936,1.0904503437863664,6768000,-0.016648593759132968,1.014179864525795,0.0376936597243214,1.613026479723396,False
2014-01-17,1.0564781427383425,1.0786205049649285,1.0496533008831312,1.0619380162225112,4092000,-0.0172120228992394,1.0188207149505615,0.036850823072937536,1.021888377180803,False
2014-01-21,1.0772558450698853,1.0775597982186462,1.0504116402144248,1.0701280244065057,5472000,0.01966694954775683,1.0253649264574052,0.03487642720391489,1.4878507568761314,False
2014-01-22,1.1141095161437988,1.114716446000117,1.0696728131461053,1.0772555854099772,3648000,0.034210694926907204,1.0325461000204086,0.037657363714557204,2.165935373002765,False
2014-01-23,1.0761947631835938,1.093635294388391,1.0573882870060969,1.0825645446954215,6252000,-0.03403144162293592,1.0366258144378662,0.03774981193909073,1.048189294547269,False
2014-01-24,1.000666856765747,1.061786162010379,0.9991500201662836,1.0567812412475923,8844000,-0.07018051843554829,1.036337661743164,0.03801350945434694,-0.9383717917509452,False
2014-01-27,0.9815576076507568,1.0135576234935464,0.9632061936166196,1.0131026700999248,8034000,-0.019096514475110293,1.034631472826004,0.03971706653303284,-1.3362987201259036,False
2014-01-28,0.993538498878479,0.9985433128232468,0.9621444292746164,0.9742780413208711,4476000,0.012205999051239536,1.0336608111858367,0.04050421664675449,-0.9905712448971075,False
2014-01-29,0.9795856475830078,1.0076427322542785,0.9745807266583308,0.9745807266583308,6654000,-0.014043593993812387,1.0316057741641997,0.04220411795575818,-1.2325841434649503,False
2014-01-30,1.0176526308059692,1.0262973970088554,0.997178207373284,1.0030930359881836,5076000,0.03886029089634624,1.0301498174667358,0.04215563308610581,-0.29645354003438235,False
2014-01-31,1.0018800497055054,1.0164396446095163,0.975490905978853,0.9871685866998569,3480000,-0.01549898327091448,1.0302559554576873,0.04207768463963047,-0.6743694667423878,False
2014-02-03,0.93863707780838,0.9996052938607104,0.9301442871149684,0.9996052938607104,7428000,-0.06312429508474104,1.02738196849823,0.04628483967670412,-1.9173641155446544,False
2014-02-04,0.9401535391807556,0.9466744274568736,0.9246840435058752,0.939394632881291,6804000,0.001615599264325196,1.025524127483368,0.049062818315778293,-1.7400261793594867,False
2014-02-05,0.943944811820984,0.9565333750255468,0.9120957946434118,0.9349970691978592,4200000,0.004032610081468269,1.0227183640003203,0.05210584552083334,-1.5117987510219084,False
2014-02-06,0.9888375997543336,0.9949035383896482,0.9588084970024544,0.9595665359370488,7758000,0.04755869980019911,1.0199505507946014,0.052374590516594356,-0.5940466690696125,False
2014-02-07,1.0366109609603882,1.039492007264908,0.9912634721994236,1.0023350904841666,7098000,0.04831264630099352,1.0206785321235656,0.05250634735702076,0.30343814869636304,False
2014-02-10,1.0525356531143188,1.0569335368286676,1.0299373518705643,1.030392413835482,4908000,0.01536226487435255,1.021580946445465,0.05290971404029637,0.585047703060321,False
2014-02-11,1.092725396156311,1.1007641003370852,1.0546585710956906,1.057691485611449,6120000,0.03818373555620269,1.026335561275482,0.054880360338636296,1.20971936902699,False
2014-02-12,1.123513102531433,1.1286690233002052,1.1044037610076185,1.1101666116459736,8586000,0.028175154053725393,1.0292019546031952,0.05845213012354236,1.6134766642191687,False
2014-02-13,1.1638550758361816,1.1638550758361816,1.100459918504212,1.1037968939663807,5844000,0.03590698961485406,1.032735675573349,0.06436116183229632,2.0372441474019065,False
2014-02-14,1.1831166744232178,1.1875145578878554,1.1488408016993277,1.1637033741272658,7818000,0.01654982565006846,1.0381424725055695,0.07216572832090752,2.0089065168576297,False
2014-02-18,1.192671298980713,1.1990410805145455,1.1677980180406555,1.1990410805145455,5424000,0.008075809228327513,1.044952130317688,0.07998864628518446,1.846751701939797,False
2014-02-19,1.1899415254592896,1.2070790822477753,1.1800828986700074,1.187666541182702,4584000,-0.002288789479344633,1.0505864143371582,0.08611772198098361,1.6181931885390974,False
2014-02-20,1.217998743057251,1.2208806574280933,1.1861497220464603,1.1923675279644153,5178000,0.023578652393975386,1.0557808756828309,0.09300849805984047,1.7441187714917321,False
2014-02-21,1.1994959115982056,1.2299800644306065,1.1885762717284176,1.2228512686136443,5064000,-0.015191174510247984,1.0619459331035614,0.09836509853891674,1.398361619494789,False
2014-02-24,1.21329665184021,1.236045947790634,1.2088987692070077,1.21708847235828,4512000,0.011505450004924311,1.0725774228572846,0.1027847784600269,1.3690668121413636,False
2014-02-25,1.1955519914627075,1.21815028380553,1.1755326356854985,1.2085955049868295,6354000,-0.014625162239250478,1.0832771420478822,0.10394278814170756,1.0801600709590213,False
2014-02-26,1.218757152557373,1.2446913524202723,1.203591489849718,1.203591489849718,5082000,0.01940957922396591,1.0945380747318267,0.1058906083997925,1.1730887158241101,False
2014-02-27,1.2170884609222412,1.2252782724737603,1.192367266666627,1.2132966404398,3162000,-0.0013691748447427488,1.1064132153987885,0.10563785090409956,1.04768550833097,False
2014-02-28,1.21329665184021,1.2292212132441067,1.1893343638419227,1.2267951206711805,4836000,-0.0031154753362446774,1.1161954164505006,0.10604357440744638,0.9156729762486291,False
2014-03-03,1.1934298276901243,1.2011646902625437,1.1579409495783812,1.1770503037626814,8346000,-0.016374251194012257,1.1257729053497314,0.10380197217532083,0.651788409435235,False
2014-03-04,1.25530743598938,1.2601602722290397,1.2296762250545792,1.2301311784520472,7014000,0.05184855184910164,1.1416064232587815,0.09772881652634473,1.163433844509396,False
2014-03-05,1.26319420337677,1.2739618680390996,1.2483306562788634,1.255307476415697,3366000,0.0062827377272516305,1.157758456468582,0.08898553112655151,1.1848639388154192,False
2014-03-06,1.2920089960098269,1.29337396437088,1.260463940424839,1.273961539028441,3126000,0.022811055145779857,1.1751616656780244,0.07837143987095534,1.4909427531789732,False
2014-03-07,1.2859432697296145,1.307478703656084,1.2736586619953894,1.3041427046658274,3978000,-0.004694801892978662,1.1900169491767882,0.06876423736171332,1.3950030456708922,False
2014-03-10,1.2777537107467651,1.294284225986256,1.2603122039726866,1.27547872688592,1980000,-0.0063685227611722794,1.2020740866661073,0.06117220614153767,1.2371570171190744,False
2014-03-11,1.2574304342269895,1.2989862106053394,1.2468147456368888,1.2904934210833887,2088000,-0.01590547250917229,1.2123188257217408,0.05114593456089046,0.882017483746285,False
2014-03-12,1.2891284227371216,1.2891284227371216,1.2316481927357337,1.2377149977158663,2508000,0.02520854247465265,1.2221389770507813,0.045520755344746776,1.4716242113954952,False
2014-03-13,1.2246716022491455,1.3086930757125728,1.2038941987850045,1.3027782461951127,5796000,-0.05000030978381431,1.2271969020366669,0.03916116708276587,-0.06448479388227175,False
2014-03-14,1.205259084701538,1.2360462225676307,1.2028322322487164,1.213296921559965,3678000,-0.0158512024872266,1.2292671024799346,0.03665034603406161,-0.6550556918639816,False
2014-03-17,1.2484830617904663,1.2604646990087838,1.2278567643857805,1.2305865942735967,4002000,0.03586280961294874,1.2325354218482971,0.03520426280740666,0.4530030931030872,False
2014-03-18,1.3017159700393677,1.303687868556504,1.2478755905085257,1.2628901365286511,8142000,0.04263807005323672,1.23798765540123,0.03709853537905349,1.7178121450616604,False
2014-03-19,1.2988345623016355,1.3258307508618672,1.2742653350523885,1.3038393767657162,6624000,-0.0022135456613050497,1.243432307243347,0.03766245933598387,1.4710206405813608,False
2014-03-20,1.3719359636306765,1.372694002409758,1.2782088293812508,1.2782088293812508,6588000,0.056282303728890426,1.2511291682720185,0.04680994391954557,2.5807934221475306,False
2014-03-21,1.335839867591858,1.3896801346045886,1.324920119686099,1.388163298049651,7470000,-0.026310335901753246,1.257946366071701,0.04878129053178473,1.5967905045358197,False
2014-03-24,1.319308876991272,1.3555567608743333,1.2863987290463403,1.3555567608743333,9888000,-0.01237497921841979,1.263246977329254,0.04942964323918449,1.1341756886801848,False
2014-03-25,1.3466079235076904,1.3696611773323506,1.3256785452159665,1.3294703665170435,6858000,0.020691929685696442,1.2707997739315033,0.05007785753483286,1.5138057678177805,False
2014-03-26,1.305811047554016,1.3952914129502922,1.303688148320791,1.37405905782416,8124000,-0.030296031414552727,1.2751524686813354,0.049089864051755215,0.6245399017678545,False
2014-03-27,1.273506760597229,1.3174884055233218,1.264255066041575,1.294739110510729,5778000,-0.024738867860934266,1.2779733836650848,0.04716076002184079,-0.09471058281900634,False
2014-03-28,1.3009586334228516,1.330077725957383,1.2815452180438682,1.2876120256068864,4116000,0.021556126496532046,1.2823564827442169,0.04485040594021881,0.4147599177458846,False
2014-03-31,1.3635941743850708,1.373603908612503,1.3240104078337094,1.331442072772069,9546000,0.04814568223235782,1.2908647000789641,0.0432029705769388,1.6834368872062868,False
2014-04-01,1.4272927045822144,1.4272927045822144,1.3784571207309817,1.393016718398965,8106000,0.04671370074301562,1.299463963508606,0.05197811858410381,2.459279876911541,False
2014-04-02,1.418344497680664,1.4407899509045454,1.3978701838215968,1.4407899509045454,7266000,-0.006269356574739593,1.3072214782238007,0.05755833500079167,1.9306155999011247,False
2014-04-03,1.4268373250961304,1.46672417896167,1.4056049719314248,1.4256243329125329,6804000,0.005987845286779203,1.313962894678116,0.06329291717456804,1.7833659034342781,False
2014-04-04,1.3068733215332031,1.465814723789139,1.3015645536235911,1.465814723789139,15960000,-0.08407686107794021,1.3150093972682952,0.06297749524383804,-0.12919020840048706,False
2014-04-07,1.2707771062850952,1.3278023872955722,1.2469658142318,1.2845786629145148,9858000,-0.027620286261380245,1.3146605670452118,0.06321359321401257,-0.6942092440710832,False
2014-04-08,1.3183987140655518,1.3229485740804388,1.274568927460516,1.281544772010914,5208000,0.037474398574640855,1.3177089810371398,0.06176186783757569,0.01116761931853814,False
2014-04-09,1.3608641624450684,1.365111044845857,1.319460476069196,1.3455466393440887,7512000,0.032209867869611,1.3212957680225372,0.062096808380130965,0.6372049619734044,False
2014-04-10,1.2354402542114258,1.366779388447253,1.2314964559600254,1.36556639603755,11070000,-0.09216489910961656,1.3218342006206512,0.06125589134119746,-1.4103777533496014,False
2014-04-11,1.1764428615570068,1.2454497728857037,1.1668881886226123,1.1981311446912626,9384000,-0.047754144689155065,1.3203933894634248,0.0644003781222294,-2.235243520359546,True
2014-04-14,1.2040460109710691,1.2243684581517875,1.1724999685796782,1.203742057810287,5760000,0.023463229975767774,1.318171536922455,0.06769422350586231,-1.68589755581586,False
2014-04-15,1.228918433189392,1.2393831227735497,1.1647653267406677,1.2170887746614552,6870000,0.020657368565395018,1.3145316600799561,0.07052360814169403,-1.213965495335298,False
2014-04-16,1.2217903137207031,1.2536393281976774,1.170831847166664,1.2536393281976774,5334000,-0.0058003194322583385,1.3106794476509094,0.07346885284721744,-1.2098886873197292,False
2014-04-17,1.2923130989074707,1.3082376593146885,1.219060294597778,1.219060294597778,10782000,0.057720857985856355,1.306698304414749,0.07211969087342356,-0.1994629390817233,False
2014-04-21,1.32643723487854,1.3273472501464902,1.2756298751175932,1.29731815650779,6312000,0.026405470934186326,1.3062281727790832,0.0719501730432933,0.2808757956328582,False
2014-04-22,1.364352464675903,1.3740591153782482,1.3267404813713812,1.334627318122356,5940000,0.02858426226314048,1.3084803521633148,0.07307732129466922,0.7645615838502825,False
2014-04-23,1.3587418794631958,1.3778512317698082,1.347215195387649,1.3685995325749054,2610000,-0.004112269635573984,1.30908704996109,0.0734598890372805,0.6759447931769431,False
2014-04-24,1.37982177734375,1.394381371714842,1.3284083520971717,1.394381371714842,6888000,0.01551427699342156,1.3127875864505767,0.07513130285669685,0.8922271855318717,False
2014-04-25,1.2463597059249878,1.344939777070677,1.2378659406960917,1.344939777070677,12810000,-0.09672413757353915,1.3114302337169648,0.07611707485753404,-0.8548742567126687,False
2014-04-28,1.223610520362854,1.2779049988875812,1.1755330885863944,1.255004588765211,7662000,-0.018252504035542794,1.3075628280639648,0.07860155473340565,-1.0680743909691537,False
2014-04-29,1.2459043264389038,1.2607668931198106,1.2183012236396866,1.240899514862045,3888000,0.018219691401017535,1.3016783356666566,0.07859141434301538,-0.7096705116455199,False
2014-04-30,1.2710798978805542,1.2710798978805542,1.2319510857597529,1.2325581241912575,4680000,0.020206665076449637,1.2938676953315735,0.07301505628015521,-0.3120972387336615,False
2014-05-01,1.2584927082061768,1.306114324082063,1.2519709481917938,1.2730523061105772,4398000,-0.009902752529849401,1.285875105857849,0.06718868015930876,-0.4075448064576773,False
2014-05-02,1.2660752534866333,1.2851847086959984,1.2465108448247555,1.2465108448247555,4212000,0.0060251006867291235,1.2778370022773742,0.05849044942614656,-0.2010883641027916,False
2014-05-05,1.2721420526504517,1.2819998113156417,1.234985134377845,1.2524256675023315,2844000,0.004791815610573735,1.2761004388332366,0.05809725619519665,-0.06813378878832939,False
2014-05-06,1.2569750547409058,1.2936778735785586,1.2565201014617031,1.2777534240346968,2064000,-0.01192240904067765,1.2754103362560272,0.05824560068623916,-0.3165094238521065,False
2014-05-07,1.2594021558761597,1.273354818545404,1.2274011654409158,1.268804959419617,3090000,0.0019309063661205883,1.2724605083465577,0.05744227377169544,-0.22733000650876864,False
2014-05-08,1.285184621810913,1.338266968581354,1.2477246205421673,1.2480277058689162,7788000,0.020471988089314275,1.2686765313148498,0.05368181543872067,0.30751736619093545,False
2014-05-09,1.2747197151184082,1.2841233859482115,1.246814499833561,1.281241472385373,2988000,-0.008142726356123897,1.270640504360199,0.05311741463839253,0.07679610888405092,False
2014-05-12,1.3437268733978271,1.3478216712390003,1.2824547128115602,1.2824547128115602,9942000,0.0541351619975603,1.27900470495224,0.05061566192916361,1.278698449823013,False
2014-05-13,1.3140007257461548,1.355252547938357,1.3123327801532187,1.3540395557674276,4584000,-0.022122165032321672,1.2845024406909942,0.04794644661714402,0.6152340191277705,False
2014-05-14,1.2804834842681885,1.312938559701792,1.2785115857922067,1.303990818157543,3846000,-0.025507780034850103,1.2870806932449341,0.04615306086511121,-0.14294195992822487,False
2014-05-15,1.2355910539627075,1.279876655949987,1.2061688901274703,1.269411968460738,8310000,-0.03505896862944513,1.2877707302570343,0.04521924473320535,-1.153926311732717,False
2014-05-16,1.2721420526504517,1.2780568814131137,1.229828344411234,1.2334681889680026,3402000,0.029581792916451022,1.2867621779441833,0.045337390567544704,-0.32247390312308083,False
2014-05-19,1.3129388093948364,1.3234034980435678,1.2674402102600113,1.2674402102600113,4440000,0.03206934057355193,1.2860872566699981,0.044813118499197745,0.5991895593099374,False
2014-05-20,1.2944363355636597,1.3256784235455907,1.273961912620868,1.3141527197474747,3666000,-0.014092411389457604,1.282591450214386,0.04094665803566402,0.2892759975418969,False
2014-05-21,1.313090682029724,1.3243134085825865,1.2939813369921511,1.3073278303317164,4350000,0.014411173383773512,1.2803088903427124,0.037615129204738834,0.8715054920742246,False
2014-05-22,1.3323521614074707,1.3467597793329769,1.3170336603290511,1.3220385819569078,4740000,0.014668811256792313,1.2779354095458983,0.032098598197524544,1.6952999482005104,False
2014-05-23,1.3681442737579346,1.3705712347239514,1.3265886012605657,1.3311384615295343,7674000,0.026863852806493504,1.2840246379375457,0.03697447212806619,2.275073340574785,False
2014-05-27,1.420467495918274,1.420467495918274,1.3849785263596652,1.4065149404323058,6498000,0.03824393608476773,1.2938674867153168,0.045308460139600305,2.7941803542404373,False
2014-05-28,1.425017476081848,1.4376051723984289,1.4040880986953574,1.4330553124655925,4740000,0.003203156831570242,1.302823144197464,0.05246555441059109,2.3290391811759226,False
2014-05-29,1.4338139295578003,1.4504964205112878,1.4257752269795223,1.4283540553499887,3030000,0.006172874104069637,1.3109598457813263,0.059438994599898584,2.0668937051079195,False
2014-05-30,1.4397289752960205,1.4451887418539928,1.4230455055196105,1.4324491780748452,2382000,0.00412539285348168,1.3200216591358185,0.06460945281462444,1.852783314906919,False
2014-06-02,1.4630842208862305,1.4749138768802657,1.4263822608147978,1.4647530341845856,3918000,0.01622197371238432,1.3298721075057984,0.07068436203791366,1.8846051593276,False
2014-06-03,1.5043368339538574,1.5094927551811224,1.456714367678656,1.4642980086001391,6246000,0.028195651677959566,1.3414818465709686,0.07925268131449416,2.0548829980482317,False
2014-06-04,1.5248113870620728,1.5310291921234849,1.4891704411704416,1.504639941834929,4044000,0.013610351515758623,1.354873663187027,0.08651749744565106,1.9642006402438756,False
2014-06-05,1.5458918809890747,1.559845413744293,1.5067630644508003,1.534062223643473,6264000,0.013824984588827638,1.3691981494426728,0.09332726871076213,1.8932701448063085,False
2014-06-06,1.5689449310302734,1.579257641658404,1.5512004473014869,1.5568113220914204,6654000,0.014912459483550133,1.3833861649036407,0.10112631780164454,1.8349206236362647,False
2014-06-09,1.5801676511764526,1.6065567915044257,1.572735878102738,1.5769827605408628,6924000,0.00715303636489617,1.398658561706543,0.10675938140435501,1.7001699249496154,False
2014-06-10,1.595940113067627,1.5973049731113411,1.5598450864005085,1.5832004430315538,4128000,0.009981511695567047,1.411269223690033,0.11454157807555354,1.612260739552426,False
2014-06-11,1.6191444396972656,1.6358279073772688,1.5813805980551243,1.5813805980551243,4884000,0.01453959734431165,1.4265264093875885,0.12104174997046244,1.591335471906853,False
2014-06-12,1.6023104190826416,1.633249426425804,1.5836559155001078,1.6186899382255275,6840000,-0.0103968615781872,1.4426177561283111,0.12199306554295024,1.309030658780415,False
2014-06-13,1.64780855178833,1.6644920193540524,1.620964350551089,1.6479605283422265,6210000,0.028395329746240483,1.4632286310195923,0.11998045821345704,1.5384165348022918,False
2014-06-16,1.6785967350006104,1.6876964542047623,1.6400739828973256,1.6526625461164974,7470000,0.018684320565557577,1.4835513651371002,0.12033286422701056,1.620881968666123,False
2014-06-17,1.716360330581665,1.7228811112431008,1.673136619150087,1.6842073669406028,6432000,0.022497122026774896,1.5037224411964416,0.12398512009088561,1.7150274906323606,False
2014-06-18,1.6957343816757202,1.7224266107434725,1.65281374422071,1.720910641657418,9090000,-0.012017260326073087,1.5237873435020446,0.1207628810303134,1.423840146133266,False
2014-06-19,1.700435996055603,1.7136306204351033,1.6667669507949057,1.7110516834515193,7944000,0.002772612521565243,1.5431546092033386,0.1161667673600075,1.3539275511114153,False
2014-06-20,1.7152986526489258,1.7152986526489258,1.6905774565637386,1.7036209728616287,4170000,0.00874049751228445,1.5623019337654114,0.11103890685558182,1.377865859959368,False
2014-06-23,1.6963412761688232,1.7222755743889997,1.6911844864082837,1.7222755743889997,6738000,-0.011051939235669939,1.578711783885956,0.10491771779295368,1.1211594643623424,False
2014-06-24,1.6585772037506104,1.7327400269567428,1.6447756497941572,1.686786373771154,9162000,-0.022262072466634142,1.5906172692775726,0.09937945398117026,0.6838429046502339,False
2014-06-25,1.676472783088684,1.6823876111487597,1.6236943924214609,1.6455337825995555,6300000,0.01078971741418222,1.6031900346279144,0.0930296021853497,0.7877358038655595,False
2014-06-26,1.6550883054733276,1.6792025689344563,1.6165664264235895,1.6660079453386778,5352000,-0.012755636614605992,1.6142537534236907,0.08460206506397928,0.4826661384536689,False
2014-06-27,1.6629753112792969,1.6629753112792969,1.6344631605867088,1.642652864744517,2694000,0.004765308159019099,1.6254160702228546,0.07448617835106028,0.5042444368594408,False
2014-06-30,1.7149957418441772,1.7198485783536326,1.6644922236924848,1.6644922236924848,4662000,0.0312815411101095,1.638011646270752,0.0664575614804952,1.1583948290973571,False
2014-07-01,1.785669445991516,1.8091777570278105,1.7274311829771631,1.7274311829771631,9978000,0.04120925925526864,1.652078276872635,0.06644824282709642,2.0104545046660705,False
2014-07-02,1.7991682291030884,1.807054088559483,1.782181782362183,1.8006841981509467,5664000,0.007559508363585765,1.6657961189746857,0.06710832542583466,1.9874152615505212,False
2014-07-03,1.8354148864746096,1.842391705961156,1.8032628957585275,1.8032628957585275,3942000,0.020146341395540723,1.6802722692489624,0.0709964198332897,2.1852174742042685,False
2014-07-07,1.7970441579818726,1.8405717196186977,1.7874894861257902,1.835414930441876,8154000,-0.02090575203214029,1.6916772305965424,0.07049067719259701,1.4947640110967169,False
2014-07-08,1.7698971033096311,1.798258144045865,1.7172705788448803,1.7867315728228228,10506000,-0.015106503950758965,1.7011637032032012,0.06739275097079359,1.0198930762778529,False
2014-07-09,1.800683856010437,1.806295706590153,1.7425975739482982,1.7840013655893634,6528000,0.017394656809842868,1.7114008903503417,0.06610602793792382,1.3506024858116652,False
2014-07-10,1.7747502326965332,1.7967414953788543,1.7034693048237448,1.7219718314268753,6774000,-0.014402096863000646,1.7191811800003052,0.06379298757564725,0.8710840298917325,False
2014-07-11,1.7782387733459473,1.7917363753692994,1.7533656004399891,1.784153601583364,3882000,0.0019656516084032294,1.7279775977134704,0.0587603721170382,0.8553583617947023,False
2014-07-14,1.8022011518478391,1.8217656681171035,1.7880966191520675,1.81130087135683,7164000,0.013475343615865443,1.735697227716446,0.05780778112415094,1.1504320497713958,False
2014-07-15,1.7879444360733032,1.8188834354396104,1.737744875813747,1.8187324351762344,6828000,-0.007910723927747054,1.7411646127700806,0.057291732726668744,0.8165196107159639,False
2014-07-16,1.849822759628296,1.8525524800659103,1.8156986507051431,1.829500205755124,5760000,0.034608639008318676,1.747837734222412,0.0618424311852243,1.6491108685625315,False
2014-07-17,1.7069571018218994,1.805841134319508,1.6972513199636023,1.805841134319508,12642000,-0.07723207916152142,1.748398870229721,0.06139407175631515,-0.6750125414765124,False
2014-07-18,1.773839831352234,1.7786936437928829,1.7171185121958228,1.72894816811889,5280000,0.039182431391479255,1.7520690619945527,0.06056436677816174,0.3594649876787203,False
2014-07-21,1.788399577140808,1.7982582031295444,1.757764419198586,1.7736889824099202,3408000,0.008208038590200584,1.7557241082191468,0.06043415904533648,0.5406788054608126,False
2014-07-22,1.8225234746932983,1.8337471779435024,1.797196323637353,1.8200974903169085,4308000,0.019080689790279104,1.7620332181453704,0.0604949764198089,0.9999219791103281,False
2014-07-23,1.6966441869735718,1.8040208877884227,1.6943692030926103,1.8040208877884227,12192000,-0.06906867838336628,1.7639365673065186,0.05759811993970508,-1.1683086254098205,False
2014-07-24,1.6537233591079712,1.6986159959361893,1.64811248460622,1.6966440974617318,9876000,-0.025297483229033246,1.7627990961074829,0.05960593660310057,-1.82994753904828,False
2014-07-25,1.5542335510253906,1.621268564785818,1.5390671346259357,1.621268564785818,10626000,-0.06016109498280653,1.7577563583850861,0.07214527521821999,-2.821013666440303,True
2014-07-28,1.5492289066314695,1.5593906193421636,1.4920526213794814,1.5590866661522818,8148000,-0.003220007952227877,1.7520690381526947,0.08358645477204164,-2.426710548669807,True
2014-07-29,1.5421007871627808,1.585779459585172,1.5398259116760218,1.5592383415962672,5832000,-0.004601075695255141,1.7434242904186248,0.09568721436416024,-2.103974962523833,True
2014-07-30,1.5875999927520752,1.6000356066289294,1.5574189125614948,1.5686415339369884,5922000,0.02950468994507527,1.7335208177566528,0.10117722856485903,-1.4422299076025389,False
2014-07-31,1.4799188375473022,1.5463468123287172,1.4689991957217634,1.5389160146702805,9606000,-0.06782637672989,1.7175583481788634,0.11457201207570315,-2.074149753733412,True
2014-08-01,1.5020623207092283,1.5302714994892954,1.4650565062224117,1.4711233123829626,9360000,0.014962633490512856,1.7008907198905945,0.12061254858592367,-1.6484884990198345,False
2014-08-04,1.5208677053451538,1.534821239089908,1.4787059713382669,1.514649899367469,4602000,0.012519709985832073,1.6870818972587585,0.12476282364448402,-1.3322413444828545,False
2014-08-05,1.4755210876464844,1.5239016041750062,1.4559566778892403,1.4985733655910516,6888000,-0.029816280232196957,1.672363096475601,0.13165270041242957,-1.4951611946619252,False
2014-08-06,1.488715410232544,1.5179864644933547,1.4501935286680832,1.4532264427569297,8052000,0.008942144369556315,1.6567646741867066,0.13410723846561443,-1.253096148104273,False
2014-08-07,1.4303255081176758,1.525721575311478,1.4180408960018058,1.5202618079695511,7098000,-0.03922166836826613,1.6395434379577636,0.1401377069240505,-1.492945292400683,False
2014-08-08,1.4782508611679075,1.4823456589690975,1.4359370465788466,1.4445818125630685,6456000,0.03350660585876142,1.6245440423488617,0.14056506697744783,-1.0407506240823363,False
2014-08-11,1.5228393077850342,1.5468017048507188,1.4997870344478623,1.4997870344478623,7698000,0.030162976926594975,1.6105759501457215,0.1357807589489629,-0.6461640297184204,False
2014-08-12,1.5170762538909912,1.535275797147335,1.4779474474203682,1.514042472375192,5640000,-0.00378441367029414,1.5970325410366057,0.1305667827322411,-0.6123784738541374,False
2014-08-13,1.5607553720474243,1.5607553720474243,1.5263274169177712,1.5307262763378973,5910000,0.02879164316520355,1.5825791716575623,0.11633462419698248,-0.18759504971783025,False
2014-08-14,1.5690960884094238,1.5783477838127589,1.555143424839792,1.5621202447720317,4776000,0.005344025406786246,1.5756861209869384,0.11260148452442101,-0.05852527260495676,False
2014-08-15,1.6164149045944214,1.6358283142779264,1.56424343391711,1.601097377986355,7260000,0.03015673580128797,1.567814874649048,0.10312424864908838,0.4712764512908101,False
2014-08-18,1.6377989053726196,1.6402257572064336,1.6036749083263844,1.6365858048873012,6054000,0.013229277159853892,1.5602848410606385,0.09094929992943397,0.8522777456464538,False
2014-08-19,1.6728330850601196,1.6811747658708651,1.643258942176903,1.643258942176903,4548000,0.02139101422804357,1.5528003215789794,0.07252635586854429,1.655022674773601,False
2014-08-20,1.7139338254928589,1.722578591769622,1.6669182815100634,1.67283311017551,4878000,0.024569540619327368,1.5536648035049438,0.07440973886024389,2.1538715824407304,False
2014-08-21,1.7366831302642822,1.7388061378602222,1.7045311342808858,1.719696682998008,4374000,0.01327315234290416,1.5578127920627594,0.082186966794477,2.1763832536711045,False
2014-08-22,1.7404751777648926,1.760645649644363,1.7177257683755396,1.7436600690448685,6348000,0.0021834999341723282,1.5671248733997345,0.09175416001299508,1.8892909524822263,False
2014-08-25,1.7193933725357056,1.7749016956211652,1.711051584714698,1.7749016956211652,6822000,-0.012112672159025117,1.5756330966949463,0.09770399028748518,1.4713859220872922,False
2014-08-26,1.7209107875823977,1.7394132054062612,1.7154509119108898,1.7154509119108898,3456000,0.000882529310005653,1.5845735967159271,0.10253571021545543,1.3296556934163621,False
2014-08-27,1.7303135395050049,1.7354703299734393,1.6975545013973328,1.7200008263859607,3738000,0.005463822988649225,1.5917092740535737,0.1075982976651254,1.2881641109490847,False
2014-08-28,1.7673192024230957,1.7673192024230957,1.6964923695091554,1.7139337695958965,3102000,0.021386680548472814,1.6060792922973632,0.11101974132401563,1.4523535022041463,False
2014-08-29,1.7868835926055908,1.8032631091023632,1.7645892476939502,1.7767218813744132,5214000,0.011070094273672337,1.6203203558921815,0.11516504931589637,1.4463002247889318,False
2014-09-02,1.762769341468811,1.798561289132525,1.7397160897794604,1.798561289132525,4158000,-0.01349514385635886,1.6324154376983642,0.11686065629578295,1.115464416360212,False
2014-09-03,1.7782387733459473,1.800078164178842,1.7645891947543408,1.7943143362148082,3906000,0.008775641550610613,1.6475513219833373,0.11506029428250712,1.1358171137797852,False
2014-09-04,1.7918885946273804,1.8334433981907816,1.7794520064900146,1.7882487499008617,6786000,0.007676033998375464,1.6627099812030792,0.1129851544773113,1.143323775781903,False
2014-09-05,1.8369320631027224,1.8369320631027224,1.7874896685628687,1.7894615673222545,8496000,0.025137426852537503,1.6830403089523316,0.10528947652603475,1.4616062234133935,False
2014-09-08,1.848306655883789,1.878941703484243,1.8290452263238168,1.836931953071253,5826000,0.0061921684582357805,1.7015430986881257,0.0997783824333978,1.470895334404005,False
2014-09-09,1.7993192672729492,1.8540695618017544,1.7918884695674675,1.8484578185147953,4278000,-0.026503929126098336,1.7153670966625214,0.09261177095799691,0.9064956834537095,False
2014-09-10,1.797499179840088,1.808722773859733,1.7624652732225992,1.7987131482417102,7584000,-0.0010115422348696557,1.7293882429599763,0.08158187110591622,0.8348783370227492,False
2014-09-11,1.8111491203308103,1.8120591357859228,1.7554897807227845,1.781271997110715,4134000,0.007593850747646291,1.7419079303741456,0.07311468159390132,0.9470216986138159,False
2014-09-12,1.741080641746521,1.7978028200024847,1.7289479023835197,1.7978028200024847,5574000,-0.038687305091416824,1.7505071580410003,0.060796119154571275,-0.15505128329841006,False
2014-09-15,1.677535057067871,1.7547308116650115,1.6757151346995702,1.7486648738386417,7626000,-0.03649778370685097,1.7535631656646729,0.05495673198311368,-1.3834175696648516,False
2014-09-16,1.7645893096923828,1.7717171305327035,1.6670702460369158,1.6711651524242854,6174000,0.051894148058325484,1.759902685880661,0.04773888791881998,0.09817203575607814,False
2014-09-17,1.8062961101531985,1.8351121063820537,1.7712620914058532,1.7712620914058532,8154000,0.023635414898941276,1.7665758371353149,0.04411804884870714,0.900317988995735,False
2014-09-18,1.8839467763900757,1.8839467763900757,1.813423895318181,1.8322302645144812,6774000,0.04298889080278845,1.7750764846801759,0.04949278430569074,2.1997204893033624,False
2014-09-19,1.8166089057922363,1.904725278123082,1.8062961933133352,1.899568487974746,6696000,-0.03574297928249803,1.7790727734565734,0.04945634126160428,0.7589751157917596,False
2014-09-22,1.7501806020736694,1.8078128034490624,1.7401708683306727,1.8002290538342516,8310000,-0.036567201397483484,1.7795580446720123,0.049104045036342,-0.5982692989264031,False
2014-09-23,1.736530900001526,1.7779346947416017,1.7099906512376428,1.7224263689953772,5520000,-0.007799024886900652,1.7804149210453033,0.04813894375032087,-0.9116116313516889,False
2014-09-24,1.7988637685775757,1.8018976584074031,1.7445693117635015,1.7491191702136033,4500000,0.03589505293340589,1.7843125700950622,0.046183606636036406,0.31507280488482736,False
2014-09-25,1.7014974355697632,1.7947696277566891,1.684511854203853,1.7947696277566891,8892000,-0.054126574067809186,1.7828717648983001,0.04835532830043155,-1.6828410061236356,False
2014-09-26,1.7606452703475952,1.7755087078230432,1.725308280041035,1.727128202026494,5322000,0.034762223874892806,1.782538068294525,0.04849114163150548,-0.4514803572433482,False
2014-09-29,1.7680768966674805,1.7849114729817552,1.6977060028709012,1.7060468146036456,4182000,0.004220967417484456,1.7815977334976196,0.048584696979112274,-0.2782941475574519,False
2014-09-30,1.7239435911178589,1.772930166978533,1.7061991048071452,1.7709591359336143,5490000,-0.024961191242759417,1.779656445980072,0.050127785484032523,-1.1114166389807854,False
2014-10-01,1.5982149839401243,1.7160564704254169,1.5856272904858146,1.7160564704254169,13020000,-0.07293081271656243,1.7706552565097808,0.06449874286291189,-2.6735447066955667,True
2014-10-02,1.571674942970276,1.5909353965104598,1.4849235509625038,1.5909353965104598,17538000,-0.016606051899487495,1.7596445739269257,0.07805506716646955,-2.4081669234332113,True
2014-10-03,1.5954853296279907,1.6303682382257774,1.574252976438618,1.6188416666290637,10464000,0.01514968903984415,1.747572237253189,0.08392332087506907,-1.8122126965352061,False
2014-10-06,1.556963324546814,1.6156566512342871,1.5263273011601115,1.614746635972598,7080000,-0.02414438062564872,1.7330050706863402,0.09054212152009423,-1.9443077231237276,False
2014-10-07,1.469454050064087,1.5510485441094104,1.469454050064087,1.5416458482830673,6960000,-0.056205096872271154,1.7165118098258971,0.10646982630223194,-2.3204486035367102,True
2014-10-08,1.5663663148880005,1.5742530424426662,1.4294153476292608,1.474004039689186,11916000,0.065951204680192,1.704955166578293,0.1097111638106368,-1.2632155824132811,False
2014-10-09,1.4409418106079102,1.5621201722774265,1.4368469047773271,1.5621201722774265,11388000,-0.08007354543311829,1.6864448010921478,0.12145336413566558,-2.0213766183537443,True
2014-10-10,1.142318844795227,1.3234034341762544,1.1044039982092748,1.3234034341762544,57942000,-0.20724151635706844,1.656506711244583,0.17097701758379702,-3.0073507756523417,True
2014-10-13,1.0684598684310913,1.1853913376874536,1.0684598684310913,1.1467174834944391,18840000,-0.06465705849173464,1.6260529518127442,0.21548451391901316,-2.5876248517386102,True
2014-10-14,1.1288212537765503,1.1875144769685004,1.0984891809400823,1.1253333859505206,30090000,0.056493825485549154,1.5942645490169525,0.2395252900690517,-1.9431906130088457,False
2014-10-15,1.1436837911605835,1.167798057913912,1.0416158489547391,1.0683080765956727,41124000,0.013166422349251139,1.5611339330673217,0.2540397616245711,-1.6432472587644007,False
2014-10-16,1.1932775974273682,1.2213357772412032,1.0843847838312588,1.09424254429366,31764000,0.0433632151212513,1.5266004741191863,0.2547906018837088,-1.3082228081707385,False
2014-10-17,1.222396731376648,1.2824549338208016,1.215571886336525,1.2625875457669444,43908000,0.02440264864777375,1.496889865398407,0.2538366016702901,-1.081377280563738,False
2014-10-20,1.280179738998413,1.2832135209853168,1.1985861144253314,1.215723560195526,16344000,0.04727025697842846,1.4733898222446442,0.25089203251777836,-0.7700925426260403,False
2014-10-21,1.4194055795669556,1.4241074155743338,1.3124837199622956,1.328257173500521,22548000,0.10875491645998858,1.4575335562229157,0.2432923383231883,-0.15671671750431826,False
2014-10-22,1.360409379005432,1.462023348229432,1.357679441435851,1.4465537381608775,32538000,-0.041564019058966006,1.4356108367443086,0.23032548539151126,-0.3265008108462158,False
2014-10-23,1.4192544221878052,1.4413967886731338,1.3999929932348956,1.4084857818616976,17814000,0.04325539362672859,1.4214986860752106,0.22166066385687008,-0.010124772922517969,False
2014-10-24,1.4650561809539795,1.471273986041173,1.4180406403119428,1.4180406403119428,15600000,0.03227170410754843,1.4067192316055297,0.20724302443672749,0.2814905327067373,False
2014-10-27,1.480071187019348,1.489170908912785,1.4221358787509495,1.440942361182122,24660000,0.010248757870562564,1.3923189461231231,0.1901104298476722,0.4615856214019248,False
2014-10-28,1.5445266962051392,1.5460436413798155,1.4881083549810166,1.4978151118546144,18132000,0.04354892504569019,1.383348101377487,0.177449816198479,0.9083052227418064,False
2014-10-29,1.5537784099578855,1.565153112406704,1.50054506718179,1.5378539567021827,24510000,0.005989999250564981,1.3811262726783753,0.1748774443813762,0.9872750479071905,False
2014-10-30,1.5013028383255005,1.541190660620368,1.4383637215221323,1.541190660620368,17796000,-0.03377287990107114,1.3776076674461364,0.17151742124788813,0.7211813819226666,False
2014-10-31,1.675866961479187,1.696037322976118,1.618993660332571,1.618993660332571,30552000,0.11627509033979377,1.3816267490386962,0.17772112401490378,1.6556288064879428,False
2014-11-03,1.7069571018218994,1.732891291999633,1.6757150130366716,1.704531117385489,12402000,0.018551675674345347,1.3891264379024506,0.18835621035007089,1.6873914766534226,False
2014-11-04,1.6927013397216797,1.7200004967538758,1.6502356589066416,1.6916393478623102,8046000,-0.00835156436269191,1.4002888023853302,0.19964394697262464,1.4646701879543857,False
2014-11-05,1.7425978183746338,1.7463897476341037,1.6820846760825794,1.7289482398533556,13212000,0.029477426101144566,1.4091003775596618,0.21092992735438396,1.5810816653563913,False
2014-11-06,1.6981611251831057,1.7254603910002202,1.6629752408754868,1.7156016568589545,11454000,-0.02550025755970209,1.4219613432884217,0.22059386365819073,1.2520737309477221,False
2014-11-07,1.6482638120651243,1.7089290452791224,1.6071640722469305,1.69816127120462,16014000,-0.02938314414222687,1.4472585916519165,0.21579537894483442,0.9314621165478824,False
2014-11-10,1.685572624206543,1.6931563746103564,1.639923026683498,1.6632783874914088,3756000,0.02263521886989328,1.478114229440689,0.20249093074384086,1.024531785220036,False
2014-11-11,1.670862078666687,1.69770628437459,1.6573636078528773,1.69770628437459,4548000,-0.008727328225789588,1.505216270685196,0.18911215015339913,0.875913090973408,False
2014-11-12,1.6678285598754885,1.6743503195914278,1.6409843499264642,1.648567993274734,3774000,-0.001815541108946106,1.5314235091209412,0.17190960557546517,0.7934696278194183,False
2014-11-13,1.6707100868225098,1.7207586532851733,1.6531175775714133,1.6808717983883037,7716000,0.0017277117183054358,1.5552951335906982,0.15477765739234228,0.7456822591599829,False
2014-11-14,1.7118107080459597,1.716208590765563,1.633249023451231,1.655392366198751,9924000,0.024600690178161466,1.579765832424164,0.13704893827269668,0.9634870381779688,False
2014-11-17,1.6896673440933228,1.702103929703966,1.6464436272421947,1.6910323127077542,10320000,-0.012935638180411768,1.6002402126789093,0.11938622156869506,0.7490573890300812,False
2014-11-18,1.7873386144638062,1.8014431474284975,1.6970993479422147,1.6970993479422147,10830000,0.057805029322439694,1.6186368644237519,0.11839813290176357,1.424868331158805,False
2014-11-19,1.7529104948043823,1.7970442287785895,1.726370244829951,1.791433353817715,8220000,-0.019262225624634755,1.6382619202136994,0.10512883246980072,1.0905531041982874,False
2014-11-20,1.801746129989624,1.804779044279132,1.7052889549894337,1.714388674152839,8310000,0.027859742599516846,1.6573865056037902,0.09772064486948302,1.4772684377865337,False
2014-11-21,1.8558894395828247,1.8745438308022464,1.8179736186988007,1.8615011824073548,12906000,0.03005046531916933,1.6769281685352326,0.09630327464955005,1.8583093015147873,False
2014-11-24,1.9132177829742432,1.9167057592270575,1.8578614281283024,1.8690840465027256,9054000,0.03088995614108625,1.6985854983329773,0.09838469219214865,2.1815617842466963,False
2014-11-25,1.9124597311019895,1.9335403243878049,1.900933159660518,1.9261094185088712,6144000,-0.0003962182868043618,1.7169821500778197,0.10237977352618419,1.909337892549404,False
2014-11-26,2.0357606410980225,2.0372767183232536,1.9223171470541645,1.9223171470541645,10092000,0.06447242155785671,1.7410812616348266,0.11754498903766358,2.506949737932046,False
2014-11-28,2.047438859939575,2.072160166186601,2.0137699191586003,2.0530506031832374,6168000,0.00573653827753251,1.7683880627155304,0.12225248303549816,2.282577746441498,False
2014-12-01,1.976006031036377,2.058358680533935,1.9497688633023051,2.0313623892291424,13002000,-0.034888870334963906,1.7833950161933898,0.12855648279432597,1.4982598361153074,False
2014-12-02,2.013617515563965,2.014072468928241,1.9358148494584693,1.992688142126496,8928000,0.01903409399406608,1.7987280368804932,0.13697218889741966,1.5688548194583156,False
2014-12-03,2.138739109039306,2.146777921352179,2.0321211959171577,2.0321211959171577,10110000,0.06213771607975804,1.8210299253463744,0.15404794438112368,2.06240456482107,False
2014-12-04,2.1479909420013428,2.186967672802922,2.108104087374451,2.1677073265059232,11634000,0.004325835218954133,1.84129958152771,0.16911835562344454,1.8134717508518439,False
2014-12-05,2.2139639854431152,2.2139639854431152,2.1517826762176737,2.1639154188149816,6846000,0.03071383689369922,1.8670897245407105,0.18474831481249354,1.8775503378986569,False
2014-12-08,2.1185691356658936,2.224581119922423,2.077013458391189,2.210172522312277,15150000,-0.043087805585116046,1.890604990720749,0.18535948232581723,1.229848843365017,False
2014-12-09,2.112804889678955,2.131156414317702,2.007703050164089,2.0124048866398,12642000,-0.0027208203357153016,1.9119666039943695,0.1851049161136507,1.084997037902953,False
2014-12-10,1.9945082664489744,2.1231184033754533,1.9831335639889152,2.1147765065323076,11838000,-0.055990320643358626,1.928148913383484,0.17688193513774197,0.3751618446158163,False
2014-12-11,2.022869110107422,2.097334792998105,2.0087644724976155,2.0286318521272286,9138000,0.014219466590098984,1.9459009408950805,0.16691625700282348,0.4611184709889549,False
2014-12-12,1.922773003578186,2.0096754240539383,1.9173133439768513,1.9716085902112908,10422000,-0.04948224580082705,1.9585040867328645,0.1540655721308291,-0.2319212700183035,False
2014-12-15,1.8681740760803225,2.00618702389436,1.8502777233200216,1.957199367792121,16956000,-0.02839592993882145,1.9663222551345825,0.14456235631387404,-0.678933171517767,False
2014-12-16,1.8363251686096191,1.9514368559009383,1.821917658093501,1.8451220203277412,16812000,-0.017048147642390266,1.9736551463603973,0.1330518496527831,-1.0321538415975382,False
2014-12-17,1.9547733068466189,1.963569289359451,1.7956792301737954,1.84148188518626,15510000,0.06450281260735702,1.982026880979538,0.12578052192510691,-0.21667563240949728,False
2014-12-18,2.062605381011963,2.062605381011963,2.003457309160333,2.0468319254518392,21252000,0.05516346769605507,1.997511625289917,0.11466130544155054,0.5677046451841413,False
2014-12-19,2.0465292930603027,2.0897529140465556,2.0143770753464123,2.084141169870605,15420000,-0.00779406865688137,2.009750783443451,0.1053514786704575,0.34910292746716975,False
2014-12-22,2.1373746395111084,2.1437444225963005,2.0670037232322716,2.075345405447617,10992000,0.0443899565761694,2.023825043439865,0.10247787610196722,1.108040099877359,False
2014-12-23,2.125316858291626,2.188259087270892,2.1194018200861993,2.1840122707858014,16380000,-0.005641398094926586,2.0344299972057343,0.1013980972113857,0.8963369489707378,False
2014-12-24,2.1327483654022217,2.1582283901297448,2.123344361725538,2.133051461404813,3030000,0.0034966584307665194,2.045444428920746,0.09939641787334823,0.8783408733372993,False
2014-12-26,2.141089916229248,2.1639920024716948,2.1304737433012924,2.155801899840287,3072000,0.003911174408732121,2.050710892677307,0.10162181710453248,0.8893663400938123,False
2014-12-29,2.121978998184204,2.136084134267368,2.0951340681296613,2.1291081538255727,5970000,-0.00892578957108947,2.0544378995895385,0.10285490689488228,0.6566638445717775,False
2014-12-30,2.085428476333618,2.111211602068595,2.0786034993799323,2.0786034993799323,5286000,-0.01722473308259065,2.0599090218544007,0.10136274095912638,0.25176365830032094,False
2014-12-31,2.04478120803833,2.136084716954532,2.043568172947068,2.091343443941697,8412000,-0.019491087206572444,2.061467206478119,0.10085192069511371,-0.16545047753956504,False
2015-01-02,2.044933319091797,2.113031647477453,1.9859339472739064,2.081333484604867,15978000,7.438989211605573e-05,2.0567769169807435,0.09923749674532001,-0.11934599599324497,False
2015-01-05,1.929210305213928,2.024760838128607,1.924508520029497,1.9888156459164024,12648000,-0.05659011606758124,2.0458378851413728,0.10070110232261927,-1.1581559410720386,False
2015-01-06,1.797866702079773,1.9337604678691296,1.781031637851034,1.926935491673092,13386000,-0.06808153718606147,2.0250330209732055,0.10692840761241332,-2.1244711668843816,True
2015-01-07,1.852314829826355,1.8779469437376677,1.799079501751622,1.8294127494287764,8574000,0.030284852421815556,2.0117203056812287,0.11116086109975304,-1.4340072061139142,False
2015-01-08,2.0189974308013916,2.0582786229575674,1.91100978838503,1.9261769528859811,13884000,0.08998610727025391,2.0070299327373506,0.10862123356181112,0.11017641460710195,False
2015-01-09,2.024003028869629,2.0497861517899105,1.9451355764221103,2.043719024133181,11070000,0.002479249350134438,2.0085046708583834,0.10864250211357541,0.14265464905294145,False
2015-01-12,1.9023659229278564,1.9962482616957056,1.8706675372164925,1.9962482616957056,10962000,-0.06009729442435896,2.0024795114994047,0.11111722540105902,-0.9009727178680448,False
2015-01-13,1.845642328262329,2.014296316334438,1.8166732200715177,1.9446809814967032,12708000,-0.02981739421521301,1.998622977733612,0.11528934661669311,-1.326927890223053,False
2015-01-14,1.816066861152649,1.8711220764917569,1.7594946468749937,1.7854297527984184,9324000,-0.016024484623478163,1.9960176169872283,0.11892392461901027,-1.5131585710030786,False
2015-01-15,1.7717797756195068,1.888108345352215,1.7669266588616388,1.8512532102049195,6774000,-0.02438626378823594,1.9927903473377229,0.12424248852304498,-1.7788646568941038,False
2015-01-16,1.8322945833206177,1.839119558351794,1.7320420636093994,1.755399220981965,8616000,0.03415481344454996,1.9866664111614227,0.12913706837626043,-1.1954106576975971,False
2015-01-20,1.8902318477630615,1.910099929356843,1.8174314294746323,1.8473095970593405,9438000,0.03162005988002514,1.9780477344989777,0.12955359229924077,-0.6778344403841812,False
2015-01-21,1.9522643089294431,1.9760763393895648,1.852467575504691,1.874762823537643,9642000,0.03281738229085085,1.9733344852924346,0.1286425686860122,-0.16378852333413105,False
2015-01-22,1.9889676570892336,1.9936687912001312,1.8366928289678657,1.958027564278696,12336000,0.018800399101655207,1.965914136171341,0.12283135450204531,0.18768433362434928,False
2015-01-23,1.97152578830719,2.002010913914572,1.9377035688697537,1.9666725634268512,9594000,-0.008769307394152936,1.9582245826721192,0.11700269216140743,0.11368290241323244,False
2015-01-26,1.99215304851532,1.995338052308838,1.9141955244646267,1.9694028354512376,6576000,0.01046258706351555,1.951194816827774,0.10997779856978002,0.3724227273158084,False
2015-01-27,1.877643346786499,1.9337605927772332,1.8385131480598071,1.9110103813714865,15486000,-0.05748037371634729,1.9380224883556365,0.10148545983689797,-0.5949536186383313,False
2015-01-28,1.8495851755142212,2.0003430246921505,1.8471582374910505,1.9413436536575637,13218000,-0.014943291184823848,1.9244027972221374,0.09345922659266696,-0.8005375652636371,False
2015-01-29,1.8548933267593384,1.8752174701105944,1.7510017759966328,1.821830252658808,15474000,0.002869914462653167,1.9128760397434235,0.08651221029181619,-0.6702257726221807,False
2015-01-30,1.740839600563049,1.863993257769924,1.7365925673593643,1.8057530351374276,10230000,-0.06148802443294743,1.8976789593696595,0.08878757203429427,-1.7664562191883233,False
2015-02-02,1.7567646503448486,1.768442743609692,1.6434689967965892,1.758129667367928,14562000,0.009147913326792878,1.883270525932312,0.08699738742464093,-1.4541341910645937,False
2015-02-03,1.8515571355819704,1.8544381752621808,1.7702627397737911,1.7831547360323912,10800000,0.053958556838284766,1.879387867450714,0.08657097423651372,-0.3214787879446694,False
2015-02-04,1.8737003803253176,1.911920642117772,1.823498169192486,1.8385132487935816,8946000,0.011959255438470207,1.8831795513629914,0.08444719552025153,-0.11224968430598255,False
2015-02-05,1.9249638319015503,1.9269358005759325,1.8676335453477628,1.882952372526046,6324000,0.027359471191083395,1.886812001466751,0.08461200890969169,0.4509032574267266,False
2015-02-06,1.895843505859375,1.98244588242628,1.8793122952888035,1.9369456747352884,11220000,-0.015127726328971636,1.8806543052196503,0.07876510209902288,0.1928417565006008,False
2015-02-09,1.8338117599487305,1.8871980966660964,1.8200097181534376,1.8635379495017437,6336000,-0.03271986623311818,1.8711447417736053,0.07171273703259388,-0.5205906700772948,False
2015-02-10,2.019603967666626,2.0209690931274853,1.8887152958767928,1.9010003402140825,10446000,0.10131476511149096,1.8770066440105437,0.07883685954812113,1.8087646371687656,False
2015-02-11,2.039928436279297,2.0626784336515103,1.9599989391363732,2.016874258010092,9228000,0.010063591148591788,1.8867209494113921,0.08637805324029568,1.773685341595924,False
2015-02-12,2.138360023498535,2.13851189698449,2.062223458406132,2.0776935086475925,8820000,0.04825247075763661,1.9028356075286865,0.10128094662739906,2.3254563055805137,False
2015-02-13,2.183860540390014,2.2013025618039803,2.1257721783232904,2.174002431038508,8976000,0.021278230228526374,1.9234396457672118,0.11429592865215557,2.2784791872627297,False
2015-02-17,2.205699920654297,2.210857109441905,2.160048711146957,2.184618799554256,5856000,0.010000354812208956,1.9421099126338959,0.1282677072819906,2.0549989830324993,False
2015-02-18,2.1840124130249023,2.2037294976099377,2.1597451986183773,2.1991793677884477,5652000,-0.009832483297619765,1.956798940896988,0.1384328879677215,1.641325811109958,False
2015-02-19,2.2040319442749023,2.2231421820284045,2.162929778302962,2.1692997852334335,5124000,0.00916639993921664,1.9693873226642609,0.14903971087076828,1.574376521798951,False
2015-02-20,2.243314027786255,2.245891971091756,2.167934679143475,2.187499667652157,6198000,0.017822828572602978,1.982104641199112,0.1611572816881014,1.6208351484401382,False
2015-02-23,2.1987240314483643,2.2430103343399312,2.175366977079406,2.241494203218011,5010000,-0.019876841042131277,1.9934645533561706,0.16822491451374674,1.220149100301196,False
2015-02-24,2.2877519130706787,2.2907850424184253,2.1554981441411147,2.1908364876248263,8376000,0.040490702948140944,2.0082444965839388,0.18063152534291566,1.5473900026925846,False
2015-02-25,2.2493808269500732,2.2915450326880205,2.231635710308015,2.2871461252564864,5766000,-0.016772398222630214,2.0268313705921175,0.1855444113090724,1.199440364642629,False
2015-02-26,2.2950327396392822,2.3167209225345515,2.2598456084993837,2.2797145641448022,6090000,0.020295324003053894,2.0491037487983705,0.1898340586798611,1.2954945627309684,False
2015-02-27,2.2785003185272217,2.3156594126508647,2.257419198771726,2.30003727559663,4236000,-0.007203566566400754,2.0702840983867645,0.19065474180247005,1.0921114165425891,False
2015-03-02,2.4677820205688477,2.4689959237253,2.3284001197138338,2.3284001197138338,10602000,0.08307293200817889,2.1066312193870544,0.1938100043254686,1.8634270322563236,False
2015-03-03,2.3252148628234863,2.4444255638839287,2.3205128599017097,2.4444255638839287,11424000,-0.057771373872194,2.1350537300109864,0.18106402598286614,1.0502424862158684,False
2015-03-04,2.3214223384857178,2.324455250983925,2.2380047694671417,2.306559136282257,7704000,-0.0016310425321999222,2.158546990156174,0.17263038128726244,0.9434917951001581,False
2015-03-05,2.3235461711883545,2.363435309731025,2.293970978396047,2.355700175861448,5172000,0.0009148842360249265,2.1810392796993257,0.16257675096876334,0.8765514788544974,False
2015-03-06,2.2534759044647217,2.313840200047427,2.232090812692218,2.2948811790924477,6402000,-0.030156606136126918,2.197464883327484,0.15156537927612754,0.3695502324128689,False
2015-03-09,2.2731924057006836,2.2877525152123317,2.241039273493413,2.2477123767768736,3822000,0.008749373000571437,2.2163323283195497,0.1345770787544728,0.4225093746080742,False
2015-03-10,2.1448817253112793,2.24073513951464,2.136691623652234,2.222990027734418,10950000,-0.056445147391671946,2.231885826587677,0.10209742243038541,-0.8521674612865088,False
2015-03-11,2.1629300117492676,2.228147303980684,2.1595940023100915,2.172788987095626,5814000,0.00841458352924751,2.2390521287918093,0.09082023560136926,-0.8381625145376084,False
2015-03-12,2.1602001190185547,2.160504082957843,2.0884618088389253,2.0980168208919205,5214000,-0.0012621271681856339,2.245065712928772,0.08031586306613135,-1.0566479730204683,False
2015-03-13,2.204789638519287,2.214951707128443,2.1313831316427208,2.174153511913628,5982000,0.020641383688558834,2.2483871936798097,0.07697488745194753,-0.5663867347352581,False
2015-03-16,2.301856756210327,2.305648818298224,2.2205632590302127,2.2205632590302127,6324000,0.04402556869608176,2.254287004470825,0.07628778009739717,0.62355663880597,False
2015-03-17,2.252869129180908,2.2654572689456427,2.2108570263238985,2.2584802024417763,6150000,-0.021281787799024454,2.2566454648971557,0.07543095183379017,-0.05006347692083366,False
2015-03-18,2.3023126125335693,2.336437930041397,2.1644468678679503,2.253020342603087,8148000,0.021946895499712182,2.262560474872589,0.07406146902378462,0.5367451953756699,False
2015-03-19,2.3191475868225098,2.336285638429695,2.2838092372678127,2.302312414278049,4704000,0.007312201738935098,2.2683162569999693,0.07374595598982485,0.6892761662694283,False
2015-03-20,2.4209160804748535,2.43957134823995,2.357519759752845,2.372685843295315,6618000,0.04388185306989367,2.2771963596343996,0.08092079450242212,1.7760542481593171,False
2015-03-23,2.3531205654144287,2.428044940293928,2.3531205654144287,2.420764778482228,6318000,-0.028004074824075298,2.2849161863327025,0.08040358362087983,0.848275362990342,False
2015-03-24,2.2929093837738037,2.370562936058069,2.2903305723798315,2.3425047477775145,6552000,-0.025587801375583474,2.2851740598678587,0.08042142579349498,0.09618486404117801,False
2015-03-25,1.9788050651550293,2.301553631477978,1.97167699522272,2.301553631477978,21066000,-0.13698941652103291,2.2716452717781066,0.10558228321815309,-2.773573346751876,True
2015-03-26,1.897208571434021,1.9337608310462568,1.7676848965112768,1.873093448514382,24066000,-0.04123523592993006,2.2517540633678435,0.13446725634161794,-2.6366678519348192,True
2015-03-27,2.052971363067627,2.077389580003991,1.8818904523056752,1.8859853950531469,16368000,0.08210103727070517,2.240477615594864,0.14138477767739935,-1.326212450926463,False
2015-03-30,2.138511657714844,2.1497348901090443,2.059341320117493,2.093011451224291,16764000,0.041666579566604245,2.2240140974521636,0.13240930704924767,-0.6457434272767402,False
2015-03-31,2.0632846355438232,2.114244916287644,2.0517585226844797,2.0995337994419443,6942000,-0.035177279440883,2.2109175860881805,0.13480478284647895,-1.0951610723818863,False
2015-04-01,2.0244576930999756,2.0503926855669743,1.9716773354078236,2.044325775787118,12366000,-0.018818025285984863,2.1960693538188933,0.1383018916504413,-1.240848253563061,False
2015-04-02,2.004134178161621,2.0664695638430817,2.0017081077753134,2.0290082339279447,10686000,-0.01003899217436044,2.180098754167557,0.14121808872341507,-1.2460484177106663,False
2015-04-06,2.032799005508423,2.0467529211153095,1.9190483951422033,1.944073451316426,8514000,0.014302848411624769,2.169064909219742,0.14378099540508316,-0.9477323712178272,False
2015-04-07,2.0379562377929688,2.08997854202604,2.024913127291586,2.047814344682057,5790000,0.0025370104326944976,2.157303100824356,0.14443477195044485,-0.8263028453586992,False
2015-04-08,2.074659824371338,2.0928599098555942,2.020211441411631,2.0261264800421213,3948000,0.018009997416881696,2.153792005777359,0.14560142574920704,-0.5434849349780647,False
2015-04-09,2.1551952362060547,2.1606550881193236,2.039624501550604,2.039624501550604,7356000,0.03881861059276104,2.153405267000198,0.1455861479437145,0.012294914256186834,False
2015-04-10,2.1793100833892822,2.1793100833892822,2.1445787905818063,2.1676318814486577,4248000,0.011189170604180898,2.1543607652187347,0.14569575960126124,0.17124258275483534,False
2015-04-13,2.1369948387145996,2.214042425629542,2.13183895097117,2.1793102621251164,7758000,-0.01941680763889897,2.1509710252285004,0.1452487032910571,-0.09622245291852644,False
2015-04-14,2.074659824371338,2.154892204172407,2.051909609034951,2.154892204172407,8010000,-0.029169473512044686,2.139611178636551,0.14166723493295383,-0.45847830866432976,False
2015-04-15,2.179461717605591,2.197813888658838,2.0955893864308233,2.126074510652284,8970000,0.050515217966400794,2.135940808057785,0.13951302020134768,0.3119487305557274,False
2015-04-16,2.1520097255706787,2.1649016120921027,2.110756339588348,2.1233444792041847,3702000,-0.012595767025020965,2.1284256637096406,0.13401941300902118,0.17597496759257272,False
2015-04-17,2.0597968101501465,2.104690184995732,2.0277946755697873,2.104690184995732,9108000,-0.04284967410919982,2.1154581248760223,0.12695518988155238,-0.43843276338531006,False
2015-04-20,2.11014986038208,2.1353267948396346,2.0852766728824688,2.0925566196159107,4416000,0.02444563948434464,2.0999198138713835,0.10466226821622629,0.0977434053842775,False
2015-04-21,2.1562559604644775,2.1991782071701675,2.131382783951558,2.1806741676277848,6054000,0.0218496804175079,2.090076583623886,0.08743568300005328,0.7568920899325654,False
2015-04-22,2.245589256286621,2.249532108257453,2.1460947833441217,2.183253879643267,9702000,0.04142981977097948,2.087710577249527,0.08213790117870468,1.9221172780346913,False
2015-04-23,2.140179395675659,2.1665693576033913,2.0813329959543903,2.122586160044521,11388000,-0.04694084651316466,2.0957792937755584,0.07873223910181829,0.5639380056584139,False
2015-04-24,2.035529136657715,2.1348715175939437,1.9968539099254772,2.1309284487239255,18216000,-0.04889789109707132,2.1026953220367433,0.06530078774773791,-1.028566234736657,False
2015-04-27,2.056762933731079,2.1157614307046515,2.0335579719934573,2.0406860439956995,8376000,0.010431585915900765,2.102884900569916,0.06515417267750893,-0.7078896860086759,False
2015-04-28,2.0593414306640625,2.070413441069948,1.971677890052327,2.0400793175615988,4686000,0.0012536675426690902,2.0989263892173766,0.06528062089840195,-0.6063814652578335,False
2015-04-29,2.02476167678833,2.044023794981259,1.961819433261043,2.0388668212219216,7008000,-0.016791656478538197,2.097000241279602,0.06693496406761662,-1.0792351276725531,False
2015-04-30,1.9785027503967283,2.0347712194609087,1.934670548753258,2.0073190052818717,6360000,-0.02284660309502573,2.09470249414444,0.07026234302171795,-1.6537983043320157,False
2015-05-01,2.1327483654022217,2.148218411409941,1.998218651398708,1.998218651398708,17382000,0.07796077866182594,2.10113320350647,0.06736269781951881,0.46932743074596917,False
2015-05-04,2.1187942028045654,2.166114496001974,2.102111122140655,2.1413934049284533,7014000,-0.00654280777986882,2.105432963371277,0.06548986168031284,0.2040199672204386,False
2015-05-05,1.984872579574585,2.099533349391388,1.9789575424446952,2.099533349391388,11862000,-0.06320652711467378,2.1027787804603575,0.06933151542186981,-1.7006147949937986,False
2015-05-06,1.9774409532546997,2.0279460415569597,1.933457528687668,2.0035280421198105,9012000,-0.003744132694642799,2.097917836904526,0.07461361572344959,-1.6146769256748768,False
2015-05-07,2.044023275375366,2.0529714437749296,1.9956411582460143,1.9956411582460143,7686000,0.03367095336580217,2.0923592388629912,0.0742621970925108,-0.6508824863801346,False
2015-05-08,2.1025660037994385,2.128046244058118,2.081029048821891,2.093163085461116,10140000,0.028640930428407874,2.088522034883499,0.07146285395856447,0.1965212433872634,False
2015-05-11,2.1031734943389893,2.1277435838245937,2.076631436365892,2.097409462343475,7164000,0.00028892816608516725,2.0868309676647185,0.07065099872960334,0.23131345583403717,False
2015-05-12,2.052818775177002,2.0849729850952503,2.0188455554211364,2.082242951604465,6732000,-0.02394225645079906,2.0857389152050017,0.07101688077513897,-0.4635537307282598,False
2015-05-13,2.0863378047943115,2.130624096813982,2.069502852104843,2.0729909508545994,5100000,0.01632829454924467,2.0810827195644377,0.06751504376906305,0.07783576720840157,False
2015-05-14,2.1633851528167725,2.1865903373807165,2.1062069532002816,2.1306249560683015,10308000,0.03692946935314567,2.0816514909267427,0.0681885628195913,1.1986418031169703,False
2015-05-15,2.174001455307007,2.199178600104197,2.1416962391302805,2.1840116506350955,4164000,0.004907264190295413,2.0873617231845856,0.07098653530184633,1.2205093790535766,False
2015-05-18,2.2322421073913574,2.239370179491567,2.165508694575427,2.165508694575427,6348000,0.026789610440314027,2.0934663355350493,0.07795693020779154,1.7801595250916882,False
2015-05-19,2.211918830871582,2.2812304039068714,2.187196870021286,2.256964063418726,6744000,-0.009104423060778855,2.0962494790554045,0.0812410044499187,1.4237804246682144,False
2015-05-20,2.223445415496826,2.2750127560467175,2.1985722267731225,2.233759577885599,2923500,0.00521112459660289,2.095142287015915,0.07922447620729907,1.6194885043505067,False
2015-05-21,2.256812334060669,2.268945505079437,2.187651979177355,2.2173790400849684,2389500,0.01500685302696625,2.1009739339351654,0.0866579895230321,1.7983154350019228,False
2015-05-22,2.2731924057006836,2.296245713545536,2.2574194780548043,2.263485521384852,2566500,0.007258056592832407,2.1128570973873138,0.09325531588326419,1.7193154813187865,False
2015-05-26,2.2240519523620605,2.2671252156451884,2.1882586344582076,2.2507450130987112,4063500,-0.021617375289214036,2.121221548318863,0.09543611383596048,1.077478953302171,False
2015-05-27,2.483705997467041,2.504333230046891,2.235578655566082,2.2404316626064205,13917000,0.11674819233840927,2.1424397766590118,0.12388758641639007,2.7546441954323235,False
2015-05-28,2.4903807640075684,2.5304211223739728,2.4412405806040263,2.4891668609728352,6607500,0.002687422161614217,2.1657207310199738,0.1429002755074992,2.271934269087934,False
2015-05-29,2.512220859527588,2.5486210249332295,2.4843136755181496,2.5055468883760073,5224500,0.008769781647716357,2.192406636476517,0.1553871737998689,2.0581764583927376,False
2015-06-01,2.5237464904785156,2.5759206584515537,2.485526237296084,2.5546865817889293,6366000,0.0045878255119238265,2.2119565427303316,0.17127099405705404,1.8204480534767031,False
2015-06-02,2.4345662593841553,2.5019065171164336,2.426680121552051,2.5019065171164336,5436000,-0.035336445808172745,2.227745145559311,0.17669950398806936,1.170467993157518,False
2015-06-03,2.3860325813293457,2.4818861992675454,2.384212486668915,2.480066104607115,4191000,-0.019935246316560185,2.247803145647049,0.17033294658391543,0.8115249483704398,False
2015-06-04,2.3235461711883545,2.3836064959474617,2.302920015384671,2.3563063680535157,8517000,-0.026188414454163755,2.2651084065437317,0.15859660693525346,0.36846793745391937,False
2015-06-05,2.327185869216919,2.341745979094952,2.2574195348596726,2.317479852505245,6295500,0.0015664410174827115,2.2792665362358093,0.15024028374167223,0.31895129447108606,False
2015-06-08,2.199179410934448,2.3302202016792757,2.1767322914085523,2.327186203173074,10593000,-0.0550048279235833,2.28409720659256,0.14574579099648183,-0.5826432110150065,False
2015-06-09,2.1876518726348877,2.206458796658962,2.123344528936451,2.1906847855582123,10443000,-0.005241745281100996,2.2883211255073546,0.14138531883087074,-0.7120205528049937,False
2015-06-10,2.26955246925354,2.2944256555881433,2.2143451604605233,2.234972398446181,8491500,0.03743767353624161,2.299157810211182,0.13025250577977257,-0.2272919110492791,False
2015-06-11,2.268339157104492,2.305345510586235,2.2622722465689225,2.300492502866762,5124000,-0.000534604141338435,2.3082578778266907,0.12060151872086897,-0.3309968327562273,False
2015-06-12,2.206458806991577,2.2446790642337073,2.197358766406506,2.239218996490248,3468000,-0.027280025528415464,2.3104115605354307,0.11823971579285265,-0.8791695146322173,False
2015-06-15,2.1900792121887207,2.197359159173198,2.102111703551798,2.1627790855537503,3541500,-0.007423476364459947,2.3112154483795164,0.11731451428163969,-1.0325767185122647,False
2015-06-16,2.213131904602051,2.2276920128968256,2.162778693954057,2.169451796679808,3762000,0.010525962844189385,2.3102599382400513,0.11806700660891128,-0.8226517841663448,False
2015-06-17,2.217985153198242,2.243465180266018,2.1912918741604135,2.2295121317241606,4078500,0.0021929323715859095,2.310563254356384,0.11780857923475337,-0.7858349685523709,False
2015-06-18,2.3120193481445312,2.3417455374525415,2.2373989346939913,2.2373989346939913,7689000,0.042396223802803945,2.3149919509887695,0.11601240876671193,-0.025623145625877447,False
2015-06-19,2.2913928031921387,2.336286172991861,2.25256569451808,2.318086087842094,4377000,-0.008921441323121337,2.316720974445343,0.11535550594342275,-0.21956621009167065,False
2015-06-22,2.334465503692627,2.352665801329426,2.2998854371954827,2.3326456258024,4977000,0.018797606608733197,2.31978462934494,0.11495156295088423,0.12771356883559465,False
2015-06-23,2.2944259643554688,2.3605534185982413,2.2731927483596843,2.344780271612633,5640000,-0.017151480402612163,2.3233033299446104,0.11292616731897481,-0.2557189912199336,False
2015-06-24,2.2264792919158936,2.303525792181553,2.223445293747089,2.2865396115012135,4566000,-0.029613800355794972,2.310441994667053,0.1082471989989257,-0.7756570472737394,False
2015-06-25,2.221624851226806,2.2646989791902734,2.2016046774631057,2.2646989791902734,3018000,-0.0021803215088114225,2.2970041990280152,0.10118526597430368,-0.7449636770273634,False
2015-06-26,2.0596439838409424,2.1670245787962537,2.0274906415140035,2.1670245787962537,10182000,-0.07291099003345058,2.274375355243683,0.10112812933997957,-2.1233594728212735,True
2015-06-29,1.8837103843688965,2.017784289883565,1.8788573758917264,1.971677888843017,11571000,-0.08541942241102995,2.242373549938202,0.1179343969859505,-3.0412091360592006,True
2015-06-30,1.9061572551727295,1.9492305203548028,1.8782500734482732,1.935883446992872,11799000,0.011916306768863238,2.2159530997276304,0.1310693816610949,-2.363601938368319,True
2015-07-01,1.920110821723938,1.994124418507888,1.9043378910669673,1.9771382355608749,10522500,0.007320259917350969,2.19265701174736,0.1403278009106998,-1.9422109393480904,False
2015-07-02,1.9437706470489504,1.9619707300822808,1.917683557620898,1.932243667439983,3387000,0.012322114462002709,2.17366823554039,0.14721036156628964,-1.5616943402989703,False
2015-07-06,1.866117238998413,1.9437705766557256,1.833963022466168,1.9049434739028777,8164500,-0.03994988203388672,2.150614804029465,0.15763676735704743,-1.8047665516171394,False
2015-07-07,1.841243028640747,1.863083082235687,1.673802111501361,1.863083082235687,8449500,-0.013329393158072245,2.1327179849147795,0.17153856551311886,-1.6991803295203673,False
2015-07-08,1.7065623998641968,1.8048429784615163,1.677442288695205,1.7666228257721488,7170000,-0.07314657906728095,2.1086635112762453,0.19548894252171245,-2.056899516796906,True
2015-07-09,1.6252686977386477,1.7963495790329156,1.6252686977386477,1.789676585236204,11626500,-0.04763593885111861,2.0764493227005003,0.21922504855453703,-2.0580705897283065,True
2015-07-10,1.7174824476242063,1.7356825297234262,1.68047619982011,1.6986762819193295,10768500,0.05673754131477593,2.0489064872264864,0.2282653314729336,-1.4519245540428396,False
2015-07-13,1.7587363719940186,1.7702624816933783,1.7223362124367294,1.7684424954117204,7369500,0.024019997658129677,2.026520365476608,0.233885865425084,-1.144934487579642,False
2015-07-14,1.8194029331207275,1.827896890279694,1.777542702304583,1.777542702304583,5853000,0.034494402966106064,2.0079865515232087,0.23492725101522946,-0.8027319844229395,False
2015-07-15,1.7823965549468994,1.8303228251674597,1.7581294559775402,1.8303228251674597,8317500,-0.02033984748521489,1.9864497840404511,0.2348745505824901,-0.8687753891917991,False
2015-07-16,1.793923258781433,1.8260772650577208,1.7435699257025552,1.8260772650577208,9607500,0.006466969318663862,1.9652466893196106,0.23199608061091115,-0.738475538410108,False
2015-07-17,1.778756618499756,1.7866427564358067,1.7375024709598252,1.7763296805952586,5380500,-0.008454453225596348,1.9385835528373718,0.22039799641153257,-0.7251741709991907,False
2015-07-20,1.742356300354004,1.8109096963885944,1.7411423975854976,1.7975626239108524,4542000,-0.02046391157012417,1.9111317276954651,0.20798392815323882,-0.8114830258283733,False
2015-07-21,1.747209548950195,1.7927098637264125,1.7308294529877248,1.7308294529877248,6831000,0.0027854512852538704,1.8817689299583436,0.185288465002481,-0.7262156389840388,False
2015-07-22,1.6179888248443604,1.632548933788306,1.559141546100924,1.632548933788306,14968500,-0.07395834356759134,1.847947072982788,0.16681541100515376,-1.3785192072651078,False
2015-07-23,1.688969373703003,1.7441766862367516,1.6458961015065816,1.6458961015065816,8224500,0.043869616259846866,1.8210715770721435,0.14441564066711254,-0.9147361238637909,False
2015-07-24,1.5870487689971924,1.724156564786039,1.5803757738304098,1.724156564786039,7174500,-0.06034485070759654,1.7893427729606628,0.11930744829903848,-1.6955689426567069,False
2015-07-27,1.5494354963302612,1.5828017724247172,1.4984752210473764,1.563388654499101,9583500,-0.023700136632031632,1.7638323485851288,0.11284087513266282,-1.899992817343974,False
2015-07-28,1.6458954811096191,1.676835677635773,1.5385150032478248,1.5749151578802283,12343500,0.06225492123280851,1.7519416034221649,0.11207111552124498,-0.9462395535131699,False
2015-07-29,1.6543890237808228,1.6634890649433638,1.5985757417308384,1.6458959340798418,9057000,0.005160438660100963,1.7393531918525695,0.10789942690015746,-0.7874385482173751,False
2015-07-30,1.6731963157653809,1.689576413019848,1.6143490305093011,1.6404361212564469,5058000,0.011368119417026312,1.7270074665546418,0.09996275964907819,-0.5383119771619583,False
2015-07-31,1.6143490076065063,1.680476347202095,1.6052489657588,1.67622931386712,5568000,-0.03517059391321675,1.7105363845825194,0.08889326365586751,-1.0820547364351847,False
2015-08-03,1.5985757112503052,1.6185957797299568,1.5718815634037988,1.603428719305107,3805500,-0.009770685447744176,1.6971593081951142,0.08425809372435222,-1.1700193131276175,False
2015-08-04,1.545188546180725,1.5931158023442444,1.5142484471209412,1.5834088089359428,6415500,-0.033396707265009096,1.682356584072113,0.08361619145134036,-1.6404482853205722,False
2015-08-05,1.6028215885162354,1.6361887271857083,1.5633884074190771,1.5633884074190771,7600500,0.03729838826333731,1.677169543504715,0.08523758381157588,-0.8722438115190049,False
2015-08-06,1.5191017389297483,1.6076762125590385,1.4808815775286104,1.6076762125590385,7930500,-0.0522327938345204,1.67186119556427,0.09170078059745036,-1.665846851458197,False
2015-08-07,1.5439754724502563,1.5482216378540763,1.498475264097995,1.5166753474388996,6246000,0.01637397475302227,1.6631858468055725,0.09529451745886193,-1.25096781571698,False
2015-08-10,1.6598491668701172,1.6659161866957557,1.5773417327365888,1.5773417327365888,8170500,0.07504892175260514,1.6582414865493775,0.09260332854622795,0.01736093449316022,False
2015-08-11,1.5470085144042969,1.6270888982292873,1.5245613990924836,1.6270888982292873,7215000,-0.0679824737801914,1.644621765613556,0.08754607176940911,-1.1149929315659797,False
2015-08-12,1.5730957984924316,1.5955419402673348,1.4547951403306656,1.500901435434134,9519000,0.016863051395796802,1.6341567277908324,0.08257873755487441,-0.7394267714231546,False
2015-08-13,1.5251684188842771,1.5943287781228208,1.5251684188842771,1.5730956732623438,7285500,-0.03046691730667994,1.6207189857959747,0.07688246630652723,-1.242813498343581,False
2015-08-14,1.498475193977356,1.5215283931387502,1.469961058828382,1.512428243413083,5598000,-0.017501821160477715,1.6067049145698546,0.0719455665299793,-1.5043278663654696,False
2015-08-17,1.5433683395385742,1.5433683395385742,1.4560079063786506,1.4760279740041629,4459500,0.029959218371883534,1.596755516529083,0.06568567061837685,-0.8127674801507265,False
2015-08-18,1.4481208324432373,1.5403352454288326,1.4408407786099375,1.5403352454288326,8851500,-0.06171404755122378,1.5818010807037353,0.06364403043556044,-2.1004365585527958,True
2015-08-19,1.4074748754501345,1.4578282055863776,1.3789608446817874,1.452368136662009,7707000,-0.028068070068797968,1.571275383234024,0.07392206296222185,-2.215854120137318,True
2015-08-20,1.2509537935256958,1.371074416737683,1.2497397821914498,1.371074416737683,13956000,-0.11120701666122501,1.5493746042251586,0.09813688599847535,-3.0408628484920444,True
2015-08-21,1.162379264831543,1.2576266971164574,1.1472130739332702,1.203633408606896,12129000,-0.07080559582022117,1.5281411290168763,0.13024571113431205,-2.8082449778952965,True
2015-08-24,1.073198914527893,1.21940674597716,0.9136449848263916,0.9294181296309868,29239500,-0.07672224806640393,1.504329299926758,0.1650349029210889,-2.6123588269386198,True
2015-08-25,1.0380127429962158,1.204846742212044,1.0380127429962158,1.1890735960207015,14115000,-0.0327862533733142,1.4739351630210877,0.19145261072422814,-2.2769207396851985,True
2015-08-26,1.1921064853668213,1.196353518411466,1.0719858544037868,1.1393262245620104,21187500,0.14845072318266062,1.4508210361003875,0.19636251267925037,-1.317535344213919,False
2015-08-27,1.326180338859558,1.330427372111216,1.249133840102853,1.2558069436390598,24174000,0.11246801786459626,1.4334702372550965,0.19093537420312584,-0.561917344249675,False
2015-08-28,1.3516607284545898,1.356514714103781,1.2976674198994207,1.2976674198994207,10723500,0.019213367027401063,1.4203358232975005,0.1868288598924889,-0.3675829038534513,False
2015-08-31,1.335280418395996,1.3777477146474033,1.297060263997745,1.31647425087738,9834000,-0.012118655009916601,1.4071710586547852,0.18284220671465176,-0.39318405498673226,False
2015-09-01,1.1975666284561155,1.2970602451810147,1.1751195115551554,1.22547381382664,13606500,-0.10313473338080481,1.3897899627685546,0.18553440863754586,-1.0360522111451602,False
2015-09-02,1.281893968582153,1.281893968582153,1.2151596821682704,1.2570199151189076,5200500,0.07041557281430855,1.3737435817718504,0.17993371061707203,-0.5104636194891135,False
2015-09-03,1.3116202354431152,1.3619744246265415,1.3000940159032257,1.3067671189213317,7801500,0.02318933358727082,1.3633695065975189,0.17707039214368087,-0.2922525359994264,False
2015-09-04,1.2418535947799685,1.291599848079822,1.226686536870479,1.2479196368803651,7768500,-0.05319118962782465,1.3482634127140045,0.17370699349302332,-0.6125822328409007,False
2015-09-08,1.4044406414031982,1.4092945169513766,1.3255740591903868,1.3286071890028102,11443500,0.13092287795167756,1.3354929864406586,0.15829964844616745,0.43555153558023524,False
2015-09-09,1.3304274082183838,1.4748151521827308,1.3213273663022285,1.445695039747245,17734500,-0.05269943848311498,1.3246639311313628,0.15027313168126066,0.03835334382493394,False
2015-09-10,1.3492344617843628,1.385027678420559,1.2897802246057375,1.3286074394746337,8355000,0.014136099008336123,1.3134708642959594,0.13868515864758335,0.257876169571131,False
2015-09-11,1.3486274480819702,1.3528744813104263,1.2934201383920574,1.3085871998676677,6459000,-0.0004498948993563179,1.3046438157558442,0.12983789212529176,0.33875805903936285,False
2015-09-14,1.3619743585586548,1.3807805231715666,1.3443802526056343,1.3668273663639792,5242500,0.009896662340416196,1.297818773984909,0.12249258848697583,0.5237507457895482,False
2015-09-15,1.4086878299713137,1.422034905423814,1.3741076485547583,1.3741076485547583,5133000,0.03429834865767556,1.291084748506546,0.11149101141475366,1.0548211911655978,False
2015-09-16,1.4202145338058472,1.4244605897463865,1.3753203110047807,1.4074744133257144,6328500,0.008182582108889447,1.2896894335746765,0.10958051560802698,1.1911342039862558,False
2015-09-17,1.3819944858551023,1.4535809102872987,1.3765344179135095,1.4202147444841635,10005000,-0.026911460938456866,1.2884154140949249,0.10827942616054934,0.8642368645491784,False
2015-09-18,1.3128340244293213,1.3662203626766465,1.2964539304215776,1.3249670858836482,9004500,-0.05004394889679198,1.2915094256401063,0.10803646699869823,0.19738334084427203,False
2015-09-21,1.2994871139526367,1.3510543401483597,1.2825000664283797,1.3346743525764988,7872000,-0.010166487330709129,1.2983648180961609,0.10367327290846087,0.010825315194464537,False
2015-09-22,1.214553713798523,1.2473139086493987,1.198779700046822,1.230326859701756,10623000,-0.06535917073911779,1.3054325580596924,0.09163438819728553,-0.991754799142769,False
2015-09-23,1.186646580696106,1.2357868706797033,1.1836135589235277,1.2181937388791584,5457000,-0.022977273697626144,1.312864249944687,0.07292119428739309,-1.7308777027312352,False
2015-09-24,1.1817933320999146,1.2048465297119615,1.088365879431952,1.1557062452049849,11694000,-0.0040898854596996825,1.3123485922813416,0.07385061047818349,-1.767829126070595,False
2015-09-25,1.19999361038208,1.2539869067376108,1.1666263583416552,1.2309337074247078,14334000,0.015400559292228833,1.3060392558574676,0.07788672980478689,-1.3615367565332035,False
2015-09-28,1.0998929738998413,1.1987795186847037,1.0998929738998413,1.1745133943841386,19645500,-0.08341764124091178,1.2934508681297303,0.08959150911522891,-2.160449088774058,True
2015-09-29,1.1241592168807983,1.1544933399530242,1.082298981871828,1.1144530915789976,8577000,0.022062367481917144,1.2828948080539704,0.09656943927230718,-1.6437456028461375,False
2015-09-30,1.2497397661209106,1.2558067852449657,1.1745133719711418,1.1751193470605794,11164500,0.11171064325617541,1.2855034649372101,0.09483218756902237,-0.3771261607802661,False
2015-10-01,1.2084861993789673,1.2473133985075116,1.1435728962295364,1.2473133985075116,11292000,-0.03300972559270565,1.2818330764770507,0.09638708361944086,-0.7609616801736043,False
2015-10-02,1.2861400842666626,1.2861400842666626,1.1569193088165204,1.1672333610381127,11044500,0.06425715488319272,1.2805590689182282,0.0961407251065338,0.05805048112805495,False
2015-10-05,1.3577275276184082,1.3777477065251853,1.3067672497337948,1.321327360123986,11214000,0.055660689086262094,1.28635276556015,0.09717137880827222,0.7345245373031792,False
2015-10-06,1.371680498123169,1.3832074766012408,1.2982739810738388,1.371680498123169,10017000,0.010276708854269012,1.2847147583961487,0.09533477702682941,0.912214224852554,False
2015-10-07,1.433560848236084,1.4517609301462215,1.355907404077796,1.403834655276712,13086000,0.04511280155807729,1.2898714303970338,0.1005823468053924,1.4285749179929332,False
2015-10-08,1.4602549076080322,1.460860991215738,1.3844205810520325,1.417787723789849,10491000,0.018620806647163812,1.2954224526882172,0.1068963206816474,1.5419843626864367,False
2015-10-09,1.4214279651641846,1.4669281756829626,1.4001947505508725,1.45236806492453,9637500,-0.026589153880981042,1.299062478542328,0.10999791050774047,1.112434645867622,False
2015-10-12,1.427494764328003,1.4347747100990258,1.405047650141444,1.4214277450883297,3466500,0.004268101734664853,1.3023384988307953,0.11290740668717619,1.1084858750141022,False
2015-10-13,1.369860291481018,1.419607523306562,1.3692543164341833,1.3935204385656672,5832000,-0.04037455988436944,1.3003971219062804,0.11130498654669703,0.6240795828639265,False
2015-10-14,1.5245615243911743,1.5603556083245536,1.3819946352326284,1.3953407341608883,12873000,0.11293212444526124,1.3056144714355469,0.11937033330595842,1.8341831415888206,False
2015-10-15,1.5700610876083374,1.6003951990047136,1.526987834038132,1.5585349801080872,7219500,0.0298443601581333,1.3150178015232086,0.1324000927940712,1.9263074572146337,False
2015-10-16,1.5761287212371826,1.582195741153781,1.5379085677507476,1.577341756384918,3847500,0.0038645844271498753,1.3281825363636017,0.14469093113632175,1.7136262993564977,False
2015-10-19,1.5755215883255005,1.6058557080861793,1.5403353285325796,1.5536814256472866,3388500,-0.0003852051571051618,1.341984260082245,0.1546332287628363,1.510266131747374,False
2015-10-20,1.5682414770126345,1.586441557674776,1.5451882801655377,1.5664214906426277,3612000,-0.004620762652071009,1.3596686482429505,0.15944250006446356,1.3081382234056587,False
2015-10-21,1.5767357349395752,1.667129312590229,1.5761287834175457,1.6198090070457372,7911000,0.005416422184625347,1.379173105955124,0.16101476110252824,1.2269845797470122,False
2015-10-22,1.7368963956832886,1.749029566529239,1.6446819757597235,1.6446819757597235,9553500,0.10157736467477929,1.4069282591342926,0.17262516723449467,1.9114717849962513,False
2015-10-23,1.8048429489135744,1.8187969748731363,1.7332565208933977,1.7914968507589528,12801000,0.039119519966276384,1.4371707260608675,0.18685929610325178,1.9676421270983726,False
2015-10-26,1.6968564987182615,1.78300293511966,1.6804764011701367,1.780576864709605,7888500,-0.0598314940700605,1.4670189023017883,0.17759707207513398,1.2941519459241895,False
2015-10-27,1.6616687774658203,1.6968560091496094,1.6495357168896343,1.6622757288174566,5899500,-0.020737004737301334,1.4938943803310394,0.16305692641914754,1.0289314340655904,False
2015-10-28,1.747816562652588,1.7490295977080927,1.6762291610810502,1.6932162080620443,7332000,0.05184413786612141,1.5187982201576233,0.16183562780026411,1.4151293235480673,False
2015-10-29,1.594328999519348,1.648322304881349,1.580375947664451,1.6428623442765624,7363500,-0.08781674599781708,1.5380903601646423,0.14502127850311025,0.3877957768349111,False
2015-10-30,1.6349760293960571,1.6501422234028198,1.6046419056856387,1.6046419056856387,4933500,0.025494756658734463,1.555532157421112,0.1336562398766827,0.5943895477550736,False
2015-11-02,1.6762290000915527,1.683509053903166,1.64225577724081,1.650748865991425,4515000,0.025231544654959803,1.5714572310447692,0.12768891382499759,0.8205236140576554,False
2015-11-03,1.7011021375656128,1.7217291550319411,1.6647018694754332,1.6713758395642262,3586500,0.014838746658542235,1.5879283130168915,0.121667329763899,0.9301907485628248,False
2015-11-04,1.7193022966384888,1.7290092883658197,1.6804760654257676,1.7065621750992854,4272000,0.010699039564386004,1.6022153854370118,0.11934100723042389,0.9811121417419018,False
2015-11-05,1.6119215488433838,1.6992820801203778,1.600395439610283,1.6992820801203778,6928500,-0.06245600206842716,1.6097987174987793,0.11456888021671524,0.018528865260696973,False
2015-11-06,1.7332565784454346,1.7381095868652934,1.6374020684794632,1.6374020684794632,7741500,0.07527353281498916,1.6253901481628419,0.10864984483228378,0.992789547459544,False
2015-11-09,1.684116244316101,1.720516410059248,1.658636106599688,1.720516410059248,4533000,-0.028351448216286435,1.6382212221622467,0.0987512635725177,0.4647537711773323,False
2015-11-10,1.5925086736679075,1.6380088780945732,1.5773416134158862,1.630728932171142,6873000,-0.05439504010330021,1.6493536412715912,0.07707749414010473,-0.7375040955581136,False
2015-11-11,1.5961484909057615,1.648928853068575,1.5925085182991705,1.6034285445999783,6765000,0.002285587072798023,1.6529329895973206,0.07250384485509319,-0.7831929300445941,False
2015-11-12,1.537301540374756,1.600395858515342,1.5354815536903377,1.5791617765216583,5874000,-0.03686809270333724,1.6512950122356416,0.07480802214579461,-1.5238134706826187,False
2015-11-13,1.4942277669906616,1.5506480946176722,1.4754207379926112,1.5330549682336614,8245500,-0.028019079050421114,1.6471999645233155,0.08111503309336132,-1.8858674119825214,False
2015-11-16,1.550041437149048,1.5518614235669583,1.490588077412799,1.491801112408631,4926000,0.0373528530197198,1.6459259569644928,0.08248854823326014,-1.1623979554629045,False
2015-11-17,1.58037531375885,1.6161685191190536,1.5488281641557595,1.5518611851034392,5721000,0.01956971980413269,1.6465326488018035,0.08192984743141392,-0.8074875898961708,False
2015-11-18,1.6270885467529297,1.6313355788453223,1.5518611873193957,1.5821953021563675,7293000,0.02955831604517689,1.6490502893924712,0.08043211970988524,-0.27304692104045597,False
2015-11-19,1.6386162042617798,1.6810824177403307,1.6107090171472933,1.6355822059207707,4227000,0.007084837227731233,1.6441362798213959,0.07773984065635872,-0.07100703465571838,False
2015-11-20,1.6556018590927124,1.6804760179106206,1.6398288251496913,1.6592419402071497,4059000,0.01036585308186,1.6366742253303528,0.0680624150680527,0.2780923031225778,False
2015-11-23,1.5894759893417358,1.6586363581344106,1.5864419908500575,1.6586363581344106,4002000,-0.039940683436544444,1.6313051998615264,0.06729612224443596,-0.6215694028826311,False
2015-11-24,1.6507487297058103,1.660455720442303,1.541548148509272,1.5773413547375763,6042000,0.03854901915784836,1.630759197473526,0.06708075845746354,0.2979920426057765,False
2015-11-25,1.6549957990646362,1.680475931633385,1.6343686738085077,1.6586357715111593,2290500,0.0025728139494511915,1.6261181592941285,0.06153772328533708,0.46926727588878075,False
2015-11-27,1.6920021772384644,1.6962491013842034,1.663488912802841,1.67016201535721,1800000,0.022360406107824193,1.6310018181800843,0.06274597366605655,0.972179655431488,False
2015-11-30,1.7435696125030518,1.7466026342100287,1.6883623038388973,1.698069405251098,4113000,0.03047716838565262,1.636431497335434,0.06761741159450624,1.584475250400188,False
2015-12-01,1.8115166425704956,1.8145496637865095,1.7538824051611162,1.7538824051611162,8346000,0.03897007012521847,1.643195879459381,0.07780745540318747,2.163298648425137,False
2015-12-02,1.7860370874404907,1.847310449446752,1.7769370445156156,1.8212233559817843,9337500,-0.014065316614397805,1.647442626953125,0.08326109247870012,1.66457653102283,False
2015-12-03,1.7526695728302002,1.8655101466807904,1.726582484799592,1.848523099679372,6945000,-0.018682430978019804,1.6491109907627106,0.08509097612787314,1.217033659501845,False
2015-12-04,1.8497370481491089,1.8606571844379691,1.738109506605771,1.7666227739337166,6492000,0.05538264418099348,1.6610017657279967,0.09558929687831734,1.974439488359949,False
2015-12-07,1.7969565391540527,1.839422850069595,1.7896765939410435,1.839422850069595,3729000,-0.028534060583297327,1.6641867637634278,0.09911954984895109,1.3394913071432795,False
2015-12-08,1.7532765865325928,1.7708697177629489,1.7023163115673734,1.722942464472008,6631500,-0.024307740153817536,1.6676447808742523,0.10103925051866114,0.8475103013806005,False
2015-12-09,1.683509349822998,1.7611628007119642,1.6610622330488611,1.7387165517862635,6715500,-0.03979248753191389,1.672194814682007,0.0995151050557428,0.1136966607697731,False
2015-12-10,1.7126295566558838,1.7520628561032037,1.6835094431574318,1.6847224783769064,5155500,0.017297324090268518,1.678018867969513,0.09823050218090798,0.35234156313921156,False
2015-12-11,1.6119215488433838,1.6768358366770104,1.6040354120263534,1.6628818135545351,7531500,-0.05880314713775259,1.6817498683929444,0.09392731838546699,-0.7434292892616516,False
2015-12-14,1.5809818506240845,1.6295160576806018,1.5324485114160074,1.6094958789755556,8115000,-0.01919429530643091,1.6860875725746154,0.08652283634728337,-1.214774346146721,False
2015-12-15,1.6537818908691406,1.6731959824683091,1.604641608894379,1.6143487089344808,5202000,0.04604735988355513,1.69127459526062,0.08086207392881659,-0.46366241390845997,False
2015-12-16,1.6920021772384644,1.7023161203808257,1.6125286435609525,1.67016201535721,5487000,0.023110838605952644,1.696855938434601,0.07654158687541596,-0.06341338603335804,False
2015-12-17,1.617381930351257,1.738716465106351,1.617381930351257,1.7199094310559593,5890500,-0.044101744011343924,1.6963706076145173,0.07703642132660685,-1.0253419863362614,False
2015-12-18,1.560355305671692,1.6076756011523816,1.5530752518684292,1.58340850201909,5401500,-0.03525860132935976,1.692457562685013,0.08195504122092911,-1.6118868960996342,False
2015-12-21,1.6471086740493774,1.647715733883221,1.5876554295787717,1.5997884901785229,3751500,0.05559847046525124,1.692032903432846,0.08217776589825969,-0.5466713397768338,False
2015-12-22,1.653175711631775,1.6701618881868328,1.6137415556503587,1.667128867084133,2517000,0.0036834470475355374,1.695217889547348,0.07917322678397141,-0.5310150870860362,False
2015-12-23,1.688969373703003,1.6907894689054963,1.6471091367047148,1.6671293160836709,3277500,0.021651456538698932,1.6971289217472076,0.07850179141107286,-0.10394091520125219,False
2015-12-24,1.7065623998641968,1.723549556263562,1.677442288695205,1.6810822619109345,1558500,0.010416426985068394,1.6997072517871856,0.07788957386032,0.08801111287763039,False
2015-12-28,1.686542510986328,1.686542510986328,1.6343691943652092,1.686542510986328,3654000,-0.011731120338442924,1.699434268474579,0.07792755759964566,-0.16543258746132727,False
2015-12-29,1.747816562652588,1.7672296797445917,1.6992823596689814,1.7199093796648572,5613000,0.036331163470303185,1.6996466159820556,0.07805982739426044,0.6170900997159281,False
2015-12-30,1.6938223838806152,1.7550966042332412,1.6920023972740907,1.7381095563274385,3543000,-0.030892360174243905,1.6937619030475617,0.07348462721723263,0.0008230406187508195,False
2015-12-31,1.6240558624267578,1.6798691439180993,1.6240558624267578,1.6719821379092392,2239500,-0.041188805932543815,1.685662841796875,0.07168356814180997,-0.8594295871020482,False
2016-01-04,1.5688486099243164,1.5700616450285605,1.500295203490682,1.5312354092845264,6852000,-0.033993444301815834,1.6764717936515807,0.07437398396769379,-1.4470541711737959,False
2016-01-05,1.520315170288086,1.588261507332848,1.5160681377591003,1.587048472396983,7008000,-0.030935706179177958,1.6600006997585297,0.07035115091148024,-1.9855471823937028,False
2016-01-06,1.3977676630020142,1.4487279367322412,1.3571204654741729,1.446300998742594,8817000,-0.0806066463592876,1.6400412559509276,0.08462862522334055,-2.862785402805935,True
2016-01-07,1.2545937299728394,1.3492342149540075,1.2448867381895712,1.291599975030651,8475000,-0.10243042303731453,1.61510711312294,0.11684254036861047,-3.085463410952608,True
2016-01-08,1.192713499069214,1.2928140571509483,1.1890734176314717,1.2812869698765308,9717000,-0.04932292376829028,1.5905673205852509,0.14887028553814266,-2.6724864540822084,True
2016-01-11,1.2109135389328003,1.243673728334182,1.1617732548307278,1.2133396089211197,9301500,0.015259355979277078,1.5654815196990968,0.16823178445766568,-2.107615881917492,True
2016-01-12,1.2412467002868652,1.2752199251824707,1.189679477589113,1.2539868223442805,8331000,0.025049816009818482,1.5469477772712708,0.18264695343449325,-1.6737266690519748,False
2016-01-13,1.1235525608062744,1.2691533700799031,1.119912589390883,1.2436732447291678,6531000,-0.09481929696440716,1.5240763127803802,0.20538556754968643,-1.9501066056027136,False
2016-01-14,1.192713499069214,1.210913580814794,1.0901858945858518,1.1381131453514295,8373000,0.061555587762898156,1.501022893190384,0.21567885117312482,-1.429483662603946,False
2016-01-15,1.031945824623108,1.0750191017815875,0.9834125866713352,1.0489329840394237,12220500,-0.13479152753076762,1.468020075559616,0.23458882953535318,-1.8588875344160005,False
2016-01-19,1.0355857610702517,1.1029261358823437,1.0076785755179178,1.0859390873402803,9246000,0.0035272553658260986,1.4389302670955657,0.25061740535432575,-1.609403406978302,False
2016-01-20,1.0556055307388306,1.0877587641401785,0.9682451104297636,0.9949382768814105,11091000,0.01933183172380515,1.4136927783489228,0.26286155954169604,-1.3622655523859173,False
2016-01-21,1.0992860794067385,1.1429664114931872,1.0519658823680065,1.0847260771923135,13318500,0.041379613308141217,1.3863016486167907,0.26578492516191626,-1.079879037666272,False
2016-01-22,1.1635934114456177,1.186646612239717,1.1417533543041656,1.1611664732539857,12348000,0.058499178006133246,1.361822533607483,0.2624363135158667,-0.7553418180059921,False
2016-01-25,1.113845944404602,1.16237927441363,1.1065658906627307,1.1508531645017874,7657500,-0.042753307600126966,1.333066362142563,0.256136532284719,-0.8558732945376081,False
2016-01-26,1.146606206893921,1.1726932938416788,1.1114190792947063,1.1314391470317022,7986000,0.029411843400687365,1.305068552494049,0.24345139930473889,-0.6508993008570628,False
2016-01-27,1.1059589385986328,1.1702662788277376,1.0883658098830578,1.1265860648842532,9180000,-0.03545006825438246,1.2760393738746643,0.2298021443897886,-0.7401168327983152,False
2016-01-28,1.0962531566619873,1.1381133973373774,1.071986050185181,1.1332594119404615,6303000,-0.008775897185607784,1.2434612035751342,0.20415346526364034,-0.7210656293443021,False
2016-01-29,1.2442799806594849,1.2467069188252748,1.114453108288994,1.114453108288994,11986500,0.13502978130364407,1.2209840834140777,0.17456188304904932,0.1334535171052282,False
2016-02-01,1.2630867958068848,1.2818938276200178,1.2072734111326089,1.218193546166596,8037000,0.015114616838432182,1.202935630083084,0.14721198736596988,0.4086023618053915,False
2016-02-02,1.1381131410598757,1.2218336035586892,1.1253731272784266,1.2218336035586892,8760000,-0.09894304584759228,1.1813988566398623,0.11982201917855831,-0.36125009306914124,False
2016-02-03,1.147213339805603,1.1830065566462895,1.076232989799249,1.1775465964802985,9664500,0.00799586474966163,1.1627437651157382,0.0894818836205532,-0.17355943663403114,False
2016-02-04,1.2036335468292236,1.2266867454395525,1.1441793162621636,1.1526732736850969,13746000,0.04918022225332663,1.1530370593070987,0.0713348225834264,0.7092817461339047,False
2016-02-05,1.081693172454834,1.192713784451791,1.0659190485261392,1.192713784451791,16936500,-0.1013102158008321,1.1443920314311984,0.0688116973081519,-0.9111657091611468,False
2016-02-08,0.9979726672172546,1.0313388400995076,0.949438454485526,1.0276988663535354,10143000,-0.0773976459956579,1.1346549898386002,0.07510463243290327,-1.8198920385297725,False
2016-02-09,0.9785582423210144,1.035585527234833,0.9530781091855623,0.9609651140922169,6549000,-0.019453864353194517,1.123037225008011,0.08046731586478752,-1.7954989691686798,False
2016-02-10,0.9573252201080322,1.033158565884404,0.9561121851154332,1.013138498378666,13690500,-0.021698271287992177,1.1088411509990694,0.08350266548033888,-1.814504124143347,False
2016-02-11,0.9354851245880128,0.9530782555180004,0.899691911264184,0.910004987540426,18111000,-0.022813663592352484,1.0994377791881562,0.09192348820460332,-1.783577383782669,False
2016-02-12,0.9973655343055724,1.0016125677962124,0.927598218806166,0.9828055319042132,14359500,0.06614793553752296,1.0896703809499741,0.09186917697393908,-1.0047422833730868,False
2016-02-16,1.1029258966445925,1.1199129415019633,1.0276985314626692,1.041652555136266,19578000,0.10583919205962711,1.0932193845510485,0.09088762397410219,0.10679685164076697,False
2016-02-17,1.1817933320999146,1.189073386302545,1.120519117677027,1.1259791854492605,18730500,0.07150746545643605,1.1005297631025317,0.09188251095801417,0.8844291274812499,False
2016-02-18,1.162986159324646,1.2109134030545785,1.160559221760333,1.2103064517014437,11878500,-0.015914096199756256,1.1058987945318224,0.092255824344692,0.618794154172101,False
2016-02-19,1.1787594556808472,1.200599510046039,1.1557062578172204,1.159953290631647,7744500,0.013562755007644034,1.1098724633455277,0.09365691939194103,0.7355248579876635,False
2016-02-22,1.2345737218856812,1.255199873559964,1.2175866752944204,1.22122664822579,8479500,0.04735000507172682,1.1134214788675307,0.09708197996457478,1.2479374963547187,False
2016-02-23,1.1745136976242063,1.226687017391654,1.16965971214358,1.2072737874959,5545500,-0.048648390287895915,1.116454866528511,0.09803902446705537,0.5922012322267157,False
2016-02-24,1.2236536741256714,1.2315398126262305,1.1132391651147977,1.134473246083481,14658000,0.04183857250951162,1.1203072398900986,0.10076210165394188,1.025647863027972,False
2016-02-25,1.2709739208221436,1.272186955883889,1.1939265593319064,1.241246751174038,9294000,0.038671274149757684,1.128557989001274,0.10613796861183353,1.341800052172765,False
2016-02-26,1.2903870344161987,1.3067671299838557,1.2746138903019082,1.2994870754558918,11154000,0.01527420293682935,1.1382646828889846,0.11175648782832479,1.3611948127870437,False
2016-02-29,1.283713698387146,1.3504471036060808,1.283713698387146,1.310406973689899,15354000,-0.005171577093590285,1.1402363687753678,0.11404965693805047,1.2580250871750736,False
2016-03-01,1.3904873132705688,1.3917003480837378,1.310406946611941,1.3316400459695106,12424500,0.08317556712027985,1.1466063946485519,0.12436383886180757,1.961027585301674,False
2016-03-02,1.4141478538513184,1.4147548053516483,1.37532064024209,1.3929146400778416,8562000,0.01701600608285836,1.1604081302881242,0.13794687436893194,1.8394017604529418,False
2016-03-03,1.4171807765960691,1.4256747340942764,1.3874545831379963,1.413540803545394,9262500,0.002144699888693369,1.1739065021276474,0.14932681067918885,1.6291399606134227,False
2016-03-04,1.462074875831604,1.497261134189891,1.4153606630871831,1.4481208515282662,17245500,0.03167845625408927,1.1868285685777664,0.16262471323724334,1.6925244741387948,False
2016-03-07,1.4784547090530396,1.49786782116714,1.4171803992671936,1.428100423992775,13198500,0.011203142528606103,1.2066666454076767,0.1729938420259075,1.5710851927588265,False
2016-03-08,1.3777475357055664,1.446907888762565,1.3735005028850713,1.44266085594207,13114500,-0.06811650890001009,1.2256553888320922,0.16969237881875956,0.8962815415294321,False
2016-03-09,1.4117207527160645,1.4226408891719091,1.3783545851631869,1.3971607515766888,10950000,0.024658521340123363,1.2473135143518448,0.16404370357300194,1.0022160850023478,False
2016-03-10,1.4305280447006226,1.4711752476337363,1.372287708623974,1.4341680182449486,10504500,0.013322246590463438,1.2709736555814743,0.15382401164785697,1.0372528151483238,False
2016-03-11,1.5154612064361572,1.5160681578362685,1.4687478617969976,1.4723879429821152,10131000,0.05937189560887579,1.2999724596738815,0.1414172065664939,1.523780252730092,False
2016-03-14,1.4978679418563845,1.5178880068798837,1.4814878492076935,1.5051479950870277,10215000,-0.011609181749459685,1.3249975800514222,0.12876830223261188,1.3424915822271448,False
2016-03-15,1.4893748760223389,1.4893748760223389,1.4523676579713376,1.4827009061890335,10891500,-0.005670103215854705,1.3443200290203094,0.12253488433782102,1.1837840936963082,False
2016-03-16,1.5306282043457031,1.536695223040118,1.462680784310609,1.4778478428820003,12388500,0.02769841830119968,1.3617617726325988,0.12300891715440135,1.3727982947865676,False
2016-03-17,1.563995361328125,1.573095401313657,1.5106080478517432,1.523348168920108,10372500,0.02179964859375194,1.3818122327327729,0.12157712328884215,1.4984984318350962,False
2016-03-18,1.6264818906784058,1.6295158885103944,1.5591415233946615,1.573701632126564,9391500,0.039953142378387874,1.4041983544826508,0.1234267273681339,1.8009351858837643,False
2016-03-21,1.6343687772750854,1.635581812217976,1.5876555414650413,1.6076756081503818,6912000,0.004849046670535095,1.424188107252121,0.1268366306828234,1.6570975505377232,False
2016-03-22,1.6301220655441284,1.6458960791096764,1.594328849201568,1.615562063489722,6469500,-0.002598380359442154,1.446968525648117,0.1203843891534822,1.5214060658853583,False
2016-03-23,1.5646013021469116,1.622841509349489,1.56217523253252,1.621628474542293,7260000,-0.040193777375405415,1.4640159070491792,0.11086058215257372,0.9073143325127062,False
2016-03-24,1.560961365699768,1.562175376948407,1.5093950147901714,1.5294151895677897,10165500,-0.0023264306645718325,1.4785152792930603,0.10296649491489077,0.8007079047884017,False
2016-03-28,1.5591415166854858,1.5864416390795444,1.5379084135999035,1.5864416390795444,8259000,-0.001165851413283625,1.4919530034065247,0.09429427271627325,0.7125407656637642,False
2016-03-29,1.618595838546753,1.6270889283944168,1.5160683375091586,1.543368461468278,8484000,0.03813272959831027,1.508697110414505,0.08460567500632325,1.2989522053223295,False
2016-03-30,1.6671292781829834,1.6956424389975897,1.6452891125791091,1.6489291944202829,8788500,0.02998490326022707,1.5225292086601256,0.08684679233167367,1.6650018456711733,False
2016-03-31,1.6386162042617798,1.6628823330125069,1.6355822059207707,1.6519623038720248,6111000,-0.017103097098912556,1.533752626180649,0.08660719305502694,1.2107952513194202,False
2016-04-01,1.6707690954208374,1.6719821304780431,1.5852286446406985,1.6149558141775604,8401500,0.01962197802965271,1.5464320421218871,0.08720347555960072,1.4258268090928323,False
2016-04-04,1.6246618032455444,1.6725890508452137,1.616775665778154,1.6707689560060492,6859500,-0.027596447828524995,1.5545613884925842,0.08650114554046673,0.8103986868031252,False
2016-04-05,1.5955418348312378,1.6319421100394318,1.5712757078994672,1.585228758005499,4804500,-0.01792371086470701,1.5604157447814941,0.08502885454272174,0.4131078824788233,False
2016-04-06,1.6440759897232056,1.6483220465179165,1.5530754672820806,1.593721798141872,7842000,0.03041860378239547,1.573732167482376,0.07520254604376578,0.9353914985789354,False
2016-04-07,1.5670284032821655,1.6258756764399278,1.5512552607863437,1.618595622658964,4113000,-0.04686376233376632,1.5814975500106812,0.06490651346825162,-0.22292287715612805,False
2016-04-08,1.590688705444336,1.6349758753415249,1.5749155614165606,1.6131358203584718,5931000,0.015098834272954775,1.5895055830478668,0.054316018895093826,0.02178220017844466,False
2016-04-11,1.588261604309082,1.660455954620197,1.588261604309082,1.6161687862483332,4776000,-0.0015258177963713981,1.593145602941513,0.051456855275686005,-0.09491444057870149,False
2016-04-12,1.5834084749221802,1.611315546239011,1.5215281813749597,1.594328501199682,6948000,-0.0030556234399515825,1.5974226295948029,0.04643018015922777,-0.3018328730270377,False
2016-04-13,1.6913961172103882,1.6938221871717305,1.610708679598304,1.614955712284163,8346000,0.06819948484456306,1.6075236916542053,0.043574220523735885,1.924817576725111,False
2016-04-14,1.650141954421997,1.6580289598175966,1.5997886364001663,1.645895789627838,7392000,-0.024390598020546106,1.61349937915802,0.04056493476730612,0.903306648320055,False
2016-04-15,1.6058558225631714,1.6537820993074663,1.6046418111391922,1.6537820993074663,4174500,-0.02683777098094453,1.6155924022197723,0.03892295087140336,-0.2501500898215392,False
2016-04-18,1.6082820892333984,1.6216290567784837,1.577341879907301,1.577341879907301,5779500,0.001510886990062632,1.614682412147522,0.03886767298672171,-0.1646695678516734,False
2016-04-19,1.5470085144042969,1.6234489251613071,1.5294153835630913,1.615561919083509,7656000,-0.03809877336774181,1.6103143990039825,0.041367312771033504,-1.5303359188468761,False
2016-04-20,1.5925086736679075,1.6143488368813337,1.5348752983562204,1.5379084283559092,6774000,0.02941170577922203,1.6084337294101716,0.04127430613436351,-0.3858346083498536,False
2016-04-21,1.5646013021469116,1.5937214057482003,1.542761143085177,1.5937214057482003,3598500,-0.017524156685890357,1.6084337294101716,0.04127430613436351,-1.0619785374602981,False
2016-04-22,1.5730957984924316,1.6149560363872597,1.5360885693425452,1.5682418134179412,4846500,0.005429176323619389,1.6090404510498046,0.04062380713255932,-0.8848174283636736,False
2016-04-25,1.544581413269043,1.5840155744141615,1.5336613859704913,1.5555014405675944,3564000,-0.018126286555920634,1.6083124458789826,0.041681779739805976,-1.5289901968623636,False
2016-04-26,1.606461763381958,1.649535895919098,1.570668444309992,1.5797684848121012,5229000,0.04006286077335863,1.6077057421207428,0.041612472545225786,-0.029894372112418785,False
2016-04-27,1.6580288410186768,1.6640958596030024,1.5548952745797486,1.5603552333182416,7045500,0.03209978526233859,1.6072507202625275,0.04097333940756184,1.2392966131234577,False
2016-04-28,1.5245615243911743,1.6568162043263757,1.514248447319379,1.6234490585872388,8776500,-0.08049758443616783,1.6015479862689972,0.04418904503992015,-1.7422069612111717,False
2016-04-29,1.4074748754501345,1.511215425645688,1.370467753682865,1.511215425645688,10438500,-0.07680021243340618,1.588383275270462,0.05916408067776691,-3.0577404017419405,True
2016-05-02,1.436594843864441,1.442660886938745,1.3844205598286072,1.412934694025784,4453500,0.020689512063221338,1.578979927301407,0.06745857117035799,-2.1107041101921755,True
2016-05-03,1.3886672258377075,1.41475430672258,1.3686470542725482,1.3983742156606391,4360500,-0.033361958823274085,1.5686361968517304,0.07956040076493057,-2.262042037040007,True
2016-05-04,1.3389204740524292,1.3862406694518614,1.3261803505149694,1.3528745005912612,4780500,-0.035823378603371925,1.5533784210681916,0.09253433119464044,-2.3176041178129108,True
2016-05-05,1.3492344617843628,1.3898807955163934,1.33649444632211,1.377747731574162,5563500,0.007703211603536708,1.5424887239933014,0.1030600669495135,-1.8751614270113848,False
2016-05-06,1.3546946048736572,1.3553006885785328,1.300094241156654,1.3364945197950109,3399000,0.004046845262218879,1.5306890189647675,0.11049289159845234,-1.5928120944712014,False
2016-05-09,1.3486274480819702,1.3862406496955,1.3389204549704634,1.3601545363022134,3502500,-0.004478615896054916,1.518707311153412,0.11673755751335818,-1.456942107530215,False
2016-05-10,1.398980736732483,1.400194639685041,1.3383143365829036,1.3625805711995844,4980000,0.03733669274055296,1.509485924243927,0.11862657504879832,-0.9315382111132054,False
2016-05-11,1.3862404823303225,1.4262807257104402,1.3838144123519345,1.3904875150460208,7488000,-0.009106811886428923,1.4942281424999238,0.1135121473724023,-0.9513313127213011,False
2016-05-12,1.3128340244293213,1.4044406181883935,1.280073836413834,1.402014548302707,8350500,-0.05295362445165519,1.4773627460002898,0.11418383648207199,-1.440910785974521,False
2016-05-13,1.328607439994812,1.3595475395472871,1.3158673160465129,1.3176873027588247,6027000,0.012014782731082363,1.463500326871872,0.11459203582592588,-1.1771576087711078,False
2016-05-16,1.3904873132705688,1.4190004656845636,1.3358870780689167,1.3371001128820856,8338500,0.046574986269833474,1.4526105880737306,0.11038038823724021,-0.5628108017670708,False
2016-05-17,1.363187313079834,1.4092944643830594,1.352874238178134,1.3892743981143485,4624500,-0.01963340472810393,1.4434195280075073,0.10975782287261188,-0.7309931340456082,False
2016-05-18,1.4293148517608645,1.4645011141655502,1.3371004269553568,1.3371004269553568,10564500,0.04850950272683319,1.4352598369121552,0.1040062172523758,-0.057159901670733204,False
2016-05-19,1.4014075994491575,1.4402348094324593,1.3668274223557333,1.412327735306798,5457000,-0.019524915925505315,1.4271001517772675,0.09963452198119037,-0.25786797404377937,False
2016-05-20,1.5318413972854614,1.5354813702193664,1.4572209758110188,1.4705680494802065,9211500,0.09307341981560024,1.425037431716919,0.0968407876247528,1.1028820416289449,False
2016-05-23,1.5652084350585938,1.6064617120243594,1.556715346245514,1.5755215102177034,6511500,0.02178230581329199,1.4260687828063965,0.09828007715839705,1.4157462659288234,False
2016-05-24,1.678655982017517,1.6829021468210033,1.5925085859109376,1.6016086262948026,9954000,0.07248079196217505,1.4296784937381743,0.10625653249592976,2.3431734730180476,False
2016-05-25,1.7083823680877686,1.7199093468454365,1.6683421232828934,1.7047422866613016,10669500,0.017708444367811715,1.432196170091629,0.11237244414353517,2.4577751253978453,False
2016-05-26,1.7253694534301758,1.7362894809923342,1.7017093033112944,1.7277963913976575,4302000,0.009943374305262376,1.442236566543579,0.1288260316173928,2.1977925061565817,False
2016-05-27,1.7569165229797363,1.765409612155982,1.725369368426012,1.725369368426012,3603000,0.01828424021698205,1.4597086489200592,0.1463658733209354,2.0305817696177817,False
2016-05-31,1.78542959690094,1.790889664400084,1.7508494225287787,1.771476440619799,4935000,0.016229043069641902,1.4771503865718842,0.16327439163472746,1.8881050925532072,False
2016-06-01,1.816369891166687,1.8206169239387997,1.7611625874087982,1.7860366393231986,4663500,0.01732932752960492,1.4985355198383332,0.17838546913587192,1.7817279225039737,False
2016-06-02,1.815156936645508,1.815156936645508,1.781182734101977,1.7969567460741265,3682500,-0.0006677904798344514,1.522347342967987,0.18750975226599872,1.5615699457708494,False
2016-06-03,1.832143783569336,1.8691508042102265,1.7987774966483154,1.8600507598484672,4863000,0.00935833512843276,1.5464928090572356,0.19498770960276327,1.4649691259722977,False
2016-06-06,1.8181898593902588,1.8642970135636872,1.8078767838465624,1.8430629347261909,4572000,-0.007616173088714984,1.5696675717830657,0.19850431183307768,1.2519742534165985,False
2016-06-07,1.8715771436691284,1.8812831591424348,1.8418498677372044,1.8418498677372044,5604000,0.0293628764912226,1.5958150565624236,0.20226248040538666,1.363387250833698,False
2016-06-08,1.8667234182357788,1.88310362434081,1.8515573321519896,1.8697574165161672,4368000,-0.002593387854605944,1.6192021906375884,0.2053239467116451,1.2055156330391736,False
2016-06-09,1.874003291130066,1.877037071977195,1.8096968136799592,1.8254699573248343,5599500,0.0038998133430860893,1.6435903310775757,0.20516454938517462,1.1230641977036413,False
2016-06-10,1.779969573020935,1.8145497482405024,1.7611625408084075,1.8145497482405024,5686500,-0.050177989843564474,1.6669471085071563,0.19167490794401257,0.589657069493896,False
2016-06-13,1.7557026147842407,1.8145498945956955,1.7429626005878538,1.7478165850498542,5010000,-0.013633355650854662,1.688301867246628,0.1750683220857696,0.38499682143861413,False
2016-06-14,1.7508496046066284,1.764802653857767,1.702922352516778,1.7296163922788474,6199500,-0.0027641413396246595,1.7063199818134307,0.16076381702076906,0.2769878422794909,False
2016-06-15,1.751456618309021,1.7914968657672246,1.743569611974132,1.7781497911713369,3606000,0.00034669665560960183,1.7257334470748902,0.13913543710912502,0.1848786460774614,False
2016-06-16,1.7496368885040283,1.753882945946006,1.660456339051262,1.6883625511220195,7249500,-0.0010389808037321036,1.7417495489120483,0.12039229907056963,0.06551365538220011,False
2016-06-17,1.705955982208252,1.7532761641438332,1.6689487657594004,1.7405361527123004,3912000,-0.024965698073000975,1.7569769680500031,0.09067085030789383,-0.5627054965129106,False
2016-06-20,1.763589859008789,1.8266833124944912,1.7605568369973883,1.7884630477818504,5973000,0.03378391787455959,1.7685643911361695,0.07358317758384413,-0.06760420371507062,False
2016-06-21,1.7817896604537964,1.7927097963389913,1.760556557090677,1.7902827499255816,2568000,0.01031974716345685,1.7793934524059296,0.05589044168351581,0.042873306699480036,False
2016-06-22,1.7739027738571167,1.832143213211492,1.7690497655144255,1.779969793652845,3489000,-0.004426384758945634,1.7841557919979096,0.05066899810113057,-0.202352888847908,False
2016-06-23,1.9122231006622312,1.9134372203479255,1.8327496812573896,1.847916847960004,5671500,0.07797514544968842,1.7943478286266328,0.05494574911363334,2.1453028475746234,False
2016-06-24,1.5894759893417358,1.7514568816406495,1.5749158774439935,1.6531762890524904,11479500,-0.16878109631074079,1.7875531554222106,0.0702075022890391,-2.8213105383667645,True
2016-06-27,1.4001946449279783,1.533055401494017,1.3710745340888315,1.533055401494017,11446500,-0.11908411683031861,1.7697170615196227,0.11154377513748094,-3.31280177792259,True
2016-06-28,1.5124281644821167,1.5209212538164618,1.4566148848415206,1.466927960633598,14646000,0.08015565547310843,1.7560669898986816,0.12536734766110488,-1.9433993776048726,False
2016-06-29,1.6034287214279177,1.6198088169260625,1.548828475421465,1.5682415924768311,9870000,0.06016851516181676,1.7454199314117431,0.12896700298994343,-1.1009886768858046,False
2016-06-30,1.6907892227172852,1.6907892227172852,1.5973616602316845,1.6131357801961408,5794500,0.05448355771722069,1.739201545715332,0.12842469990417088,-0.3769704973745053,False
2016-07-01,1.6361892223358154,1.6604563283782678,1.6283022148940725,1.6422562429288277,4080000,-0.032292612022757905,1.729403817653656,0.12843563553931642,-0.7257689419795478,False
2016-07-05,1.5536816120147705,1.6028219025744548,1.5233484649449398,1.6022158189218902,4137000,-0.050426692215499114,1.7161784052848816,0.13237022219442568,-1.2275932651335697,False
2016-07-06,1.560355305671692,1.5670284080820078,1.4748148633251672,1.522135158805857,6273000,0.004295406217923237,1.7006173133850098,0.1314303412882057,-1.0671965570396393,False
2016-07-07,1.617381930351257,1.6507490738583244,1.5706685803276583,1.5706685803276583,6213000,0.036547204647736864,1.6881502389907836,0.1265811762950654,-0.5590745062643675,False
2016-07-08,1.7532765865325928,1.75509657310684,1.662882148154503,1.66470213472875,9957000,0.08402137654142239,1.68211390376091,0.11995710350548931,0.5932344204061767,False
2016-07-11,1.810909867286682,1.8333569818862672,1.7878566690939175,1.7908897990859165,9292500,0.03287175634283068,1.6836609184741973,0.12147541013261405,1.0475284559530824,False
2016-07-12,1.8849233388900757,1.9006973514629553,1.853377266403223,1.8576232147148872,6894000,0.040870875431414655,1.6901219546794892,0.12872878183022043,1.5132698487546379,False
2016-07-13,1.8897775411605835,1.924357613662335,1.8794633792571136,1.9049436268034527,5205000,0.002575278352363153,1.697068351507187,0.13573587807286813,1.4197365677329836,False
2016-07-14,1.9310311079025269,1.9474113168439904,1.8946309328710391,1.941951247196836,6063000,0.021829853431641455,1.7060470759868622,0.14513668354108544,1.5501527692823154,False
2016-07-15,1.9267836809158323,1.9377038179841544,1.904943623741301,1.9334576524718736,4302000,-0.0021995642479877286,1.7149044156074524,0.15312258745235824,1.3837231255924465,False
2016-07-18,2.013538122177124,2.0232441391206137,1.983203998721292,1.985024093860306,5875500,0.045025522128179896,1.730283522605896,0.16699443523219065,1.6961918472156765,False
2016-07-19,1.989877700805664,2.007470938944646,1.973497714620377,2.0007978362372425,3187500,-0.011750669684802095,1.7415979146957397,0.17675067222610583,1.404689345635506,False
2016-07-20,2.0857319831848145,2.1027190345829965,2.007471566685189,2.012324576017516,6294000,0.048170941530899514,1.7567950308322906,0.19273229817078213,1.706703834668382,False
2016-07-21,2.042050838470459,2.0966510772192373,2.016570813839188,2.0881580972789178,5059500,-0.02094283688724785,1.7702024340629579,0.203036432833558,1.3389144037531073,False
2016-07-22,2.074204206466675,2.0754181092210873,1.9844174932807652,2.028703790015481,5407500,0.015745625618360792,1.7783014893531799,0.21203120202971631,1.3955621355767438,False
2016-07-25,2.107572317123413,2.1209193962904056,2.079665123261247,2.079665123261247,4806000,0.01608718686072841,1.8042063057422637,0.21927276937185416,1.383509736526771,False
2016-07-26,2.364799737930298,2.3829998194944015,2.168238813645563,2.168238813645563,15642000,0.1220491551900671,1.8524365603923798,0.23147659029509174,2.2134556971171278,False
2016-07-27,2.3502399921417236,2.4212202278630484,2.307165638643543,2.4175802547166905,8205000,-0.006156862061105106,1.8943271517753602,0.2422648550311302,1.881877750314961,False
2016-07-28,2.313232898712158,2.362373081395477,2.279259669434081,2.3053458920147736,5161500,-0.015746091272934915,1.929817360639572,0.24929605832332688,1.5379927811586644,False
2016-07-29,2.278045415878296,2.331432623690006,2.251959197311673,2.3156594805708095,5205000,-0.015211387860449399,1.9591801702976226,0.25419706457494523,1.2544017615382883,False
2016-08-01,2.2901792526245117,2.3156594962782497,2.2646992259328544,2.3083795506412272,3016500,0.005326424425800003,1.9918796718120575,0.2525198165420299,1.1812917690869804,False
2016-08-02,2.1803715229034424,2.2762251448805433,2.143364520970409,2.2762251448805433,7983000,-0.04794722054844891,2.023214167356491,0.23344485692605058,0.6732097576119858,False
2016-08-03,2.1955387592315674,2.1955387592315674,2.142151553861415,2.142151553861415,4182000,0.006956262347403985,2.054973340034485,0.20909807084868795,0.6722463704545673,False
2016-08-04,2.2525651454925537,2.254385240348764,2.196144808494948,2.2119188192740533,5209500,0.02597375519844869,2.0867325007915496,0.1861099640048696,0.8910465680207487,False
2016-08-05,2.338712692260742,2.3441727602196347,2.2841124465959988,2.295032582513784,5161500,0.03824419770525722,2.116004306077957,0.17670460837228572,1.26034282995935,False
2016-08-08,2.3290061950683594,2.378753440962483,2.3180860573373505,2.3605533560522187,3063000,-0.0041503589664961815,2.141909122467041,0.1673527399283718,1.1179803371094927,False
2016-08-09,2.389065980911255,2.410300059413375,2.3429595868333233,2.3435657788772075,3786000,0.025787731252098656,2.1671162545681,0.16455181254247728,1.348813622371136,False
2016-08-10,2.333860158920288,2.399986529070032,2.3077730658276128,2.398166650688311,5244000,-0.02310770084713598,2.189320385456085,0.15483352355684607,0.9335173039005089,False
2016-08-11,2.3672258853912354,2.3751128914071877,2.3265797729066233,2.350845898232719,2359500,0.01429636919051025,2.211130124330521,0.14706223210746322,1.0614265731166805,False
2016-08-12,2.3975601196289062,2.4139403245221223,2.366012961925481,2.366012961925481,4086000,0.012814254197232033,2.2346689462661744,0.13644748799797002,1.1938011886679456,False
2016-08-15,2.497053623199463,2.514040670347815,2.417580191211614,2.4200062613465256,4903500,0.04149781386335216,2.258844721317291,0.1380308771670902,1.725765327085572,False
2016-08-16,2.4436662197113037,2.4934134543337345,2.434566179318052,2.4934134543337345,2446500,-0.021380158997047927,2.2815341472625734,0.12845590378557134,1.2621613150562068,False
2016-08-17,2.442453384399414,2.4515534255365554,2.4024132467884103,2.4515534255365554,3484500,-0.0004963179104030546,2.299370217323303,0.12454368725132006,1.1488592495850845,False
2016-08-18,2.4964470863342285,2.4964470863342285,2.4303205033735256,2.4303205033735256,3172500,0.022106338765638833,2.3220900297164917,0.11630579084810135,1.4991261857756684,False
2016-08-19,2.561361074447632,2.5783472544343464,2.49766078411695,2.5049407305127582,4912500,0.026002549170278222,2.3464478731155394,0.11261271861624465,1.9084274314028569,False
2016-08-22,2.564393997192383,2.585021016556749,2.532240650089552,2.553473861519974,3501000,0.001184105893935694,2.369288957118988,0.10783894982045925,1.8092260764614687,False
2016-08-23,2.605647563934326,2.636587663757262,2.5977614248632905,2.6001874952686035,4677000,0.01608706259143866,2.3813313484191894,0.12006585846973909,1.868276447393849,False
2016-08-24,2.538306713104248,2.619601098351369,2.5152534085292273,2.605646965961862,4705500,-0.02584419004402827,2.390734684467316,0.12477485727197425,1.1827064511503826,False
2016-08-25,2.569246768951416,2.602006955995272,2.5128264347668825,2.5674266741859544,3475500,0.012189250293290765,2.4035353779792787,0.1294501362162011,1.2801175480833364,False
2016-08-26,2.6050407886505127,2.660246999624016,2.5480133982164785,2.5856265903556306,3075000,0.013931717315618153,2.4198851466178892,0.13335741820434138,1.388416516499386,False
2016-08-29,2.6317343711853027,2.663887719704294,2.620207392052889,2.620207392052889,5029500,0.010246896191064225,2.436962902545929,0.13767301055587935,1.4147396635909189,False
2016-08-30,2.6086812019348145,2.678447531016964,2.587447122362511,2.636587299643498,4834500,-0.008759686958872415,2.4583783864974977,0.1286772539617194,1.1680604831840038,False
2016-08-31,2.6105010509490967,2.6220273787189377,2.568640820040359,2.6135341809084833,2962500,0.0006976126530648941,2.479126501083374,0.11698983947259299,1.1229569205153045,False
2016-09-01,2.6790547370910645,2.6790547370910645,2.57410105689461,2.615354447557885,5970000,0.026260738763941083,2.5004509806632997,0.1122948214055412,1.590489696606361,False
2016-09-02,2.664494752883911,2.709994961834106,2.6287016457082224,2.709994961834106,4899000,-0.005434746817813307,2.516740083694458,0.11122211042332163,1.3284648944988116,False
2016-09-06,2.642047166824341,2.7087814456537016,2.603826911308438,2.7087814456537016,2661000,-0.008424706423337591,2.532392132282257,0.10528030723471478,1.0415531396352786,False
2016-09-07,2.5838065147399902,2.6608538556147145,2.5710665040501546,2.649326879662053,4519500,-0.022043759405837582,2.542129158973694,0.10021024688076567,0.4158991426883305,False
2016-09-08,2.5722808837890625,2.5910869395013996,2.525566562425422,2.5601468458118837,4620000,-0.004460717505423428,2.5540501952171324,0.0875066030717342,0.2083350048108411,False
2016-09-09,2.2889652252197266,2.514646565154866,2.276225212567214,2.514646565154866,7638000,-0.11014180463527057,2.550137162208557,0.09748176295622113,-2.679187666170157,True
2016-09-12,2.4260733127593994,2.432746416270139,2.2143452000810937,2.239219254709171,7582500,0.05989959394272204,2.551562821865082,0.09531737091938007,-1.3165439614550651,False
2016-09-13,2.355699300765991,2.4503398825442804,2.322332273217558,2.3848195131534724,4434000,-0.029007372375472573,2.544495105743408,0.10438159666271697,-1.8087077704651657,False
2016-09-14,2.4230401515960693,2.439420138077581,2.333859622524272,2.3629798395603863,5754000,0.028586352599494047,2.5434638023376466,0.10552585280880016,-1.141176759402931,False
2016-09-15,2.590481758117676,2.604434810407998,2.42304079139098,2.4351739652373157,11305500,0.06910393392008451,2.5508652210235594,0.10323462553351612,0.38375241726676773,False
2016-09-16,2.5916943550109863,2.6620677494404177,2.532240880284561,2.657214741077444,5265000,0.0004680970593637923,2.5556275844573975,0.10278809396583047,0.35088471010639066,False
2016-09-19,2.6044344902038574,2.7160621492344115,2.5759213290565066,2.6511477353263007,5494500,0.004915755273471323,2.557781255245209,0.10336418196313922,0.45134817566964963,False
2016-09-20,2.571674108505249,2.651147542391682,2.546800922570615,2.640227622978582,3736500,-0.012578692926173085,2.558145260810852,0.10340150695223754,0.13083801284101235,False
2016-09-21,2.672381639480591,2.682694715965783,2.571067281334058,2.6050413766514366,3955500,0.03916030053818775,2.5614819645881655,0.10605767317025164,1.0456544215749575,False
2016-09-22,2.703322172164917,2.753068552352126,2.677235078923508,2.7178822841123687,4545000,0.011577887015546073,2.569732737541199,0.11048610721074367,1.2091061762987685,False
2016-09-23,2.6171746253967285,2.6978621887555696,2.6056476446636445,2.6978621887555696,2404500,-0.031867288203832,2.5721291303634644,0.11099361300537444,0.4058386227240211,False
2016-09-26,2.5358805656433105,2.5856267119678016,2.5079733865287577,2.5722807246644086,2850000,-0.031061763691482724,2.5686711192131044,0.11099162718599342,-0.2954326772310973,False
2016-09-27,2.672381639480591,2.67298783158939,2.517680719036495,2.5298138905827865,4380000,0.05382787962754554,2.5707034826278687,0.11256810173737103,0.9032590519287966,False
2016-09-28,2.689974546432495,2.730014680163825,2.6390142776098604,2.688761511478679,4860000,0.006583231486100072,2.5747681498527526,0.11544258590100262,0.997954053788585,False
2016-09-29,2.7888619899749756,2.837395321662727,2.6026139329298625,2.6899745808540443,12943500,0.03676147927631024,2.5836861968040465,0.12485391950083688,1.6433268093722422,False
2016-09-30,2.918689250946045,2.9720764656865093,2.8446756656716965,2.850135734052091,7447500,0.046552056515437146,2.5956679224967956,0.14444852951031856,2.2362382610906026,False
2016-10-03,2.858022689819336,2.978143324207017,2.8440687721665245,2.924149050450243,3537000,-0.020785549920069424,2.605344319343567,0.15537093376364955,1.6262911237963193,False
2016-10-04,2.836182117462158,2.920508545715774,2.805848000479783,2.9047354037002338,4381500,-0.007641847083641684,2.615051066875458,0.16362939273782945,1.3514139904008646,False
2016-10-05,2.90230941772461,2.960549865295963,2.8507431593387222,2.8634831758841552,3516000,0.023315604401886292,2.630976212024689,0.17549717621378225,1.5460830285348626,False
2016-10-06,2.952662706375122,2.9569086538841276,2.8416421355986365,2.9053424132987704,4366500,0.017349386782471,2.649995303153992,0.18890104076839964,1.6022537620224804,False
2016-10-07,2.935676336288452,2.9896695268772553,2.858628968898332,2.972076503336048,4740000,-0.005752898917304239,2.682330858707428,0.17893657113844272,1.4158395680054208,False
2016-10-10,2.891995906829834,3.0145434788417975,2.8901760287169083,2.979963408113083,4125000,-0.014879170744634185,2.7056269884109496,0.17408179303970867,1.0705824840416998,False
2016-10-11,2.711207628250122,2.8804686428787507,2.6335542960092044,2.878648547983444,11005500,-0.06251332450117109,2.723402404785156,0.15339103643361973,-0.07950123304833007,False
2016-10-12,2.680875062942505,2.711208102835926,2.6032215001465704,2.711208102835926,4563000,-0.011187843008244491,2.736294150352478,0.1367507414957957,-0.4052562114383633,False
2016-10-13,2.5838065147399902,2.6123205332158244,2.455799781992028,2.607466658570848,7308000,-0.03620778511624223,2.7359603881835937,0.1371329623769136,-1.1095353794327323,False
2016-10-14,2.6469013690948486,2.7360816797166256,2.6378013285431536,2.6784474386696497,8758500,0.024419341771497738,2.7387207388877868,0.134608588110429,-0.6821211861877058,False
2016-10-17,2.602006673812866,2.6814809545089155,2.5995806042622367,2.6341606653593512,3201000,-0.016961227118687416,2.738599348068237,0.13473709530193775,-1.0137718491650345,False
2016-10-18,2.6972548961639404,2.726981959142072,2.674201804533985,2.7227351428757216,3852000,0.036605679497163424,2.744878387451172,0.12936777715333897,-0.36812483243631566,False
2016-10-19,2.657214879989624,2.669954895456865,2.583807483647369,2.6244546852437787,4539000,-0.014844728331483092,2.7441200494766234,0.1298586324655841,-0.6692290519079004,False
2016-10-20,2.714241743087769,2.740935022956693,2.5953341508749865,2.6523613344846777,4458000,0.021461140959126324,2.744666028022766,0.12970093304839686,-0.23457259882351317,False
2016-10-21,2.692401885986328,2.702107902761916,2.614747459880547,2.6444745228389523,3619500,-0.008046393493526982,2.748427391052246,0.12686894074747293,-0.44160142534360936,False
2016-10-24,2.8422482013702393,2.8458881739626123,2.7488217319211707,2.754281799290764,4044000,0.05565525568966723,2.7637457728385924,0.11804369606824584,0.6650285542250514,False
2016-10-25,2.8355753421783447,2.873188540165472,2.817375260694128,2.8677286892898755,4288500,-0.0023477397887621265,2.7719054579734803,0.1170318090778972,0.544039135227631,False
2016-10-26,2.81919527053833,2.8719754184647113,2.7676279406319537,2.781582073686445,4497000,-0.00577663072335477,2.778366494178772,0.11583136442678059,0.35248463627800053,False
2016-10-27,2.7815823554992676,2.9265761747341967,2.7706622190471344,2.90352286672495,4950000,-0.013341720395224743,2.7780025124549867,0.11580808339038724,0.03091185813181307,False
2016-10-28,2.7336549758911133,2.8659087797198364,2.7209149614205717,2.7888622838290593,5382000,-0.017230257271872773,2.76875079870224,0.11127982577300077,-0.3153835168893839,False
2016-10-31,2.776728630065918,2.814948895746737,2.762168518522647,2.788255611039892,2971500,0.0157567997990542,2.764686095714569,0.10931473919482103,0.11016386664827345,False
2016-11-01,2.6984682083129883,2.841643035613055,2.6062547475163886,2.8003887716986378,5791500,-0.028184396885435614,2.7578004002571106,0.10891073199908198,-0.5447781945366269,False
2016-11-02,2.6444742679595947,2.753674973757918,2.6232412734989405,2.706961735058224,6438000,-0.020009107458467734,2.74490864276886,0.10612936774380938,-0.9463391419772568,False
2016-11-03,2.6268815994262695,2.7021080054625872,2.6014013517629526,2.657214855661832,5181000,-0.006652614754651842,2.7286195874214174,0.09718874116874718,-1.0468083727774797,False
2016-11-04,2.5807740688323975,2.652361362091579,2.5255667626598264,2.578954190801714,2907000,-0.017552192152071933,2.7108744740486146,0.08948842792949126,-1.4538237873473923,False
2016-11-07,2.804028272628784,2.8070622705215835,2.694221588309224,2.7275879714568023,3789000,0.08650668281760598,2.706476092338562,0.0819631295401809,1.1901958946357585,False
2016-11-08,2.82222843170166,2.871368828118324,2.751855039583951,2.808882442179784,4149000,0.006490718817115715,2.712027132511139,0.08596237646184345,1.2819712963547123,False
2016-11-09,2.777334451675415,2.8058476020096683,2.5904804572360702,2.626880611382154,8143500,-0.015907280757984643,2.7168501019477844,0.08682421654265357,0.6966299511371561,False
2016-11-10,2.6032209396362305,2.8853224023621324,2.519500483140846,2.841035236377039,11700000,-0.06269086963370629,2.7178208231925964,0.08535455200837933,-1.342633531075362,False
2016-11-11,2.8968489170074463,2.9108030515790673,2.6875477465382462,2.6899749015766927,8976000,0.11279410552538316,2.7303182005882265,0.09242931637702338,1.80170884029839,False
2016-11-14,2.848315715789795,2.9441691359464244,2.8252624082629554,2.9120160041826955,3526500,-0.016753790966699045,2.742633652687073,0.09082851119580898,1.1635340237482432,False
2016-11-15,3.012723207473755,3.0333493579096285,2.8628753137067444,2.8986686318385892,5700000,0.057720950936919646,2.7584070682525637,0.10825400776928805,2.34925380096035,False
2016-11-16,3.117070436477661,3.124350383354505,2.990276690439568,2.999376732516682,6178500,0.034635518040638136,2.7813998460769653,0.13188628871386776,2.545151536782915,False
2016-11-17,3.2189908027648926,3.262064940191153,3.09705007262611,3.203824717759526,4744500,0.032697485784890734,2.8066372990608217,0.1629857797767615,2.5299968148685337,False
2016-11-18,3.2851178646087646,3.298464938654313,3.1977574269212248,3.2359776862101777,3157500,0.02054279303534301,2.8362730979919433,0.19236084980555734,2.3333478047665297,False
2016-11-21,3.3287978172302246,3.363378099590132,3.2802644872692532,3.313024674834719,4183500,0.0132963121634182,2.8606005787849424,0.22168726252919818,2.1119717619482827,False
2016-11-22,3.462265968322754,3.4683320116133523,3.3937115864527487,3.424651900324573,5646000,0.040095000784272194,2.891935110092163,0.25909737312464254,2.20122207860527,False
2016-11-23,3.4762191772460938,3.4925993824523274,3.410698790345376,3.4501320873418964,3952500,0.004030080025914096,2.9247863054275514,0.28928316965016393,1.9062044725429463,False
2016-11-25,3.490778923034668,3.508979004500836,3.4440656843517568,3.508979004500836,1351500,0.00418838544010014,2.960246133804321,0.31327662032094566,1.6934962739537556,False
2016-11-28,3.4616589546203613,3.505946343412374,3.44103193378884,3.473186151027071,2221500,-0.008341968671276234,2.9966463327407835,0.32753258980769184,1.4197445883251076,False
2016-11-29,3.441638946533203,3.4974522291936623,3.3894656369851552,3.447099014682868,1993500,-0.005783356578335619,3.029891848564148,0.3376251186612418,1.2195392913943235,False
2016-11-30,3.37975811958313,3.459231543130876,3.375511087044461,3.4464915303252224,1819500,-0.01798004610925452,3.063956344127655,0.3367945395379343,0.9376689298132315,False
2016-12-01,2.8798625469207764,3.374905376982326,2.825262301784633,3.367625214120254,10963500,-0.14790868309949123,3.075725758075714,0.32528009041917144,-0.6021371025276677,False
2016-12-02,2.9914896488189697,3.0036236888298875,2.8392156586978694,2.868335879381714,6096000,0.0387612603308265,3.093956160545349,0.30858960134472885,-0.33204784373765317,False
2016-12-05,3.1006901264190674,3.127384276560803,3.006656578409302,3.066716897493438,6199500,0.036503712337166094,3.1199519634246826,0.28400307177717604,-0.06782263616052626,False
2016-12-06,3.229304313659668,3.2384043539727725,3.1310237481008936,3.1322367830624023,4474500,0.041479213335366305,3.1412157654762267,0.2748783772527153,0.32046372313401417,False
2016-12-07,3.4337522983551025,3.451952382776757,3.1892648447636076,3.215351068333133,6499500,0.06331022562061994,3.1717919588088987,0.2715192108475732,0.9647948619490663,False
2016-12-08,3.521718740463257,3.5763191975188477,3.442245318014944,3.442245318014944,7072500,0.02561816766756686,3.209011173248291,0.26555578108065725,1.177558876490763,False
2016-12-09,3.4774324893951416,3.627280418475981,3.4058460532231476,3.621820349638966,5371500,-0.012575181135075497,3.2527217507362365,0.23018682213155603,0.9762102651144763,False
2016-12-12,3.3985655307769775,3.4549858709384975,3.313024973055559,3.4349656942458062,3918000,-0.02267965197273525,3.277807581424713,0.2162810604333443,0.5583380676528585,False
2016-12-13,3.513226270675659,3.582992820339256,3.4167657891053307,3.445886008170294,6130500,0.03373798117480109,3.3110531091690065,0.1970340391702879,1.0260824086944857,False
2016-12-14,3.5053391456604004,3.572679622846084,3.468331921609926,3.518686219642561,5143500,-0.0022449806552715668,3.3356839060783385,0.18837793057765526,0.9006110167035978,False
2016-12-15,3.689766407012939,3.7352668203143624,3.5283915528735075,3.538098651957597,7221000,0.052613243309383995,3.3643187046051026,0.19673949975185206,1.654206210843904,False
2016-12-16,3.569645881652832,3.7722728197179554,3.5235386244670175,3.761353119491795,4263000,-0.03255504877810167,3.3818514585494994,0.19872134495227634,0.9450138491586404,False
2016-12-19,3.680666446685791,3.721920048134843,3.591486141475897,3.6400194711776233,4107000,0.031101282511965422,3.401628887653351,0.2080515321731408,1.3411944440775598,False
2016-12-20,3.783893346786499,3.809953793818028,3.73685619824138,3.809953793818028,5374500,0.028045709002959773,3.4243836641311645,0.22394660026073837,1.6053366393451014,False
2016-12-21,3.783893346786499,3.830293549573201,3.768638245822298,3.814403548714901,2376000,0.0,3.440465033054352,0.23792186355826558,1.4434499990709924,False
2016-12-22,3.8449137210845943,3.9364438715296255,3.797241445693612,3.919916925039963,3078000,0.01612634625389675,3.4588997602462768,0.2545411815622904,1.5165088747883162,False
2016-12-23,3.9021201133728023,3.905298022539467,3.808682764325303,3.820124146598304,1362000,0.014878459294028312,3.4794668197631835,0.27318790244209185,1.5471157025308226,False
2016-12-27,4.044500350952148,4.067382660323659,3.909111421632279,3.912925367179111,4866000,0.03648791770694104,3.508608889579773,0.3008725501653063,1.7811244697395765,False
2016-12-28,3.809317588806152,4.126496331141326,3.8035968977828816,4.123953549221819,8050500,-0.05814878025431014,3.5269928216934203,0.3077202169722993,0.917472273647026,False
2016-12-29,3.808683395385742,3.8105901412016694,3.687913734312091,3.771180651231493,5998500,-0.0001664847851681195,3.548439085483551,0.3118379795179229,0.8345497565899718,False
2016-12-30,3.629435777664185,3.906568782674124,3.597653730444499,3.890042745518272,5214000,-0.04706288213368359,3.5859177470207215,0.2694134426706973,0.1615288020229019,False
2017-01-03,3.635156154632568,3.792155777041504,3.539812061117699,3.7266867571887423,6211500,0.0015761064029804484,3.6181010723114015,0.23026904025039874,0.07406589397610884,False
2017-01-04,3.668208360671997,3.7158804091516378,3.614180721016512,3.68409949813506,3565500,0.00909237585221967,3.646476984024048,0.19549472912077992,0.1111609338302068,False
2017-01-05,3.56714391708374,3.727958188389852,3.549346941625961,3.677743125706091,3568500,-0.02755144573350865,3.6633689641952514,0.17055628981215365,-0.5641835151168649,False
2017-01-06,3.6529541015625,3.681557337242247,3.5175653617510396,3.5919339109093684,4870500,0.024055711368357935,3.6743290543556215,0.16184490569692841,-0.13207059376430644,False
2017-01-09,3.7705447673797607,3.8144030921579626,3.68600579936911,3.686641835778368,5397000,0.03219056756474514,3.6867703557014466,0.15903550289558366,0.5267654715646546,False
2017-01-10,3.8277525901794434,3.8512700334723657,3.762282643121809,3.7692740451276583,3775500,0.01517229639987483,3.7042863607406615,0.1539772662580648,0.8018471326270549,False
2017-01-11,3.863983392715454,3.863983392715454,3.7794443965865474,3.816311106807878,3205500,0.009465293715420708,3.7275572538375856,0.1398642572750906,0.9754181771368513,False
2017-01-12,3.7641892433166504,3.8385577901376697,3.5932056439261646,3.8385577901376697,5007000,-0.025826754221288772,3.740105402469635,0.1305722648125592,0.18444836567389217,False
2017-01-13,3.8353796005249023,3.8671609701855783,3.764825005341859,3.775630352780888,4092000,0.018912534042928586,3.7566074252128603,0.11974728934715638,0.657820112183714,False
2017-01-17,3.6510462760925297,3.7997831031147777,3.614180485366121,3.7997831031147777,4072500,-0.04806129865402242,3.7546714186668395,0.12118913553800231,-0.855069574630435,False
2017-01-18,3.803597450256348,3.810589987891535,3.6612170997240345,3.6618531362736673,3651000,0.04178286513724605,3.7663689970970156,0.11343255943828784,0.3281990051506015,False
2017-01-19,3.751476526260376,3.877330829326086,3.7425770161654737,3.7489335168240623,2694000,-0.013703059978773302,3.7699095010757446,0.11170876619370046,-0.1650092060224378,False
2017-01-20,3.8970344066619873,3.963140370544812,3.8461842247662608,3.851904915693179,4134000,0.0388001575866741,3.775566554069519,0.1152624623137218,1.0538370442048732,False
2017-01-23,3.82012391090393,3.876694327672305,3.7317712219742862,3.8398274011580864,4033500,-0.019735647092717135,3.7773780822753906,0.11568415690921578,0.36950460435204435,False
2017-01-24,4.047042369842529,4.061025621847228,3.862709583531871,3.862709583531871,4725000,0.05940081113361195,3.787484514713287,0.1298559171145217,1.9988142311631012,False
2017-01-25,4.225019931793213,4.2517161969135655,4.112513723486962,4.20404435986103,5010000,0.043977192647382424,3.8036295056343077,0.16115885119737622,2.6147519855599826,False
2017-01-26,4.151286602020264,4.250444658426684,4.095350845170744,4.2409100200938,3685500,-0.017451593356544226,3.8089688181877137,0.17102598424284257,2.0015542395387556,False
2017-01-27,4.308920383453369,4.310192456173002,4.2103983967814305,4.218025832098544,3610500,0.03797227138121273,3.8339489579200743,0.20432419502608593,2.3245970721805884,False
2017-01-30,4.240274429321289,4.245360449264266,4.079461270995575,4.242181629970327,7095000,-0.015931126134445805,3.855528509616852,0.22341460818028697,1.722116216294872,False
2017-01-31,4.075011253356934,4.180525582205351,3.998099929809028,4.169084198230517,6417000,-0.03897464155186958,3.877807283401489,0.22189323321073864,0.888733590934492,False
2017-02-01,4.268876552581787,4.280317934337767,4.143658298980072,4.234552407313847,5668500,0.04757417517930773,3.9094933032989503,0.23049957846920371,1.559149269033708,False
2017-02-02,4.258071422576904,4.306379279261965,4.110605525174722,4.182431728365563,4839000,-0.0025311413604471866,3.9389864563941956,0.23568069589416607,1.3538867278548592,False
2017-02-03,4.331803798675537,4.352144690080141,4.281589652484191,4.317184507555392,2787000,0.01731590872517863,3.9772194504737852,0.23420254072471758,1.5140072652693015,False
2017-02-06,4.376935005187988,4.383926861851488,4.27650531997934,4.36231525522192,4750500,0.010418571248829389,4.01341849565506,0.2373741064994199,1.5314075949299755,False
2017-02-07,4.425241470336914,4.471006547149705,4.351508972870897,4.448759817927645,4060500,0.011036596406313492,4.046153330802918,0.24706295684318863,1.534378704026457,False
2017-02-08,4.446854114532471,4.5021538415699,4.378842292557782,4.474821541740384,3667500,0.0048839468626580285,4.077108407020569,0.2568493197373937,1.4395432617455814,False
2017-02-09,4.330533027648926,4.4703714972434,4.312100243940989,4.4703714972434,5070000,-0.02615806228124362,4.100435888767242,0.25765932490167226,0.8930285716206591,False
2017-02-10,4.320362091064453,4.422062903331205,4.191329898711959,4.422062903331205,5946000,-0.002348656971216889,4.128244531154633,0.24933781169946004,0.7705111334713636,False
2017-02-13,4.350874423980713,4.438591116401184,4.327991650432178,4.36612930325528,4624500,0.00706244807104639,4.154019272327423,0.24405834057227366,0.8065905520446448,False
2017-02-14,4.305108070373535,4.3476952399414355,4.23391835152222,4.335617819985084,3199500,-0.010518886354183743,4.186722362041474,0.21523318405756098,0.5500346466110025,False
2017-02-15,4.412528991699219,4.425877575001868,4.279683286913929,4.327990237298445,3541500,0.024951968584696393,4.217168939113617,0.20076763234230977,0.9730654802588488,False
2017-02-16,4.429055213928223,4.455116799741442,4.348966438601018,4.427148468221352,2700000,0.0037452948774030492,4.25104787349701,0.1733441857445017,1.0269011312186989,False
2017-02-17,4.500246047973633,4.500246047973633,4.314007357644319,4.375027769414128,3577500,0.016073593713967105,4.2812084555625916,0.16050855185419816,1.3646474899979746,False
2017-02-21,4.693477630615234,4.69538437646077,4.564444493062413,4.5885988802887985,4737000,0.042938003962829985,4.324876141548157,0.14666942574825534,2.513144693835157,False
2017-02-22,4.694112777709961,4.714453218694411,4.63563514647114,4.696655560151312,2751000,0.00013532547605721312,4.3572296619415285,0.15337185147699847,2.196512023061517,False
2017-02-23,4.460836410522461,4.661059209594414,4.372483727965965,4.647711083607809,7501500,-0.04969551824472884,4.369020485877991,0.15172864398548006,0.6051324406040058,False
2017-02-24,4.45320987701416,4.454480586131674,4.200865231737264,4.2447235637077405,5176500,-0.0017096644679259754,4.3841166496276855,0.14373439922827294,0.4807007073981201,False
2017-02-27,4.581606864929199,4.586692430118302,4.426513948216359,4.462108812810533,3328500,0.028832458262921135,4.397750973701477,0.14906056412059274,1.2334308025225194,False
2017-02-28,4.4042649269104,4.601945866776043,4.374390764208511,4.601945866776043,4711500,-0.03870736692322885,4.405950498580933,0.14437905321438202,-0.011674627537760439,False
2017-03-01,4.610844612121582,4.6273706484709125,4.433504557134422,4.570164193785909,4848000,0.046904463886575876,4.432742166519165,0.12858866559089208,1.3850555551222095,False
2017-03-02,4.467830181121826,4.673137743150047,4.454482048050499,4.647077513729694,4126500,-0.031016970431790525,4.442689847946167,0.12281049918101279,0.20470833799481733,False
2017-03-03,4.459563732147217,4.48181136349775,4.378203823779668,4.474819055943419,3142500,-0.0018502155720998559,4.452764463424683,0.11487676759171762,0.05918750035428587,False
2017-03-06,4.466558456420898,4.490711934094761,4.309557896403014,4.388375967382537,3381000,0.0015684772533375302,4.45950219631195,0.11130508425781123,0.06339566746658215,False
2017-03-07,4.497702121734619,4.5841480619536465,4.403630109552733,4.441767743550373,4263000,0.006972631303850951,4.465540552139283,0.10985643077776766,0.2927600083821884,False
2017-03-08,4.530755996704102,4.638177520453868,4.500881829082648,4.562537364647759,4267500,0.0073490582690556305,4.470816278457642,0.11035174496827663,0.5431696459688135,False
2017-03-09,4.552367687225342,4.576521618254288,4.44367545223164,4.518679118311682,2389500,0.004769996560609613,4.476091957092285,0.11166030157397445,0.6831051775596778,False
2017-03-10,4.7093682289123535,4.739878439478299,4.632457802423651,4.632457802423651,4827000,0.03448766718197649,4.495033717155456,0.11764063198258726,1.8219428792989003,False
2017-03-13,4.818695545196533,4.821873454696813,4.726529350140132,4.748776989824853,4614000,0.023214858335558475,4.5199503898620605,0.13074222085467646,2.2849937333291597,False
2017-03-14,4.774200439453125,4.777379257736691,4.65279613179144,4.7716585668811256,4156500,-0.009233848730651362,4.541116690635681,0.13608689129720536,1.712756802625491,False
2017-03-15,4.889884948730469,4.914038418791835,4.7227142210683715,4.808524120992372,4375500,0.02423117980580547,4.570355534553528,0.14522473089721485,2.2002410484967125,False
2017-03-16,4.8708176612854,4.954084805742699,4.841578618847836,4.954084805742699,2938500,-0.0038993325292896452,4.593269968032837,0.15484815542917618,1.7923861765308968,False
2017-03-17,4.897514343261719,4.927388970213396,4.86128389635928,4.916583621660482,2268000,0.005480944644779218,4.616692924499512,0.16386877454657534,1.7136969476902426,False
2017-03-20,5.00684118270874,5.060233696803857,4.894335008423711,4.923574047584127,3282000,0.022322923790399907,4.642022681236267,0.18296251945206993,1.993952108688814,False
2017-03-21,4.6585164070129395,5.0780308196275525,4.62737017366902,5.069767347664292,8511000,-0.0695697672414195,4.640274620056152,0.1826117111274987,0.09989385042261134,False
2017-03-22,4.807253837585449,4.81996638400251,4.619108423394876,4.664873499568988,4558500,0.03192806841864937,4.645931673049927,0.18608673284434937,0.8669192159467854,False
2017-03-23,4.770389080047607,4.837765782177552,4.731616299612193,4.8053488226031185,3840000,-0.007668568955026878,4.661409306526184,0.18272432757384624,0.5964163336563951,False
2017-03-24,4.8708176612854,5.047522170518259,4.817425141205984,4.969339681583509,5841000,0.021052492690342817,4.682289695739746,0.1815373618756447,1.0385077958486506,False
2017-03-27,4.896242141723633,4.930565838554511,4.670594648053876,4.709367418320612,7363500,0.005219756149016375,4.698021459579468,0.18593282746180653,1.0660876019049557,False
2017-03-28,4.945185661315918,4.997942593666099,4.853019470534215,4.924844768274783,4147500,0.00999613952406686,4.725067496299744,0.1802070140465176,1.22147390422525,False
2017-03-29,4.90386962890625,4.945186091177479,4.862554075908162,4.945186091177479,3456000,-0.008354799038763239,4.739718747138977,0.18233095164840546,0.900290818883072,False
2017-03-30,4.987771987915039,5.014468700026384,4.895606705148256,4.895606705148256,5355000,0.017109418756612094,4.765715837478638,0.17855221651962186,1.2436482434369482,False
2017-03-31,4.978239059448242,5.053243650373954,4.926118149760852,4.99985066733446,3334500,-0.0019112598751295229,4.791649603843689,0.16916556666819688,1.1029990279909114,False
2017-04-03,4.891793251037598,5.027816866962077,4.791999166415445,5.006841300877731,4821000,-0.017364736280910065,4.812911343574524,0.1520086656792736,0.5189303327581877,False
2017-04-04,4.816789150238037,4.910226515898332,4.767846157914004,4.800898237669861,3976500,-0.01533263916737515,4.828865694999695,0.13270335173134268,-0.09100406737356903,False
2017-04-05,4.712545394897461,4.951540975431226,4.703645885706694,4.870816630455786,5608500,-0.02164175181623318,4.837955164909363,0.11643883923989011,-1.0770441446391392,False
2017-04-06,4.730342864990234,4.762760269873106,4.590505753553657,4.709367298274747,5905500,0.0037766150989322345,4.846853923797608,0.09895200960063219,-1.177450152630643,False
2017-04-07,4.793270111083984,4.83522169995068,4.702375986918696,4.732250155484728,2850000,0.013302893234120816,4.851049017906189,0.09449462147637913,-0.6114518045521542,False
2017-04-10,4.68203592300415,4.806618614405988,4.647076190430222,4.797083976563442,3631500,-0.023206325848947107,4.84421603679657,0.10162892323143087,-1.5958066723102078,False
2017-04-11,4.568258285522461,4.624829623400457,4.357865664644088,4.624829623400457,7803000,-0.02430088947474074,4.833918929100037,0.11818144185621035,-2.2479049113379506,True
2017-04-12,4.327354431152344,4.546009996813663,4.300022144467367,4.5390181433741805,8232000,-0.052734289375357735,4.8057924032211305,0.16271117078275935,-2.9404125713505187,True
2017-04-13,4.2440876960754395,4.437318688112724,4.240909786563859,4.261249771347638,4864500,-0.019241949417748705,4.774455904960632,0.20451070596491924,-2.5933518070988892,True
2017-04-17,4.4099860191345215,4.411258092104381,4.283497047842733,4.283497047842733,5293500,0.03908927782347438,4.750079488754272,0.21770074502771283,-1.5622062734624884,False
2017-04-18,4.462744235992432,4.473549582964981,4.319092269473166,4.348966437418898,3120000,0.011963352407240446,4.722874641418457,0.21792219506691196,-1.1936847705950906,False
2017-04-19,4.5358405113220215,4.659152942541034,4.5129581998935295,4.568893496668512,3657000,0.016379221273776334,4.716740846633911,0.2215256779305017,-0.8166111351147416,False
2017-04-20,4.753225326538086,4.773566219316063,4.56952943849487,4.6349984620461315,5005500,0.04792602708879312,4.714039421081543,0.22069167053313185,0.1775595126081591,False
2017-04-21,4.6864848136901855,4.7157243108194296,4.569530007629284,4.706825709001619,5757000,-0.014041100150518071,4.7098442077636715,0.22036135770695928,-0.10600494713120137,False
2017-04-24,4.887979030609131,4.9324724878155966,4.826322590313531,4.89052090336618,7372500,0.042994744446912314,4.710702276229858,0.2210534905711681,0.8019631534485931,False
2017-04-25,5.040530681610107,5.06023463246807,4.921668212019429,4.982688174462972,4311000,0.031209555124045885,4.717916703224182,0.22961627536659762,1.4050135508506574,False
2017-04-26,4.910862922668457,5.037987959613794,4.857469943422063,5.022733082478608,5542500,-0.025725021259116798,4.716200566291809,0.22795050318200732,0.8539676537639399,False
2017-04-27,5.119983196258545,5.139052017199233,4.981416794465455,5.016375617568553,5331000,0.04258320317286657,4.727006244659424,0.24200398948628288,1.6238449309588583,False
2017-04-28,4.858740329742432,5.080574777147404,4.814881996702762,5.080574777147404,7579500,-0.051024164826755314,4.720554661750794,0.236340001012672,0.5846901387811572,False
2017-05-01,5.000485897064209,5.005570552558883,4.819966987905945,4.913404352169247,5449500,0.029173316065913557,4.721667003631592,0.23766526959846704,1.1731579203965248,False
2017-05-02,4.839670181274414,4.957896564304995,4.760851683314516,4.957896564304995,4305000,-0.032160017866305735,4.719060850143433,0.2359813547775383,0.5110968671430874,False
2017-05-03,4.893064975738525,4.91404054617641,4.76530389778995,4.77992273879457,2863500,0.011032734145955958,4.722874641418457,0.2382493730324935,0.7143369661537664,False
2017-05-04,4.880986213684082,4.932472434576676,4.823145083649201,4.913403615421219,2571000,-0.0024685472427474764,4.731296682357788,0.2408282279022355,0.6215614034541675,False
2017-05-05,4.933108806610107,4.938829498736744,4.804077034017165,4.919125094583478,2940000,0.010678701115749423,4.741434979438782,0.24501750679768347,0.7822862524252003,False
2017-05-08,4.878443241119385,4.955353627606944,4.847933501058221,4.92102994271993,1861500,-0.011081362206621814,4.745693635940552,0.24670029269517002,0.5381007202243657,False
2017-05-09,5.026546478271484,5.063413415688823,4.878445419803099,4.878445419803099,4875000,0.030358708676523793,4.762919163703918,0.2539427300123427,1.0381368844650638,False
2017-05-10,5.344995498657227,5.371056174865573,5.194351678454941,5.196894460668285,6981000,0.06335344192326042,4.801756024360657,0.28060135233395045,1.935983094087328,False
2017-05-11,5.39902400970459,5.472120927975071,5.196894420540552,5.306221779683357,3789000,0.010108242572128612,4.855339503288269,0.28748031054772355,1.8912060634012224,False
2017-05-12,5.447966575622559,5.467670974929522,5.355799942321446,5.419999158447893,3030000,0.00906507654531552,4.915533447265625,0.27865896033373466,1.910698036478953,False
2017-05-15,5.697768688201904,5.709210071126034,5.469578884771466,5.4854688861455925,3984000,0.04585235777640584,4.979922580718994,0.30338095447685237,2.366154159943093,False
2017-05-16,5.952019214630127,5.953289923451626,5.697767428314351,5.760694565846116,4143000,0.044622823484338214,5.054386329650879,0.34908613735338867,2.5713793500500755,False
2017-05-17,5.170832633972168,5.775314579117334,5.170832633972168,5.717472997436732,14551500,-0.1312473217051776,5.086135935783386,0.3276608259872448,0.258488935726722,False
2017-05-18,5.467036724090576,5.507717150818645,5.148586984808183,5.224862273457158,12283500,0.05728363516783719,5.12182650566101,0.3283651948082226,1.0512996623505766,False
2017-05-19,5.646918296813965,5.700945931868875,5.59988115223428,5.618949970002383,6928500,0.03290293842928427,5.169848179817199,0.33156151280206886,1.4388585483429146,False
2017-05-22,5.827435493469238,5.833792219862751,5.711115402068902,5.728277472203985,5236500,0.031967382414072265,5.216821002960205,0.35522932801669627,1.718930398900886,False
2017-05-23,5.7600603103637695,5.847776974067513,5.613866022403042,5.840149082290769,4482000,-0.011561720963016331,5.252797484397888,0.37245375251973045,1.361948490340447,False
2017-05-24,5.867480754852295,5.900533736687718,5.790569445808798,5.8541326276111185,3240000,0.018649187456466265,5.30062837600708,0.3873577533266664,1.4633820388956484,False
2017-05-25,5.966002941131592,6.021938688349797,5.847776537689409,5.950112940798159,3831000,0.016791224444634212,5.342929363250732,0.4120026643178969,1.5123047296609287,False
2017-05-26,6.037829875946045,6.041643821725408,5.831250769370234,5.964732506736651,4323000,0.0120393730145949,5.401883840560913,0.42327748812856,1.5024329269124255,False
2017-05-30,6.158597946166992,6.202456272021756,6.03147295039443,6.0340157321844945,4041000,0.020001900136681794,5.459789443016052,0.4441756148569838,1.5732707509752495,False
2017-05-31,6.1566925048828125,6.323863280462007,6.065161888418849,6.290810292645355,6340500,-0.00030939530406681737,5.525640559196472,0.44502786125969207,1.4180054792526695,False
2017-06-01,6.1719465255737305,6.216440891116054,6.061347557462441,6.184023944348323,3088500,0.002477632377907435,5.589584636688232,0.44121416097856564,1.3199075197266608,False
2017-06-02,6.355643272399902,6.384882764433204,6.148429047208835,6.278731960605181,5817000,0.02976317861229294,5.663317489624023,0.43978058029788875,1.5742527382790001,False
2017-06-05,6.410943984985352,6.505017384816797,6.337211480098129,6.356915429202589,4200000,0.00870104098283786,5.7372092485427855,0.4347578292888426,1.5496782140637495,False
2017-06-06,6.4745073318481445,6.598454903864145,6.306701423167757,6.325134208847311,5025000,0.009914818630713418,5.817012453079224,0.4148577062005158,1.584868423418244,False
2017-06-07,6.626420974731445,6.689348125123318,6.512008056680135,6.548874986949384,6444000,0.02346335174199843,5.897006177902222,0.4086149383400651,1.7850908725764112,False
2017-06-08,6.97347354888916,6.97855820333679,6.600360205241734,6.754817950000604,7707000,0.05237406067032735,5.978430080413818,0.4527010377287526,2.1980145516510783,False
2017-06-09,6.094400405883789,7.1876806992940185,5.685056161823707,7.119032861630626,32179500,-0.12605957946816948,6.013198900222778,0.43209323230365854,0.1879258909659238,False
2017-06-12,5.992064952850342,5.992064952850342,5.4778414824561255,5.842691846693426,22534500,-0.016791718006360146,6.040403819084167,0.4112588874357753,-0.11753877596474853,False
2017-06-13,6.1077494621276855,6.29271698460649,5.884007805583428,6.289539075018545,14511000,0.019306284258870487,6.060902857780457,0.4034245490257603,0.11612234421618527,False
2017-06-14,5.910704612731934,6.223433198320553,5.717474067633628,6.180846935986125,11181000,-0.03226144926499808,6.058837127685547,0.404116612184729,-0.36655883595772454,False
2017-06-15,5.76832389831543,5.829979887807196,5.596704058759125,5.6024247503867715,8821500,-0.02408861950397745,6.08871169090271,0.35399157391586283,-0.9050718045154109,False
2017-06-16,5.701582431793213,5.90752595321216,5.650096665097604,5.786121182349656,8154000,-0.011570339616627234,6.100438976287842,0.3357261860593258,-1.1880412105362188,False
2017-06-19,6.026388168334961,6.054355587087373,5.8751087832151985,5.878286237693067,11425500,0.056967647215019346,6.119412469863891,0.31905551524784587,-0.29156149034649403,False
2017-06-20,5.82616662979126,6.143979863659025,5.8185387375579065,6.095672001151743,8809500,-0.03322413574282268,6.119349026679993,0.3191167499493009,-0.9187308310682911,False
2017-06-21,6.024481773376465,6.032109210331212,5.831886376109076,5.905618872853668,6385500,0.034038700948089806,6.132570099830628,0.3087572697152243,-0.3500754056863365,False
2017-06-22,5.9793524742126465,6.06071332602926,5.8954492946802635,6.055627761324578,7081500,-0.007490984430105652,6.138163685798645,0.3046885809907806,-0.5212246913539694,False
2017-06-23,6.034651279449463,6.133809326996499,5.925323921813974,5.956469252506016,5433000,0.009248293268427465,6.141596102714539,0.3030292119741253,-0.35291918745512796,False
2017-06-26,5.8846435546875,6.236146252228435,5.784214797065645,6.181481663620354,11284500,-0.024857728775944832,6.133936786651612,0.30769014168839853,-0.8102087073578519,False
2017-06-27,5.409193992614746,5.789299710562207,5.40283817346563,5.765146233885878,13833000,-0.08079496364635841,6.096466588973999,0.34757466997770037,-1.9773379815144374,False
2017-06-28,5.685691833496094,5.707939472542145,5.3443593579544,5.521699887439063,9801000,0.05111627374778105,6.072916555404663,0.35904636338651735,-1.0784811138491257,False
2017-06-29,5.259184837341309,5.607508671315575,5.030995057182278,5.566829162633284,18418500,-0.0750140895153878,6.027278470993042,0.401318039594533,-1.9139275035524634,False
2017-06-30,5.180367469787598,5.391396569185666,5.107271006197193,5.3113073409075895,8343000,-0.014986612943148736,5.968514680862427,0.43531225028559867,-1.8105330381990015,False
2017-07-03,4.957897186279297,5.324019125410208,4.957897186279297,5.273804071649408,6811500,-0.042944884664219085,5.895862340927124,0.47685786975370625,-1.9669700641247245,False
2017-07-05,5.272533893585205,5.291602713351082,5.021460872682887,5.021460872682887,9180000,0.06346172489753266,5.835763669013977,0.47583425085278697,-1.183667998718787,False
2017-07-06,5.202613830566406,5.334823923701178,5.046884485502336,5.08947164404972,8092500,-0.013261187965783683,5.764573311805725,0.45747158986053765,-1.2284030171373799,False
2017-07-07,5.458136558532715,5.522334407986238,5.246472374927241,5.308127897342133,7816500,0.04911429836768999,5.688806462287903,0.36230085243882015,-0.6366805438144527,False
2017-07-10,5.653908729553223,5.688868904770094,5.420632974394019,5.517884246623636,6774000,0.03586795033818957,5.666781878471374,0.34950988275332007,-0.036832002622475817,False
2017-07-11,5.78675651550293,5.795656025586588,5.587169714723554,5.642469429105459,7659000,0.02349662725457624,5.656516456604004,0.3423958360262109,0.38037862963075103,False
2017-07-12,6.062620162963867,6.100121770518132,5.889728691231675,5.943121665794701,14623500,0.04767154911769467,5.654259991645813,0.33940120835290294,1.2031783071716375,False
2017-07-13,6.0117692947387695,6.205000290659267,5.949477720694421,6.099485963932929,13311000,-0.008387605830189049,5.659313225746155,0.3441395661656804,1.0241660757569797,False
2017-07-14,6.252035617828369,6.2558495633960645,6.056898359420491,6.101391814770118,9894000,0.03996599192518424,5.683498811721802,0.3683495504469763,1.5434708836122435,False
2017-07-17,6.1719465255737305,6.3149628950892565,6.104570759334758,6.29653011260113,8266500,-0.012810082531560685,5.707017016410828,0.3842380339397423,1.2100038728488152,False
2017-07-18,6.229790210723877,6.229790210723877,5.989522954940455,6.060077553125017,5998500,0.00937203277936205,5.717187118530274,0.3956582608541323,1.2955703012165471,False
2017-07-19,6.396960735321045,6.401410718742187,6.267928492300214,6.324499383909949,6400500,0.026834053626621834,5.745726823806763,0.42353705293229893,1.5376078834320546,False
2017-07-20,6.452259063720703,6.478955321365377,6.24440878487645,6.41920698724305,5653500,0.008644468941997108,5.767115688323974,0.44842548418981043,1.5278867940224379,False
2017-07-21,6.286995887756348,6.32259074603144,6.1859310951843876,6.306064707965462,6243000,-0.02561322698488433,5.782497859001159,0.4611839242376255,1.0939193719494116,False
2017-07-24,6.225339412689209,6.305428633161118,6.194194084621993,6.304157469507191,5100000,-0.009806985111476263,5.792032265663147,0.46858301649200834,0.9247179939852807,False
2017-07-25,6.2215256690979,6.260299344257122,6.021938875219448,6.19673615849543,6889500,-0.0006126161705392041,5.808876371383667,0.47804668778483506,0.8631987382369729,False
2017-07-26,6.407128810882568,6.503108938110152,6.307971229250285,6.35755024738467,7546500,0.0298324159790182,5.858773112297058,0.4861454385334876,1.1279663555821626,False
2017-07-27,6.117919921875,6.502474729919534,5.8992633667377445,6.473871269324085,19879500,-0.04513861006139663,5.880384516716004,0.487651150362919,0.4871010864676894,False
2017-07-28,6.058169841766357,6.126817683140747,5.962825743923184,6.024481730252726,4975500,-0.009766404410590956,5.920333766937256,0.46634463046112373,0.29556698163932593,False
2017-07-31,5.922145366668701,6.152243748484141,5.863668193965602,6.070247317335675,6486000,-0.02245306398639957,5.957422661781311,0.4326789505906115,-0.08153226558503895,False
2017-08-01,6.021303176879883,6.021303176879883,5.87320214143211,5.964732752174454,4021500,0.016743562353140895,6.010592961311341,0.36313679750844763,0.029493611338831542,False
2017-08-02,5.892906188964844,6.162411965199069,5.765145155240162,6.120460384208011,8943000,-0.021323787250581816,6.041611576080323,0.32080279563668734,-0.46354143149017113,False
2017-08-03,5.8229875564575195,5.935493733661934,5.736542509744363,5.887821455151522,5614500,-0.01186488131072827,6.072630262374878,0.2595553188241044,-0.9618092476330107,False
2017-08-04,5.829342365264893,5.9685452198699265,5.780399389917323,5.852225125942198,3673500,0.0010913313390694679,6.0911905527114865,0.22416008240572904,-1.1681303139987675,False
2017-08-07,6.132537841796875,6.138258532634213,5.868751845388686,5.869387881825261,6843000,0.05201195221241828,6.115122008323669,0.19917554046017585,0.08743961950833994,False
2017-08-08,6.068340301513672,6.290173835458191,6.006684312737644,6.129360708409178,6391500,-0.010468348005235106,6.129201197624207,0.18412626992078626,-0.3305389075481638,False
2017-08-09,6.0085906982421875,6.028930226472881,5.847776671558811,5.912610565851499,4788000,-0.009846119416964894,6.126499724388123,0.1855454379668276,-0.6354725151852851,False
2017-08-10,5.507080078125,5.908796431835733,5.498181477978123,5.883372249675939,10722000,-0.08346559872415749,6.101265263557434,0.23077639529441862,-2.574722534661259,True
2017-08-11,5.5979766845703125,5.63166571588347,5.393939842259641,5.444790952937994,5586000,0.016505408520636644,6.068562316894531,0.25350959573656195,-1.8562833132882048,False
2017-08-14,6.031473636627197,6.04927129263669,5.796926653836754,5.796926653836754,6805500,0.07743814890328693,6.061538672447204,0.2524381979033456,-0.11909859945806765,False
2017-08-15,6.0759687423706055,6.109020824163591,5.943758142015598,6.088681291354037,3964500,0.007377153316762142,6.053847599029541,0.24936682196402254,0.08870924835484395,False
2017-08-16,6.103298187255859,6.176396002577854,6.011768045589664,6.128087695339718,4659000,0.0044979567940619525,6.039164471626282,0.23640946612599956,0.2712823504089145,False
2017-08-17,5.6170454025268555,6.068976968032233,5.6170454025268555,5.9876170110516185,8376000,-0.07967049451136698,5.997403788566589,0.23334608939615487,-1.630018257533316,False
2017-08-18,5.668529987335205,5.793749170468016,5.573821918215277,5.7270085238215485,5275500,0.00916577686646236,5.966480493545532,0.2339283449688171,-1.2736827862824587,False
2017-08-21,5.547125339508057,5.691412892637891,5.425084972224525,5.688871019583027,6723000,-0.021417307149894982,5.932569789886474,0.2433947443278165,-1.5836186251387643,False
2017-08-22,5.810274124145508,5.84459826855571,5.6570875471500015,5.681877055456323,4810500,0.04743876666410207,5.912007212638855,0.23492253682174863,-0.43304950589112207,False
2017-08-23,5.887185573577881,5.9316790276863935,5.6094158665281135,5.6672579024329615,4038000,0.013237146439056158,5.886010050773621,0.20397846068510972,0.005762975170574303,False
2017-08-24,5.880193710327148,5.974902680508686,5.7765870488495015,5.974902680508686,3655500,-0.0011876410490799794,5.874123740196228,0.19654422161637608,0.03088348301975639,False
2017-08-25,5.792477607727051,5.974903256012735,5.758789493126096,5.927866102680984,3156000,-0.014917213092154658,5.860839128494263,0.19238482477186566,-0.35533738613883176,False
2017-08-28,5.837606430053711,5.859853156628897,5.747983032689569,5.8096381034550495,2274000,0.007790936000591442,5.856612181663513,0.19189504492862985,-0.09904243028719456,False
2017-08-29,5.878923416137695,5.917697097320259,5.613866649779199,5.617044559510877,3357000,0.007077727246439958,5.849493193626404,0.18806655100900202,0.15648834071446852,False
2017-08-30,6.178304195404053,6.197373017271734,5.905619542595985,5.924052782531734,6849000,0.05092442239416739,5.863763093948364,0.20185598177410943,1.5582451344329313,False
2017-08-31,6.359457015991211,6.3797965432019135,6.203728561129779,6.257756197482281,6339000,0.029320799827550648,5.890586566925049,0.22985473170126366,2.039855545264741,False
2017-09-01,6.44272518157959,6.5418832411845615,6.389332660030201,6.435733780043601,4966500,0.013093596729877532,5.921255707740784,0.2601745395541311,2.004306319643974,False
2017-09-05,6.170040130615234,6.395688516412412,6.0066842238256175,6.311785344513908,7698000,-0.042324488982393604,5.923130822181702,0.26190679915434617,0.9427372990344731,False
2017-09-06,6.206907272338867,6.287632082986121,6.109655968571927,6.255850260532138,3603000,0.005975186699467505,5.930059170722961,0.267718577489594,1.0341011976528487,False
2017-09-07,6.235509872436523,6.306064458960635,6.152243194244828,6.260935419681244,2992500,0.004608188723089768,5.941405129432678,0.27590519087750875,1.0659630653140417,False
2017-09-08,6.004776954650879,6.229153264857299,5.943120967495203,6.198008389620604,4530000,-0.037003055484777225,5.966289973258972,0.2564271150888305,0.15008935922620578,False
2017-09-11,6.356914520263672,6.395688194908244,6.14779309217389,6.1592344745518615,6217500,0.0586429051856876,6.00423686504364,0.2552064146898857,1.3819309974970202,False
2017-09-12,6.442089557647705,6.496117198540526,6.327040602175801,6.441453521147212,4447500,0.013398801747691369,6.024767661094666,0.2733822112222924,1.5265144527406966,False
2017-09-13,6.468148708343506,6.521541667815831,6.327675137633455,6.386152751176662,3481500,0.004045139463307423,6.04437665939331,0.2907606884393834,1.4574599173799305,False
2017-09-14,6.558409214019775,6.667736568669857,6.356914760388744,6.378526362282711,4311000,0.013954612014383416,6.067132210731506,0.31260326288235385,1.5715670999670859,False
2017-09-15,6.890842437744141,6.915631949918758,6.599725019800906,6.610530366531899,6129000,0.05068808805247005,6.130822062492371,0.34423734606931966,2.2078382369899034,False
2017-09-18,7.164164066314697,7.295103053775744,7.014791381923026,7.018604874002493,7929000,0.03966447223832237,6.205603766441345,0.3969438066652642,2.4148513814240955,False
2017-09-19,7.238530158996582,7.314169393885407,7.091700307164076,7.23535225000971,4869000,0.010380288892537726,6.2901740074157715,0.4282168602029564,2.214663269286806,False
2017-09-20,6.933429718017578,7.255057344927419,6.653118096941011,7.255057344927419,12088500,-0.04214950193994871,6.346331787109375,0.4355531265399752,1.347936440204428,False
2017-09-21,6.848889350891113,6.925800652760821,6.665828622800934,6.916902053642203,4734000,-0.012193152676917451,6.394416975975036,0.4352814664997452,1.0440885034013798,False
2017-09-22,6.946777820587158,6.977288024762722,6.738291955796781,6.7554535762533385,3871500,0.014292604929193153,6.4477461814880375,0.4343007688711452,1.1490461792094613,False
2017-09-25,6.542519569396973,6.8507986552356215,6.448446161261429,6.838722597498833,10708500,-0.058193634751372625,6.485248279571533,0.4062150676856955,0.14098760578165534,False
2017-09-26,6.531076431274414,6.766894106390419,6.459885812295892,6.752274815359986,7134000,-0.0017490414818298605,6.519921779632568,0.3765367225534774,0.029624339337211578,False
2017-09-27,6.9887285232543945,7.065639833168852,6.720493902504325,6.7382911026031085,7663500,0.07007299589826999,6.575412034988403,0.35844221858863073,1.1530909776572313,False
2017-09-28,7.145729064941406,7.146364192121258,6.906096534719994,6.970295753808655,4728000,0.022464821914974342,6.623783278465271,0.367201865589312,1.4214137655277956,False
2017-09-29,7.326246738433838,7.343408810700181,7.115218580819169,7.19403572390402,6090000,0.025262317092050512,6.672122764587402,0.39328303809019505,1.6632397293890404,False
2017-10-02,7.453373432159424,7.559523792412279,7.302729611298963,7.391081859890296,6615000,0.017352226626312417,6.722655177116394,0.4258377670521661,1.7159545526019893,False
2017-10-03,7.527106285095215,7.588761361628656,7.416506859753509,7.499773992366485,4030500,0.009892547798243001,6.790508484840393,0.44099737684138346,1.6702997317822126,False
2017-10-04,7.576685428619385,7.576685428619385,7.366291920629344,7.500409695125829,4509000,0.006586746838203039,6.858997392654419,0.45182461915775196,1.5884217139446961,False
2017-10-05,7.592574119567871,7.687283074572335,7.467991458381569,7.659951240755966,4539000,0.002097050365648112,6.926850605010986,0.4551507096222657,1.4626441318950723,False
2017-10-06,7.691099166870117,7.691099166870117,7.468629112031899,7.468629112031899,2910000,0.01297650121693561,7.011166715621949,0.4308958305161302,1.577950871406067,False
2017-10-09,7.851912498474121,7.881787575908514,7.7489400461301745,7.769916067597609,4219500,0.02090901808895107,7.08591661453247,0.4409803496563351,1.737029517389169,False
2017-10-10,8.004463195800781,8.044507584384982,7.760381554247907,8.039422929049767,5818500,0.01942847648344337,7.164035296440124,0.45894465211535856,1.8312184170508874,False
2017-10-11,8.16146469116211,8.165278183103364,7.913569529515821,7.921196513398333,4752000,0.01961424414365376,7.248701095581055,0.47954007480192745,1.9034146331942516,False
2017-10-12,8.078832626342773,8.24409576350684,8.059763348187229,8.136038642262951,4723500,-0.010124661190878737,7.324722266197204,0.48483562556147297,1.5553938703911405,False
2017-10-13,8.237737655639648,8.317190837582427,8.125231491735093,8.150656582698621,4167000,0.019669305782958224,7.39206702709198,0.514059445255881,1.6450833388086523,False
2017-10-16,8.355963706970215,8.357234870538022,8.183708313711273,8.326724217091847,4827000,0.014351762130908385,7.451657009124756,0.5537918515801478,1.6329360846772636,False
2017-10-17,8.337532043457031,8.351514844577043,8.204049848944173,8.35024459011192,2974500,-0.002205809426602534,7.506607103347778,0.5851668294624719,1.4199795652677922,False
2017-10-18,8.41952896118164,8.457667516765458,8.083281546109534,8.380755732896185,6814500,0.009834674973028479,7.580912065505982,0.6026456409773183,1.391558884115818,False
2017-10-19,8.345793724060059,8.351513960276193,7.955518310297418,8.196421998636156,7495500,-0.008757643980030205,7.655757284164428,0.5998949103121486,1.150262200985465,False
2017-10-20,8.465926170349121,8.597501594479239,8.434781755355031,8.507878202901887,4353000,0.014394370417127877,7.7317147016525265,0.601574046012809,1.2204839513321715,False
2017-10-23,8.601953506469727,8.738612705991649,8.471649216595221,8.586697722514312,7243500,0.01606762607935619,7.8346863985061646,0.562279310235497,1.3645657842935939,False
2017-10-24,8.777386665344238,8.806625250347976,8.563815696185676,8.673143962919546,5085000,0.020394571854237986,7.947001910209655,0.5101079243240432,1.6278609202845586,False
2017-10-25,8.434782028198242,8.70492337516749,8.169725335388765,8.61339323538114,12625500,-0.0390326472113508,8.019304585456847,0.4678663673982204,0.8880258802355091,False
2017-10-26,8.586060523986816,8.63182604868986,8.444315786743948,8.478004348498851,5766000,0.017935080631940048,8.09132115840912,0.43609693425859086,1.1344710928060164,False
2017-10-27,9.1123628616333,9.152407251837484,8.639455343948153,8.803447305693732,9070500,0.06129730115180965,8.180626964569091,0.45370445612638693,2.0536185714796216,False
2017-10-30,9.198168754577637,9.30686140255167,8.803443444595407,8.803443444595407,7716000,0.009416426260373534,8.267866730690002,0.4738079221541544,1.9634581449335888,False
2017-10-31,9.40475082397461,9.492467482475297,9.18990870522264,9.280166781800734,5248500,0.022459043197502027,8.361748957633973,0.5043436040465871,2.0680382540239233,False
2017-11-01,9.31703281402588,9.64883012622678,9.064053093893571,9.64056665426352,7902000,-0.009326989262184116,8.448766326904297,0.5118433661781452,1.6963519398615927,False
2017-11-02,9.440345764160156,9.515349880915986,9.135244642145828,9.328476080173356,6831000,0.013235216897448332,8.541154909133912,0.5159121039208132,1.7429148263679044,False
2017-11-03,9.943761825561523,9.94694064383518,9.346907779401722,9.542681522211948,11805000,0.05332601940413695,8.65378804206848,0.5642007679629567,2.286373675368229,False
2017-11-06,10.367090225219728,10.37662486149982,10.011138957310587,10.1999203911462,10276500,0.042572258576225375,8.779546928405761,0.649867260063649,2.4428731748364747,False
2017-11-07,10.33848762512207,10.402686845088454,10.12300992879471,10.325139497523368,8470500,-0.0027589805313044113,8.896248149871827,0.7101289527019614,2.030954335494537,False
2017-11-08,10.44273281097412,10.459258850203296,10.178946309589907,10.2653927250835,5565000,0.01008321426034664,9.010311555862426,0.7668417226367633,1.8679490341062217,False
2017-11-09,9.80710220336914,10.164325527847597,9.428902861886474,10.13635720208434,17956500,-0.06086822473682407,9.096725034713746,0.7536142695188166,0.9426270140943208,False
2017-11-10,9.99333953857422,10.021307861948353,9.81345809206735,9.884647790754922,6489000,0.018990047349674688,9.184505128860474,0.750533362271947,1.0776794881780016,False
2017-11-13,10.074702262878418,10.118561046724338,9.788670432216485,9.840156198106552,5070000,0.008141695175085228,9.270442056655884,0.7490686557048172,1.0736802295722616,False
2017-11-14,10.046733856201172,10.139536987141351,9.821722430005098,10.000333654640594,6117000,-0.0027761025534520645,9.35590214729309,0.7343888433574229,0.9406892753841276,False
2017-11-15,9.78040885925293,9.911983417807674,9.534420455076855,9.783586769055416,8970000,-0.02650861471600119,9.423946142196655,0.7055428664544676,0.5052318349522691,False
2017-11-16,10.220900535583496,10.341670219161678,9.915798416352647,9.915798416352647,7363500,0.04503816585477738,9.517701482772827,0.6788126779188821,1.0359250433662368,False
2017-11-17,10.085508346557615,10.404594078795425,10.036564906641384,10.37217667637854,6295500,-0.013246600781850915,9.598680591583252,0.6423627188101916,0.7578705001374995,False
2017-11-20,10.441458702087402,10.49485121016644,10.164960616184288,10.171317343431914,6471000,0.035293248817872325,9.690655851364136,0.6235546859459558,1.2040689736526802,False
2017-11-21,10.815844535827637,10.841270537606476,10.581934048483438,10.67854885444168,9874500,0.035855702198524186,9.792578744888306,0.6329468226587571,1.6166694488503772,False
2017-11-22,10.604814529418944,10.920084881166328,10.556505772935516,10.909915573772803,6756000,-0.019511190800649336,9.90108036994934,0.5708938014876132,1.232688387289964,False
2017-11-24,10.888310432434082,10.909922042004002,10.691265436495875,10.695078929029378,6757500,0.026732754470027764,10.016192865371703,0.521778496455992,1.6714325580412936,False
2017-11-27,10.47832489013672,10.694439062330726,10.424296801724685,10.693802571277557,10698000,-0.03765373377637149,10.084490966796874,0.48537386064784205,0.8114032404097433,False
2017-11-28,10.468791961669922,10.606724141754343,10.290816304353305,10.587654866691024,9736500,-0.0009097759963304641,10.148022127151489,0.4447094812447641,0.7213019916296421,False
2017-11-29,9.092658996582031,10.428113053371987,8.793278076274508,10.408409103694796,36519000,-0.13145098022068036,10.13241753578186,0.47650222141601845,-2.1820644111794176,True
2017-11-30,9.261096954345703,9.528060378698925,9.077401102475443,9.404112847216712,14869500,0.018524609558874694,10.12962074279785,0.48167601272261973,-1.803128587497879,False
2017-12-01,8.943920135498047,9.108547648064452,8.263162902900289,8.980786609019786,19072500,-0.034248299138993854,10.104799461364745,0.529482759380887,-2.192478046356203,True
2017-12-04,8.29494571685791,9.276990781304391,8.120148855003631,9.254744503138127,23742000,-0.07256039955727966,10.022358655929565,0.6665068241248415,-2.5917408142667395,True
2017-12-05,8.305750846862793,8.771030453134834,7.949799513754648,8.197693737532685,16374000,0.001302616119949196,9.919291687011718,0.7628148047006795,-2.1152458371361336,True
2017-12-06,8.38965129852295,8.43287540587601,7.9637815004246,8.073745331689713,10795500,0.010101489101596028,9.821849870681763,0.8281246547189561,-1.7294480534997052,False
2017-12-07,8.63500690460205,8.713823609341746,8.470378456884033,8.5911481148659,9966000,0.029245030257967652,9.73146357536316,0.8550077064679711,-1.282393904132819,False
2017-12-08,8.501523971557617,8.948369849314668,8.480547951367688,8.90832546381185,9871500,-0.015458346996027661,9.666184663772583,0.8977025906890403,-1.2973792259204902,False
2017-12-11,8.649624824523926,8.7227231065848,8.463386601442146,8.542839793112476,5599500,0.017420506424705717,9.598998928070069,0.9218863389895482,-1.0298168693840537,False
2017-12-12,8.390289306640625,8.580977513985687,8.365499794222112,8.580977513985687,5977500,-0.02998228514467094,9.514778280258179,0.952570952023128,-1.180477917397435,False
2017-12-13,8.389019012451172,8.621659286018618,8.371857390256741,8.471015450209435,4125000,-0.00015140052303652674,9.431892538070679,0.9756885078657286,-1.0688590848535693,False
2017-12-14,8.369950294494629,8.532670180742642,8.302573153907122,8.37821195035668,5094000,-0.00227305694840374,9.361369609832764,0.9998468634761738,-0.9915711610988718,False
2017-12-15,8.742426872253418,8.819337734768364,8.358508141553692,8.453851787717076,10255500,0.04450164751919572,9.28744592666626,0.987532377592648,-0.5518999344016037,False
2017-12-18,9.33165454864502,9.337375695683225,8.942015520455366,9.073590991055497,15397500,0.06739863941689728,9.24975323677063,0.9696939218087821,0.08446099334274275,False
2017-12-19,9.298002243041992,9.393424540091235,9.13896386792906,9.295456908301851,8127000,-0.003606252827684675,9.192580413818359,0.928570240936902,0.11353134590794745,False
2017-12-20,9.49266529083252,9.621803957784692,9.2432943543114,9.558824889908603,8721000,0.02093600783288685,9.126421451568604,0.8507005012158624,0.4305203050197603,False
2017-12-21,9.185402870178224,9.549918086124327,9.145324542490004,9.549918086124327,6909000,-0.032368403524248524,9.055450868606567,0.7768774120865446,0.16727478434806267,False
2017-12-22,9.161230087280272,9.177769759197014,8.970384568929827,9.040996910206724,3942000,-0.0026316518980820103,8.969096851348876,0.647664081679362,0.29665569137816494,False
2017-12-26,8.896590232849121,8.914403027955963,8.658033097849234,8.842518471346194,4524000,-0.028886934604839154,8.890010118484497,0.5415523594073406,0.012150467540802725,False
2017-12-27,8.986286163330078,9.120514571561502,8.843152268976938,8.8463337097578,2980500,0.010082057072806405,8.815884828567505,0.3959748794495794,0.430333699449414,False
2017-12-28,9.043538093566896,9.123692909536596,9.002188473584704,9.095702425549357,3168000,0.006371033505525814,8.813428783416748,0.39431669237169786,0.5835647199364264,False
2017-12-29,8.772537231445312,9.100791599096398,8.771265929425383,9.068348371957896,4132500,-0.029966243224469835,8.78900079727173,0.37999710673371545,-0.043325503101668716,False
2018-01-02,9.495842933654783,9.495842933654783,8.878139371365787,8.92203432866701,9237000,0.08245114077336368,8.816596937179565,0.4106447489553676,1.6540963891615352,False
2018-01-03,9.96850872039795,9.985048394952775,9.569004825582663,9.59063426078592,9871500,0.04977607465135758,8.900275087356567,0.46558922438251377,2.2943693219234693,False
2018-01-04,10.143449783325195,10.24714238561717,9.894077924789364,10.17589302317171,8502000,0.017549371509228306,8.992160034179687,0.5202155714331742,2.213101284096031,False
2018-01-05,10.326658248901367,10.437348899315309,10.093190932303784,10.254137604168047,7713000,0.018061751129023973,9.089010381698609,0.5791159090749896,2.137133253996819,False
2018-01-08,10.558855056762695,10.655550470370496,10.23250894585946,10.315845220484402,6538500,0.0224851837123623,9.18520278930664,0.6545948571324645,2.098477023595194,False
2018-01-09,10.255410194396973,10.6180171036986,10.201338439619482,10.611019935795202,9009000,-0.028738424832470244,9.272897100448608,0.675336774959425,1.454849092154644,False
2018-01-10,9.876263618469238,10.01621697395128,9.635161200546422,9.902981895331688,13269000,-0.036970395990097105,9.334229040145875,0.6714425210039541,0.807268770397357,False
2018-01-11,10.0512056350708,10.064564774837468,9.845728779121544,9.99967739453892,5524500,0.017713380622446095,9.417274856567383,0.6509493951512844,0.9738556994220549,False
2018-01-12,10.207064628601074,10.272588122457368,9.962782538196446,10.046754933346437,5019000,0.015506497348581672,9.508177137374878,0.6262738805548099,1.1159454560152804,False
2018-01-16,10.316481590270996,10.669546019306807,10.125000879740334,10.4367147648183,9804000,0.0107197285067957,9.605503702163697,0.5902946202080669,1.2044458203882904,False
2018-01-17,11.203913688659668,11.25289841422378,10.547404795212726,10.583665577237465,11496000,0.08602080957771197,9.728578042984008,0.6540390314089225,2.255730277285609,False
2018-01-18,11.363588333129885,11.530259983600509,11.097676837792877,11.123122905193323,9171000,0.014251684626224392,9.830174732208253,0.7411529666965261,2.0689569762587303,False
2018-01-19,11.394124984741213,11.548073612654552,11.179740804848484,11.49654536794014,9315000,0.0026872366998986763,9.934980869293213,0.8072009137356347,1.8076591473307997,False
2018-01-22,11.658125877380373,11.658125877380373,11.269437716668744,11.439289890054106,5620500,0.023169913704887746,10.043253898620605,0.8861215806425711,1.8224045255604124,False
2018-01-23,11.922765731811523,11.92403794408448,11.674030031986716,11.80698531474158,6738000,0.022700034054754514,10.18012204170227,0.9553455211328087,1.824097828022367,False
2018-01-24,11.102128982543944,11.675937633452545,10.850212767505283,11.58305977306811,18628500,-0.06882939476685446,10.277166986465454,0.9449204307440912,0.8730491682023014,False
2018-01-25,10.524503707885742,11.541711246675131,10.52386851170073,11.527079893863354,13167000,-0.0520283339858878,10.358562660217284,0.8881469756077064,0.18683962477597146,False
2018-01-26,11.522625923156738,11.530260107468148,10.878203940809346,10.94182002001704,12733500,0.09483793658822393,10.485379648208617,0.862601496169811,1.2024628748660662,False
2018-01-29,11.485729217529297,11.715379918257906,11.06077936824263,11.370585814089766,9184500,-0.003202109126296593,10.607489204406738,0.8195352598478536,1.0716317602803374,False
2018-01-30,10.786598205566406,11.18228537421434,10.752245741434278,10.884565838448871,11923500,-0.06086953633696068,10.708192253112793,0.696734186699157,0.11253352275574192,False
2018-01-31,11.063323974609377,11.28915804214562,10.870570157509372,11.148568570332037,6891000,0.025654591352087808,10.786566305160523,0.6389469065302354,0.4331465832611512,False
2018-02-01,10.89983367919922,11.381400660031192,10.69372070722442,10.750974816119191,6895500,-0.014777683071143022,10.833132553100587,0.6094455122234309,0.10944559400444047,False
2018-02-02,9.98949909210205,10.649188480304586,9.987590773682566,10.56267167512632,13788000,-0.08351820898280438,10.825435018539428,0.6195041679415135,-1.3493628771135193,False
2018-02-05,8.652942657470703,10.231872748050687,8.524440117920918,9.73312913709736,16929000,-0.13379614155909603,10.741749238967895,0.7821293965754721,-2.670666248632212,True
2018-02-06,9.542284965515137,9.563278290926885,8.128755014983653,8.136388289661953,20614500,0.10277917504475775,10.690920734405518,0.8264188752699595,-1.3898953705712078,False
2018-02-07,8.907405853271484,9.590633108888111,8.906132730744769,9.408693070543755,12523500,-0.06653323753566798,10.623520517349244,0.9141229649586249,-1.8773345926775116,False
2018-02-08,7.780141353607178,9.091887759481049,7.762330381785355,9.065805587838636,17155500,-0.12655362495358713,10.51871440410614,1.1046199840632613,-2.479199263103432,True
2018-02-09,8.488814353942871,8.622406635438583,7.462701122713528,8.356494284554234,20676000,0.09108741964014899,10.440594840049744,1.191270823276492,-1.638401988843026,False
2018-02-12,8.936667442321777,9.10397612294859,8.540345046020306,8.725465611303218,14100000,0.05275802599816415,10.37707498073578,1.237356331284766,-1.1641008349780735,False
2018-02-13,8.923307418823242,8.96593017257235,8.672028189662147,8.707651955451214,7440000,-0.0014949670651573932,10.30741627216339,1.2794465286196601,-1.0818028126844845,False
2018-02-14,9.522561073303224,9.575362424533626,8.715284270198632,8.715284270198632,11127000,0.06715600240510478,10.22334864139557,1.272660448097361,-0.5506477152959602,False
2018-02-15,9.874353408813477,9.874353408813477,9.192398580408186,9.785293101471275,12339000,0.036943037991797434,10.148886895179748,1.2457166145519494,-0.22038197384484104,False
2018-02-16,9.762393951416016,10.119275017875507,9.687327958076162,9.692416807784683,7677000,-0.011338408983572523,10.06730034351349,1.2128700060355602,-0.2513924745275084,False
2018-02-20,10.268132209777832,10.54676668175538,9.627526092618751,9.637705609522122,11586000,0.05180473773940042,9.997800660133361,1.1553769678466288,0.23397692456022393,False
2018-02-21,9.920157432556152,10.465976506872217,9.90107333955051,10.452617368761356,9901500,-0.033888809582167334,9.897670245170593,1.0628422362102161,0.021157596696328287,False
2018-02-22,9.846365928649902,10.151718738906304,9.756667676115086,10.04166326834513,5809500,-0.007438541616696548,9.83488209247589,1.0243381175655444,0.011210981976639296,False
2018-02-23,10.485695838928224,10.485695838928224,10.073469999853254,10.10273178803,8178000,0.06493054543281485,9.832941699028016,1.0229989005615565,0.6380790238795869,False
2018-02-26,11.15302276611328,11.164473588524077,10.630742229039296,10.719166457060393,8653500,0.06364164452564025,9.814461541175842,0.9937901711755006,1.3469254011177494,False
2018-02-27,11.04996395111084,11.612958809504551,11.04296678390076,11.114215218336827,10837500,-0.009240437965891024,9.79267327785492,0.9594020937607048,1.3104939851939854,False
2018-02-28,10.745884895324709,11.383945824221133,10.71725738629491,11.25989601516154,10170000,-0.027518556361947444,9.790637612342834,0.9572228998461508,0.9979360952766654,False
2018-03-01,10.227418899536133,10.880747151006592,9.860358398487463,10.765602852743816,14397000,-0.04824786426049932,9.748842358589172,0.9160943519329033,0.5224096622113138,False
2018-03-02,10.756064414978027,10.812681511584492,9.78847673243516,9.78847673243516,9610500,0.05168904497163718,9.741653895378112,0.907107320927172,1.1182916245930705,False
2018-03-05,11.049328804016112,11.202641310111076,10.432897338787043,10.597024559713834,8790000,0.027265027218478455,9.794645380973815,0.9521845966580224,1.3176892668144227,False
2018-03-06,11.54870891571045,11.63268130237919,11.180377043543848,11.31078791183498,12933000,0.04519551554234025,9.939433693885803,0.9888971869305385,1.6273433103998542,False
2018-03-07,11.639678955078123,11.695660851862664,11.196280164379592,11.212820745941691,9990000,0.007877074401271056,10.044303393363952,1.0536550179069955,1.514134640466347,False
2018-03-08,11.68929672241211,11.877597776802592,11.476185710280443,11.768815444393631,8625000,0.0042628123615333635,10.183397936820985,1.0789885671801847,1.3956577774745307,False
2018-03-09,12.417691230773926,12.420872671334363,11.869963831220865,11.89095715281375,12120000,0.06231294539433252,10.415275430679321,1.0326560315258455,1.9390927268742613,False
2018-03-12,12.804472923278809,13.00422481650369,12.564007506026869,12.67215283266197,12079500,0.031147633269085206,10.631058359146119,1.0594675436174321,2.0514215628652597,False
2018-03-13,12.206490516662598,13.29558352168496,12.034092993192896,13.03984971442931,22048500,-0.046701055966861915,10.79454951286316,1.0362736074548407,1.3625175760938872,False
2018-03-14,12.20139980316162,12.385883316457184,11.864875098392218,12.356620615180905,13102500,-0.0004170497239995852,10.958454132080078,0.9825793949823827,1.264982430354981,False
2018-03-15,12.165776252746582,12.41705639129388,11.981291812413396,12.296187118312975,7572000,-0.0029196281565829763,11.090614891052246,0.9567018890025537,1.1238206739774361,False
2018-03-16,12.156234741210938,12.370618009169828,12.10152596583462,12.219849913749634,4693500,-0.0007842912229698573,11.20470895767212,0.9399382996300563,1.012327919729755,False
2018-03-19,11.452011108398438,11.970475762619012,10.943725971072991,11.840064011486042,17712000,-0.057931065646923297,11.28918981552124,0.8773267291740413,0.18558797704759922,False
2018-03-20,11.719834327697754,11.819074181463346,11.467281949597504,11.514357451516718,8823000,0.023386566495984695,11.361774921417236,0.8479655440617799,0.4222570230453026,False
2018-03-21,11.79935073852539,12.235752294461983,11.52707821068609,11.637768864958527,9939000,0.006784772600386901,11.455734586715698,0.7813116148965062,0.43979398905417355,False
2018-03-22,10.830490112304688,11.59069139157811,10.813313430080408,11.242715925321024,15714000,-0.08211135067434949,11.504940795898438,0.7015376760203944,-0.9613891122992855,False
2018-03-23,9.747125625610352,10.838762963044108,9.747125625610352,10.768149719477725,16557000,-0.10002912845684686,11.468012285232543,0.7737375693834079,-2.224121882815601,True
2018-03-26,10.972989082336426,10.980622355260468,10.052477157233271,10.478063063530657,18847500,0.12576666227684052,11.459010601043701,0.7786268502649686,-0.6242033890070463,False
2018-03-27,9.749669075012209,11.30887809827327,9.47930484960725,11.298064293676482,23146500,-0.1114846645836397,11.39399585723877,0.8641675830310055,-1.9027869298906153,False
2018-03-28,9.131330490112305,9.8310983103756,8.99010489559345,9.6307102858465,20061000,-0.06342149463151192,11.313268136978149,0.9936163102510736,-2.1959559483423714,True
2018-03-29,9.721677780151367,9.976774526767755,9.10651859018836,9.340622925477131,17752500,0.06465074182544472,11.287981081008912,1.0285272214866257,-1.522860327015576,False
2018-04-02,8.595687866210938,9.669512174706073,8.324686682502321,9.427774597844149,19338000,-0.11582259147071816,11.179962253570556,1.1883567321629624,-2.17466213420267,True
2018-04-03,9.088071823120115,9.147234248489363,8.62877039634023,8.962749804340891,15993000,0.05728267063357495,11.081899404525757,1.2772968323825549,-1.5609743411690251,False
2018-04-04,9.434775352478027,9.504752501091128,8.285884636877608,8.30878537221948,16759500,0.03814929460349292,10.976202726364136,1.3232720118564418,-1.1648605578256073,False
2018-04-05,9.144688606262209,9.665061669495124,8.94493671035411,9.631345312726642,13840500,-0.030746545135240333,10.85145320892334,1.374062780185276,-1.2421300010986358,False
2018-04-06,8.31005859375,9.064535227129472,8.19555127558358,8.750912087198857,13326000,-0.09126937487413855,10.682491302490234,1.4700280032124344,-1.6138690579742603,False
2018-04-09,8.462096214294434,9.182856255731124,8.448737076934593,8.631948363590405,16462500,0.018295613542217426,10.48471155166626,1.4902412950892165,-1.3572401624065438,False
2018-04-10,9.275736808776855,9.418234604750854,8.87686910925912,9.063261872176772,18669000,0.09615118687825785,10.308274745941162,1.4077472001976816,-0.7334682938948935,False
2018-04-11,9.279552459716797,9.523835409737698,9.042904603165756,9.136418572768,10633500,0.00041135825849769603,10.161927843093872,1.3510228001528302,-0.6531165745517098,False
2018-04-12,9.808195114135742,9.88453330336558,9.45512985141899,9.532104146724594,13927500,0.05696855066166395,10.042267608642579,1.2640640193976258,-0.1851745567589061,False
2018-04-13,9.57790756225586,10.188614052940595,9.462765069759532,10.169529958556469,14283000,-0.023479095715376652,9.912874174118041,1.1637233151604542,-0.2878404234910398,False
2018-04-16,9.63961696624756,9.785296218715676,9.394062661722849,9.759849238481884,8299500,0.006442889909992644,9.787043285369872,1.0376116743224746,-0.14208236353795498,False
2018-04-17,10.182888984680176,10.245868042488476,9.79674525803232,9.82537185430252,12387000,0.056358257836887526,9.72358717918396,0.9668223633938777,0.4750632824461246,False
2018-04-18,9.867358207702637,10.043572359378253,9.586815362622872,9.98822657176221,12802500,-0.030986371102763144,9.630963373184205,0.846797316417516,0.2791634195518361,False
2018-04-19,8.59314250946045,9.351436391017694,8.498992449045348,9.348891056933844,33981000,-0.12913443207600506,9.470652961730957,0.706564260322968,-1.2419400492594987,False
2018-04-20,8.284612655639648,8.715287545695244,8.167560000510846,8.588057190140708,16249500,-0.03590419377790266,9.343359088897705,0.6774133448456352,-1.562925267584324,False
2018-04-23,7.95127010345459,8.434109396704935,7.888291025638311,8.411843854744253,16278000,-0.04023634731530146,9.253566312789918,0.7374392902799866,-1.7659707402366367,False
2018-04-24,7.757876396179199,8.381304974343962,7.544129273089529,8.153563516851454,21633000,-0.024322366711120424,9.092810678482056,0.6919211856968264,-1.9293155201751182,False
2018-04-25,7.730520248413086,7.902281619228187,7.357736173983568,7.874291133472185,20535000,-0.003526241766314553,8.9918532371521,0.7368806152207275,-1.7117195956650184,False
2018-04-26,8.20254898071289,8.222906202615865,7.942362390246951,8.07404640626161,17655000,0.06106040953669356,8.945414161682129,0.7566297617587554,-0.9818080367899853,False
2018-04-27,8.02124309539795,8.52316719518884,7.906098794286282,8.496448919689637,13656000,-0.02210360288506119,8.860392427444458,0.7603398263707796,-1.1036503717711315,False
2018-04-30,7.755330085754395,8.16183186915046,7.655455069014259,8.01551656216629,11466000,-0.033151097215357694,8.818374538421631,0.7980238947111933,-1.33209601831779,False
2018-05-01,8.138932228088379,8.165015311749874,7.678993785352662,7.697442684768945,13552500,0.049463032274875696,8.770917558670044,0.8092837158878873,-0.7809193712594316,False
2018-05-02,8.02696704864502,8.238805817984705,7.928999444022304,8.140838213361988,10189500,-0.013756740602527073,8.700527143478393,0.8097277483715608,-0.8318352633807677,False
2018-05-03,8.172012329101562,8.27634102173119,7.64782262121338,7.824672877754248,15442500,0.018069749081756514,8.65189332962036,0.8108561119082606,-0.5918201681793469,False
2018-05-04,8.761088371276855,8.788443666381214,7.929001447756151,7.997706373564167,19219500,0.07208457579995553,8.674444818496704,0.8071120129535485,0.10735009687575742,False
2018-05-07,9.000922203063965,9.122427629244044,8.850790168001655,8.908043385766119,14211000,0.027374890153305964,8.701386117935181,0.8086423029486296,0.370418520075634,False
2018-05-08,9.192400932312012,9.192400932312012,8.8692362249135,8.903587780527225,10398000,0.021273234556217657,8.697219324111938,0.8057364952799754,0.6145701617102617,False
2018-05-09,9.589354515075684,9.591263742764806,9.189851806206258,9.274459349552698,12400500,0.04318279693048943,8.712709426879883,0.8203660655672786,1.0686023288757143,False
2018-05-10,10.101462364196776,10.101462364196776,9.7083196334266,9.7083196334266,12277500,0.0534037873264559,8.727372789382935,0.8432785234796492,1.6294611288615386,False
2018-05-11,9.860359191894531,10.146627875373722,9.80501431956552,9.90298194187026,11790000,-0.023868145384256523,8.741495370864868,0.8604623768445422,1.3003053371522433,False
2018-05-14,10.248414039611816,10.581122171624695,10.176529484836813,10.22551239507227,13374000,0.039355041755099185,8.771935224533081,0.9035941193406383,1.634006666794309,False
2018-05-15,9.885807991027832,10.11482354716994,9.673333018566176,10.011130031101892,10774500,-0.03538167439200368,8.757081174850464,0.8813468607002838,1.2806839923166295,False
2018-05-16,10.284673690795898,10.330476974823185,9.91506961781819,9.91506961781819,10854000,0.04034730394622965,8.777946949005127,0.9133740135209115,1.64962733719846,False
2018-05-17,10.164440155029297,10.432259927567875,9.94369496289727,10.170165109800076,8755500,-0.011690554253967478,8.85651183128357,0.9628781307227304,1.3583529234006015,False
2018-05-18,9.736944198608398,9.954507911721262,9.63261553887354,9.916974929252886,9588000,-0.042057993347462075,8.929128408432007,0.9721972059708706,0.8309176216667669,False
2018-05-21,10.041025161743164,10.329837307380911,9.771296196180357,10.18161459854705,13068000,0.031229609303730532,9.033616161346435,0.9738673435514229,1.0344417102261474,False
2018-05-22,10.210245132446287,10.429718168492368,10.090012861328011,10.309484987350848,12891000,0.01685285794799718,9.15623459815979,0.9590612905103916,1.0990022689014756,False
2018-05-23,10.373734474182127,10.375007596481554,9.834914354183832,9.923338567527765,9612000,0.016012283702797836,9.288395309448243,0.9340485755718717,1.1619729349401182,False
2018-05-24,10.481245040893556,10.55694622462283,10.095736494295398,10.347652736026854,10362000,0.010363728412270401,9.402330112457275,0.9336034753485791,1.1556457928066814,False
2018-05-25,10.739524841308594,10.765606107943473,10.409361122353031,10.464706916986664,9672000,0.024642091603367167,9.538244199752807,0.9197233321450045,1.3061326157227375,False
2018-05-29,10.534046173095703,10.814589030411543,10.315210167868935,10.544860888619336,10375500,-0.019132938491145834,9.677180004119872,0.8428867946609578,1.0165851148735767,False
2018-05-30,10.742704391479492,10.974899535161237,10.586847452023788,10.680996629870124,12159000,0.019807984031502412,9.807368612289428,0.7923602101288195,1.1804426411543303,False
2018-05-31,10.509870529174805,10.834308299594316,10.455161764681542,10.66954407997078,9567000,-0.02167367301750933,9.931513786315918,0.6861140798205174,0.8429454515933863,False
2018-06-01,11.214092254638672,11.219181104016467,10.665093497013848,10.743340016336312,17115000,0.06700574697937411,10.083617782592773,0.6083086005184257,1.858389756584835,False
2018-06-04,11.488273620605469,11.52644271963031,11.181648616108214,11.32351029764708,11950500,0.02444971556689146,10.219977045059204,0.6018762211481844,2.1072382177298286,False
2018-06-05,11.640951156616213,11.748461296576554,11.447561217957732,11.577972091556996,9339000,0.013289858951209155,10.351978492736816,0.6098934246947622,2.113439187386712,False
2018-06-06,11.865511894226074,11.86932944115323,11.514355818406482,11.664487790243063,8950500,0.019290583268380956,10.485634040832519,0.6347944934046238,2.173739482194923,False
2018-06-07,11.550616264343262,11.94630248931298,11.29424729258832,11.895410358641335,9597000,-0.02653873113017946,10.5836971282959,0.6405121180465793,1.5096031890797832,False
2018-06-08,11.245899200439451,11.309515276766357,10.955178663950816,11.139026085058346,9820500,-0.02638102218359306,10.640918970108032,0.6462578158730786,0.9361282996850189,False
2018-06-11,11.162562370300291,11.34831899557418,11.056325375002857,11.17146785539962,6118500,-0.007410419447464345,10.70602912902832,0.6288412794753083,0.7259912098214881,False
2018-06-12,11.333687782287598,11.364859713082703,11.048692212286223,11.23890159767392,7593000,0.015330298394803377,10.76029281616211,0.6340778053201691,0.9042974873343177,False
2018-06-13,11.294881820678713,11.650490579564805,11.259256242158225,11.33559442750025,8608500,-0.003423948352409334,10.830746507644653,0.60960840935122,0.7613663228957406,False
2018-06-14,11.488273620605469,11.661942429653484,11.292338366264085,11.466008085335202,8094000,0.017122073785021286,10.890926504135132,0.6122666939422435,0.9756322242912753,False
2018-06-15,11.466009140014648,11.488274677332967,11.148569391757787,11.202005953303209,10308000,-0.0019380179586675483,10.956004953384399,0.6000339076922212,0.8499589441399513,False
2018-06-18,11.1135835647583,11.196282852330086,10.802505711781706,11.196282852330086,12819000,-0.03073655104865003,11.024836921691895,0.5273937016835141,0.16827399110591246,False
2018-06-19,10.746485710144045,10.759871748442189,10.25311263032219,10.645133886520044,14991000,-0.03303145672817365,11.060109949111938,0.479552878573945,-0.6539930276313289,False
2018-06-20,10.915401458740234,11.072846917599362,10.772616805994314,11.005279367395197,7033500,0.015718231350435152,11.095367765426635,0.43789306384913546,-0.4109823186155871,False
2018-06-21,10.506168365478516,11.147425852267284,10.46409811020763,11.140413687127957,9858000,-0.03749134604060167,11.101989459991454,0.427279075636886,-1.394454183427612,False
2018-06-22,10.262665748596191,10.697395253842702,10.188724355776568,10.641938981264287,5146500,-0.02317710971417819,11.091060495376587,0.4463614640025324,-1.8558832103294995,False
2018-06-25,9.356241226196287,9.896785369672784,8.969320071882871,9.88021148868872,16000500,-0.088322522101423,11.021896314620971,0.5883017251748124,-2.831293904381699,True
2018-06-26,9.454404830932615,9.591453008990204,9.306520166554462,9.50030032314794,7869000,0.010491777879933606,10.967914247512818,0.6781022278347071,-2.2319782393476113,True
2018-06-27,8.758965492248535,9.683241785318362,8.754502873857968,9.594002183477071,12337500,-0.07355717796309758,10.86872730255127,0.838815082802629,-2.5151691398462317,True
2018-06-28,8.980156898498535,9.027964559089527,8.656978061232925,8.711160502101848,10029000,0.025253142787895255,10.792241621017457,0.9372277967573572,-1.9334517486446892,False
2018-06-29,9.01967716217041,9.348592464383549,9.01967716217041,9.18222265284688,8799000,0.00440084333921642,10.682520866394043,1.0108041832608967,-1.6450700657561876,False
2018-07-02,9.186047554016112,9.194334494925288,8.585585371980827,8.782552498407762,8422500,0.01844527125022588,10.567409563064576,1.044735158374014,-1.3222126181704879,False
2018-07-03,8.666540145874023,9.336482074037848,8.652515811034647,9.27210144094296,7272000,-0.056553964595465356,10.418689012527466,1.0943976092809302,-1.6010167162231697,False
2018-07-05,9.367714881896973,9.37791398260534,8.939359946987421,8.966770315095912,10789500,0.0809059583433378,10.29379916191101,1.062660937490717,-0.8714767310453886,False
2018-07-06,9.72148895263672,9.75973489192833,9.216005714371764,9.32819307347639,14602500,0.03776524746962706,10.202342796325684,1.026911093980292,-0.4682526525496784,False
2018-07-09,9.903158187866213,10.017259534781353,9.553844716574108,10.017259534781353,10915500,0.018687387921190624,10.135205745697021,0.9985973134427395,-0.23237350502256743,False
2018-07-10,10.212952613830566,10.281159396369194,9.909535471191788,9.943956188133876,11608500,0.031282386899961656,10.087725257873535,0.9693250582043731,0.1291902596524319,False
2018-07-11,9.419983863830566,9.899333324517844,9.402772598796927,9.70172885297457,16504500,-0.07764343769950988,9.992040061950684,0.9336564544417375,-0.6127052358484126,False
2018-07-12,9.622052192687988,9.654561661099052,9.1637381714728,9.38301477298783,13414500,0.02145102706951474,9.908398580551147,0.8844311151182062,-0.32376335812754353,False
2018-07-13,9.499028205871582,9.674959759418805,9.451221451943514,9.637988582986104,6973500,-0.012785628715451636,9.808936309814452,0.8057645485360342,-0.38461372432670526,False
2018-07-16,9.460144996643066,9.652649524347895,9.440384178408795,9.51177698459374,6094500,-0.004093388122006103,9.708643102645874,0.7074961079805557,-0.35123600426878604,False
2018-07-17,9.879573822021484,9.880210296907675,9.235128410069068,9.26381354899436,10303500,0.044336405575945426,9.646942615509033,0.6278486542334429,0.3705211517837476,False
2018-07-18,10.093111038208008,10.149842094748548,9.896144895009492,9.994946203990937,9042000,0.02161401089088999,9.614273881912231,0.583023473445919,0.8212999615017962,False
2018-07-19,10.019172668457031,10.149208696771836,9.81965600644166,9.969452849656328,7416000,-0.007325627298766402,9.569462442398072,0.5072765152275358,0.886518915343922,False
2018-07-20,9.872559547424316,10.050404104524658,9.720851490970867,9.9375784582894,6780000,-0.014633256246225912,9.537782001495362,0.4636035430335503,0.7221203352726039,False
2018-07-23,9.91399383544922,9.964351031908183,9.340941249789694,9.753361445621945,8800500,0.004196914470443902,9.520348405838012,0.44091035902389775,0.8928014993403053,False
2018-07-24,9.594002723693848,10.249921037815149,9.551931555141016,10.080364325801334,10236000,-0.03227671078543426,9.532236480712891,0.4394556569954829,0.14055170754484464,False
2018-07-25,9.74443531036377,9.74443531036377,9.206442690010045,9.548743934683053,14748000,0.015679856573149076,9.546738004684448,0.4415325528017534,0.44775250301439734,False
2018-07-26,10.27414321899414,10.286892777094758,9.901882930996232,9.912082030363662,16359000,0.054360041578499274,9.62249689102173,0.4290634565853914,1.5187644577293942,False
2018-07-27,10.126260757446287,10.560989558518482,9.89997202984687,10.294543638772163,12807000,-0.014393653893636449,9.679802083969117,0.4150658292816911,1.075633410367237,False
2018-07-30,9.838141441345217,10.20785224791233,9.68197072515568,10.106500446726168,10194000,-0.028452685843508796,9.720725297927856,0.3858773640071441,0.304283573926317,False
2018-07-31,10.021718978881836,10.426489602176853,9.9637131449748,10.008332947068286,7806000,0.018659778234649815,9.762508869171143,0.3698452756599542,0.7008609458324356,False
2018-08-01,9.96690273284912,10.292631113490584,9.85407705645387,10.089927510450858,6054000,-0.005469744875926774,9.827526998519897,0.26705088188693815,0.5219070363835396,False
2018-08-02,10.276055335998535,10.310476954273394,9.606114480130632,9.709378423100109,7603500,0.031017921157242112,9.872944021224976,0.2619264324913697,1.5390249504003055,False
2018-08-03,10.326415061950684,10.364661006511954,10.135185339144332,10.279244790101876,4069500,0.004900686528587661,9.903190326690673,0.27795344477701417,1.5226461237044175,False
2018-08-06,10.512545585632324,10.516369906493829,10.102675775418318,10.283706395502827,5463000,0.018024699042697545,9.93365969657898,0.3095540436060186,1.8700640518529772,False
2018-08-07,10.77006721496582,10.787915867906406,10.538041109724324,10.627919025619995,5655000,0.02449660048898683,9.961515426635742,0.35738116034278333,2.262435399657198,False
2018-08-08,10.852293014526367,10.900738040058432,10.636202559294404,10.716519648096732,4932000,0.007634659832604251,10.033130884170532,0.38555205696758715,2.1246472831675254,False
2018-08-09,10.516368865966797,10.731183701305758,10.503620219167942,10.723534148484388,6726000,-0.03095420922655867,10.077846717834472,0.38722362129321003,1.1324777829095067,False
2018-08-10,9.724039077758787,10.00195974277959,9.585078745248389,9.927380026941638,16897500,-0.07534252538175579,10.089097261428833,0.3725105442960282,-0.9799942290490972,False
2018-08-13,9.762286186218262,10.030646082811405,9.739976736946776,9.774397446956588,9745500,0.00393325326581162,10.104204320907593,0.3511768237468795,-0.973635250302789,False
2018-08-14,9.732962608337402,9.997498155684625,9.687068029325063,9.937579245242151,5463000,-0.0030037613445769162,10.096873760223389,0.35758435699075336,-1.0176931534379077,False
2018-08-15,9.332018852233888,9.586354409011015,9.019676540465843,9.523885946657408,12493500,-0.04119442067516621,10.058819150924682,0.396397639362191,-1.8335131860528355,False
2018-08-16,9.26699924468994,9.550018980844165,9.19815601469242,9.53153385595993,8014500,-0.006967367787559131,10.021210479736329,0.4342331024929798,-1.7368810224655373,False
2018-08-17,9.055373191833496,9.130589391642973,8.656339885569164,8.994816888060207,12708000,-0.022836524237088596,9.980351161956786,0.48449454120823415,-1.9091607674599946,False
2018-08-20,9.034337997436523,9.19433394134713,8.727733056376156,9.115291593682093,8164500,-0.0023229516830894914,9.936368370056153,0.5287429054767486,-1.7059904979837046,False
2018-08-21,9.56914234161377,9.632248179437658,9.099991115245157,9.140787508393736,10276500,0.05919684921341184,9.935125350952148,0.5296186294214333,-0.6910312232373444,False
2018-08-22,9.69471836090088,9.726590437752575,9.317995391243524,9.481816571426782,8587500,0.013123017173755747,9.932639503479004,0.5306763906616194,-0.4483356462900036,False
2018-08-23,9.727862358093262,9.940764996975457,9.64945833039528,9.69280335739624,7741500,0.0034187684426245646,9.90532546043396,0.5262138325173615,-0.33724522499100945,False
2018-08-24,10.146018981933594,10.153668534130498,9.841963643824029,9.844513190604635,8875500,0.042985458515707675,9.906313371658324,0.5266687963323825,0.45513539428295696,False
2018-08-27,10.621545791625977,10.852296205450582,10.30665303307894,10.345536359877393,16623000,0.0468683146107971,9.945483589172364,0.5499494849176243,1.2293169118157803,False
2018-08-28,10.744571685791016,10.874607724379514,10.432230238433451,10.764969889115031,11250000,0.011582673235945862,9.981626224517822,0.5782481907943218,1.3194082980617015,False
2018-08-29,10.83381175994873,10.919227978864264,10.627920310610993,10.743296446350891,7524000,0.008305596236630741,10.024971675872802,0.6087725041991265,1.3286409594664623,False
2018-08-30,10.529115676879885,10.876516013611184,10.490869743151988,10.731181830187175,9526500,-0.028124550234043144,10.03762469291687,0.6168421903479375,0.7967856149492356,False
2018-08-31,10.708874702453612,10.749032808195496,10.453901734071572,10.453901734071572,4807500,0.01707256630948084,10.056747674942017,0.6320082609926989,1.0318330752311613,False
2018-09-04,10.954920768737791,10.977868512870003,10.508080792258276,10.566724925945584,8767500,0.02297590298892982,10.07886643409729,0.6560821826808837,1.3352813988344687,False
2018-09-05,10.797475814819336,11.020576645239208,10.5189168743752,10.900101449091368,6303000,-0.01437207600512802,10.080236864089965,0.65762876022459,1.0906441355825482,False
2018-09-06,9.93120574951172,10.714610585998688,9.904433682789504,10.701224552637582,13224000,-0.08022894240880596,10.034182500839233,0.6324869720070064,-0.16281244655640342,False
2018-09-07,9.810728073120115,10.246732407584725,9.736785758910308,9.816465464179537,8241000,-0.01213122348185447,9.9989004611969,0.623795148963568,-0.30165734438530345,False
2018-09-10,10.130722999572754,10.131998685096445,9.843241476528648,10.051681560999244,5392500,0.03261683781954727,10.019234657287598,0.6209858961210651,0.17953441935083964,False
2018-09-11,9.827940940856934,10.044667002575,9.667307642760717,9.96052557750459,8391000,-0.02988750740974655,10.02251739501953,0.6197283539993877,-0.3139705532382163,False
2018-09-12,9.49073886871338,9.501575355329011,8.8475691327286,9.501575355329011,19008000,-0.034310551332449424,10.01040620803833,0.6279965735664551,-0.8275002781841724,False
2018-09-13,9.82475471496582,10.172792521042451,9.703643018640111,9.789695706086588,13285500,0.0351938717177791,10.035043001174927,0.6093711975927384,-0.3450906229894518,False
2018-09-14,10.143471717834473,10.24992260515172,9.891684790265224,9.994948743676012,9342000,0.03244019948743948,10.078866624832154,0.5821370451583597,0.11097918186042317,False
2018-09-17,9.68897819519043,10.10330956557952,9.666030454480032,9.960524028650353,6747000,-0.04480650563109889,10.110546875,0.5391605884555801,-0.7818981743772297,False
2018-09-18,9.961164474487305,10.135183815224991,9.82347891239799,9.82347891239799,6496500,0.028092361631279816,10.156888198852538,0.4781723896495445,-0.4093162395024121,False
2018-09-19,10.01789665222168,10.141558808327996,9.87447459372314,9.95670296096004,4318500,0.005695335909740029,10.179325914382934,0.45929764950691737,-0.35146981991864795,False
2018-09-20,10.362747192382812,10.486408421765148,10.177891367241536,10.177891367241536,9111000,0.034423447569171595,10.212727355957032,0.44630754350239443,0.3361355608029863,False
2018-09-21,10.269683837890623,10.504895983172908,10.191278877607964,10.360198235656464,5826000,-0.008980567871094691,10.239818429946899,0.4315266347355764,0.06920872442097249,False
2018-09-24,10.378682136535645,10.394617715286838,9.954152519205763,10.022994839472352,5310000,0.010613598272895652,10.251451587677002,0.4320007114164777,0.29451467438900614,False
2018-09-25,9.861054420471191,10.304663361612455,9.799690376213762,10.277178516922628,10809000,-0.049874127490837195,10.213427019119262,0.4311789560525133,-0.8172305111410751,False
2018-09-26,9.582998275756836,9.923055759641096,9.551676638266123,9.760697865392943,5340000,-0.02819740494861489,10.155348348617554,0.4340903165111909,-1.3185045855450757,False
2018-09-27,9.70700454711914,9.799051069333396,9.579164085541487,9.658424641371315,3802500,0.012940237261235499,10.099007987976075,0.414060032131727,-0.9467309337700672,False
2018-09-28,9.882782936096191,9.965880256298131,9.574046266858614,9.640524488777489,7743000,0.018108406988355474,10.066691350936889,0.40382003823912016,-0.45542171617495864,False
2018-10-01,9.965242385864258,10.211336744958162,9.88981590131404,9.964603224862651,6400500,0.00834374794035897,10.029509735107421,0.37476903953043306,-0.17148521479705778,False
2018-10-02,9.981224060058594,10.371140685003695,9.88278593355488,9.899405951272117,8142000,0.0016037416427527873,9.980824899673461,0.3049699284611312,0.001308851620704695,False
2018-10-03,9.997844696044922,10.192164334390633,9.715954485473969,10.106510331403706,7701000,0.0016651901496569366,9.940843343734741,0.2371460740157375,0.2403638877293745,False
2018-10-04,9.460271835327148,9.843796912885333,9.20458905988418,9.818227720947304,15123000,-0.05376887489865023,9.917296648025513,0.26039384157714446,-1.7551291149217358,False
2018-10-05,8.79229736328125,9.489672343679398,8.53086129786372,9.358635187650064,22242000,-0.07060838035874462,9.86637511253357,0.3620628453645022,-2.9665505947482833,True
2018-10-08,8.480364799499512,8.808278183190207,8.258558547889505,8.629299378303886,12891000,-0.035477936072140115,9.783857202529907,0.47047910904471035,-2.7705638315739165,True
2018-10-09,8.4733304977417,8.585192799827329,8.30010600571811,8.416441519736571,7024500,-0.0008294810334370517,9.716126680374146,0.5539071575373438,-2.243690419452033,True
2018-10-10,7.348968029022217,8.157565316499925,7.338100919070686,8.15628699433978,26956500,-0.13269427753575125,9.609038138389588,0.7661500108295537,-2.949905472063188,True
2018-10-11,7.11501932144165,7.771484949339737,6.948185907936364,7.331710507726604,20209500,-0.03183422579288231,9.473551368713379,0.9447693638222008,-2.4964103807620797,True
2018-10-12,7.511326789855957,7.819423935785868,7.191083753943995,7.709480908767739,13690500,0.05570012539811442,9.341944122314453,1.0263454979769784,-1.7836267963047647,False
2018-10-15,7.3106160163879395,7.555432096772202,7.223683246845358,7.405857423224017,8487000,-0.026721081252792378,9.223026013374328,1.1177361386360334,-1.7109673123033233,False
2018-10-16,8.02652645111084,8.05656976211417,7.525388552038224,7.587390828310526,10891500,0.0979275115965701,9.126294112205505,1.1340882968802597,-0.9697372454331762,False
2018-10-17,7.924890995025635,8.250886824871444,7.759975597422606,8.181213715527315,9156000,-0.012662445791995047,9.021643829345702,1.1440084137491497,-0.958692979123977,False
2018-10-18,7.331710338592529,7.830292169659083,7.244138400364659,7.825177965906273,15177000,-0.07485032372122702,8.870091986656188,1.1576816105388361,-1.3288469248013952,False
2018-10-19,6.985897541046143,7.591866591316213,6.903439818393557,7.480644334158417,14745000,-0.04716672939547317,8.705902671813964,1.1813568526525762,-1.4559572976664792,False
2018-10-22,7.1220479011535645,7.247333055893271,6.931563753691152,7.127161189055972,8202000,0.019489315339576763,8.543070960044862,1.162949917975627,-1.221912514826867,False
2018-10-23,7.007629871368408,7.127160740915255,6.338379896371528,6.561462154578253,20764500,-0.01606532718863407,8.400399732589722,1.1677687918833726,-1.1926760424681848,False
2018-10-24,5.621829509735107,6.67971844784472,5.593064972854871,6.6579846834057825,29644500,-0.19775592990368507,8.202341294288635,1.2865164172255474,-2.005813334367362,True
2018-10-25,6.004077434539795,6.13895052924255,5.71451633013626,5.753508370413292,15933000,0.06799351067882142,8.017194938659667,1.3244687987152064,-1.5199433207280426,False
2018-10-26,5.68447208404541,5.995765486847393,5.393631836552265,5.598817638237899,19084500,-0.0532313838352223,7.807279396057129,1.3457539662596898,-1.5774111503544186,False
2018-10-29,5.517000198364258,6.106988030313918,5.1929217054838634,6.00918951170522,15058500,-0.02946129090002836,7.584867286682129,1.3378941155972393,-1.5456134115626705,False
2018-10-30,6.203507423400879,6.210538652157542,5.458192146030387,5.485677442809393,18321000,0.12443487408975695,7.3959814548492435,1.2452293122929472,-0.9576340836793829,False
2018-10-31,6.426591396331787,6.571051391592885,6.254005115110778,6.48795497055571,14517000,0.03596094236776293,7.217418789863586,1.1000874849614977,-0.7188768205643915,False
2018-11-01,7.311253547668457,7.375174682041936,6.509687524357438,6.514801727167673,19780500,0.137656511325992,7.109967875480652,0.96630490488801,0.20830451255044946,False
2018-11-02,6.983340740203857,7.36303032603634,6.719348458451816,7.304223389534247,18301500,-0.044850422068753226,7.019520044326782,0.881486302776172,-0.04104352388571544,False
2018-11-05,6.80372428894043,6.963526456346433,6.4611092393731715,6.9481852178482715,12534000,-0.025720705597158666,6.935688018798828,0.8122511984051938,-0.16246664839338035,False
2018-11-06,7.05045747756958,7.11821358194805,6.757061050423033,6.757061050423033,7428000,0.03626443079567743,6.864544367790222,0.728476688603766,0.255208042601457,False
2018-11-07,7.303584098815918,7.358556528345817,7.04214890695772,7.341936510063154,13149000,0.03590215557666121,6.862275171279907,0.726957395687298,0.6070629862961607,False
2018-11-08,7.207703113555908,7.364309479541867,7.003156919021055,7.094563362544775,8494500,-0.013127936087646952,6.86690936088562,0.728946081008766,0.46751572105123945,False
2018-11-09,6.8056416511535645,6.976949630084459,6.617714568974835,6.903440158901605,8788500,-0.05578218970287019,6.8316251039505005,0.7130167830418835,-0.03644157250560781,False
2018-11-12,5.913946628570557,6.479644823788076,5.823178448260609,6.4770877225022705,15409500,-0.13102291720456138,6.761791634559631,0.7317834359729526,-1.1586009798948382,False
2018-11-13,6.132556438446045,6.4924302243564815,6.009189193162405,6.009189193162405,10953000,0.0369651306657679,6.667093133926391,0.6802344642807413,-0.7858124272570469,False
2018-11-14,6.2041473388671875,6.492429560487935,6.0379526561620995,6.359474911596108,10629000,0.011673908122936671,6.581055951118469,0.6188220990328711,-0.6090742603412762,False
2018-11-15,6.831849098205566,6.903440633787053,6.104431584804171,6.13511360616812,14431500,0.1011745410051772,6.556062889099121,0.5966043008908287,0.4622598407263421,False
2018-11-16,6.587671756744385,6.6765210890148685,6.089090003697963,6.126802792804379,12009000,-0.03574103261814088,6.536151599884033,0.5880883056105791,0.08760615772976627,False
2018-11-19,5.821260929107666,6.555710431159909,5.8135905396912495,6.426591218723998,13630500,-0.11634016628895871,6.471112251281738,0.5917992683651079,-1.098094162855824,False
2018-11-20,5.848747253417969,6.083975429040598,5.327793523163689,5.343134759493681,21753000,0.0047217131554548875,6.413168120384216,0.5932354504838692,-0.9514280822325785,False
2018-11-21,5.918421268463135,6.180496035118956,5.908193777617386,6.059046295813431,10492500,0.011912639070605913,6.427997708320618,0.5758653448104574,-0.8848881851454474,False
2018-11-23,5.915864944458008,6.072470389682092,5.752866973717849,5.816788114107487,5686500,-0.00043192667253155737,6.423587083816528,0.5796087386672105,-0.8759739208315067,False
2018-11-26,6.250171661376953,6.252727848942678,5.9855397261832834,6.168352171021979,10636500,0.05651020096936543,6.451872062683106,0.5549187059528858,-0.3634773871242997,False
2018-11-27,6.290441036224365,6.436818995034019,6.052655719608041,6.142144679608694,7797000,0.0064429230154201544,6.490544104576111,0.5115983555813414,-0.39113313435959757,False
2018-11-28,6.722543239593506,6.723182857798597,6.117853949178453,6.4790050647303055,11701500,0.06869187722781622,6.516495895385742,0.5094314841912817,0.4044652727635434,False
2018-11-29,6.562743663787842,6.76089734207564,6.512885435032989,6.6260251914848745,6813000,-0.0237707025615691,6.523303508758545,0.5090764325695303,0.07747393614397989,False
2018-11-30,6.832489013671875,6.84591231287792,6.363310873854456,6.5800025162863305,9060000,0.04110252719033425,6.499365282058716,0.4805307979853551,0.6932411679122208,False
2018-12-03,7.384763717651367,7.537533739220144,7.171907522281893,7.476169700389942,18288000,0.08083067574267377,6.5194364309310915,0.5093302224107334,1.6989513848688513,False
2018-12-04,6.3076982498168945,7.240940495231135,6.2961924377009,7.213454286910327,18252000,-0.14584968578751223,6.494635128974915,0.5068291320768639,-0.3688360974674009,False
2018-12-06,6.2041473388671875,6.2041473388671875,5.695338085037882,5.789941240251349,21013500,-0.01641659236833548,6.452319622039795,0.4931249571422735,-0.5032644963069801,False
2018-12-07,5.509328365325928,6.206703380570516,5.424313542720757,6.162598066601566,19045500,-0.11199266161659638,6.362606835365296,0.4933177615169929,-1.7296731166043282,False
2018-12-10,5.742639064788818,5.80272477694779,5.424953155215577,5.479924664454107,14008500,0.04234830164258829,6.289353632926941,0.469419436870641,-1.1646611222210261,False
2018-12-11,5.844274044036865,6.241861559344523,5.742640101075731,6.012386236205463,23953500,0.01769830527417704,6.241285252571106,0.4629464380413651,-0.8575748205643757,False
2018-12-12,6.103151321411133,6.354359881628891,5.972114172816324,6.124245005946629,17592000,0.04429588267483964,6.250745487213135,0.4578099567100358,-0.32239177772073707,False
2018-12-13,6.035396575927734,6.303863894382695,5.967640470921959,6.217570746094176,13446000,-0.011101600126757538,6.245887494087219,0.45964194721733714,-0.4579454060574588,False
2018-12-14,5.777795791625977,6.145979090944332,5.773960367951024,5.832767302054115,10413000,-0.04268166657501882,6.224569916725159,0.47141570058800336,-0.9477285642839527,False
2018-12-17,5.5611042976379395,6.0168585802996715,5.456912818537028,5.720906444813904,15946500,-0.03750418010655521,6.161032676696777,0.47089397054960447,-1.2740200906769539,False
2018-12-18,5.780992031097412,6.045623940226683,5.699813081519179,5.7010914037745595,13204500,0.03954030021570887,6.120698690414429,0.46695851710238323,-0.7274878749936883,False
2018-12-19,5.050378799438477,5.8743180016040375,4.967921054536226,5.72538200026439,29062500,-0.12638198214576024,6.082154583930969,0.5215949028258815,-1.9781170768781835,False
2018-12-20,4.921258449554443,5.279853891969327,4.7326917492732665,5.024809864375192,19387500,-0.025566468380231133,6.035780143737793,0.5812578325101435,-1.9174308402354308,False
2018-12-21,4.695617198944092,5.1916427464483315,4.638727751071514,5.016499361114492,19287000,-0.04585031510197979,5.974639940261841,0.6540100519348299,-1.9556622066188054,False
2018-12-24,4.2878031730651855,4.720546288840927,4.282689884717802,4.572250868438495,13795500,-0.08684993017970288,5.893236851692199,0.7552025986471707,-2.1258317721667024,True
2018-12-26,5.02480936050415,5.028644783970858,4.243058252883281,4.461028628309074,17737500,0.17188433276710025,5.83196873664856,0.7741880821980298,-1.042588222041302,False
2018-12-27,5.137268543243408,5.139833966491619,4.622129627838036,4.769679319630358,12370500,0.022380785950449456,5.774310111999512,0.7811562858333531,-0.8155110319268505,False
2018-12-28,5.245683193206787,5.5298756769195245,5.11353111872807,5.248891462785254,17269500,0.021103559031572683,5.700467109680176,0.7562073751438524,-0.6014010593150797,False
2018-12-31,5.345119476318359,5.476629635703813,5.187306275588733,5.4253087881491835,12660000,0.018955830813485397,5.6395859003067015,0.7317521489330162,-0.40241279020186005,False
2019-01-02,5.486893653869629,5.60236657464145,4.978811976546139,4.985227597659839,13147500,0.026524042760765587,5.572306132316589,0.6760383313067098,-0.12634265616546758,False
2019-01-03,4.5117878913879395,5.185380819974414,4.496391686107044,5.1148131201840865,28599000,-0.1777154477550329,5.428657341003418,0.5671037043523667,-1.6167579978384108,False
2019-01-04,5.0949273109436035,5.154588646875777,4.702318975910585,4.736319201493847,17604000,0.12924796856446985,5.368018794059753,0.5319105467137292,-0.5134161839869023,False
2019-01-07,5.393874645233154,5.5369335844327106,5.081456475354076,5.195005017361784,16641000,0.05867548564381475,5.327505159378052,0.49440970939283896,0.13423985126952284,False
2019-01-08,5.311117649078369,5.564517714041361,5.098776275823183,5.557460163504294,14445000,-0.015342773349010241,5.3175946235656735,0.4925563153465274,-0.013149713617513149,False
2019-01-09,5.721689701080322,5.794822379183111,5.4586680057002726,5.463799769262896,17928000,0.07730426609419938,5.316547155380249,0.4916262413680631,0.8240864941884936,False
2019-01-10,5.882710933685303,5.90580524893114,5.540140439627089,5.543348709921716,12975000,0.028142251855177935,5.318468999862671,0.4938678039591514,1.1424958851322509,False
2019-01-11,6.046939373016357,6.207959946111573,5.741577837032678,5.791616208804205,12399000,0.02791713568495391,5.315658402442932,0.4893060336960657,1.4945267791806203,False
2019-01-14,5.760822772979736,5.887201172405424,5.668444143511912,5.821766596646144,10731000,-0.047315936606438846,5.301929712295532,0.4715800003223795,0.973096951462101,False
2019-01-15,5.798671245574951,6.007805278937421,5.727462983905969,5.801237586021211,14590500,0.006569976908981978,5.302973484992981,0.47271044177925525,1.0486287519188118,False
2019-01-16,5.656896591186523,5.9462204098909,5.649198487002664,5.8698799207995584,10257000,-0.024449507203330056,5.30776309967041,0.4759378173703284,0.7335695521006511,False
2019-01-17,5.8525590896606445,5.943013308903045,5.441347150974108,5.575424115385379,15876000,0.03458831097937409,5.311341452598572,0.47993531751891966,1.1276887057613496,False
2019-01-18,6.254148960113525,6.366415018825395,5.928900006387692,6.027051878316696,15720000,0.06861782415189022,5.371529960632325,0.519349371857832,1.6994706209499588,False
2019-01-22,5.728105068206787,6.083504915772528,5.594027197583123,6.077089293907536,18655500,-0.08411118687156904,5.411872291564942,0.513840182571914,0.6154302200715634,False
2019-01-23,5.608781814575195,5.894897756844744,5.447119369402553,5.838444240978787,15681000,-0.02083119150412971,5.457530522346497,0.48670002936370604,0.31076902219718133,False
2019-01-24,6.567849159240723,6.639699343419933,5.959050216675375,5.959050216675375,32491500,0.17099387645517927,5.571532821655273,0.46483026737521926,2.1433981552264223,False
2019-01-25,6.987401962280273,7.0650258485502,6.511396953280151,6.634568451555589,17100000,0.06387978664967586,5.669662451744079,0.5437911153853127,2.4232457523740285,False
2019-01-28,6.561437129974365,6.730797757471835,6.1656204030307995,6.209885086419412,14305500,-0.06096183311127257,5.740870881080627,0.5633019551584165,1.4567076172547127,False
2019-01-29,6.277885913848877,6.6461170777297625,6.251583786182116,6.598644127893212,9061500,-0.043214803481108066,5.792481017112732,0.56283001721997,0.8624360497575146,False
2019-01-30,6.82253360748291,6.896308223341715,6.405547945027372,6.616606428906399,14400000,0.08675654529378307,5.8663517236709595,0.5969445580529222,1.6017934511887788,False
2019-01-31,6.82766580581665,6.999592763580677,6.639701625211435,6.799439265794947,10894500,0.0007522422942864981,5.933390331268311,0.6266353821890622,1.4271065757958235,False
2019-02-01,7.066309452056885,7.159971949173044,6.83857181473328,6.83857181473328,10723500,0.034952449787001516,6.061116409301758,0.5802467423882719,1.7323544784030898,False
2019-02-04,7.172801494598389,7.174084435590967,6.896307980203198,7.0823477307396665,4450500,0.015070390458276073,6.165010118484497,0.5841540738502815,1.72521500958014,False
2019-02-05,7.272877216339111,7.367822178089295,7.1298187621559155,7.184989805607097,9172500,0.01395211087551873,6.258960247039795,0.6043557123178381,1.6776824453445143,False
2019-02-06,7.857298851013184,8.02216960037752,7.53076745754774,7.537823632324467,17931000,0.08035631804165777,6.386269307136535,0.6598165406902242,2.2294523601027434,False
2019-02-07,7.332540035247803,7.666770065693721,7.1426514380159585,7.56990158477295,18687000,-0.066786159686126,6.4668118238449095,0.6726154676117115,1.2871072003099728,False
2019-02-08,7.30238676071167,7.33702891391477,6.913627725251487,6.998948790968507,10705500,-0.004112255015476851,6.537795615196228,0.6825670366415307,1.1201700411398394,False
2019-02-11,7.406954288482666,7.456351643295474,7.2080846814098924,7.41529432211861,8164500,0.01431963701698069,6.605796360969544,0.6986480309188892,1.1467260939094153,False
2019-02-12,7.873978614807129,7.924658447952516,7.6379000678359406,7.685373007782114,13083000,0.06305214101977863,6.711454153060913,0.7234823256483641,1.6068456968930025,False
2019-02-13,7.942621231079102,8.123529667844197,7.866281657183603,8.017678781740738,12480000,0.008717653378292,6.81865165233612,0.7397681178573502,1.519353905110732,False
2019-02-14,8.004847526550293,8.179339383027497,7.829070894043365,7.829070894043365,11575500,0.007834478525515332,6.936049199104309,0.7319628494282084,1.4601811120344474,False
2019-02-15,8.13443374633789,8.25375641642987,7.981753698106696,8.210775146999396,10102500,0.01618846821976172,7.050142931938171,0.732028535331962,1.4812138626645377,False
2019-02-19,8.081831932067871,8.251192077579786,7.987528425070001,7.991378165845744,7548000,-0.006466561276462612,7.141527080535889,0.7414496572956806,1.268197836872154,False
2019-02-20,8.304437637329102,8.448137124092804,8.149831316663564,8.152398116362633,9694500,0.027543966161676092,7.270343708992004,0.7059122129185014,1.4649044306256889,False
2019-02-21,8.12160587310791,8.365382132348072,8.043982425918946,8.326250591157736,11476500,-0.0220161523520086,7.3959849119186405,0.6119887382960537,1.1856769835497294,False
2019-02-22,8.375003814697266,8.404514210222938,8.203719264419416,8.316626329528418,12757500,0.031200472609536734,7.486342644691467,0.6166741394012966,1.4410547049509213,False
2019-02-25,8.585421562194824,8.872821441915603,8.56360973065909,8.789423856318459,12519000,0.025124495720025397,7.5662436246871945,0.6511852440851355,1.5651121501370864,False
2019-02-26,8.407719612121582,8.611721863036243,8.336510898324233,8.496248942765522,8319000,-0.02069810419743834,7.658557748794555,0.6318231771122259,1.185714437939903,False
2019-02-27,8.110698699951172,8.289681793479325,7.84318626528134,8.289681793479325,15036000,-0.03532716668407798,7.750198388099671,0.5484440481006299,0.6573146578944287,False
2019-02-28,8.130584716796875,8.196019283713499,7.929148335335605,8.009980026689169,7447500,0.002451825370584082,7.815600943565369,0.5085380766511646,0.6193907353127691,False
2019-03-01,8.342926979064941,8.450701343509916,8.08375459393984,8.374361780492888,10362000,0.02611648112212528,7.891364002227784,0.4645804345313086,0.97198018528851,False
2019-03-04,8.34677505493164,8.59055121157974,8.033715515578209,8.530249331007436,14767500,0.00046123810940157384,7.955387282371521,0.4319825307747479,0.9060268521927898,False
2019-03-05,8.227455139160156,8.382060532132463,8.129302817363804,8.324965072800204,7974000,-0.014295331428751612,8.00811996459961,0.394136959829573,0.5564948150393921,False
2019-03-06,7.825223922729492,8.23322850758444,7.813676536582901,8.202436089658452,14940000,-0.0488888981619805,8.035737299919129,0.35756115693530527,-0.5887478913928156,False
2019-03-07,7.558994293212891,7.737336398476344,7.420426570812542,7.698203944960694,15607500,-0.03402198226472464,8.020822072029114,0.371352008630518,-1.2436388334598338,False
2019-03-08,7.5468058586120605,7.56540941955253,7.101592783434413,7.161895594847162,12711000,-0.0016124413021152417,8.031535363197326,0.3530921818089734,-1.3728129071051183,False
2019-03-11,8.085040092468262,8.191531549854414,7.6468840277140835,7.6872994271667485,12825000,0.0713194752773445,8.070668029785157,0.3085949012011748,0.046572586349168256,False
2019-03-12,8.179342269897461,8.307004085148947,7.943905143959188,8.138926872526474,10372500,0.011663785998667908,8.109287428855897,0.26664094212002515,0.2627309987902379,False
2019-03-13,8.279417991638184,8.470589955582565,8.243492892522266,8.309568938874332,8331000,0.012235179607171132,8.129559397697449,0.2631995005082211,0.5693726380611197,False
2019-03-14,8.138283729553223,8.39681560649836,8.123529908407088,8.285191482898796,6633000,-0.017046398941024554,8.139342522621154,0.25949562509749063,-0.0040801962173119205,False
2019-03-15,8.839460372924805,9.030633217517202,8.39104048558789,8.434663221826236,22909500,0.0861578026366101,8.18107316493988,0.30058441144132736,2.1903571273969367,False
2019-03-18,8.781725883483887,9.030634772356075,8.623912222512157,8.895274412558383,10273500,-0.006531449546146262,8.21343777179718,0.32881988967048464,1.7282656236403369,False
2019-03-19,9.13730812072754,9.215068666129234,8.981784271936396,9.025485507231664,13689000,0.040491156517696636,8.266211581230163,0.3862670675742484,2.255166470617989,False
2019-03-20,8.877032279968262,9.281906765628047,8.709298800879612,9.125097677239475,13167000,-0.028484958296290386,8.294841313362122,0.40975539338532213,1.420825634035436,False
2019-03-21,9.797316551208496,9.97597623806227,8.904022713585839,8.904022713585839,21321000,0.10367026301311655,8.378626847267151,0.5270129916757416,2.6919444612367935,False
2019-03-22,8.96379280090332,9.711204018476252,8.939370812363617,9.650793956781072,18607500,-0.08507673973261187,8.408066296577454,0.5430025500532031,1.0234325865899094,False
2019-03-25,8.621896743774414,9.016488507913255,8.40724806150369,8.815336499095174,23959500,-0.03814189648543098,8.409890055656433,0.5436903949609956,0.38994010209282864,False
2019-03-26,8.884099960327148,9.110316549639313,8.678450604882556,8.983712042003036,17310000,0.030411314858538763,8.433709073066712,0.5539289844726382,0.8130841676198365,False
2019-03-27,8.494648933410645,8.981783050928126,8.299280462092847,8.900807622142255,19968000,-0.04383685783091562,8.452906584739685,0.5487745272441468,0.07606466152972309,False
2019-03-28,8.45030689239502,8.764566750578526,8.278074221198167,8.57048437938095,11520000,-0.0052199968901859295,8.468892693519592,0.5435226432922448,-0.03419508157377617,False
2019-03-29,8.839115142822266,8.88345807323641,8.674594725728014,8.747215306691743,12793500,0.04601113964004777,8.49370210170746,0.5487693206148381,0.6294321277432339,False
2019-04-01,9.490129470825195,9.513907007818588,9.115459509912498,9.23242303833263,18229500,0.07365152704584688,8.550869822502136,0.590616295270806,1.5903043242184762,False
2019-04-02,9.52033233642578,9.590381550953564,9.346814449045448,9.475345876982995,8290500,0.00318255569572945,8.615513682365417,0.6232093714538574,1.451869460739255,False
2019-04-03,10.168774604797363,10.419411366410394,9.8461598707905,9.868010490861725,30327000,0.06811130593525361,8.732691216468812,0.6841382821010769,2.0991127465022923,False
2019-04-04,10.207330703735352,10.406553906224996,10.05566255451344,10.060161750900162,14100000,0.003791617027266936,8.865108036994934,0.7010958134936608,1.9144639590014516,False
2019-04-05,10.440618515014648,10.456684714885297,10.218902014945735,10.403987836721788,7863000,0.022854928291284438,9.009798669815064,0.7132127645406838,2.0061612976333185,False
2019-04-08,10.5158109664917,10.539589423568252,10.23432698808354,10.298592715589296,7659000,0.007201915419945415,9.131337213516236,0.7533168328286324,1.8378372719708083,False
2019-04-09,10.161062240600586,10.34678975120274,10.019035050337369,10.34678975120274,16965000,-0.03373479487426212,9.230423212051392,0.7518369545547922,1.23782027860054,False
2019-04-10,10.421981811523438,10.50745554636661,10.141141378554735,10.159778024850914,13528500,0.025678375424204702,9.337551403045655,0.7617773296380411,1.423553007271889,False
2019-04-11,10.39627456665039,10.60899356949668,10.295377260077435,10.475321255164047,9259500,-0.00246663689670068,9.450450944900513,0.7417445635125267,1.275133877990201,False
2019-04-12,10.828783988952637,10.834568409659422,10.579433351202768,10.693826430186563,12208500,0.041602347026276965,9.549917125701905,0.7874722060701203,1.624015239385929,False
2019-04-15,10.598068237304688,10.860915483812162,10.407198030833342,10.824925584800315,9196500,-0.02130578575427511,9.640734243392945,0.7988704203648864,1.1983595455624423,False
2019-04-16,11.607684135437012,11.613467635965318,10.77030110543939,10.796007390890432,19468500,0.09526414394828353,9.764253044128418,0.9013440594401556,2.045202464033089,False
2019-04-17,12.135948181152344,12.592236125835605,11.859606072864288,12.274762306129324,16183500,0.04550985705258803,9.927198839187621,1.0193587161686155,2.1668028211565966,False
2019-04-18,12.159083366394045,12.265765088545942,11.973998489288546,12.147515446658796,9463500,0.001906335203180065,10.0452871799469,1.133886972505517,1.8642036090919634,False
2019-04-22,12.164226531982422,12.245201979163769,11.85060928053089,11.98556774628024,4671000,0.00042298958181263835,10.205308866500854,1.197287037305311,1.6361303550821285,False
2019-04-23,12.529253005981444,12.64814616852006,12.237487350130689,12.317819251185282,8796000,0.030008194359032014,10.400676679611205,1.2432254211764102,1.7121402845479614,False
2019-04-24,12.892356872558594,13.266384157805325,12.500335555009544,12.500335555009544,11011500,0.02898048801503217,10.601089525222779,1.3073021350547491,1.7526685575556393,False
2019-04-25,12.190574645996094,12.78503318120356,11.858320771629314,12.78503318120356,12978000,-0.05443397460213384,10.78588581085205,1.2540065519163563,1.1201606825717265,False
2019-04-26,11.885315895080566,11.889171563237792,11.126336719693414,11.499078888111846,13794000,-0.025040554672768223,10.957636260986328,1.1480411118641027,0.80805436713668,False
2019-04-29,11.822975158691406,11.96885893424464,11.666166992648217,11.925800306172755,4995000,-0.005245189689485952,11.106829261779785,1.0477413839737255,0.6835139929240215,False
2019-04-30,12.085179328918455,12.166154772690454,11.750354083128514,11.769634257136374,6696000,0.022177511726758192,11.236581754684448,0.996420292785776,0.8516462183457867,False
2019-05-01,11.78891658782959,12.634654714220588,11.7696373281206,12.468206424327326,12915000,-0.024514550676127955,11.350010967254638,0.9167003922701575,0.4787885161563269,False
2019-05-02,12.1815767288208,12.551104767407134,11.699583475129206,11.727216671424872,13312500,0.033307568008121846,11.450651073455811,0.8903005473277913,0.8209875390494142,False
2019-05-03,12.425786972045898,12.443138391648928,12.00227590527647,12.400079769208158,8863500,0.020047506875469745,11.561573886871338,0.8650839112055794,0.9989933623550973,False
2019-05-06,11.815261840820312,11.842253345570215,11.067849974772718,11.18802744328163,17829000,-0.04913371946574285,11.630306053161622,0.8250157163968221,0.22418456276986765,False
2019-05-07,10.952813148498535,11.4322349510792,10.565290231327916,11.376324118931477,24256500,-0.07299446291931677,11.652156162261964,0.799332501332303,-0.8749087677503227,False
2019-05-08,10.689969062805176,11.182246028381442,10.626989486198717,10.724672826523935,12007500,-0.023997860835359153,11.678601503372192,0.7549197348709126,-1.3095861651253133,False
2019-05-09,10.309514999389648,10.457325669578008,9.596806865703543,10.186124471085051,18993000,-0.0355898189396342,11.672978162765503,0.7651227862282289,-1.7820187660299875,False
2019-05-10,10.339720726013184,10.529947428868311,9.614802899348389,10.101937117611945,20788500,0.002929888227072075,11.670150470733642,0.7701772894185119,-1.7274331027404612,False
2019-05-13,8.880244255065918,9.503623026771802,8.752355445027607,9.314681561841756,24391500,-0.14115240726719458,11.572723484039306,0.9775405999487466,-2.7543400541261995,True
2019-05-14,9.515832901000977,9.646934770354047,9.085894779666644,9.209285315133808,17139000,0.07157332925527071,11.518611717224122,1.0607448034000042,-1.888087322986302,False
2019-05-15,9.749116897583008,9.93998619333966,9.170725510136746,9.179080374165087,14703000,0.024515352361587972,11.42568335533142,1.131577279102315,-1.481619053961953,False
2019-05-16,9.25427532196045,9.57753184119421,9.078186007439305,9.318541058965062,21981000,-0.050757579462939795,11.281599712371825,1.2166435804304692,-1.6663256380262776,False
2019-05-17,8.707368850708008,9.365449463419168,8.596831474176316,8.82561664064798,24265500,-0.059097709137162724,11.109013986587524,1.3255620604389335,-1.8117938100040814,False
2019-05-20,7.663693904876709,8.071781439140675,7.499816555764057,7.927826416403888,26760000,-0.1198611157659224,10.88398735523224,1.5066379091859141,-2.1374037057753053,True
2019-05-21,8.145686149597168,8.266505314034687,7.948389826629214,8.161753266244238,19236000,0.06289294049358474,10.664809012413025,1.572122425769726,-1.6023706687998367,False
2019-05-22,7.636059284210205,7.8841260546106575,7.553799534319469,7.694541500280628,15225000,-0.06256401928917499,10.401994132995606,1.6187996160335878,-1.7086332498413512,False
2019-05-23,7.24982213973999,7.282597606262199,6.897002882024977,7.2022647783126414,20860500,-0.05058068960633577,10.154956507682801,1.7061243861255821,-1.7027682105523656,False
2019-05-24,7.061522960662842,7.525522228624604,7.047385055622671,7.434907620685631,13459500,-0.025972937742152924,9.913766860961914,1.7876489497643995,-1.595527970228707,False
2019-05-28,6.8693695068359375,7.262033022345693,6.839807090845824,7.188770283121084,13249500,-0.027211333149707362,9.666086578369141,1.8512365008892213,-1.5107292181143959,False
2019-05-29,6.962554931640625,7.0589535068788365,6.654721182750808,6.700350255395093,20284500,0.0135653533722353,9.409955358505249,1.8532967021185986,-1.3205658997109715,False
2019-05-30,7.121291160583496,7.299307810997957,6.966411273662578,7.033247441769384,19113000,0.02279856037063488,9.176574087142944,1.8317184278467855,-1.1220517822575307,False
2019-05-31,6.8121724128723145,7.1630633866225955,6.794177461793501,6.855872729595078,18478500,-0.04340768278400986,8.90810387134552,1.7601956357290605,-1.1907377884192325,False
2019-06-03,6.87772274017334,7.262031298848705,6.7575457306383155,7.0679489563753926,23410500,0.00962252910351502,8.630700659751891,1.6071679431054584,-1.090724791456051,False
2019-06-04,7.75045108795166,7.76523206164983,7.06280761048851,7.262030828877743,32151000,0.1268920514461338,8.42746012210846,1.430569673415482,-0.4732443632335938,False
2019-06-05,7.596214294433594,8.011371425536868,7.29673544160138,8.00558792532147,25533000,-0.01990036344566226,8.259630179405212,1.3105701078498004,-0.5062040412779275,False
2019-06-06,7.911758899688721,7.99337695403426,7.544802178373081,7.593643845215192,14176500,0.0415397187367863,8.12071967124939,1.1801612489683218,-0.1770612039188197,False
2019-06-07,8.159826278686523,8.231160716996287,7.931039229158432,7.9676708247572,14091000,0.0313542642215201,8.013235235214234,1.0623330124188586,0.1379897280406565,False
2019-06-10,8.79605770111084,9.08461036145973,8.470871604915024,8.532566878109447,21726000,0.07797119701998478,7.936052083969116,0.9325575657048982,0.9222011045416437,False
2019-06-11,8.862250328063965,9.318538304938537,8.670096704572922,9.290903264763712,18606000,0.00752526065680148,7.935152387619018,0.9316068968821364,0.9951600224812847,False
2019-06-12,8.236947059631348,8.62446927521581,8.210597236860607,8.600690817119194,11925000,-0.07055806880702498,7.8712080955505375,0.8584161818800117,0.42606252281941803,False
2019-06-13,8.393110275268555,8.486295327992844,8.193886108069114,8.45287770929424,11455500,0.01895887086643433,7.803407764434814,0.7488444151319181,0.7874833529069684,False
2019-06-14,7.727959632873535,7.850064021596541,7.569222732405631,7.6476263466148815,14856000,-0.07924960123006808,7.727091979980469,0.6664432291275456,0.0013019156848544935,False
2019-06-17,7.572436809539795,7.818575766843907,7.556371068474879,7.744026425841067,8601000,-0.020124694061828485,7.670345377922058,0.6256515305918341,-0.15649057597549054,False
2019-06-18,8.560200691223145,8.71443839243504,7.802507018724031,7.851349141306974,26061000,0.1304420104818782,7.7151707172393795,0.656504657157668,1.2871652390743364,False
2019-06-19,8.576911926269531,8.754285516710913,8.440025605951393,8.701587712487376,13185000,0.0019522013150370388,7.736732006072998,0.6781136965235426,1.238995649997705,False
2019-06-20,8.814693450927734,9.208642584355951,8.686162027872928,9.130237588896192,19162500,0.027723442504979046,7.7956637144088745,0.718892879713844,1.4174987195929465,False
2019-06-21,8.632820129394531,8.913662327243898,8.602615568758885,8.686161447830125,12225000,-0.020632971815266132,7.864813613891601,0.7300535720828344,1.051986518347984,False
2019-06-24,8.690017700195312,8.804410758718488,8.60582920434365,8.689375089046099,9433500,0.0066255951060563145,7.946238350868225,0.7265517802665236,1.0237114126322064,False
2019-06-25,8.320859909057617,8.85310156518085,8.289967493584545,8.7128009282806,12205500,-0.04248067194723881,8.018812870979309,0.6846061443205051,0.4411982576903402,False
2019-06-26,9.102811813354492,9.261776814829572,8.825429090094401,8.870480190960707,19284000,0.09397489115826674,8.125825715065002,0.6780530867531775,1.4408696271375128,False
2019-06-27,9.504406929016112,9.655005062283314,9.270787314476149,9.270787314476149,13567500,0.04411769944232513,8.244981503486633,0.7012319323004524,1.7960183607124447,False
2019-06-28,9.543664932250977,9.80560281902732,9.484456073023098,9.77535485488483,11226000,0.004130505304335674,8.381556129455566,0.6729112877915253,1.7269866383270471,False
2019-07-01,10.315962791442873,11.043852839017468,10.078481051945475,10.792856874072962,21082500,0.08092256640130602,8.553468132019043,0.7068358687701454,2.4934991803549402,False
2019-07-02,9.883475303649902,10.194325474639196,9.753472131813886,10.194325474639196,12142500,-0.041924103114419964,8.660119342803956,0.7394633562861631,1.6543834801903599,False
2019-07-03,9.729660034179688,9.92144712976452,9.534655266013791,9.92144712976452,9478500,-0.015562872850343634,8.76679162979126,0.7317520018798599,1.3158397953334362,False
2019-07-05,9.574556350708008,9.606734915072412,9.256627310580864,9.412373698012948,9699000,-0.015941326102536957,8.849931502342224,0.7239117771016816,1.0009850250909809,False
2019-07-08,9.34286880493164,9.440049888681465,9.187122393628195,9.310689314984906,8194500,-0.024198253923194524,8.90908362865448,0.7128031928544261,0.6085623361759424,False
2019-07-09,9.558466911315918,9.584854588286545,9.131129613437931,9.205785140810349,9168000,0.02307622111427632,8.947204089164734,0.7266918495714743,0.8411582192804865,False
2019-07-10,9.759263038635254,10.166007174965538,9.710994274364324,9.87639550999007,16626000,0.021007147817985405,8.992054724693299,0.7485259495618627,1.0249588733577346,False
2019-07-11,9.833276748657228,9.954269527152206,9.660796604084286,9.904714605980772,8664000,0.007583944579520718,9.071871209144593,0.7488793146444921,1.0167266268719009,False
2019-07-12,10.395123481750488,10.405421876186129,9.913082024056168,9.938824327544006,12400500,0.057137284697085455,9.171971869468688,0.7862456311584652,1.5556863705297688,False
2019-07-15,10.637109756469728,10.779984543100122,10.458193355117883,10.5547308956426,8479500,0.023278826378933193,9.317429375648498,0.7740447975682865,1.7049147348668898,False
2019-07-16,10.292792320251465,10.554086644026157,10.135758864593372,10.483292329698235,9934500,-0.032369454118760244,9.453447151184083,0.685184521321199,1.224991433619844,False
2019-07-17,10.379033088684082,10.547007562218829,10.282495548147905,10.518690202820292,7201500,0.008378753378996517,9.544388771057129,0.6810785278886098,1.2254744254152423,False
2019-07-18,10.85464096069336,10.91127568413486,10.401559490560189,10.4221535169706,13081500,0.04582390940903891,9.65827522277832,0.7009331426711007,1.7068186180438765,False
2019-07-19,10.782556533813477,11.101772599566509,10.764536650691548,11.001373872022809,9180000,-0.006640885418588538,9.756668376922608,0.7142751992237368,1.4362645630224704,False
2019-07-22,11.413909912109377,11.468614942160404,10.947314304819027,10.971126920138278,13075500,0.058553217533894975,9.89572286605835,0.7535978177626635,2.0145852472852592,False
2019-07-23,11.848328590393066,11.848328590393066,11.46282379239172,11.652036751523084,10419000,0.038060461457015915,10.053638410568237,0.8159747652043363,2.1994432381440174,False
2019-07-24,12.928258895874023,13.00741916718154,12.07937516492078,12.099325656055468,23553000,0.09114621503294495,10.284008359909057,0.9417228573097082,2.807886115793132,False
2019-07-25,12.272446632385254,12.691416949698809,12.173334057897655,12.688199277989792,14809500,-0.05072703670082501,10.442490100860596,0.9975319305578452,1.834484165836476,False
2019-07-26,12.263435363769531,12.54081984124589,12.246059015815092,12.52022398026842,8842500,-0.0007342683073433554,10.580441522598267,1.0503522921580217,1.6023136748846771,False
2019-07-29,12.35804557800293,12.417897970635904,11.895310196599782,12.163684344274408,7939500,0.007714821453123077,10.721160554885865,1.0918475981403077,1.4991881888141658,False
2019-07-30,12.274378776550291,12.361262368152534,11.895952916556135,12.024669007577938,5961000,-0.006770229234432046,10.819081354141236,1.1403375384832204,1.2761988212233788,False
2019-07-31,11.088902473449709,12.077443214727538,10.724635270233096,12.077443214727538,21309000,-0.09658136877488144,10.879352712631226,1.119958090226917,0.18710500209523515,False
2019-08-01,10.423439025878906,11.88629964587239,10.142838668241964,10.97048382436218,25618500,-0.06001166023094984,10.914041662216187,1.0928912384815892,-0.4489034398508862,False
2019-08-02,9.934962272644045,10.364231096952908,9.685896001930589,10.091352207845382,16612500,-0.046863300300610033,10.932061958312989,1.072422119703487,-0.9297641920558588,False
2019-08-05,8.636858940124512,9.1034555117111,8.40066428878697,9.06162300770616,22728000,-0.13066011695825608,10.896761465072633,1.1371523615279706,-1.9873348562645832,False
2019-08-06,8.983749389648438,9.33128381350038,8.694137676655236,9.091227021188775,20334000,0.04016395913476911,10.868025588989259,1.1792339674520755,-1.597881549674237,False
2019-08-07,9.172962188720703,9.239894381801534,8.55962960224343,8.57958009293904,19701000,0.02106167379182322,10.83871054649353,1.214993185023002,-1.3709939926463797,False
2019-08-08,9.92273235321045,9.92273235321045,9.228307247394312,9.452273768303597,18787500,0.0817369731897164,10.843183326721192,1.211255963363165,-0.7599145030873781,False
2019-08-09,9.367965698242188,9.721935378764131,9.176821260588314,9.602872314210371,17550000,-0.05590865854491878,10.791825437545777,1.2523333156859577,-1.1369654719468028,False
2019-08-12,9.032015800476074,9.367965594321236,8.883992770360786,9.13563219775178,12654000,-0.03586156360811088,10.711570739746094,1.3127434636214683,-1.2794235780360526,False
2019-08-13,9.829413414001465,10.050804897293308,8.817703691407774,8.99726267700626,19845000,0.08828567521807917,10.688401794433593,1.3245595654589952,-0.6485086838163191,False
2019-08-14,8.907805442810059,9.384698520642642,8.760425930833913,9.15172248471958,27957000,-0.09376022071455714,10.614840412139893,1.3822424884099376,-1.2349750377688953,False
2019-08-15,8.83443832397461,9.145288517472837,8.619483061067884,9.145288517472837,14976000,-0.008236273154648588,10.513830280303955,1.436544794698554,-1.1690494877201172,False
2019-08-16,9.55717945098877,9.631834975304544,9.151723263792864,9.214794246704452,16189500,0.08180951640726364,10.45256142616272,1.4505434109957998,-0.6172734772269036,False
2019-08-19,10.10615348815918,10.343635173346884,9.956198004990451,10.22457210322903,15972000,0.05744100966039878,10.38717360496521,1.4343115671463038,-0.19592682876088435,False
2019-08-20,9.945900917053224,10.160213511031811,9.78500535781599,10.033428034991475,8716500,-0.015856930264686153,10.292052221298217,1.394850112724547,-0.24816379988589504,False
2019-08-21,10.227790832519531,10.361654274928233,10.070756468875471,10.26511766939836,9754500,0.028342320903577356,10.157028818130494,1.2493460902099687,0.056639241074621094,False
2019-08-22,10.216848373413086,10.382892210087952,9.891196964443017,10.28442408582436,9760500,-0.001069875135855658,10.054248905181884,1.1464765026065296,0.14182538225731575,False
2019-08-23,8.893003463745117,10.075262786656277,8.791317655689296,9.821047345866589,31515000,-0.12957468499904135,9.885727310180664,1.0481501162163998,-0.9471199125742316,False
2019-08-26,9.113109588623049,9.350591336557146,9.002413357080686,9.33385851713981,11319000,0.024750482306147514,9.72348051071167,0.8835292478363512,-0.6908327297407996,False
2019-08-27,9.017857551574709,9.42846287463677,8.8621111810943,9.34157928726917,11251500,-0.01045219923254892,9.560654449462891,0.660638844613381,-0.8216242540292013,False
2019-08-28,9.18326187133789,9.221876713635709,8.68899133753555,8.876273736972673,10600500,0.018341864330547075,9.465372419357301,0.5580860057852476,-0.5054965455055098,False
2019-08-29,9.80495834350586,9.989665624577516,9.589358646077685,9.589358646077685,18906000,0.06769887223932503,9.43444838523865,0.5178925344142284,0.7154186122537597,False
2019-08-30,9.972289085388184,10.23165280427097,9.817829768466996,10.079124090713776,10582500,0.01706593093209352,9.436314725875857,0.5198547200669605,1.0310079697714203,False
2019-09-03,9.453563690185549,9.752828392929038,9.290736580586902,9.65436025406788,12528000,-0.05201668250499203,9.477149963378908,0.4846348223962538,-0.04866813547722009,False
2019-09-04,10.22650146484375,10.240016606209515,9.896344421887262,9.910503097572828,19119000,0.0817615240124363,9.539287567138674,0.4975418110477003,1.381218386969275,False
2019-09-05,11.181580543518066,11.536837399010528,10.837263775550657,10.879740739131474,17769000,0.09339255286450099,9.639718484878541,0.6097719061774568,2.5285882196593197,False
2019-09-06,11.226627349853516,11.346333958403452,11.005880313522963,11.236925741867603,7131000,0.004028661794290178,9.704913234710695,0.7040405775408474,2.161401151703551,False
2019-09-09,11.384307861328123,11.66619623325857,11.243362754712663,11.442873184805547,9319500,0.014045225387895766,9.805730342864992,0.7921104536650766,1.9928755026007925,False
2019-09-10,11.534261703491213,11.534261703491213,10.980137969046694,11.206035158948133,7002000,0.01317197707490636,9.930842638015749,0.8583173621413022,1.8680958072143692,False
2019-09-11,12.05105686187744,12.05105686187744,11.487923638993523,11.699662150614396,9793500,0.044805222186852456,10.041924810409547,0.9796804171720511,2.0508035235280704,False
2019-09-12,12.157246589660645,12.489977830836676,11.906893280406477,12.357400530176443,11793000,0.008811652704015405,10.204396867752077,1.0487114092388063,1.8621421534128422,False
2019-09-13,12.047194480895996,12.263437713161755,11.855408320360771,12.16110836756502,6118500,-0.009052387639997717,10.365034675598146,1.073585809151877,1.5668610659326252,False
2019-09-16,11.80199146270752,11.964174132273952,11.476339054518196,11.713177253260454,6535500,-0.020353536964752283,10.477275276184084,1.1016590120628535,1.2024738798649754,False
2019-09-17,11.909465789794922,11.931346876642392,11.52074253249081,11.722827033066965,5451000,0.009106456942203689,10.567440891265871,1.1427169958893981,1.174415803174895,False
2019-09-18,11.932636260986328,11.946151403514849,11.424206357953723,11.866346696444015,8751000,0.0019455508416894585,10.666777658462525,1.1718256362305524,1.0802448447840154,False
2019-09-19,11.751145362854004,12.121848770003051,11.697728328908743,12.040113462551265,7227000,-0.01520962293350947,10.74294538497925,1.1911393163145787,0.8464165056646407,False
2019-09-20,11.095983505249023,11.893379870045516,10.940879714713503,11.893379870045516,11719500,-0.055753021290671945,10.786902141571046,1.1869168034143682,0.2604069323046504,False
2019-09-23,11.435147285461426,11.615994253407624,11.03033470542514,11.03033470542514,8188500,0.030566355839656723,10.914009332656862,1.1068424332904092,0.4708330085026921,False
2019-09-24,10.881531715393066,11.706124813805603,10.704235428399835,11.693875158254444,18163500,-0.048413505855951944,11.002430438995361,1.0228533963263868,-0.11819750908244217,False
2019-09-25,11.437918663024902,11.54558684472468,10.439896724639718,10.702941430976248,11985000,0.05113130781439246,11.123433494567871,0.9129661893715824,0.34446529577781954,False
2019-09-26,11.474023818969728,11.57266570662735,11.132323819423322,11.448879844557968,10096500,0.003156619399781402,11.237971591949464,0.792494599972277,0.2978597293010227,False
2019-09-27,10.637828826904297,11.351530352494592,10.395415319759197,11.225165776424546,17278500,-0.0728772229566903,11.279615116119384,0.7328698755338328,-0.8757165639365392,False
2019-09-30,10.974369049072266,11.007894659893026,10.654589634083091,10.83124214698806,7299000,0.03163617573135036,11.32971911430359,0.6703782291785199,-0.5300739937016887,False
2019-10-01,10.673927307128906,11.59200453435872,10.551432652790805,11.192279699426818,14653500,-0.02737667565214219,11.390737295150757,0.5318474150002239,-1.3477737557896163,False
2019-10-02,10.17040729522705,10.479871036680338,9.967321484329656,10.356729841203435,19338000,-0.04717289123428492,11.387932586669923,0.5384175007105195,-2.261303337718725,True
2019-10-03,10.690693855285645,10.715192238207187,9.811944062855316,10.188458098762608,17961000,0.05115690502412451,11.3633882522583,0.559110519728533,-1.2031510287076541,False
2019-10-04,11.27029514312744,11.282544797290887,10.769995177273929,10.796427573624207,13695000,0.054215497673729685,11.365571641921997,0.5586334044548594,-0.1705528134099554,False
2019-10-07,11.01369857788086,11.375384346380836,11.009184964672611,11.172943168114225,9079500,-0.02276751069851546,11.347041177749634,0.5640992062858828,-0.590929035450262,False
2019-10-08,10.000846862792969,10.694562571362662,9.97183394331478,10.6700623422973,25107000,-0.0919629049157048,11.270370435714721,0.6368330331782782,-1.9934951655787545,False
2019-10-09,10.505016326904297,10.701654540001094,10.319982175517476,10.412177377300797,15838500,0.0504126771490756,11.193068408966065,0.6308871564744163,-1.090610380954347,False
2019-10-10,10.8106107711792,11.137482448717504,10.54498735658763,10.581090722064408,18492000,0.029090335013782553,11.125736618041993,0.5933099109889334,-0.531131944749649,False
2019-10-11,11.536561012268066,11.9298392404462,11.375382438665234,11.41148672690198,27876000,0.06715163985223027,11.100204944610596,0.5617159387929949,0.7768269289190989,False
2019-10-14,11.534629821777344,11.604904405353444,11.363780233758058,11.49659151416664,7069500,-0.00016739741493754234,11.086836862564088,0.5471273144705087,0.8184438015978329,False
2019-10-15,12.290882110595703,12.37469476001808,11.69838784444766,11.732557205428002,19419000,0.0655636375421913,11.105907678604126,0.5827950056434674,2.0332611304436967,False
2019-10-16,11.756410598754885,12.273472872269831,11.679689328796572,12.113583631822973,15471000,-0.043485203668177874,11.097096395492553,0.570847545296601,1.1549742285740496,False
2019-10-17,11.87955379486084,12.283145906288262,11.646810343447804,12.181280642620893,12418500,0.010474557269971374,11.103516817092896,0.5792511760113918,1.3397244751604656,False
2019-10-18,11.483051300048828,11.885999634363529,11.134904536835029,11.801541393449092,14661000,-0.03337688449069032,11.122870206832886,0.5854195604044101,0.6152529187223056,False
2019-10-21,12.136149406433104,12.14324262238441,11.71450470803222,11.758345965795993,11613000,0.056874962004349605,11.157920312881469,0.6247632282546016,1.5657597139391657,False
2019-10-22,11.8524751663208,12.2812121911706,11.835068149275106,12.204490906494314,9618000,-0.023374320026245954,11.206467485427856,0.6397010800519372,1.0098586684275968,False
2019-10-23,11.163272857666016,11.475960947801632,10.94406932062271,11.194864462902878,15555000,-0.05814838664359123,11.192735195159912,0.6374148684915972,-0.046221603778426566,False
2019-10-24,11.973036766052246,11.990444703997367,11.541076424450692,11.604903378274804,14469000,0.07253821694684737,11.217685842514038,0.6584252797991613,1.1472082660140441,False
2019-10-25,12.709946632385254,12.739603299034576,12.033637951663724,12.045888527080534,18265500,0.06154744871596862,11.321291732788087,0.7223090761738455,1.922521736751575,False
2019-10-28,13.376585960388184,13.431387536058285,12.950427621872375,12.959454848776767,15250500,0.052450206699083735,11.441402578353882,0.8500224250298307,2.2766262689674193,False
2019-10-29,13.025858879089355,13.698943379789164,12.981373873003168,13.441057802876328,10779000,-0.026219476504500405,11.558999156951904,0.8995065521266762,1.630738229387434,False
2019-10-30,13.02779483795166,13.290839659829484,12.739606954803724,13.290839659829484,8559000,0.0001486242773145463,11.701868534088135,0.8942526701891123,1.4827199829139173,False
2019-10-31,12.78279972076416,12.906584668447843,12.291525183430569,12.86596768925751,9952500,-0.018805570722820852,11.80647382736206,0.8921045954821153,1.0944074252576508,False
2019-11-01,13.664129257202148,13.664129257202148,12.992334978165824,13.147711557267606,10477500,0.06894651842243693,11.926165533065795,0.9732754141132027,1.785685427716156,False
2019-11-04,14.558996200561523,14.633137873423872,14.147021571657756,14.182480271701774,12294000,0.06549022821104433,12.10343041419983,1.1113950508106,2.209444593594976,False
2019-11-05,14.64280891418457,14.967746645631054,14.477117620018957,14.73435945275374,9777000,0.0057567645783034305,12.33552851676941,1.133670684838224,2.035229831972247,False
2019-11-06,14.312713623046877,14.570600105730204,13.873661010117438,14.564798074893494,11104500,-0.022543167302957023,12.525913381576538,1.1298004794480063,1.5815183954810557,False
2019-11-07,14.593810081481934,15.05607266255665,14.391368915784112,14.999337082970891,12427500,0.019639634093036262,12.715073347091675,1.1441116344370001,1.6420921506621655,False
2019-11-08,14.826552391052246,14.826552391052246,14.156692214620898,14.415223364135032,7299000,0.015948015512798674,12.879572916030884,1.2008568755412148,1.6213251676173952,False
2019-11-11,14.58542823791504,14.675688505602738,14.263070139030402,14.43456437095459,6657000,-0.016262995386757795,13.032112836837769,1.214707878653231,1.278756340001237,False
2019-11-12,14.714370727539062,15.04704445308798,14.51386450750292,14.80205231042188,13849500,0.008840500773836357,13.153287267684936,1.2570159557305207,1.241896296333721,False
2019-11-13,14.705992698669434,14.847830280815414,14.248242754695028,14.398462893584412,12061500,-0.0005693773131560942,13.300766372680664,1.2575314403365205,1.1174482648423685,False
2019-11-14,14.584783554077148,14.629268556657616,14.256622502470911,14.559639576274115,11265000,-0.0082421599871495,13.43602786064148,1.242011582993761,0.9249154429515815,False
2019-11-15,14.963878631591797,15.34426168464804,14.777556048201031,15.10507153809574,14211000,0.02599250623837146,13.610069227218627,1.1970064692256062,1.1309958961617024,False
2019-11-18,14.872973442077637,15.159228211290442,14.63636380984883,14.974194959740377,8130000,-0.0060749750617624665,13.746910429000854,1.1758903096823288,0.9576258974197965,False
2019-11-19,14.64280891418457,15.14826719764582,14.408133303295235,15.05413890077773,12429000,-0.015475353922296375,13.886427116394042,1.1025351980951794,0.6860386852930488,False
2019-11-20,14.13928508758545,14.667951443935468,13.814991136074305,14.404907605919869,17808000,-0.03438710629566122,14.035227727890014,0.8974123324687112,0.11595267407255438,False
2019-11-21,13.65639305114746,14.063855030951196,13.49843779324844,13.93233217212138,15439500,-0.03415250724819019,14.119395542144776,0.7626418323640569,-0.6071034545300116,False
2019-11-22,13.649300575256348,14.01292034300435,13.53905368536262,13.871727443109666,10084500,-0.0005193520620377923,14.16636323928833,0.6974069446370864,-0.7414073920658322,False
2019-11-25,14.64216423034668,14.66408393609774,14.039998085660844,14.05482642028724,14046000,0.07274099135088363,14.229642152786255,0.6791521997115745,0.6074074084360127,False
2019-11-26,14.444236755371094,14.59768023993048,14.254689898029968,14.56737705392196,10887000,-0.013517637957192852,14.300561046600341,0.6181497595974875,0.23242864134462776,False
2019-11-27,14.753701210021973,14.77239848965783,14.558997905208429,14.667953620772026,7248000,0.021424770300570106,14.386856365203858,0.5475561939961975,0.6699674824985399,False
2019-11-29,14.276609420776367,14.57446914019565,14.22954481459457,14.54094352832611,4399500,-0.03233709172051846,14.461546850204467,0.3989539760608444,-0.4635557997293781,False
2019-12-02,13.648653984069824,14.388789634499153,13.573222052653351,14.288213725943857,13189500,-0.04398491393850812,14.460773086547851,0.4005935888587174,-2.027289315317644,True
2019-12-03,13.024568557739258,13.031659928179437,12.552635042007347,12.720261241983158,14646000,-0.045725052965587265,14.384051704406739,0.5121852822722776,-2.6542799914831994,True
2019-12-04,13.636407852172852,13.77437649542792,13.474583645089634,13.602882235505527,8785500,0.046975782093759744,14.333731651306152,0.5343818556563866,-1.3049166841130317,False
2019-12-05,13.800164222717283,14.006472489796923,13.624801042856058,13.845293896751162,7833000,0.012008761568270243,14.308104181289673,0.5475703504136591,-0.9276250224079322,False
2019-12-06,14.441657066345217,14.523535702946004,14.242439248435272,14.270807499747,9769500,0.04648443549475534,14.300496530532836,0.5444400053503473,0.2592765675283975,False
2019-12-09,14.197953224182127,14.55641654437738,14.190861853109322,14.441656966544048,4908000,-0.016875060877260095,14.269066572189331,0.5304371079716315,-0.13406556015497914,False
2019-12-10,14.355911254882812,14.651836061447806,14.214072756792522,14.386212596010807,7432500,0.011125408585770602,14.257590723037719,0.525694046393068,0.18702995120393276,False
2019-12-11,15.297195434570312,15.329430782850398,14.474536471506536,14.528692446872943,11976000,0.06556770677774604,14.286731958389282,0.5668879091663747,1.7824749123101717,False
2019-12-12,16.53827476501465,16.58533844459317,15.202421607990171,15.216605271094974,20947500,0.08113116785052021,14.378346061706543,0.7550419539690681,2.860673757205009,False
2019-12-13,16.266204833984375,17.032128227790903,16.05409454291136,16.491855963602056,21313500,-0.016450925800665428,14.462417125701904,0.8648612338525767,2.085638293957736,False
2019-12-16,16.727825164794922,17.17461390066533,16.71235307973012,16.81421835127323,10213500,0.028379104746431016,14.55061445236206,0.9983341043879314,2.180843770500746,False
2019-12-17,16.947669982910156,17.075323867922368,16.698163320714013,16.985062688123108,9778500,0.01314246269012398,14.654349279403686,1.1323819865814921,2.0252182838316735,False
2019-12-18,16.923168182373047,17.084994183139933,16.756188510811665,17.000534114417974,7486500,-0.0014457326913857038,14.76836724281311,1.2407742578939165,1.7366583210853235,False
2019-12-19,17.320959091186523,17.33707676228229,16.89222129293241,17.08563703518005,7558500,0.023505699673174174,14.927450942993165,1.354616332069689,1.76692698259172,False
2019-12-20,17.87735366821289,17.965679931142887,17.443458395052485,17.61430981207015,10882500,0.03212261942870587,15.138498973846435,1.4700561255376319,1.8630953245848327,False
2019-12-23,17.997909545898438,18.31673165942485,17.94240658694595,18.30963199286334,11043000,0.006743496824135775,15.35592942237854,1.5572112756396437,1.6966099365255822,False
2019-12-24,18.13150978088379,18.13150978088379,17.812041322123203,18.077295642204884,3774000,0.007423097368316256,15.530396699905396,1.6647876605744323,1.5624293371329312,False
2019-12-26,18.199914932250977,18.27090790502187,17.961768665341047,18.228958015602863,5878500,0.0037727223046426506,15.718180608749389,1.745673891600803,1.4216483018061346,False
2019-12-27,17.99727439880371,18.38450647678747,17.852060753900126,18.38450647678747,7303500,-0.011134147285940199,15.880359268188476,1.801142605509692,1.175317892175553,False
2019-12-30,17.61842155456543,17.94498774808126,17.207311166192035,17.919818553329396,9241500,-0.02105056776060843,16.04744987487793,1.7995414700130403,0.8729844273475483,False
2019-12-31,17.73652458190918,17.794608893054345,17.298952534779477,17.344130041877698,5722500,0.006703382989104778,16.251843404769897,1.7440403466267653,0.8512883202563967,False
2020-01-02,18.84272193908691,18.844657036769163,18.154093055490364,18.401922197395212,10438500,0.06236832656077529,16.54275107383728,1.6606381317123078,1.384992203495952,False
2020-01-03,17.824947357177734,18.282525994592017,17.69135359092834,17.909493408635587,14713500,-0.05401420162115367,16.752178049087526,1.5341149396500147,0.6992757063789137,False
2020-01-06,17.25958251953125,17.422221161720852,16.872995151532837,17.167936832858793,11313000,-0.031717616120690795,16.925148963928223,1.3700049794573108,0.24411119712535925,False
2020-01-07,18.14957618713379,18.399342292963667,17.54484888121428,17.816556559161352,10441500,0.051565190907451264,17.11054491996765,1.2629417630501818,0.8227071885379189,False
2020-01-08,18.18959045410156,18.51292904410762,17.895939366094897,18.22573320594483,10024500,0.0022046942890123766,17.310126781463623,1.0806895101564453,0.8137986575909494,False
2020-01-09,18.503894805908203,18.86079479656249,17.955314881011585,18.844658517960987,11472000,0.01727935285842408,17.517525959014893,0.8592319358344269,1.1479657654198063,False
2020-01-10,18.125701904296875,18.76334448702615,17.990815582735948,18.757535499228165,11304000,-0.020438556616230508,17.65895128250122,0.690815641937803,0.6756514957975978,False
2020-01-13,18.836271286010746,18.878867449488908,18.316089943664807,18.516160258864847,8160000,0.03920230981760886,17.773851108551025,0.6856969525912339,1.5494019237578034,False
2020-01-14,18.957597732543945,19.379035370441507,18.609090003444315,18.849173187778153,9610500,0.0064411074087313835,17.908420753479003,0.6365823591212979,1.6481402037486028,False
2020-01-15,18.274139404296875,18.996972398395105,18.070843317132113,18.94856909567996,11518500,-0.036051948031041836,17.985736465454103,0.5767374071864907,0.5000593602029278,False
2020-01-16,19.189943313598633,19.1912339944975,18.6839594718897,18.725909370804356,10807500,0.05011474899258017,18.097850131988526,0.5822387521942188,1.87567931109782,False
2020-01-17,19.56233024597168,19.590082653181877,19.117013975066985,19.436480557467,11839500,0.019405316956260243,18.229808235168456,0.6007715577830228,2.218017803173837,False
2020-01-21,19.526187896728516,19.748846015760773,19.29707452763293,19.31901794632647,6961500,-0.0018475482618235395,18.340069675445555,0.626982942113725,1.8917870672593466,False
2020-01-22,19.99215507507324,20.61172607978768,19.81273754596799,19.9753762272326,10747500,0.023863704518729545,18.445809745788573,0.7167435641816614,2.157459664182961,False
2020-01-23,20.448448181152344,20.458773627670567,19.60234505040258,20.22385310117306,9354000,0.022823607778434285,18.56833667755127,0.8357283156092955,2.2496683054592475,False
2020-01-24,19.757240295410156,21.36231933981103,19.32031247183689,21.250020862557275,19885500,-0.033802461664513284,18.64962320327759,0.8693893386898699,1.2740173393449892,False
2020-01-27,17.465469360351562,18.196694614256625,17.36478885694782,17.99275224546112,19500000,-0.11599651068631278,18.612900924682616,0.9041987119196859,-1.2690037590243468,False
2020-01-28,18.71558380126953,18.874350476065896,17.748147384888192,18.13538119549941,14221500,0.0715763438774717,18.64881639480591,0.8926507018868333,0.07479678929562623,False
2020-01-29,17.68360710144043,18.62909996008982,17.621650734684668,18.50712047793412,12270000,-0.055139968423485675,18.652075672149657,0.888801180521472,-1.0896346583844694,False
2020-01-30,17.617780685424805,17.786226538467563,16.596132010236744,17.3292922809382,17106000,-0.0037224541145942647,18.64613847732544,0.8956094821701001,-1.1482211972665592,False
2020-01-31,15.722275733947754,17.213118968712948,15.522205462947383,17.19117555135885,22954500,-0.10759044997337275,18.490116167068482,1.106527988687385,-2.5013740830939755,True
2020-02-03,16.322486877441406,16.399933265596463,15.879105705151764,15.942354604368877,13681500,0.038175843856857794,18.414993143081666,1.2010297647865533,-1.7422601229305419,False
2020-02-04,17.84494972229004,17.8804462043141,17.32089653100948,17.557107671220173,15466500,0.09327395122325144,18.444261503219604,1.1783087897632423,-0.5086203091551108,False
2020-02-05,19.013103485107425,19.09119612725692,18.224440365562977,18.793673002338124,19452000,0.0654613087174043,18.487437868118285,1.182754996913589,0.4444416792665179,False
2020-02-06,19.02536964416504,19.0937812717373,18.341905171533742,19.0724822670397,12234000,0.000645142391783704,18.52922682762146,1.1864367138327414,0.41817891401961654,False
2020-02-07,17.682964324951172,18.541974270221687,17.65133987505317,18.46581856218215,16014000,-0.07055869842852569,18.488180303573607,1.2014647116189805,-0.6701952798408886,False
2020-02-10,18.48388671875,18.48388671875,17.264104800029788,17.271850730867268,11137500,0.04529344622771769,18.506089544296266,1.1984429512125767,-0.01852639337049911,False
2020-02-11,19.593307495117188,19.880505196957944,18.973736418625403,18.985998809009324,16857000,0.0600209681680095,18.54394135475159,1.2211601976429896,0.8593189840211162,False
2020-02-12,20.45425796508789,20.54977388850604,20.136080204534903,20.225790833761657,11917500,0.04394104824748246,18.618774366378783,1.2916658093553872,1.4210205034575585,False
2020-02-13,20.499433517456055,20.935070619957873,19.859855914236977,19.906324118032853,13008000,0.002208613602374232,18.730039072036742,1.3547211713317502,1.3060949240794104,False
2020-02-14,20.367773056030273,21.207422736882645,20.005065916326593,20.959593569294977,11269500,-0.006422639011642306,18.788930559158324,1.4005904043586277,1.1272692515660558,False
2020-02-18,19.52167320251465,19.63526235915406,19.104107445896048,19.2970780976195,16186500,-0.041541107669850086,18.786897706985474,1.399437823047047,0.5250504762900581,False
2020-02-19,21.038330078125,21.11448577943082,20.2683827172166,20.320013638560635,13075500,0.07769092638099218,18.8625048160553,1.4800100858341485,1.47014218544557,False
2020-02-20,20.098005294799805,20.975086693710168,19.14283123664561,20.78146978162094,20755500,-0.04469579000963175,18.867797327041625,1.4844449386373182,0.828732636514951,False
2020-02-21,18.293500900268555,19.71657900597365,18.070842760291736,19.695281848870067,25333500,-0.08978524824043865,18.760049962997435,1.4412554489805602,-0.32371018132759427,False
2020-02-24,15.683555603027344,16.471574497747746,15.426046285226567,15.70420834498368,30187500,-0.14267062993955937,18.556365728378296,1.574597889426302,-1.8244722316995154,False
2020-02-25,14.243048667907717,16.38250601584325,13.990701214041742,16.354753612289993,38751000,-0.09184823719702762,18.395244693756105,1.8353726306973819,-2.26231772033709,True
2020-02-26,14.362444877624512,15.268568235786256,14.069438214965665,14.587685267334368,33132000,0.008382770606254919,18.177587747573853,2.0418854479120934,-1.8684411869678936,False
2020-02-27,12.335284233093262,13.884213762016431,12.254611147107124,13.011004534666492,38827500,-0.14114314532126748,17.910171604156496,2.4243815604989774,-2.2995090632168607,True
2020-02-28,13.230436325073242,13.42340693691984,11.081296947655396,11.10065900449146,45580500,0.07256842039994948,17.690804386138915,2.6410412955677134,-1.6888672163328973,False
2020-03-02,14.540574073791504,14.541219414214972,12.605057812265668,14.03717161413246,36516000,0.09902453075076556,17.631719303131103,2.6999601205499295,-1.1448855136089908,False
2020-03-03,13.06844425201416,15.317618830096842,12.699282790492076,14.724507644341164,32919000,-0.10124289552162646,17.46901717185974,2.875356805098546,-1.530444121593028,False
2020-03-04,14.981372833251951,14.995571245669687,13.29755781725922,13.850009836884952,20538000,0.14637768232763926,17.325838327407837,2.9264933553465835,-0.8011176549820771,False
2020-03-05,13.637673377990724,14.798080144142824,13.29561902397814,13.737709430943196,23968500,-0.08969134339136231,17.057066822052,3.009055091751905,-1.13636784299302,False
2020-03-06,12.818035125732422,13.13298339227556,11.8105849226787,12.585049704527115,26310000,-0.06010103259849897,16.746700096130372,3.11365804489663,-1.2617522264004355,False
2020-03-09,9.570446968078612,11.416255463885667,9.55173117162578,9.811821840001029,31191000,-0.2533608408619682,16.341074228286743,3.490843913566985,-1.9395388129198323,False
2020-03-10,11.397538185119627,11.397538185119627,9.616270140620196,10.772804288693951,33006000,0.19090970600799717,15.986756801605225,3.619173501263194,-1.2680294589037608,False
2020-03-11,9.463956832885742,10.777319535132506,9.119320159482571,10.377178975590766,33735000,-0.1696490348028249,15.480289268493653,3.7925095433929155,-1.5863723918873738,False
2020-03-12,6.585531711578369,8.630762849160618,6.584240107447227,7.525860602954597,47734500,-0.3041460535095959,14.786852955818176,4.091317591814099,-2.0045672476389993,True
2020-03-13,8.384868621826172,8.454569990032702,6.3247928310661985,7.81628319819638,43620000,0.2732257605083419,14.181124711036682,4.097832583166869,-1.414468739650431,False
2020-03-16,5.148899078369141,6.870791413459742,5.098558835024923,5.79428562991842,47341500,-0.3859296656161868,13.420181012153625,4.296744064686927,-1.9250115457801076,False
2020-03-17,5.6606903076171875,5.80073978525765,4.240839474641816,5.150189606622245,73488000,0.09939818618665774,12.727131867408753,4.377895001837387,-1.6141185562526752,False
2020-03-18,4.195015907287598,5.095976561512104,3.4528214385943867,4.453816768660431,67953000,-0.25892149555635224,11.884966158866883,4.314537565886112,-1.7823347541070573,False
2020-03-19,4.513192176818848,4.904296572201484,3.7271104208718393,4.080782307722063,67534500,0.07584626055374732,11.105725502967834,4.157644661782495,-1.585641357653347,False
2020-03-20,4.1272501945495605,5.259259795177134,4.1175696277057,5.05402679262537,63204000,-0.0855141919840251,10.397412967681884,4.074536092771261,-1.538865439002094,False
2020-03-23,4.511256217956543,4.781028354515273,3.956868654031398,4.388632309694901,63927000,0.0930416149508213,9.838797998428344,4.0775222526628605,-1.30656350851123,False
2020-03-24,6.056704998016357,6.072858151096865,5.3763431372812,5.398311850638797,67669500,0.34257614850345486,9.429480814933777,4.0226566180516,-0.8384448729185953,False
2020-03-25,5.819580078125,6.79715518321882,5.531411319701157,6.167191031424519,65236500,-0.03915081219392702,9.002337574958801,3.923624673590935,-0.8111778678160148,False
2020-03-26,6.983237266540527,7.042680384658915,6.073504214613876,6.269923546233559,55215000,0.19995552476192469,8.734735226631164,3.8664399053902923,-0.45300017663505737,False
2020-03-27,5.908099174499512,6.605259405131248,5.862224917568247,6.278970578618881,51672000,-0.15395983997170348,8.368618369102478,3.7636453859693453,-0.6537595714451848,False
2020-03-30,6.543877124786377,6.589105763438054,5.9675401008053255,6.135531394987224,39718500,0.10761125219952383,7.968783521652222,3.488136212624245,-0.4085007895359221,False
2020-03-31,6.121316432952881,6.864351682911962,5.974001708998783,6.553569083810675,50964000,-0.06457344534067644,7.621427130699158,3.2940796682190157,-0.45539599792294344,False
2020-04-01,5.1308183670043945,5.96624814587683,4.9492595987563845,5.512027265696696,47541000,-0.16181128304629677,7.12889940738678,2.8409682972679176,-0.7033098687880065,False
2020-04-02,5.600546360015869,5.6186367995328075,5.015809469396111,5.0242093117427675,43654500,0.09155030628880412,6.7270430564880375,2.4071480215718606,-0.4679798194282084,False
2020-04-03,5.267795085906982,5.776936635313914,5.047469751542547,5.605714979289377,43627500,-0.05941407368475815,6.349531054496765,1.9503276968443641,-0.5546431865475913,False
2020-04-06,6.883735179901123,6.958038381322321,5.937172906300846,5.944280144933873,51997500,0.30675834341341246,6.2151954650878904,1.803825439245047,0.37062328774619996,False
2020-04-07,6.797154426574707,7.733378596571831,6.7654955829167385,7.665536566807728,79462500,-0.012577583399665193,5.985176277160645,1.342538085684971,0.6048082792375952,False
2020-04-08,7.478163719177246,7.5615128400209315,6.846260877882198,7.165442420678467,50287500,0.10019035170659207,5.88588662147522,1.1280092000227713,1.4115816587931045,False
2020-04-09,6.987760066986084,7.975673187134358,6.770664631925583,7.792822266823843,75898500,-0.0655780844879813,5.905998039245605,1.1446034203280349,0.9450976718472969,False
2020-04-13,7.23974609375,7.291435442381727,6.74869681960937,6.939301523758476,36957000,0.03606105881546107,5.848741912841797,1.0377288469030923,1.3404312552931286,False
2020-04-14,8.20116901397705,8.230891036503968,7.695905722361017,7.746302929821373,51487500,0.13279787823733735,6.001355409622192,1.1479743651870091,1.916256731043381,False
2020-04-15,7.535667896270752,7.72821127932464,7.273990331183839,7.726919600143496,37128000,-0.08114710434233241,6.095104289054871,1.194314222218359,1.2061847547458076,False
2020-04-16,8.090039253234863,8.174681006080975,7.59252910492256,7.905896117721431,47277000,0.07356632014508735,6.2898554563522335,1.1857090278544447,1.5182340309410352,False
2020-04-17,8.300025939941406,8.614038483674268,8.01185807283541,8.58367131213519,47445000,0.0259562012165242,6.479197144508362,1.189415149132897,1.5308606055341216,False
2020-04-20,7.764392375946045,8.30260794237296,7.75340825275472,7.947890269020515,35502000,-0.06453396264917488,6.661054253578186,1.084291952038528,1.0175655369326713,False
2020-04-21,6.6737470626831055,7.534375487520901,6.558737715659816,7.4070903370034,60042000,-0.14046756789903359,6.769178795814514,0.9592432019324558,-0.09948648365623575,False
2020-04-22,7.791529655456543,7.93109106416522,7.184825031269953,7.264297718350336,37150500,0.16748950511229665,6.855920028686524,0.9698047667518551,0.9647401815765819,False
2020-04-23,7.5938191413879395,8.07970037119443,7.514346896910805,7.831590728375919,42906000,-0.02537505763456127,6.94463198184967,0.9509829491357908,0.6826485796913818,False
2020-04-24,8.077113151550293,8.119757505691238,7.391583299551806,7.621600594147301,34429500,0.06364307618656562,6.999325776100159,0.9841961141358835,1.0950941178998892,False
2020-04-27,8.403403282165527,8.64246604001319,8.280640625979023,8.399526858584393,42303000,0.040396875033576585,7.12409098148346,0.9966662548620586,1.2835914674959352,False
2020-04-28,8.272239685058594,9.001706900153112,8.239934310950467,8.851161379743472,55147500,-0.015608390160841257,7.21050910949707,1.018403402572792,1.0425442146788535,False
2020-04-29,9.459160804748535,9.54638681866414,8.656035775740333,8.694802790338542,42030000,0.14348243823662066,7.377401328086853,1.1006887275574437,1.8913244267353848,False
2020-04-30,8.464784622192383,9.357717963514856,8.40081901162153,9.327997791739204,55264500,-0.10512308682361882,7.544099640846253,0.9893724407076845,0.9305747193519731,False
2020-05-01,7.178364276885986,7.914937812493363,7.094368639702223,7.882631513798599,65224500,-0.15197319278906984,7.622990536689758,0.8834795513164072,-0.5032671770854993,False
2020-05-04,7.379953384399414,7.400629029551966,6.914102293976808,6.986467745219521,35217000,0.028082875114395556,7.7285984516143795,0.6927917225712527,-0.5032465831447746,False
2020-05-05,7.754055023193359,8.174677473660946,7.605447697851818,7.802514014002851,47706000,0.050691599161691636,7.7721144437789915,0.6636513155528987,-0.0272122124410867,False
2020-05-06,8.022839546203613,8.39112657092642,7.960812150807542,8.011856346640343,46401000,0.034663736871390016,7.833398699760437,0.6243071589362368,0.30344173333838814,False
2020-05-07,8.258027076721191,8.54813310342083,8.128157646392557,8.444109269319338,32518500,0.029314749368117177,7.872391867637634,0.625305700797622,0.6167146862593001,False
2020-05-08,8.979737281799316,8.995889966384677,8.426015194507851,8.511949029289228,38311500,0.0873949913669545,7.971990728378296,0.6355428244245979,1.5856469693185582,False
2020-05-11,8.95518684387207,9.190374090021557,8.663787761645192,8.686403004178393,27099000,-0.002733981758798909,8.0577627658844,0.6471693221900852,1.3866913143390334,False
2020-05-12,8.195999145507812,9.224617391801834,8.195999145507812,9.143853028290486,34702500,-0.08477631026579424,8.057504272460937,0.6471100576847272,0.2140205849100714,False
2020-05-13,7.754702091217041,8.470600148423195,7.390291431678337,8.417618656720718,53503500,-0.053842984419128936,8.068455982208253,0.6396238313464885,-0.4905287695905894,False
2020-05-14,8.374330520629883,8.39952912927612,7.1719054705150915,7.572498001490197,54496500,0.07990357619471045,8.082670545578003,0.64327724179153,0.45339700537144123,False
2020-05-15,7.849679946899414,7.938844157334206,7.404505427447878,7.54665158496047,55647000,-0.06264985271813783,8.060153245925903,0.643150439234895,-0.32725360380204765,False
2020-05-18,8.948079109191895,9.061795834569669,8.399525516161113,8.399525516161113,42394500,0.1399291652300223,8.119337582588196,0.6684660127798909,1.239766137334767,False
2020-05-19,8.840825080871582,9.46174425476802,8.826610602531163,8.902852483625153,40813500,-0.011986262862845765,8.227691483497619,0.5932111675444299,1.0335840437933783,False
2020-05-20,9.846183776855469,9.99543625798294,9.373225882036708,9.378395371304393,39808500,0.11371774543522273,8.330424189567566,0.6845778677088333,2.2141521933230104,False
2020-05-21,9.08117961883545,9.851352091377862,9.036597978284066,9.842952249993548,37935000,-0.07769549861726588,8.404792213439942,0.6811261935885682,0.9930427162577701,False
2020-05-22,9.21298599243164,9.238831583594507,8.755535758284198,9.15806630637126,25134000,0.014514234838259199,8.461585855484008,0.6994741709810918,1.07423571608614,False
2020-05-26,9.49857234954834,10.067801208699631,9.448175146316316,9.93340928293316,41682000,0.030998240673686617,8.51634430885315,0.7365640078038856,1.3335270666072434,False
2020-05-27,9.904333114624023,9.911441739527596,8.767166638354823,9.612288879702486,41941500,0.04271807911164438,8.59794898033142,0.7961004837296218,1.6409789479995947,False
2020-05-28,9.254339218139648,10.096876190799314,9.110254398751673,9.7434497314443,33565500,-0.06562722486833983,8.587707901000977,0.7856880446747985,0.8484681950513765,False
2020-05-29,9.957315444946287,10.058109848389533,9.27178465712921,9.37903976629145,38440500,0.07596179589232244,8.662334442138672,0.8422445152675968,1.5375356910411886,False
2020-06-01,9.833909034729004,9.957317785756937,9.562539920890886,9.761543567994076,21564000,-0.012393542305613736,8.795111680030823,0.804460077942652,1.2912975835355676,False
2020-06-02,10.467103958129885,10.467103958129885,9.762835149967524,9.916611989036475,34992000,0.06438893436625426,8.949469208717346,0.8147432455155439,1.86271534960959,False
2020-06-03,11.384589195251465,11.510582203293968,10.873509462301298,10.873509462301298,30483000,0.087654163060926,9.130995917320252,0.9305934699877452,2.42167321242958,False
2020-06-04,11.684388160705566,11.934435985407326,11.124204244319142,11.284441779589962,31461000,0.02633375349012579,9.31407334804535,1.053203994190778,2.250575221642064,False
2020-06-05,12.535325050354004,13.051573387047991,12.431300283103022,12.528863419676584,26946000,0.07282682481485225,9.52793824672699,1.2443979588306413,2.416740386212985,False
2020-06-08,12.459083557128906,12.851923171050425,12.07335072046754,12.851923171050425,25800000,-0.006082131330367391,9.701905560493469,1.3975127402951248,1.9729179685712064,False
2020-06-09,12.480403900146484,12.608982119146068,11.902775179820344,12.030706403928766,22317000,0.0017112288331495584,9.87816641330719,1.51568816650298,1.7168686437944678,False
2020-06-10,12.595413208007812,12.970160952481042,12.459082147110385,12.747896033577664,23647500,0.009215191173418624,10.09813711643219,1.5767204966280872,1.5838419662306666,False
2020-06-11,10.191856384277344,11.78130563272994,10.177641906462217,11.63140615863816,47562000,-0.19082794538271708,10.219994831085206,1.4771062124909278,-0.01904971123262056,False
2020-06-12,10.614418983459473,11.241153807333117,9.943102506248875,11.13777417172162,35401500,0.04146080784988326,10.331999254226684,1.4133425544027696,0.1998239763976609,False
2020-06-15,11.080266952514648,11.108695904995995,9.803538205967488,9.944392675843371,29254500,0.04388822127533398,10.493528604507446,1.294306705911014,0.4533224971543503,False
2020-06-16,11.667588233947754,12.23229458841904,11.080267560647638,12.023599002882705,30856500,0.053006058784514476,10.629504060745239,1.2659421810046037,0.8200091511120443,False
2020-06-17,11.990647315979004,12.27816999856348,11.759983469006654,11.916989720068903,21156000,0.027688591296981535,10.78699517250061,1.227038625263342,0.9809407126202491,False
2020-06-18,11.93508243560791,12.095966046638868,11.728971105240516,11.830411593763465,13989000,-0.004634018406749929,10.891440105438232,1.2316368093138992,0.8473620813192927,False
2020-06-19,11.694725036621094,12.46360448190304,11.635927992573146,12.346657388664152,29616000,-0.020138729689014867,11.022117376327515,1.166378742312477,0.5766631677117664,False
2020-06-22,12.007448196411133,12.065599183523153,11.347116771926476,11.752878767414428,19461000,0.026740531206229434,11.16184048652649,1.103959799758805,0.7659769042943344,False
2020-06-23,12.11242961883545,12.489307168353085,12.044553245964112,12.24107199085867,18909000,0.008743025221270129,11.292533349990844,1.0500968341802797,0.7807815833333387,False
2020-06-24,11.298556327819824,12.10531877377132,11.023170611899568,11.886174271537069,31200000,-0.06719323179802095,11.362244510650635,0.9980799284081262,-0.06381070395072416,False
2020-06-25,11.57652759552002,11.627595778858012,10.753603363175149,11.285627413766028,21685500,0.024602370394504414,11.478353929519653,0.866333225715553,0.11332090595888182,False
2020-06-26,10.883539199829102,11.641171774741297,10.819541211359404,11.442067435472373,21492000,-0.059861507690708304,11.524665117263794,0.803200305046,-0.7982142354863455,False
2020-06-29,11.257830619812012,11.266881111593047,10.505369200605935,10.906811730242923,17931000,0.03439059786625176,11.595861196517944,0.7022014538829967,-0.48138689379907845,False
2020-06-30,12.166728973388672,12.265635191644616,11.390350069244482,11.390350069244482,32251500,0.08073476891517117,11.680842447280884,0.65998451380172,0.7362089805849035,False
2020-07-01,11.65797996520996,12.18095355743925,11.625657309782524,12.174488656455264,21469500,-0.04181477283594126,11.694511985778808,0.6563467949185529,-0.055659631237145596,False
2020-07-02,12.091745376586914,12.415613735942843,11.95469889494034,12.147339276570236,24289500,0.037207596227769146,11.714879846572876,0.6623095980085046,0.5690171653064269,False
2020-07-06,13.061412811279297,13.182298431812852,12.691000101821604,12.7078073672087,21822000,0.08019251187425236,11.74118423461914,0.705639252723276,1.8709681633568336,False
2020-07-07,12.578516006469728,13.200394870947902,12.50869951882482,12.895273941718983,17728500,-0.036971253553257144,11.747155857086181,0.712506332311144,1.1668108923142892,False
2020-07-08,13.098904609680176,13.122822246222592,12.56170935134844,12.89656735989706,14014500,0.04137122399357662,11.778080892562866,0.7579780943643868,1.7425618588950194,False
2020-07-09,13.619937896728516,13.85912350642957,12.673543368121685,13.25211176516431,25341000,0.0397768594072585,11.829307126998902,0.8456703229491869,2.1174099659604653,False
2020-07-10,13.484185218811035,13.767327716724242,13.072399424155666,13.64644211605697,16764000,-0.00996720241654614,11.993923568725586,0.8304536716191253,1.7945150958028808,False
2020-07-13,12.811236381530762,14.507506714836712,12.734955914470008,14.053056825293996,24480000,-0.04990652578262422,12.10376443862915,0.78227333063356,0.904379473512963,False
2020-07-14,13.49000072479248,13.538484237132844,12.025157618129311,12.599200221838482,25491000,0.05298195451613519,12.224251127243042,0.8016707161960801,1.5788896512964932,False
2020-07-15,13.354897499084473,13.779611279342674,12.73495682910107,13.769267992011772,20254500,-0.010015064377254634,12.308616590499877,0.8283458412146949,1.2630967121779935,False
2020-07-16,13.191991806030272,13.347784722166756,12.72849144316063,12.929534964833415,13903500,-0.012198198680698935,12.368683815002441,0.8474129579019086,0.9715546397428718,False
2020-07-17,13.43634796142578,13.578565606562004,13.187467313623946,13.43376237100891,12028500,0.018523067554045092,12.443747091293336,0.873085043412327,1.136889101035343,False
2020-07-20,14.264444351196287,14.326503149066458,13.213971420426908,13.499700449688602,16717500,0.06163106166555665,12.572233057022094,0.9433145363033677,1.7938993082896602,False
2020-07-21,13.962553977966309,14.579261700177376,13.813872351973544,14.511385325805598,16822500,-0.02116383686579848,12.669988346099853,0.9822072984974056,1.3159804797254517,False
2020-07-22,14.12998390197754,14.451266661191733,13.78607537492168,14.092490063045906,13956000,0.011991353750570699,12.770866060256958,1.0246201193811593,1.3264602324434642,False
2020-07-23,13.471901893615724,14.487466455994934,13.100196473147877,14.11058893021982,22534500,-0.04657344360241733,12.879533338546754,0.9742653139073914,0.6080156468808436,False
2020-07-24,12.82998275756836,13.41372233872304,12.247536896382115,12.75887439661562,19546500,-0.047648738917224986,12.94220609664917,0.925109920562208,-0.1213081133241004,False
2020-07-27,14.045299530029297,14.06081399798104,13.299302100869651,13.316755761722082,17731500,0.0947247393410584,13.10029411315918,0.818844122713679,1.1540724182501734,False
2020-07-28,13.214617729187012,13.799649168681867,13.142215649767737,13.799649168681867,20592000,-0.05914304633135525,13.19813346862793,0.6945864208307067,0.02373248319390883,False
2020-07-29,14.070510864257812,14.208203732190524,13.531376399404602,13.62381773407683,19687500,0.06476866396069836,13.293322563171387,0.6760015352385255,1.1496842249214667,False
2020-07-30,14.894079208374023,14.908947277246956,13.86558576890459,13.876576377099315,25672500,0.058531516876779266,13.45512752532959,0.6507907314274209,2.211082016930831,False
2020-07-31,14.64261531829834,15.00591670387783,14.009099360646264,15.004623908530204,26299500,-0.01688348011029117,13.58267102241516,0.6187003546521926,1.713178743010476,False
2020-08-03,15.51402187347412,15.590301420788816,14.923171876203378,14.923818273860864,16984500,0.059511674399232106,13.705301475524902,0.7409330488505296,2.4411387786726944,False
2020-08-04,16.180505752563477,16.20377791744853,15.400893777391886,15.443559721263243,12100500,0.04296009664836897,13.88540096282959,0.8777641479154181,2.614716943252329,False
2020-08-05,16.14883041381836,16.339533452061907,15.7732465402426,16.13008395615975,12822000,-0.0019576235273176534,14.0378972530365,0.9914997168961189,2.129030522963857,False
2020-08-06,16.09000015258789,16.1675734068379,15.59805740286919,16.035699059562113,10840500,-0.0036430044605663126,14.161400365829468,1.0860294168965237,1.7758264709529301,False
2020-08-07,15.54311180114746,16.225757671814765,14.97553396233458,15.974936882822064,17872500,-0.03398933165034623,14.264346694946289,1.1156373018072687,1.1462193888010412,False
2020-08-10,15.55280876159668,15.740278881274904,14.8695174149033,15.635553211586164,11625000,0.0006238751012848098,14.401425313949584,1.0959513808121653,1.0505789470276061,False
2020-08-11,15.037590980529783,15.974289517551918,14.916705384009664,15.508849038189313,15201000,-0.0331269926200779,14.47880482673645,1.0827678797417963,0.5160719709625897,False
2020-08-12,16.552207946777344,16.634952378071322,15.296166936392623,15.422869173421638,18397500,0.10072204837920129,14.638670349121094,1.1424818888051909,1.674895345306025,False
2020-08-13,16.010488510131836,16.559319788436937,15.775183158957526,16.559319788436937,12742500,-0.03272792598953411,14.779595184326173,1.1283859580228013,1.090844242658318,False
2020-08-14,15.954249382019045,16.548332264858626,15.813970924620754,16.14818346623951,12001500,-0.0035126428576618407,14.905490255355835,1.1109585841713057,0.9440128026424209,False
2020-08-17,16.558029174804688,16.75713444029591,16.270360960997124,16.34728875200203,11739000,0.03784444998497527,15.020169496536255,1.1586577761184094,1.3272768801676524,False
2020-08-18,16.284584045410156,16.84763616068839,16.121678891729836,16.7519619108515,11410500,-0.01651435243335697,15.136270999908447,1.1634312090493795,0.9870055372160565,False
2020-08-19,15.96847152709961,16.417750231678095,15.824312838525715,16.302684059253632,10309500,-0.019411764981473012,15.22819538116455,1.1523160554708176,0.642424569561859,False
2020-08-20,15.55280876159668,15.78682136286782,15.217303403723404,15.494628347739772,16498500,-0.026030216154221186,15.332240724563599,1.0768646473347705,0.20482429020117285,False
2020-08-21,15.89542293548584,15.9025323839776,15.288411232178442,15.558624834888844,10789500,0.022029086780463114,15.485512733459473,0.9066753901798535,0.45210249055624524,False
2020-08-24,16.335006713867188,16.53087907176472,15.974936407466808,16.377025335088593,11776500,0.02765473936525442,15.599998092651367,0.8585309669192407,0.8561235989580334,False
2020-08-25,16.861207962036133,16.8637935520944,16.364739530497246,16.364739530497246,11626500,0.03221310265653221,15.782327604293823,0.6973696007873245,1.5470711033636444,False
2020-08-26,17.05126190185547,17.181843434045486,16.735795903270134,16.97368865948045,11527500,0.011271668094436249,15.931365156173706,0.6272662787464934,1.7853609920171767,False
2020-08-27,16.386722564697266,17.220636672575438,16.08612635002903,17.128195323637417,17893500,-0.03897302973722372,16.005997323989867,0.5847080120220525,0.6511373760567517,False
2020-08-28,17.315011978149414,17.330527367695524,16.384778465950372,16.489502259283228,13989000,0.05664887592910173,16.13961715698242,0.5616427691726579,2.0927801187549124,False
2020-08-31,17.26653480529785,17.641471367056333,16.859920132265916,17.29950386248845,12093000,-0.002799719279012791,16.22724280357361,0.5946435576147235,1.7477562624122653,False
2020-09-01,18.238788604736328,18.26205892386245,17.328593986060756,17.576829218334616,10255500,0.05630856511754523,16.33015694618225,0.7451853882689738,2.561284330853197,False
2020-09-02,19.874937057495117,20.12963437227116,18.541319782601207,19.032618977276385,18729000,0.08970707913868292,16.516462278366088,1.0855296351046837,3.0938582149396154,False
2020-09-03,16.483043670654297,19.005470648439292,16.099055686455348,18.97767277252049,37044000,-0.1706618429547021,16.53611445426941,1.0809508456467263,-0.04909638937685495,False
2020-09-04,16.026002883911133,16.836644629024757,14.225656167944866,16.11198023485419,26686500,-0.027727936410000487,16.56025900840759,1.062844748740964,-0.5026661938437701,False
2020-09-08,13.744054794311523,15.139082483302287,13.702682575271174,14.26250356407756,21556500,-0.1423903456232688,16.469821310043336,1.2186189523300799,-2.2367668831343606,True
2020-09-09,14.880504608154297,15.210838749894716,14.221778291712042,14.747983852695103,19171500,0.08268664748871157,16.46196699142456,1.2287996051836163,-1.2869977957341139,False
2020-09-10,14.26250457763672,15.59159333520251,13.989058964297682,15.36921775765087,19227000,-0.041530851727899165,16.34748182296753,1.3230024730055752,-1.5759435737063994,False
2020-09-11,14.212730407714844,15.00591774266282,13.760865111572128,14.573446227569644,14871000,-0.0034898618016867555,16.25759391784668,1.4055974142931744,-1.454800278755583,False
2020-09-14,15.111285209655762,15.373095657543487,14.74863026286086,15.081549070538658,11850000,0.06322182833026724,16.215445709228515,1.4276379838841813,-0.7734177095573337,False
2020-09-15,15.888313293457031,16.17986177919035,15.60969646090315,15.663997567503316,11725500,0.051420383707983186,16.181959915161134,1.4270337337145174,-0.20577412766532904,False
2020-09-16,15.409944534301758,16.27294736961864,15.353056916410184,16.088710165064807,10791000,-0.03010821541090014,16.138227939605713,1.4370896501441848,-0.5067765989622747,False
2020-09-17,15.33948040008545,15.486869227061003,14.11317628562762,14.301937333794012,14704500,-0.004572640353082358,16.106778383255005,1.4478424145292659,-0.5299595974462633,False
2020-09-18,14.624512672424316,15.711186566827564,14.079560655967963,15.528889497075072,17329500,-0.046609644460783084,16.060363578796387,1.4810353438196044,-0.969491317249052,False
2020-09-21,14.55405044555664,14.576029814458588,13.472549532400942,13.758924026770933,25779000,-0.0048180905884500635,15.993294954299927,1.5187886089514353,-0.9476266152252314,False
2020-09-22,15.081547737121582,15.104173500632353,14.10994194870651,14.89149298817414,13864500,0.03624401973445046,15.930622005462647,1.529768059922445,-0.5550346425615074,False
2020-09-23,13.9586763381958,15.30780627708218,13.830033956453962,14.995574013539423,14178000,-0.07445332657482862,15.78549542427063,1.573881574939214,-1.1607093666786106,False
2020-09-24,14.366581916809082,14.939978217161189,13.639978284141556,13.667129758317582,24952500,0.029222368133653864,15.65126142501831,1.5747303271471673,-0.8158092125758417,False
2020-09-25,14.986520767211914,15.078316621651956,13.7925384341186,14.44415435759888,15505500,0.04315145063680714,15.581251335144042,1.5714338953556897,-0.3784636246486923,False
2020-09-28,16.210241317749023,16.225111237404512,15.283886936793207,15.554746037353672,15123000,0.0816547462580115,15.526012802124024,1.5260434184062783,0.4483676593812599,False
2020-09-29,16.34535026550293,16.748084695327623,16.10422635586391,16.10422635586391,19848000,0.008334789415255228,15.479953575134278,1.48407032337823,0.583123775697317,False
2020-09-30,16.367324829101562,16.870904549079498,16.096464855653316,16.194077351837375,20143500,0.0013443923343148256,15.386380386352538,1.354290802141567,0.7243233441428069,False
2020-10-01,17.383541107177734,17.530283558361358,16.814670438175668,16.990501710818496,18271500,0.06208811083588395,15.26181058883667,0.9835254852937872,2.1572705029674806,False
2020-10-02,15.834012985229492,16.922626311439167,15.790056089260874,16.165639995177962,24060000,-0.0891376568441763,15.22935905456543,0.9512891122052818,0.6356153170536676,False
2020-10-05,17.379655838012695,17.38159595531135,16.260015809500516,16.28134785232484,14751000,0.09761535842019531,15.297041702270509,1.0536049538075327,1.9766556034270777,False
2020-10-06,17.08293914794922,18.316356311562107,16.872846070777243,17.32083194379695,16638000,-0.017072644753672206,15.463985919952393,1.0590919270500514,1.5286238962336236,False
2020-10-07,18.113372802734375,18.21357089793445,17.794030213622587,17.813422140456844,13549500,0.060319459424454935,15.625629329681397,1.2023675562071736,2.06903742554438,False
2020-10-08,18.742361068725582,18.843206476152044,18.377766987795532,18.5885073675998,11172000,0.03472507703790306,15.84962215423584,1.344002643298305,2.1523312687768956,False
2020-10-09,19.725608825683594,19.87429139175561,19.31899416090688,19.41208282649801,18609000,0.05246125359300158,16.125266075134277,1.5414413225001775,2.335698867025087,False
2020-10-12,20.58214569091797,20.89955004488096,20.17035988530924,20.449624004986443,15901500,0.04342258192401793,16.398809099197386,1.813456842277679,2.306829969257148,False
2020-10-13,20.55757713317871,21.018492776815652,20.202032607164224,20.60606157051697,14068500,-0.00119368301576539,16.632272291183472,2.0317031099134906,1.9320267921243557,False
2020-10-14,20.231775283813477,20.93769146994233,19.87299776227434,20.691396389520214,11320500,-0.015848261069608682,16.87336382865906,2.160998393404906,1.5541017824926961,False
2020-10-15,20.072099685668945,20.197508209636037,18.981546554617633,19.2000455742096,10518000,-0.00789231769850074,17.10999479293823,2.2417990368995064,1.321307059185563,False
2020-10-16,19.785724639892575,20.573094211772457,19.746291614016418,20.56856850405148,8916000,-0.01426731882867427,17.368055391311646,2.23768676267137,1.0804323862088248,False
2020-10-19,19.467025756835938,20.617696550493257,19.243355573197228,20.2337086876013,11283000,-0.016107516346106743,17.61370415687561,2.181474457297809,0.8495729087087437,False
2020-10-20,19.404966354370117,19.89820372684517,19.241415760237764,19.743057225212393,6909000,-0.003187924197615488,17.82987508773804,2.130974474989585,0.7391413107563274,False
2020-10-21,18.995119094848633,19.63574614340245,18.95633339753579,19.543950305591743,8161500,-0.02112074053811408,18.08169722557068,1.9383025414777588,0.4712483473202087,False
2020-10-22,19.061708450317383,19.31640759861985,18.33898230113644,19.127644704237717,9789000,0.003505603472989449,18.316453552246095,1.7387147050961758,0.42862402663700044,False
2020-10-23,18.782445907592773,18.8884625203638,18.263996151967113,18.8884625203638,6975000,-0.014650446650806837,18.506249809265135,1.5533951242268524,0.17780157412628997,False
2020-10-26,17.582643508911133,18.552955660351543,16.872199837533298,18.310538990704536,13960500,-0.06387892208419044,18.574869918823243,1.4749649602205122,-0.6727118519234307,False
2020-10-27,17.400989532470703,18.099148779745093,17.188956353196915,17.954991962769792,7834500,-0.010331437155531531,18.62765188217163,1.4083665343695744,-0.8709823187115253,False
2020-10-28,15.669164657592772,16.567076498890486,15.605813999599174,16.55673413823594,15634500,-0.09952450529587986,18.59274387359619,1.47444238340096,-1.9828372060628574,False
2020-10-29,16.91680908203125,17.35445275267194,15.642667486048678,15.77389456034206,10749000,0.0796241823800039,18.569407272338868,1.4980921314776874,-1.1031352181774887,False
2020-10-30,16.093238830566406,16.66340421058653,15.52178250447984,16.3828453802878,11187000,-0.04868354590226043,18.582368564605712,1.474109704509392,-1.6885647834926432,False
2020-11-02,16.352458953857422,16.872199605829877,15.925805103279986,16.622026168435454,10897500,0.016107393049972663,18.53100872039795,1.5348617509336724,-1.4193784979105075,False
2020-11-03,17.325359344482422,17.70546892802239,16.770063965512836,16.807556880969273,12472500,0.059495663213115835,18.54312973022461,1.5237412034807392,-0.7991976478422909,False
2020-11-04,19.141216278076172,19.36294633180656,17.728735153979333,18.388108662664543,17590500,0.10480919313064896,18.594521903991698,1.5258155927761659,0.3582964918386917,False
2020-11-05,21.665584564208984,21.808450453570313,20.679758881625773,20.68622100804563,20565000,0.13188128954084055,18.74068307876587,1.6735788771709577,1.747692639612787,False
2020-11-06,22.780052185058594,22.96170375383595,21.268665709304216,21.47746597309448,15370500,0.05143953617068253,18.89340524673462,1.8931511150278488,2.0530040668553817,False
2020-11-09,21.90993881225586,24.822171390475734,21.869860316747108,24.204816449758873,16741500,-0.038196285317267265,18.959794902801512,1.9769178626514177,1.4922946295288417,False
2020-11-10,19.939577102661133,21.61645435453686,19.7876635115771,21.32878618580108,16570500,-0.08993004163446394,18.928894901275633,1.9553415286459392,0.5168826962343454,False
2020-11-11,22.112276077270508,22.21699986873579,20.847182788577467,20.877566244879528,11782500,0.1089641451984158,19.022919940948487,2.0635107238070645,1.4971359735036063,False
2020-11-12,21.25638771057129,22.39283613320431,20.9260553996647,22.149773976448667,11928000,-0.03870647977206643,19.082134342193605,2.111633526729886,1.0296546919032739,False
2020-11-13,22.04505157470703,22.60487265264004,21.60288412162207,21.972649486299975,10963500,0.03710244068156143,19.195100688934325,2.209424051919108,1.2899066991224415,False
2020-11-16,23.67085647583008,23.705118323089312,22.39930083856807,22.564144249330184,12468000,0.07374919925287848,19.405292224884032,2.42600359231363,1.7582679038319429,False
2020-11-17,23.094226837158203,23.481445781346807,22.57513169782512,23.423266303748637,9009000,-0.024360320010417214,19.589755249023437,2.5624010275151576,1.3676514919029534,False
2020-11-18,22.604219436645508,23.712226145419404,22.5667265316079,23.193131030778524,10455000,-0.02121774432925727,19.77021026611328,2.6441017120450367,1.07182305341057,False
2020-11-19,23.65340232849121,23.66568480746347,21.992687625349348,22.528589142754463,8220000,0.046415355981936246,19.999794960021973,2.775430042978987,1.3164112630803932,False
2020-11-20,23.2694149017334,24.220980606493313,23.18279207427896,23.63142345303938,11338500,-0.016233919392445673,20.224143409729002,2.852137313591192,1.0677155961225528,False
2020-11-23,24.32246971130371,24.52480786722746,23.35345041788699,23.69283410328729,11436000,0.045254889906658935,20.56113471984863,2.9209456988974263,1.2877113713119954,False
2020-11-24,24.715505599975582,24.791140576870767,23.571946177942117,24.75881700452214,9943500,0.016159374164590234,20.926860523223876,2.9620736360430975,1.2790516179782716,False
2020-11-25,24.45111656188965,25.076875725284463,24.156338888656563,24.597213527950657,6964500,-0.010697294336806773,21.36595811843872,2.7874210409361604,1.106814649865301,False
2020-11-27,25.292789459228516,25.798309454515095,24.94047774176665,24.941123214725444,8937000,0.03442267739423932,21.784757137298584,2.7119795643976907,1.293531989688513,False
2020-11-30,26.24370384216309,26.327095600295703,24.50218305694725,25.440173419259526,10632000,0.03759626372834157,22.292280387878417,2.5348005016472897,1.5588696040247596,False
2020-12-01,27.636146545410156,28.055041764245047,26.6981543118004,26.90437085810169,12735000,0.05305816250715223,22.856464767456053,2.395043177703813,1.995655787106311,False
2020-12-02,27.846240997314453,28.2192392326123,27.215312547739064,27.362700448972333,7210500,0.00760216159510807,23.382508850097658,2.2683021325329054,1.967873716290324,False
2020-12-03,27.88825798034668,28.78552247516956,27.765433203423708,28.34464607329383,7801500,0.0015088924582775665,23.81986093521118,2.250688460061264,1.807623363841638,False
2020-12-04,30.209646224975582,30.247139139962744,28.099650686498183,28.348531363840173,10473000,0.08323891174073417,24.24706401824951,2.603487258763042,2.290229071279953,False
2020-12-07,30.6046199798584,30.773341774811264,29.75713077000965,30.773341774811264,8889000,0.013074425034354631,24.638292407989503,2.9378650792332404,2.0308378400501836,False
2020-12-08,30.99054718017578,31.29437810491434,30.09974652776567,30.496664258242166,6286500,0.01261009614141173,25.092322826385498,3.1852813490756846,1.851712206051076,False
2020-12-09,28.34012794494629,31.185773862774106,27.74992342361601,30.647934024655388,19231500,-0.08552347332947152,25.512350368499757,3.0196140835223018,0.9364698594689302,False
2020-12-10,28.285175323486328,28.91739837276329,27.2806013877646,27.751859423337116,11490000,-0.0019390392861567962,25.820995330810547,2.9688393429848565,0.8300145976232943,False
2020-12-11,27.30904769897461,27.983934909965015,26.4395790811104,27.551464379852145,13248000,-0.03451022004806881,26.123628330230712,2.7816414722391234,0.4261582164971377,False
2020-12-14,28.33754539489746,28.782943943036702,27.92640500135865,28.10934942831192,10854000,0.03766142661801686,26.438253021240236,2.6487327935031426,0.7170569935615408,False
2020-12-15,29.519241333007812,29.75648498465845,28.848232504129136,29.362802009095365,7351500,0.041700716192699216,26.73067226409912,2.6499627393807246,1.0523050107339846,False
2020-12-16,29.45395278930664,29.79010362695251,28.795224540574473,29.77846661919766,6372000,-0.002211728376235955,27.048658561706542,2.5710325966587164,0.935536263027544,False
2020-12-17,29.611682891845703,30.050619253453966,29.265189715037657,29.98144823307647,6106500,0.005355142098154131,27.399031734466554,2.405638016096284,0.919777265978569,False
2020-12-18,29.225107192993164,29.930377823593297,28.66076048424907,29.801089058338604,8797500,-0.013054837182488899,27.67761697769165,2.2677070288328016,0.682403059842353,False
2020-12-21,28.64977264404297,28.793284014981907,27.312280697554176,28.1203350700195,11620500,-0.019686310991123945,27.94663486480713,2.0231923293478977,0.3475387727782011,False
2020-12-22,28.54380798339844,28.91943690179167,27.88565321679986,28.80306268832024,6235500,-0.0036986213454842654,28.157701778411866,1.8368149587696423,0.2102041923946446,False
2020-12-23,27.950952529907227,28.898748995663105,27.91345345154275,28.728067426281086,4338000,-0.020770019677683882,28.319474124908446,1.6507497426055642,-0.2232449810469394,False
2020-12-24,28.75780487060547,28.7642714403435,28.152017135464146,28.28520146637018,2637000,0.028866720725704065,28.534808540344237,1.377929127720132,0.16183439755729162,False
2020-12-28,28.59423828125,29.804522777884557,28.480451798509396,29.696553618900683,7542000,-0.005687728604162556,28.69988098144531,1.1476050782054594,-0.09205492568968707,False
2020-12-29,28.374418258666992,28.96404322953137,27.429207813854564,28.96404322953137,7833000,-0.007687563502160155,28.806416702270507,0.9965486108799162,-0.4334946021570147,False
2020-12-30,29.841371536254883,29.957743895863462,28.705437912683312,28.775262438271643,7807500,0.05169985386889153,28.916677951812744,0.9821437869976767,0.9415053036876015,False
2020-12-31,30.158811569213867,30.24091813573896,29.265322544443197,29.84460398740192,5871000,0.010637581874322288,29.032306480407716,0.9856118448602159,1.1429500311716707,False
2021-01-04,29.742454528808594,32.63756718001236,29.026113568999214,30.7148206120091,17731500,-0.013805485652169769,29.125016307830812,0.9591867307361504,0.6437101360898877,False
2021-01-05,31.46542739868164,31.52296803436253,29.52393221461574,29.52393221461574,8538000,0.05792974712978616,29.187805366516113,1.0687670516506447,2.131074333408652,False
2021-01-06,31.233976364135746,33.12827832238729,30.338548701507793,30.57517413462659,16782000,-0.007355725114211897,29.219273185729982,1.1206822365999862,1.7977470442630807,False
2021-01-07,34.67604064941406,35.02968580703684,32.59942089430494,32.629160456228995,10443000,0.11020256419322427,29.403547859191896,1.6193306173412279,3.2559705434823742,False
2021-01-08,34.70513153076172,36.79532804550842,33.58277478498826,36.373795019304666,13090500,0.0008389331885314544,29.721798038482667,1.9837851286603538,2.5120328912054535,False
2021-01-11,35.969078063964844,36.72938465215826,33.87823402158027,33.90862098113876,9625500,0.03641958631053721,30.10599317550659,2.3928090750421185,2.4502936525995294,False
2021-01-12,36.675724029541016,37.587314302581824,35.59668363325723,36.527022519425365,10501500,0.019645929326282063,30.574326992034912,2.711931709512752,2.249834321455805,False
2021-01-13,36.77334976196289,37.756704955105086,36.269711970144634,37.45348644497881,6897000,0.002661862444576224,30.996117210388185,2.9877244462438353,1.9336564182944775,False
2021-01-14,39.16611099243164,40.35506085489158,38.03470546132892,38.03470546132892,11373000,0.06506780714722216,31.478460693359374,3.475614154718582,2.211882549918643,False
2021-01-15,36.6808967590332,39.09499532774167,35.983946273253544,38.9773318698436,16302000,-0.06345317853689059,31.8398078918457,3.6264616226019957,1.3349345370195886,False
2021-01-19,40.40742492675781,40.53220233097188,38.22024857253293,38.3198144967233,13351500,0.10159315875522856,32.37959499359131,4.055440611021784,1.9795210195776625,False
2021-01-20,40.07059097290039,42.206042427165336,39.71371253505297,41.85886384382077,11220000,-0.008335942081633907,32.92186918258667,4.327420359506678,1.6519591803946383,False
2021-01-21,41.85433578491211,42.20474762228314,39.85529657159434,41.10760612849822,11056500,0.04451506126321081,33.582097339630124,4.637518045188602,1.7837641524358885,False
2021-01-22,39.5572624206543,41.19230962679484,39.5417433912301,40.730693414499065,12573000,-0.0548825664337953,34.13277006149292,4.661591821785697,1.163656657755899,False
2021-01-25,39.727294921875,40.86646197528972,37.459955464782354,40.743623030299794,12499500,0.0042983889889185445,34.72158718109131,4.5827368078981,1.0922965796675523,False
2021-01-26,37.8750114440918,39.80616287060835,37.82135149604112,39.80616287060835,7641000,-0.04662495851846393,35.17744750976563,4.408420583080646,0.6119116548632675,False
2021-01-27,32.142333984375,35.928995334980414,31.555292989810972,35.752496448188026,25056000,-0.15135777498520198,35.354852294921876,4.195819284647156,-0.7656474439453916,False
2021-01-28,34.07218551635742,35.47125435233778,33.14055195367166,33.94288373190903,16110000,0.060040802666059045,35.6397406578064,3.8783382026130564,-0.40418216760797876,False
2021-01-29,32.391239166259766,34.73875188360164,31.906350034686852,34.269378079618264,15256500,-0.049334855531667166,35.76723403930664,3.716217823252993,-0.908449136625608,False
2021-02-01,36.21928024291992,36.39319323941633,33.58988709259791,34.025640679148125,13749000,0.11818137172867482,36.07025747299194,3.4740292277299147,0.0428962337848146,False
2021-02-02,37.86790084838867,37.97651553719149,36.33435836704491,37.95000926180756,10789500,0.04551776276092667,36.47652978897095,3.1555964498964824,0.4409217342931682,False
2021-02-03,35.52556610107422,38.59394236760116,35.466086976896065,38.273917451860406,14184000,-0.06185541566437591,36.679536724090575,2.9394498106116127,-0.3925804818474682,False
2021-02-04,36.403526306152344,36.47076677569819,34.45556516816487,35.23850082473087,8400000,0.02471347543288216,36.93801422119141,2.648264380780834,-0.20182573874345314,False
2021-02-05,35.61284637451172,37.174833732422705,35.479663891973566,37.174833732422705,8242500,-0.02171987199786729,36.984854507446286,2.614216653465424,-0.5248257182953157,False
2021-02-08,38.920433044433594,38.920433044433594,36.31366929101758,36.32918831830599,17278500,0.0928762232352518,37.19561958312988,2.5905631839806937,0.6658063667273074,False
2021-02-09,38.42455291748047,39.31480858272119,37.86337088755007,38.43877345028018,8659500,-0.012740868694523622,37.318393325805665,2.587558692931659,0.4274915945661289,False
2021-02-10,38.787899017333984,40.063481708120506,37.21685919492788,39.437652407090205,15432000,0.00945609180239071,37.42400207519531,2.6030053358628384,0.5239700907822272,False
2021-02-11,42.82992935180664,42.82992935180664,39.649058053799294,39.649058053799294,20781000,0.10420854021163417,37.7268310546875,2.8626790200326617,1.782630277934868,False
2021-02-12,44.38868713378906,44.62272662362639,41.70434326715369,42.17371334100438,15841500,0.03639412451929891,37.98795986175537,3.217131174336148,1.9895760928537443,False
2021-02-16,45.17422103881836,46.4064875267737,44.42619638501961,45.90607926546245,14367000,0.01769671408982365,38.412626075744626,3.5760595393401657,1.8907948507818593,False
2021-02-17,42.68059158325195,44.35895510651372,40.865168586494704,43.7370027514432,19341000,-0.05520027569315744,38.52628440856934,3.6774832464756257,1.129660394418917,False
2021-02-18,41.39531326293945,41.95843019563563,39.78095692319105,40.92788159390583,15594000,-0.03011388250805902,38.592520523071286,3.7184637240847853,0.7537501903579845,False
2021-02-19,44.41455078125,45.11214488884304,42.886823791966705,43.29542736295536,23602500,0.07293669935851455,38.72053127288818,3.877338610864772,1.468538108177214,False
2021-02-22,39.57342147827149,43.577959598286306,38.965693382840925,42.67347957225646,22419000,-0.10899872266685706,38.72133922576904,3.8775238232380382,0.21974906959846674,False
2021-02-23,38.77044677734375,39.51264846968286,34.00947893871341,37.33323307694272,27033000,-0.020290757557281935,38.67349681854248,3.8703550480836215,0.025049370819163527,False
2021-02-24,42.42327117919922,42.50860917340338,36.91622189126157,37.80453906311348,17964000,0.09421672189731045,38.90090980529785,3.9536938843915546,0.8909039184361222,False
2021-02-25,35.124080657958984,41.70952439498906,34.62432351628523,40.79599182387095,35817000,-0.17205628699418019,39.04999713897705,3.735630447163909,-1.050938131205837,False
2021-02-26,37.54076385498047,38.500845983173974,34.72129508658075,36.796620020906495,29536500,0.06880416944020062,39.223426055908206,3.5691764248947178,-0.4714427085170977,False
2021-03-01,41.271827697753906,41.271827697753906,38.354734843272254,39.36524375489514,24520500,0.09938699854873745,39.66745548248291,3.208666846021618,0.5000120898373223,False
2021-03-02,37.38495635986328,41.69077479811848,37.28798000019903,41.64228291887536,19687700,-0.09417734941024081,39.725739288330075,3.1528371965242554,-0.7424369805860307,False
2021-03-03,33.951927185058594,37.811646997949474,33.76767069124103,37.72436682731808,21749000,-0.09182916095337235,39.529940605163574,3.387172904513337,-1.6468050428345107,False
2021-03-04,29.07395362854004,34.12649779463628,27.5804959755902,33.77738070647453,34294300,-0.14367295057893592,39.20735998153687,4.034048173967037,-2.511969593816663,True
2021-03-05,31.760238647460938,31.963891198257883,26.891951241386515,31.24625734323707,30945800,0.09239489933986644,38.9751955986023,4.326889460102703,-1.6674696725370253,False
2021-03-08,26.68830108642578,31.93480190050988,26.66890507516908,31.72144947609705,28761200,-0.15969456707595087,38.528968334198,5.085570322608162,-2.3282869956854055,True
2021-03-09,31.46930503845215,32.08026637345808,29.093347579571702,29.423072333449937,19994900,0.1791423117021893,38.15641193389892,5.32277687925119,-1.2563192196753359,False
2021-03-10,29.79159164428711,33.156722010825696,29.694615284500134,33.156722010825696,19953500,-0.05331269286420692,37.72476387023926,5.640450888531276,-1.406478379606613,False
2021-03-11,33.42825698852539,33.98103028725451,31.857213582169617,32.29361452837956,19094300,0.12207019308200184,37.45678176879883,5.714121312947377,-0.7050121199116614,False
2021-03-12,32.409996032714844,32.574860303130315,30.887445917474647,31.53719759324773,17047600,-0.03046108435028716,36.935785102844235,5.6733126218562315,-0.7977330656332868,False
2021-03-15,34.49501419067383,34.55320222106155,32.177244621684466,32.7785061380482,15325300,0.06433256443025637,36.441101455688475,5.414699397539219,-0.35940818171717376,False
2021-03-16,35.862403869628906,37.42374764554841,35.135070088256036,35.71693933300088,27404900,0.0396402121012831,35.975510597229004,5.009425001365262,-0.0225787845050623,False
2021-03-17,37.25887680053711,37.96681814453103,33.467044173054035,34.21377383363386,21743500,0.03893974692786406,35.70442485809326,4.768380538644647,0.32599158767762304,False
2021-03-18,32.69123458862305,35.80422289920705,32.43909378907597,35.64905847654462,25749000,-0.12259205333447454,35.26922092437744,4.616427541943967,-0.5584375173944162,False
2021-03-19,33.69979476928711,34.57259668911918,31.401421312943334,32.982157224157355,20615000,0.030851088781304492,34.733483123779294,4.09108402952361,-0.2526685707339415,False
2021-03-22,35.881805419921875,37.04554038963948,34.54351001977606,34.85383885177922,23763800,0.06474848483716511,34.548902320861814,3.9417778620437103,0.3381476952049717,False
2021-03-23,33.015830993652344,36.38241865042889,32.51132767757841,36.25629189615765,26947000,-0.07987263719674254,34.26117153167725,3.8257282176807967,-0.32551725244608354,False
2021-03-24,31.61875343322754,35.053255292000024,31.57994462441377,34.568156284863065,26195900,-0.0423153838137047,33.72094564437866,3.3451721227087523,-0.6284257234120648,False
2021-03-25,31.83219337463379,32.19116554943387,29.202956190653392,30.008220346900888,30291400,0.006750422399067535,33.556351280212404,3.3534752222310424,-0.5141406425634912,False
2021-03-26,36.56675338745117,36.61526623777938,31.73516883542816,31.83219083507372,35670300,0.14873496014227605,33.507650756835936,3.299199805040356,0.9272256339072549,False
2021-03-29,34.7233772277832,35.8099976360458,33.47182128287658,35.29579402964673,28422700,-0.05041126129345053,33.1802282333374,2.77072197338703,0.5569483366674283,False
2021-03-30,34.461429595947266,34.71367941962717,33.25838258044533,34.07334895842761,17926000,-0.007543840857344497,33.0340518951416,2.6096530592053138,0.5469607140959674,False
2021-03-31,37.07126235961914,37.81831521674375,35.26669360098197,35.344311212584664,25362500,0.07573199354384297,33.19001865386963,2.7564809124092844,1.4080430190090218,False
2021-04-01,41.146087646484375,41.17519239552181,38.85642029659856,38.85642029659856,27795500,0.10991870865729791,33.793625354766846,3.1071714580458605,2.366287921665445,False
2021-04-05,43.65890121459961,43.94995981582809,41.63118765459221,43.20290706203474,26445800,0.061070534571953106,34.38855848312378,3.7665136236733474,2.461252940440659,False
2021-04-06,42.08718490600586,43.62979967721042,40.8162243558148,42.80512926183045,17961500,-0.035999905285480804,35.158502674102785,3.6825654412184474,1.8814824454580736,False
2021-04-07,42.08718490600586,42.68870655296911,41.07817822651118,42.679006202652,12421800,0.0,35.689396667480466,3.88264672329247,1.6477904621464228,False
2021-04-08,43.455169677734375,43.658910371223946,42.30063167927008,43.41636086916159,12957100,0.03250359402235303,36.37257556915283,3.990860770503684,1.7747033825205725,False
2021-04-09,43.1544075012207,43.17381190574919,41.84464165414761,42.5237810085977,10748500,-0.0069212058943536325,36.8588830947876,4.200292949446111,1.498829839300444,False
2021-04-12,41.80582809448242,42.48496737175847,40.55427190220373,42.417053814132,14926000,-0.03125009668363854,37.328674697875975,4.2019565749306045,1.0654925430019198,False
2021-04-13,41.417747497558594,42.81483485836064,40.331126873276915,42.688708093619056,14056400,-0.009282930505449039,37.674811363220215,4.241195305469307,0.8825191637630105,False
2021-04-14,40.04006576538086,42.17450177834225,39.41913973273997,41.12668632250242,12838600,-0.033263077193151136,37.88369445800781,4.250102037672412,0.5073693027271403,False
2021-04-15,42.17449951171875,42.35883576118609,40.37963136275516,41.08787531198555,13642000,0.05330744856526559,38.129475593566895,4.352956786114629,0.9292589191454783,False
2021-04-16,41.47595977783203,42.33943530736077,41.214005903534904,42.213308545437435,11016200,-0.016563082952356534,38.568711853027345,4.216398713975275,0.6895097266699655,False
2021-04-19,38.41983795166016,41.02967284738466,37.11007217869892,40.525169461226064,20268200,-0.07368417373683767,38.80471401214599,4.0586763053269905,-0.09482797629874601,False
2021-04-20,36.58616256713867,38.35192248025411,35.936131739139746,37.84741911921951,13892000,-0.04772730657606161,38.839931869506835,4.034965489992233,-0.5585597467829895,False
2021-04-21,39.53555679321289,39.5549611915885,36.22718274088875,36.79959953943213,15160200,0.08061501997269693,39.16591815948486,3.7959561960232335,0.09737694921645186,False
2021-04-22,36.84811782836914,39.39973948225767,36.1592781696538,39.16689034498172,20962100,-0.06797524008325351,39.427386379241945,3.409133056729379,-0.7565760878066982,False
2021-04-23,38.95343780517578,39.36091904877558,37.158569900862766,37.17797429832138,13212600,0.05713507502914483,39.78344860076904,2.9093645547189917,-0.2852893750447953,False
2021-04-26,40.95206069946289,41.1946102231996,38.80792379787328,38.895241774458974,13528500,0.051307997622267676,40.002713966369626,2.8179931293446736,0.33688752580955933,False
2021-04-27,40.10798263549805,41.63119309184355,39.73930638525177,41.505066324467734,12557200,-0.020611369722254635,40.271944236755374,2.5295163526392077,-0.06481934820712083,False
2021-04-28,38.24519729614258,39.477349004146134,38.13847864197845,39.46764865413524,12753600,-0.04644425415968911,40.46113262176514,2.190894847904317,-1.011429337990454,False
2021-04-29,39.10867691040039,39.99155681138036,37.33321305731356,39.9721524101377,14812500,0.022577465284638665,40.563003349304196,2.0689527939888936,-0.702928768181268,False
2021-04-30,35.80030059814453,38.00264636557118,35.47043319536069,37.207084459035606,19385800,-0.08459443207029194,40.29571399688721,2.319768884260835,-1.9378712376233478,False
2021-05-03,34.548736572265625,36.66376760231517,34.034533036862506,36.59585406748872,13899900,-0.034959595449424063,39.84020576477051,2.511156078053072,-2.10718451105095,True
2021-05-04,32.95762252807617,33.42331705731372,31.046331557258863,33.38450825462448,24428000,-0.04605418901097347,39.383727645874025,2.883398793153011,-2.2286563804692707,True
2021-05-05,33.52033233642578,34.723379204089596,32.74417485777693,34.02483562280023,16034800,0.0170737378847714,38.95538501739502,3.089600201157209,-1.7591443316625683,False
2021-05-06,34.345008850097656,34.345008850097656,32.171763817468644,33.18077057193967,15387300,0.024602277369897063,38.499876976013184,3.062719066760867,-1.356594593022767,False
2021-05-07,35.82940673828125,36.43092836634054,34.83980449153213,35.421921718555815,16784600,0.04322019233311014,38.13362693786621,2.9110378744917274,-0.7915459361679662,False
2021-05-10,30.97842025756836,34.92712554380044,30.929909250676328,34.92712554380044,25439800,-0.13539120298997154,37.59225654602051,3.185980572078434,-2.0759185873307096,True
2021-05-11,31.153057098388672,31.347097430657165,27.83498000003659,28.155145252925575,29951300,0.005637370768693417,37.07902202606201,3.359352122407136,-1.764020177624936,False
2021-05-12,27.29166603088379,29.64924721689033,26.981202999896293,29.202957072472213,34045700,-0.12394902546192188,36.441602039337155,3.929096317186025,-2.3287634788771094,True
2021-05-13,28.45589828491211,29.591029660669474,27.45659399412401,28.649938563872695,25520000,0.042658892744431576,35.755671977996826,4.0705198786574455,-1.793327120537821,False
2021-05-14,30.97842025756836,31.706068706397534,28.69845474780247,29.581334717674743,21881300,0.08864671736592977,35.230795001983644,3.969648229521906,-1.0712220576097315,False
2021-05-17,30.173154830932617,30.173154830932617,28.552924276218224,30.056730269594393,19224800,-0.025994399325091733,34.818460845947264,4.048478429556134,-1.147420221162929,False
2021-05-18,29.387290954589844,31.12394582826529,29.31937555715958,30.76496999336429,15262600,-0.026045134515968127,34.45851726531983,4.200219440921674,-1.2073717533237216,False
2021-05-19,31.094839096069336,31.211261797082766,27.37898155470984,27.61182880724217,29208700,0.05810498640783357,34.03648138046265,4.0857308718230545,-0.7199794545157471,False
2021-05-20,33.6076545715332,33.937522004667656,31.696363529459045,31.773981137731276,28593200,0.08081133553064457,33.87445821762085,4.032266576879082,-0.06616716454648376,False
2021-05-21,33.12255096435547,34.28678901761622,32.80238762778994,34.24798021893835,25100300,-0.01443431900745118,33.582913875579834,3.8525020577370634,-0.11949712273347354,False
2021-05-24,35.44133377075195,36.0331551765628,33.869613957672485,33.95693193067756,21577500,0.07000616615827138,33.30737752914429,3.476421814567256,0.6138369724484362,False
2021-05-25,35.83910369873047,36.6249652117978,35.159968231770605,36.217483931621885,19468200,0.011223334046947642,33.09393358230591,3.152900963603509,0.8706807312104897,False
2021-05-26,36.07195281982422,36.557051697227976,35.11145541412006,35.9264216761988,13436700,0.006497068761850633,32.98527135848999,2.999752940628639,1.0289785600434727,False
2021-05-27,36.731693267822266,37.11977020913477,35.615964196899796,35.780899765241365,16449400,0.01828956838830953,32.866422176361084,2.783682863431643,1.3885457794916294,False
2021-05-28,37.624271392822266,38.09966996718776,36.751095549493094,36.935431808404445,15891400,0.024299944968284803,32.95762071609497,2.9117914407934204,1.6026733959543817,False
2021-06-01,37.19739532470703,39.331831886210075,36.61527794475713,38.34222937948561,18159400,-0.01134576304902668,33.09005365371704,3.0451456442880933,1.3488161653923847,False
2021-06-02,38.02205657958984,38.40043689144184,36.780204379700685,37.12947623617238,12370500,0.022169865596343374,33.34327535629272,3.2380144837968112,1.4449537661767646,False
2021-06-03,36.01374053955078,37.13916981575515,35.431623352242276,36.70258377577919,16945800,-0.052819763597877434,33.46794576644898,3.292728823888763,0.7731565243490599,False
2021-06-04,38.5556640625,38.798213524213985,36.91602733266637,36.94513578475958,15960500,0.07058204687618175,33.67847852706909,3.480988637450089,1.4010920584341726,False
2021-06-07,37.75039291381836,38.264596518052805,37.013044279425365,38.08996063340515,11453800,-0.020885936431448093,33.774527835845944,3.5688553464659476,1.114044894509246,False
2021-06-08,37.03245162963867,38.7788107898457,36.18838050287943,38.6138752242656,13475800,-0.019018114217213555,34.07722940444946,3.575951299710563,0.8264156800536981,False
2021-06-09,36.57646179199219,37.730995967628914,36.49884418303612,37.41083258321339,11721000,-0.012313250070690285,34.34839963912964,3.548059804782942,0.6279663465252255,False
2021-06-10,37.87651824951172,38.19668155882899,36.401817334357446,36.673471499961245,17601900,0.03554352700687291,34.87764225006104,3.2137370939754266,0.9331429148552538,False
2021-06-11,38.31311798095703,38.31311798095703,37.42053395857567,37.88622852203105,7971500,0.011526923582817483,35.37050323486328,2.919440059971147,1.0079380585477185,False
2021-06-14,39.94303512573242,39.94303512573242,37.89592121093087,38.62356944208615,18513300,0.042542012518676176,35.81873397827148,2.8977206472308183,1.423291493402683,False
2021-06-15,38.846717834472656,40.36022391827639,38.55565925689583,39.58406647773465,13301400,-0.02744702018283751,36.25241212844848,2.646482288903281,0.9802845524045692,False
2021-06-16,38.01234436035156,39.67138145960022,36.93542437280093,39.28330461880499,18089300,-0.021478609278559713,36.68366479873657,2.1191035470665778,0.6270007727816077,False
2021-06-17,39.10867691040039,39.94304395776816,37.49814861737062,37.53695371884483,18466200,0.028841487377251784,37.084356689453124,1.7283400646408913,1.1712511110293988,False
2021-06-18,36.207786560058594,38.40043596099784,35.654774034381745,38.11907767221169,21346600,-0.07417510842895192,37.2143632888794,1.5406579499975916,-0.6533421184256876,False
2021-06-21,36.98394012451172,37.022748925829696,35.49953863370365,36.43092765926907,12722000,0.021436095331751392,37.40743274688721,1.2066386953710309,-0.35096887245545433,False
2021-06-22,37.44963836669922,37.67278714599424,36.28540381930819,36.77050278105825,10500400,0.012591904502864182,37.50784797668457,1.1144536930486506,-0.052231519666033635,False
2021-06-23,37.8862190246582,38.448935460902995,37.44962932429767,37.44962932429767,8615400,0.011657807044331836,37.61020374298096,1.0449642847561662,0.2641384836819107,False
2021-06-24,39.85572814941406,40.00125560154213,38.69149002733469,38.69149002733469,12716800,0.05198484239015788,37.799392509460446,1.0932176780870009,1.8809937683700428,False
2021-06-25,39.448246002197266,40.44754864312563,39.08927381970058,39.94304529693534,9244100,-0.010223929310466895,37.9352201461792,1.121960834618529,1.3485549667448975,False
2021-06-28,42.34914016723633,42.76632556378316,40.21470402930142,40.26321318450218,18209300,0.07353670844775917,38.171463584899904,1.4900884423105656,2.8036433702273555,False
2021-06-29,43.30963516235352,43.35814431882968,41.60208842771728,42.01927383523282,13090200,0.022680389526781752,38.47707557678223,1.8605450834639279,2.5973891353248626,False
2021-06-30,43.21261215209961,43.396948407075854,42.36853737691916,43.04767659679581,9830900,-0.002240217676510281,38.736603355407716,2.135441568477249,2.09605772537418,False
2021-07-01,41.30132293701172,43.047678358885285,40.87443720753498,42.83423734465249,11578200,-0.04422989307752423,39.000982475280765,2.107729901214753,1.0913829425702,False
2021-07-02,42.02896881103515,42.3976450149245,40.9908574509615,42.27151826340771,10933300,0.017617979819512186,39.17464771270752,2.2097294649841537,1.2917061312517275,False
2021-07-06,41.75731658935547,42.824532750011066,40.127383896019246,42.3394338222565,10020300,-0.006463451980015189,39.374993896484376,2.254983799534896,1.0564699814528429,False
2021-07-07,40.01095962524414,42.60138602168454,39.47734786476904,42.49466366958952,10623800,-0.04182158018641691,39.52391929626465,2.1895380362236923,0.22243976625292627,False
2021-07-08,38.59446716308594,39.17658806163227,36.6346671699006,37.40112431743063,14764300,-0.0354026115700683,39.62481956481933,2.090834858109452,-0.492794731127186,False
2021-07-09,40.52516174316406,40.69009358939463,38.0802628917268,38.98254712384094,9799600,0.05002516479680175,39.75725173950195,2.057892516821422,0.3731536012620364,False
2021-07-12,42.03868103027344,42.03868103027344,40.56397962917633,40.90354744807529,9021800,0.03734764334073715,39.94352989196777,2.0886777093793065,1.003099295260964,False
2021-07-13,41.349830627441406,42.02896985109287,40.84532730990064,41.47595738207936,9289300,-0.016386108839522517,40.01386966705322,2.1122156580250824,0.6324926885720116,False
2021-07-14,40.903533935546875,43.45515486366648,40.61247537249763,42.24240776678592,15361500,-0.010793192744019353,40.11671047210693,2.1024469355688793,0.3742417704478453,False
2021-07-15,38.24519729614258,40.554269204897885,37.40112620677407,40.54456885488699,14968000,-0.06499039040472954,40.128353118896484,2.0907927611541197,-0.9006898520704665,False
2021-07-16,35.66447067260742,39.24450304100645,35.49953881766782,38.83701802707806,14425600,-0.06747844973976513,39.956142807006835,2.30959385955156,-1.8581934293991849,False
2021-07-19,35.742088317871094,35.82940627088669,33.67556589717598,34.16066481370462,17527800,0.002176329658056142,39.93285789489746,2.3513432786412642,-1.782287433355126,False
2021-07-20,37.19739532470703,37.91534354758981,34.78160042578965,36.13017889446153,12487200,0.04071689918879984,39.94353065490723,2.3376984899289868,-1.174717501863817,False
2021-07-21,40.6027717590332,40.6027717590332,37.449629273294335,37.517542815367875,12599700,0.0915487873438352,40.10118732452393,2.265877754230334,0.22136429627451482,False
2021-07-22,39.52587127685547,40.37964291970175,38.71090474431168,39.681102821101334,8148900,-0.02652283170638836,40.18316993713379,2.2105050501149472,-0.29735225451945557,False
2021-07-23,40.31172180175781,40.369935007828666,38.75940664998094,40.059471977473294,8740400,0.019881927950377687,40.205969619750974,2.2093012696574967,0.04786679999655878,False
2021-07-26,40.21470260620117,40.54457003130892,39.3706314923415,39.3706314923415,7703500,-0.0024067241789809124,40.244292449951175,2.2021017269424665,-0.013437092114308088,False
2021-07-27,37.98324203491211,39.63257519013592,35.61595724090138,39.58406604457238,17917400,-0.055488675202709725,40.02599754333496,2.198859752852222,-0.9290067298622009,False
2021-07-28,39.9527473449707,40.263210357671866,37.85712015873232,38.36162347962448,12983000,0.05185195377077956,39.85815315246582,2.058670429762035,0.04594916754879505,False
2021-07-29,42.15509414672851,42.38793954061968,40.001253897675745,40.001253897675745,15318400,0.055123788678203,39.805277252197264,1.9800582176910548,1.186741315753516,False
2021-07-30,43.06708526611328,43.173807629944626,40.81622637789146,40.932649092520485,13599200,0.021634185330257294,39.89356536865235,2.0867668692062797,1.5207831522972237,False
2021-08-02,43.862648010253906,45.49258084669037,43.54248461435287,43.843243607318776,17018600,0.018472639586004203,39.98524932861328,2.221460798968986,1.7454274608132576,False
2021-08-03,44.599998474121094,44.609698824638464,42.31033084685113,43.94026360860225,10801400,0.016810441168413126,40.127383422851565,2.422640130434416,1.8461739302846936,False
2021-08-04,46.191131591796875,46.71503944789951,44.677621241171046,44.78434362308217,13768900,0.03567563166171461,40.4363920211792,2.7754589938959837,2.0734370723091087,False
2021-08-05,45.76422882080078,46.75383102895075,45.05598486517609,46.73442662867201,8580700,-0.009242093802090512,40.794880104064944,2.9804906305601646,1.6672921786041244,False
2021-08-06,45.240325927734375,45.86125194785073,44.82314056402913,44.94926731843121,6202000,-0.01144786892657701,41.03063831329346,3.140237717207522,1.3405633565169741,False
2021-08-09,44.77462387084961,45.86124422302388,44.18280270104609,45.502272122048616,5943700,-0.010293958925686408,41.16743545532226,3.244329255676003,1.1118441228542129,False
2021-08-10,43.125301361083984,45.18212006194965,42.203612531121536,44.98807972390309,9994500,-0.0368360997185152,41.256208992004396,3.273740257157179,0.5709348397428005,False
2021-08-11,42.85363006591797,43.7753186089338,41.16548816280393,43.71710911635016,10016600,-0.006299580213743661,41.353713798522946,3.2916749919611865,0.4556696122971027,False
2021-08-12,41.349830627441406,42.203605757203555,40.321423292579595,42.14539255482965,9746100,-0.03509152984620911,41.50894546508789,3.209546316756562,-0.04957549196774933,False
2021-08-13,42.184207916259766,42.30063063810085,41.02967364722437,41.23341433569915,7655800,0.020178493506685102,41.83493232727051,2.9009554571265674,0.12040019026532026,False
2021-08-16,41.72820281982422,42.13568779174042,40.680391193916584,41.63118452704022,6658600,-0.010809853235617561,42.13423805236816,2.5234924988550476,-0.16090209609426923,False
2021-08-17,39.25421142578125,40.69980811967121,38.16759066790471,40.6804037149398,13983700,-0.0592882325827756,42.23707885742188,2.347483378925331,-1.2706660496170044,False
2021-08-18,37.507850646972656,39.739305075640814,37.43023673953781,39.08927425945528,10760100,-0.04448849474687511,42.08233280181885,2.553826839660687,-1.7912264386155408,False
2021-08-19,38.44894027709961,39.06016223315686,36.03314609983741,37.04215271128087,14855300,0.025090470765295914,42.028486251831055,2.6210349071312553,-1.3656994666466646,False
2021-08-20,39.22509765625,39.53556065859243,37.84741484497091,38.76910350236728,10732300,0.020186704069258266,41.974155044555665,2.669312207319263,-1.0298748047409894,False
2021-08-23,42.38794708251953,42.484969098079226,40.16619659086884,40.16619659086884,12229000,0.08063330916310862,42.082817268371585,2.6379689848231354,0.1156684615715465,False
2021-08-24,42.426753997802734,43.11559362302369,42.08718621100686,42.669303474374445,8557100,0.0009155176873194559,42.304992866516116,2.4553192780243984,0.04959075276946867,False
2021-08-25,43.445465087890625,44.289540009359214,42.795434206886625,42.86334777054341,10125800,0.024011054207461857,42.47962875366211,2.4028593319783966,0.40195292390807186,False
2021-08-26,43.34844970703125,43.979079927747506,42.407356402550285,43.1932181651489,9529400,-0.002233038147091082,42.539296531677245,2.409184713369016,0.33586182531537045,False
2021-08-27,45.89035415649414,46.08439445228487,43.3581373639016,43.51336886033202,12358300,0.058638877898569586,42.68045997619629,2.5218177714410697,1.2728493774011225,False
2021-08-30,46.31724548339844,47.539693106257374,45.725424221954704,46.35605058336991,10291100,0.0093024195334932,42.80318984985352,2.639369147258808,1.3313998298398475,False
2021-08-31,45.1627082824707,46.54039112669987,44.01787454607287,46.34635082034226,9620800,-0.02492672413651098,42.83132534027099,2.6624295819670274,0.8756599453335636,False
2021-09-01,44.590293884277344,45.890359197574035,44.46417082401787,45.82244564173856,7246900,-0.01267449229601525,42.75128345489502,2.5788576879823735,0.7131104744368882,False
2021-09-02,44.9201545715332,45.327639546402786,44.338037408588846,44.96866371827679,7168600,0.007397589442041497,42.70907974243164,2.533462074733959,0.8727483435226672,False
2021-09-03,45.83214569091797,46.4239632399458,44.5902899904887,44.76492589053327,7374000,0.020302492902878777,42.73867073059082,2.567806689872968,1.2047148924906754,False
2021-09-07,45.37614822387695,45.99707417819897,44.55147793372189,45.94856503195706,5660800,-0.009949293452594654,42.76874694824219,2.5962734781693717,1.0042860652234673,False
2021-09-08,43.61039352416992,44.98807267656637,42.45585572920648,44.72611881639006,11787400,-0.03891371940595634,42.79300155639648,2.602039237583796,0.3141351429167738,False
2021-09-09,44.19251251220703,44.88135211593384,43.55218206207865,43.57158646372026,8643000,0.013348170951827942,42.859945678710936,2.620836351781877,0.5084509883992177,False
2021-09-10,45.201515197753906,47.180719578192594,45.12389759804532,45.25002434706634,14399600,0.022831982799533357,43.052529907226564,2.645429097783436,0.812339023687289,False
2021-09-13,46.44336700439453,46.73442560014814,44.56118463091104,46.37545345541905,11356400,0.027473676517426382,43.265487861633304,2.7415360508991844,1.159160078058769,False
2021-09-14,46.44336700439453,47.51058679017224,45.73512306435676,46.95757434793712,10129200,0.0,43.50124607086182,2.8043988973253384,1.0491092891024618,False
2021-09-15,47.14190673828125,47.24862907822904,45.36644315771838,46.62770313781706,9321800,0.015040678119237594,43.895630836486816,2.7293215879901265,1.1894076227876806,False
2021-09-16,47.607608795166016,48.05389892347059,45.6187039181468,46.31724756315301,9094400,0.009878727635481921,44.40061874389649,2.3996657570573623,1.336431976760865,False
2021-09-17,45.35675811767578,47.20013586382561,44.60000483500946,47.190431810912976,14478900,-0.04727922141972363,44.74600963592529,1.9536113351850652,0.31262537780711386,False
2021-09-20,42.00956344604492,42.88274293493938,39.933340773574585,42.446153190492154,19454600,-0.07379704393657793,44.88523292541504,1.6081266300356978,-1.7882108446312353,False
2021-09-21,42.30062103271485,43.19320490017782,41.08787382763689,42.72751041754917,9972400,0.006928364943467047,44.880866622924806,1.6153662558327893,-1.5973130433381066,False
2021-09-22,44.881351470947266,45.1821141405532,42.698406281288115,43.13499605942217,11093200,0.06100928012939821,45.003596496582034,1.5088307374240624,-0.08101970791201549,False
2021-09-23,46.66651916503906,47.103108975728865,45.03658633913808,45.492580552637584,11819600,0.03977526601994996,45.164649200439456,1.5056667090456493,0.9974783632903398,False
2021-09-24,46.5209846496582,46.7926388458279,45.38585131378608,45.463468913269345,7465000,-0.0031186066152945058,45.3232759475708,1.470972268669161,0.8142292873889538,False
2021-09-27,46.26873016357422,46.74412869772266,44.202211585140965,45.13360055297095,10241300,-0.0054223806306695765,45.34219474792481,1.481048285364946,0.6255943339626521,False
2021-09-28,40.97145462036133,44.42536028683752,40.796818711881514,43.56188479547124,23988000,-0.11448932193482275,45.074905204772946,1.753197796755919,-2.340551985637079,True
2021-09-29,38.92433547973633,41.408043229872206,38.59446807308556,41.29162052782222,19889700,-0.049964521874887424,44.76298656463623,2.227534412011772,-2.6211272218357293,True
2021-09-30,38.846717834472656,40.69979534295819,38.807909037192914,39.83631995904235,14470200,-0.00199406474913566,44.475807762146,2.5914765270107254,-2.1721554754603587,True
2021-10-01,38.87582778930664,39.48705347479849,36.92573172741889,39.29301316341889,16368700,0.0007493542944354559,44.173591423034665,2.873974860780582,-1.8433576806893617,False
2021-10-04,35.91672134399414,38.34221573215411,35.4801316139232,38.13847509179124,20555400,-0.07611687296666247,43.67782020568848,3.3829620916030305,-2.2941725776231525,True
2021-10-05,37.498146057128906,38.2160903490331,36.14956802042346,36.47943541700429,15194100,0.04403031941553337,43.28392009735107,3.6248058123616684,-1.5961611020626127,False
2021-10-06,37.89593124389648,37.97354515124268,35.81970463246946,36.20778527223426,16403200,0.01060812943022671,42.9981969833374,3.817799113833622,-1.3364416480042376,False
2021-10-07,39.18629837036133,40.77742256895304,39.06987564146755,39.32212550423938,13234300,0.03405028149750722,42.74788627624512,3.898631904774562,-0.9135481350578387,False
2021-10-08,38.15788650512695,39.84602883703136,37.91533702172598,39.68109696480417,10297000,-0.02624416972265531,42.39570484161377,3.982557044267293,-1.0640948238486532,False
2021-10-11,37.2361946105957,39.18629066543296,37.21679020942679,37.6048671297718,9446400,-0.024154689343378832,41.93534622192383,4.0219975874232805,-1.1683626131508122,False
2021-10-12,35.945831298828125,38.138480615880496,35.38311844379561,38.04145860569471,19847400,-0.03465346889664178,41.410469436645506,4.087174755229058,-1.3370209166676863,False
2021-10-13,36.527950286865234,37.15857666451091,36.130169319084985,36.576459438836274,11660600,0.016194339287851856,40.879771614074706,3.9917795018975224,-1.0901958199697153,False
2021-10-14,39.82662582397461,39.85573427968621,38.16758818786311,38.4586468378984,14800900,0.09030551977879564,40.490722465515134,3.667567000526361,-0.18107280424467087,False
2021-10-15,40.593074798583984,41.02966453478864,40.0691671151384,40.77741104231005,10988500,0.01924463744422944,40.25253829956055,3.4850616958777043,0.09771319096767749,False
2021-10-18,41.58268737792969,41.68940975138961,39.23480626484648,39.913945613309146,8498200,0.024378852409086882,40.231194496154785,3.4750274024200687,0.38891574806969853,False
2021-10-19,43.10588836669922,43.15439751629067,41.35953307433076,41.82522757222829,11476200,0.03663065291874279,40.27145786285401,3.5048042920735365,0.8087271834993921,False
2021-10-20,42.882755279541016,43.396959070462664,42.32974267771647,42.81484171096691,9908200,-0.005176394585816757,40.171528053283694,3.3931622044825347,0.7990267080883008,False
2021-10-21,44.231319427490234,44.357446182271424,42.00956549801179,42.03867394973731,10019700,0.031447702908973474,40.04976806640625,3.1851458839998266,1.3128288352786202,False
2021-10-22,42.73720932006836,44.852240670210264,42.46555513964997,43.50366641597524,12691700,-0.03377946049905234,39.860579299926755,2.8781187238427415,0.9994827511148847,False
2021-10-25,43.71711349487305,44.30893103447336,42.84393400855974,43.27081970130689,9706700,0.02292859525445312,39.7329984664917,2.6244869323803997,1.5180548164390246,False
2021-10-26,43.620094299316406,45.06569071934186,43.2126129801884,44.648505349180674,12067800,-0.0022192498040388697,39.865430450439455,2.7539032325193764,1.363397160996845,False
2021-10-27,42.776023864746094,44.25072505845674,42.261820182436544,42.91185097320438,13076300,-0.019350495411091795,40.05801486968994,2.8185456904720603,0.9643302942521859,False
2021-10-28,45.59930038452149,45.69631869216918,44.21191711929451,44.47387099115672,15904400,0.06600137798460048,40.39564399719238,3.0599151387518098,1.7005884645061657,False
2021-10-29,46.22993469238281,46.22993469238281,44.26043029908813,44.60000180876519,12735000,0.013829911918459725,40.76334934234619,3.3001076111961996,1.6564869980270538,False
2021-11-01,48.4710807800293,48.4710807800293,46.0358859515613,46.3657533487453,14647400,0.04847824472518125,41.391067314147946,3.516593885705206,2.013315638937235,False
2021-11-02,50.27565383911133,50.27565383911133,48.3255577290048,48.33525807935864,12421100,0.03722989110293451,42.02994270324707,3.9107141973442197,2.1084923928892447,False
2021-11-03,52.07050704956055,52.2063378318888,49.887562297210955,50.51819226162722,11472200,0.03570024601157806,42.738671493530276,4.3785179949852004,2.131277196238133,False
2021-11-04,57.31929016113281,58.04693854110041,52.94369583036147,53.76836251392033,20539200,0.10080145957819253,43.64532108306885,5.369464313060576,2.546616995815332,False
2021-11-05,59.09474563598633,60.540341932272135,57.445408697576234,58.25067461789234,19536100,0.03097483360073805,44.69216403961182,6.217322872982064,2.3165246345757957,False
2021-11-08,61.6463737487793,62.78150348389021,59.657468849005134,60.249286442782875,15603900,0.043178595412028065,45.912672996520996,7.020675761781677,2.2410521844503286,False
2021-11-09,61.51054763793945,63.674084785098714,59.579852210543486,63.32481295292568,16385900,-0.002203310634188438,47.19090881347656,7.426077446960591,1.9282910697792086,False
2021-11-10,56.22296142578125,60.637360532332934,55.36918635320299,58.26037525926333,17648300,-0.08596226850851252,48.175659370422366,7.241221601577797,1.111318296571044,False
2021-11-11,59.80299377441406,60.14256523623257,57.60064425157555,58.910413545428064,13055700,0.06367562749889544,49.17447776794434,7.404857210101856,1.4353438162143204,False
2021-11-12,61.46202850341797,62.3352079946422,59.346997025573366,60.36570766567192,13052700,0.027741666834641077,50.217925453186034,7.599771674047764,1.4795316928571802,False
2021-11-15,61.31650161743164,62.810603414646486,59.434315519325416,62.80090676611527,11837400,-0.002367752733351991,51.204616165161134,7.700013484235493,1.3132295771913807,False
2021-11-16,64.17858123779297,64.45023541752201,60.161959531882985,60.52093535625136,12693000,0.04667715125397276,52.25825080871582,7.970489663360771,1.495558106533058,False
2021-11-17,62.597164154052734,64.1591833378391,61.8016058870876,64.03306027777761,11636600,-0.024640885685534353,53.243971252441405,7.969037850139994,1.1736916146592302,False
2021-11-18,65.95407104492188,66.84665153329321,64.06218028145581,65.84734866022266,14102700,0.053627140082699754,54.33010883331299,8.154206430805795,1.4255172848819095,False
2021-11-19,66.56526947021484,67.78772073074687,64.88682407429269,65.8376211440446,14527400,0.009267031065856024,55.52151184082031,8.111867790525546,1.3614321528136049,False
2021-11-22,63.48004913330078,70.32964396457366,63.28601251337553,67.46756310955205,16809800,-0.046348799628829984,56.509658622741696,7.795786298554653,0.894122830413066,False
2021-11-23,62.81060791015625,64.62488058828698,59.521637729358055,62.89792956733953,16233700,-0.010545694785755177,57.46918430328369,7.290436053251279,0.732661745862303,False
2021-11-24,64.88683319091797,64.90624129414142,59.38581284866066,61.11276763542983,14762200,0.033055328547870966,58.57472476959229,6.5876553451335775,0.9581722313369889,False
2021-11-26,59.541038513183594,63.043456897501365,58.06633739910645,61.21948027894622,14919700,-0.08238643211335839,59.27181167602539,5.837268544515563,0.04612205779210789,False
2021-11-29,66.37122344970703,66.63317355303025,61.33589537920305,62.04413920528528,18352700,0.11471390333595033,60.2788761138916,5.167855575781346,1.1788927237763045,False
2021-11-30,62.74268341064453,67.27350488796952,61.01573269094608,65.2748999969056,22246300,-0.054670380482168435,60.99245624542236,4.376313501816189,0.3999318523446318,False
2021-12-01,61.27769088745117,68.84523273871251,61.17096854079445,65.52715814817138,24798700,-0.0233492168896432,61.542558097839354,3.5767490493746097,-0.07405250039403628,False
2021-12-02,61.365013122558594,62.81060582552779,57.90140714437016,59.43431780061348,21014200,0.0014250248963820766,62.00728340148926,2.8009577354694666,-0.22930380947823065,False
2021-12-03,61.0545539855957,65.92494417414301,58.89101311829773,63.936042925486746,18842800,-0.0050592205748060115,62.194046592712404,2.5883821751515432,-0.4402335242669434,False
2021-12-06,60.734378814697266,61.403817643465885,55.0878280993166,60.21047483258758,13816300,-0.005244083364755681,62.27602825164795,2.5098256089761586,-0.6142456397915133,False
2021-12-07,69.84455108642578,70.35875483576322,64.73161094634574,64.77041975411012,21654500,0.15000025437856168,62.685937118530276,3.019331005429179,2.370927187189254,False
2021-12-08,68.58328247070312,69.07807800207728,66.44884294355833,68.81612786205693,12500700,-0.01805822495962439,63.03957386016846,3.2775696833698276,1.6914083135022504,False
2021-12-09,63.936031341552734,69.45645134474789,63.703185960906595,67.36082811489025,14533000,-0.06776069855121858,63.425227355957034,2.8605267836220487,0.17856990136233278,False
2021-12-10,65.58537292480469,68.35043530615833,63.22779186238271,67.38994151095594,12329100,0.025796746351693267,63.71434631347656,2.765801620202432,0.6764861939704786,False
2021-12-13,60.48213195800781,66.66229100561137,60.15226455274266,65.99285214436125,13561500,-0.07781065715137236,63.665351486206056,2.816023490708124,-1.1303952323912554,False
2021-12-14,59.68657302856445,60.5112397324379,57.183460763329705,58.21187183138145,13311200,-0.013153619154756435,63.583855056762694,2.9096077385546995,-1.3394527298494718,False
2021-12-15,66.08988952636719,66.30332686576635,57.47453036719268,59.997043652499435,19005700,0.10728236139036285,63.679420471191406,2.961102046061787,0.814044574512946,False
2021-12-16,57.464813232421875,67.42874473273257,56.29087482387875,66.95334989998868,27692100,-0.13050523091741972,63.42280292510986,3.2664756020234664,-1.823981078872049,False
2021-12-17,57.202857971191406,59.74477871956422,55.16544419371217,55.63113866567855,17729000,-0.004558533239653384,62.98524227142334,3.488164988372031,-1.6577152512876523,False
2021-12-20,55.83488845825195,57.00882703013313,53.81687874884585,54.46690956598275,15681400,-0.023914356055922847,62.448723220825194,3.7256756067812935,-1.7752041403001004,False
2021-12-21,61.622554779052734,61.80693589373493,57.03240271769285,59.36144193701398,20477000,0.10365680814654543,62.355848503112796,3.721763325042326,-0.19702857490319375,False
2021-12-22,63.44696044921875,63.59252700289834,59.78842820763446,60.6230018846535,13011600,0.029606134908028547,62.38766613006592,3.728569604651671,0.2841020636523143,False
2021-12-23,65.41695404052734,66.71733193828939,63.97100217031205,64.04863866075782,14507000,0.031049455755809197,62.41417217254639,3.7490987862950016,0.8009343149232985,False
2021-12-27,70.83197021484375,70.84167662717826,65.98950699517975,66.08654890705506,15598000,0.08277695367720228,62.978718757629395,4.124951434485005,1.903840949874074,False
2021-12-28,68.43501281738281,71.88005700220384,67.51310333887717,71.88005700220384,14401800,-0.03384004977117838,63.081908226013184,4.238534738459078,1.2629611225778825,False
2021-12-29,68.90080261230469,70.09443949270685,67.54219375608626,68.33794920841349,10702000,0.006806308287905516,63.38981418609619,4.431862473235109,1.2434926533687463,False
2021-12-30,66.3388671875,69.23075628965714,65.88276203419686,68.4155953037037,11188200,-0.03718295473596067,63.642873001098636,4.449374693802332,0.6059265339367116,False
2021-12-31,65.99922180175781,68.02742541205916,65.8245433766361,66.66881626153749,10152000,-0.0051198550735305215,63.8745834350586,4.4451730633002375,0.47796527524213356,False
2022-01-03,69.96829223632812,69.97799864972025,66.36798286555796,67.00847288060409,15794800,0.06013813990856187,64.32027034759521,4.591982097376004,1.2299747187517045,False
2022-01-04,68.96874237060547,72.01590446260549,64.08746065647243,70.43409974727544,21988000,-0.014285754786561466,64.73198852539062,4.622593991383195,0.9165316818029928,False
2022-01-05,62.11747360229492,69.30838467234383,62.04953982617171,67.53248892732012,20821000,-0.09933875162599115,64.34563465118408,4.493920659563452,-0.49581673057521464,False
2022-01-06,63.602237701416016,64.42710502277247,60.021334297102456,62.19510412609221,19343100,0.023902519098365937,64.09658241271973,4.3833751393162625,-0.11277718552303076,False
2022-01-07,57.97372055053711,64.09715955305953,57.39145801213185,63.155837522213446,22625900,-0.0884955837136151,63.79846687316895,4.59262439516384,-1.2682827554470724,False
2022-01-10,58.226036071777344,58.41041718664977,52.22875406023134,55.644681954005016,25112700,0.0043522395810406955,63.43050003051758,4.734546817190119,-1.0992528239120896,False
2022-01-11,61.41876220703125,61.56432507038087,56.16871497426592,57.34293910074589,22053900,0.054833307411105814,63.47733154296875,4.70840842864303,-0.4372112927617839,False
2022-01-12,62.670623779296875,64.43681320200939,60.78797962183227,63.06849783300928,19392000,0.020382396637135702,63.62653408050537,4.628565698292051,-0.20652408618964405,False
2022-01-13,58.42012023925781,67.13461602592382,57.81845227098733,65.50428681352321,28866500,-0.067822901444348,63.2430456161499,4.730339617453284,-1.0195727509917458,False
2022-01-14,62.573585510253906,62.63180917910656,56.828614495073296,57.02269832713124,23880600,0.07109648617609321,63.498484230041505,4.535830305677803,-0.20390946253651537,False
2022-01-18,54.324893951416016,59.56523894301473,53.859086083571306,59.109133786163675,29055200,-0.13182385972570132,63.35458602905273,4.7848834855759526,-1.8871289352931486,False
2022-01-19,49.31744766235352,56.440432226318144,49.23010846830568,55.78053691615925,28683300,-0.09217590546132981,63.02871398925781,5.493434548734482,-2.495936959886587,True
2022-01-20,44.63025665283203,51.627084177571234,44.455578254823955,50.57901378952279,32438800,-0.09504123249872598,62.17909908294678,6.865120378975547,-2.556232296211168,True
2022-01-21,42.41765975952149,47.48332529056306,42.11682765606387,43.88301684468161,45826500,-0.049576163330670386,61.127634048461914,8.150760751879265,-2.295488097184866,True
2022-01-24,44.10622024536133,44.13533207692457,35.53728737429719,39.78778877236833,53548700,0.039807959595432596,60.06209735870361,8.917416456666093,-1.789293703044976,False
2022-01-25,39.00173568725586,42.0683065514467,38.215686626119506,40.53502297030699,40326300,-0.11573162537414006,58.470585632324216,9.700180383188401,-2.0070606087707663,True
2022-01-26,40.87467956542969,45.70744050291407,38.91440241616774,42.48559987792448,46405000,0.04802206479199911,57.092568969726564,10.156988759631098,-1.5967221967159007,False
2022-01-27,35.284976959228516,42.1653534120762,34.935620165269974,42.11683245778452,50033700,-0.13675220614888295,55.41177768707276,10.857351362153576,-1.8537486774170355,False
2022-01-28,37.27437210083008,37.27437210083008,32.121365908946345,35.29468572974243,43946700,0.05638079752468861,53.95855293273926,11.2556101710758,-1.4822991004773334,False
2022-01-31,43.26194381713867,43.426915798562085,37.16761657995129,37.83721832126418,39362500,0.16063507924725728,52.8216890335083,11.12294214058299,-0.8594619207349908,False
2022-02-01,44.5526237487793,44.73700487177395,41.03965378756646,44.533214625004305,37795600,0.02983407165189167,51.55090560913086,10.494987837427056,-0.6668213406969755,False
2022-02-02,47.881202697753906,48.036471953973134,45.08635238389673,47.036926348431294,40548600,0.07471117678149786,50.49652862548828,9.680697261704765,-0.270158838463028,False
2022-02-03,41.36959457397461,46.386735621091056,40.90378678695904,44.23237506888293,32875300,-0.13599508276521954,49.45913467407227,9.47943183063318,-0.8533781606990379,False
2022-02-04,42.175052642822266,43.20371381773667,39.17641201127462,40.835856645677225,30575600,0.01946980813184873,48.38777542114258,8.995341494994914,-0.6906600246113086,False
2022-02-07,42.12654495239258,44.174161535529926,41.59280692739247,42.3497443555049,28382000,-0.0011501512716651785,47.59541664123535,8.802401639555956,-0.6212931325772424,False
2022-02-08,45.22221374511719,45.49393772729333,41.28225487363048,41.4860450838292,33686800,0.07348499138068498,46.94522552490234,8.449011996462731,-0.2039305637755646,False
2022-02-09,49.51154708862305,49.71533735648169,45.328974881035855,46.99812267929647,35302800,0.09485014085514543,46.34986476898193,7.767489346787666,0.4070404449217129,False
2022-02-10,45.04754257202149,50.6663560796177,44.23238160080058,46.17324951760106,51371000,-0.0901608771911575,45.46871070861816,6.751780050540857,-0.06237882950036735,False
2022-02-11,38.37095260620117,46.24117116590431,37.28406410562358,45.18339819606915,51212800,-0.14821207960780247,44.46625232696533,6.192885766739943,-0.9842422338064288,False
2022-02-14,38.41947937011719,40.61265841927081,36.74062911835946,38.57474865057132,43218400,0.0012646744638853402,43.2585470199585,4.635116272245773,-1.0440013509082313,False
2022-02-15,44.649662017822266,44.921386026560185,40.43797875245567,40.66118180667625,39910800,0.162162078972651,42.77478542327881,3.859318287012926,0.4858051228510086,False
2022-02-16,44.73699951171875,45.12517453688663,41.7674742662566,42.76701995848352,35357600,0.0019560617023623994,42.54576301574707,3.5761435039806813,0.612737294667445,False
2022-02-17,39.66163635253906,43.07756446032469,39.467548813090986,42.81554683735657,41858900,-0.11344889497674537,42.297332000732425,3.596240422574061,-0.732903070564683,False
2022-02-18,38.45829391479492,40.127437593574136,36.65328638952007,39.92364737669764,46904100,-0.030340211559806374,42.09936370849609,3.6968397892715297,-0.9849141432278977,False
2022-02-22,37.46845245361328,40.3312331212387,35.74108134314265,37.099686545094215,49765600,-0.025738049206619817,41.767475318908694,3.8036044674511067,-1.1302497149963384,False
2022-02-23,34.84828186035156,40.07892008802418,34.57656154782154,38.88528681266665,52830600,-0.06993004572327999,41.55980262756348,4.066836967108081,-1.6503048490740122,False
2022-02-24,38.75912857055664,38.86587689168965,30.617188755045166,30.869501790751336,68362100,0.1122249505980557,41.45402507781982,4.112847004630278,-0.6552386957815944,False
2022-02-25,40.54472351074219,40.6029508721933,37.03175414523854,38.81735250871592,40949000,0.04606901666881069,41.71701240539551,3.857877294353756,-0.30386889089734354,False
2022-02-28,39.79749298095703,40.98142353459955,37.41993286533425,39.01144388385671,43350600,-0.01842978481742963,41.84316844940186,3.7445421485548747,-0.5463085705242526,False
2022-03-01,35.498470306396484,40.07891534128774,34.304833470495424,39.57428931927466,46635000,-0.10802244946980999,41.45499477386475,3.984436941519338,-1.4949476061219662,False
2022-03-02,38.933807373046875,39.67133921658801,36.12925396974724,36.362159736631696,41485400,0.0967742282131907,41.17405395507812,3.9524911721232954,-0.566793570048071,False
2022-03-03,36.439796447753906,39.66163707475974,35.731380062493606,39.44814410919996,45902800,-0.06405771984734077,40.601983642578126,3.753620034390256,-1.108846168949099,False
2022-03-04,33.74199676513672,36.31364511201919,32.37368472418592,35.54700492594683,46799000,-0.07403443338343552,40.22060375213623,4.047512458216533,-1.6006391713131862,False
2022-03-07,28.705434799194336,34.54744549310554,28.627800160931734,33.79050823278413,50665800,-0.149266861739087,39.54712285995483,4.762642456467391,-2.2764018420148497,True
2022-03-08,30.238719940185547,33.32470001428048,27.63795681230791,28.79277366257269,68456500,0.05341445450024129,38.95273160934448,5.149856551934451,-1.6920882322218613,False
2022-03-09,33.89725875854492,34.605675110122725,32.09225098788092,33.11120591270072,46482400,0.12098854798074243,38.38648386001587,5.045780398806133,-0.8896988665089611,False
2022-03-10,31.781709671020508,32.21840565879087,29.88936285862325,32.09224821745466,43831500,-0.06241062448718271,37.499991989135744,4.518248090453988,-1.265597241151198,False
2022-03-11,29.782617568969727,33.40233380096336,29.59823460561792,33.15002261021561,34118300,-0.06290070996003128,36.73674573898315,4.465176378335773,-1.5574139923684978,False
2022-03-14,27.084808349609375,29.937884359929857,26.49284311439463,29.122719785552576,49351500,-0.09058334826053627,36.17243852615356,4.9361108299092935,-1.841050675256249,False
2022-03-15,30.578372955322266,30.78216318949038,27.18185424487395,27.608845686740793,42082900,0.1289861298118904,35.78038320541382,5.058129683170931,-1.0284454088631483,False
2022-03-16,35.226749420166016,35.323795030184954,31.11211180506222,32.06313657177877,55754000,0.15201516678586668,35.30923757553101,4.607269322371817,-0.017903914356481955,False
2022-03-17,35.85753631591797,35.906057274555266,33.305293910948045,34.20779780886684,37147500,0.01790647465731965,34.86526441574097,4.044407279581487,0.24534420783647723,False
2022-03-18,38.01189422607422,38.4971111778612,34.54744548646813,35.527585802148295,39797700,0.060081035439121466,34.782777309417725,3.957320914407179,0.8159856090772025,False
2022-03-21,37.846923828125,38.78824593871832,35.78960490272118,37.55579438521408,38312100,-0.004339967826072155,34.75220880508423,3.9296998042239935,0.7875194486139356,False
2022-03-22,38.42637634277344,39.8143462767259,37.49459341863892,37.64989057266134,34654100,0.015310425684262219,34.800104999542235,3.9701777575410984,0.9133775777024926,False
2022-03-23,35.61160659790039,38.81461599691195,35.514547277810955,37.37811288207336,38313200,-0.07325098051829182,34.83827123641968,3.974332103468057,0.19458247105366167,False
2022-03-24,40.8528938293457,41.00819097249946,36.20368028372694,36.708396924620665,44687200,0.1471791848827828,34.942959499359134,4.108363534862785,1.4385129942460058,False
2022-03-25,40.775245666503906,41.124665183610915,38.581672935053255,40.83348348688046,36316000,-0.001900677175187493,34.95448560714722,4.125195450745918,1.4110264904670582,False
2022-03-28,41.45466995239258,41.55173298133926,38.16430917390736,39.98905338976936,35741000,0.016662665663515597,35.037344455718994,4.24256549094323,1.5126049345314525,False
2022-03-29,44.24032211303711,44.64797576671395,41.84291875117391,43.52207043896073,40148500,0.0671975476790343,35.47443704605102,4.716427277496645,1.8585858640947364,False
2022-03-30,40.1346435546875,43.871486970610746,39.484337903292065,43.39588737128376,38435700,-0.09280399333122658,35.53447885513306,4.7701220346380815,0.9643704429678106,False
2022-03-31,37.64017868041992,40.61024062158981,37.290759192920426,40.04728618004599,38547400,-0.06215241131688687,35.594497966766355,4.789624456308681,0.42710670373312615,False
2022-04-01,35.22336959838867,38.1740191747364,33.6024521110398,37.921658989843216,57428500,-0.06420822553874994,35.668566608428954,4.770886481165323,-0.09331536430343638,False
2022-04-04,36.84428405761719,37.09664424712997,35.10689460067009,35.50484749202304,28200500,0.046018154359163566,36.0755090713501,4.484187786997761,0.17144130058429102,False
2022-04-05,31.913591384887695,36.14544276556032,31.573876370706746,35.99985008768625,57649600,-0.1338251725835916,36.159252643585205,4.383966323712925,-0.9684520694724954,False
2022-04-06,29.613252639770508,31.15651777840822,28.69117422646819,29.943259533923673,69146900,-0.07208022178934348,35.94505233764649,4.599656269275538,-1.3765810589305751,False
2022-04-07,29.613252639770508,30.49650584138987,27.81762732776956,29.360894317695266,55657300,0.0,35.836629486083986,4.726760730550908,-1.3166261634716039,False
2022-04-08,27.45850372314453,29.0794174543442,27.322617331824933,28.982358126486215,71608900,-0.07276299374598771,35.720423793792726,4.908504589632033,-1.6831847500151877,False
2022-04-11,25.71140480041504,26.895545852620177,25.565813975754303,26.24524029255476,60558200,-0.0636268800494354,35.65175361633301,5.043428366471542,-1.9709507290716988,False
2022-04-12,25.468759536743164,27.99234128555014,25.099929226752792,27.21585544805027,66793200,-0.009437262007090275,35.39627294540405,5.428656874189169,-1.8287236859381855,False
2022-04-13,27.206144332885746,27.701154660993748,25.536697300532172,25.983177966610896,50484000,0.0682163100105484,34.99524269104004,5.729742149344956,-1.3594151630444262,False
2022-04-14,24.857271194458008,27.77880146394399,24.789328931423796,27.710857349621953,51193200,-0.08633612722507356,34.44522943496704,6.1548166033411285,-1.5577975524574088,False
2022-04-18,26.18700408935547,26.8567241454562,24.42049777876874,24.51755895159735,49251700,0.05349472532584065,33.853984928131105,6.358746019145661,-1.205737863360321,False
2022-04-19,27.904983520507812,28.04086806523897,25.449344304239418,25.89582500323734,45358800,0.06560427551354264,33.356887912750246,6.418494312772744,-0.8494055033114534,False
2022-04-20,27.66233253479004,29.943262078968953,27.409974191265448,29.186187048395176,51891900,-0.008695614729155698,32.81868572235108,6.422326729031981,-0.8028792998418877,False
2022-04-21,25.43963623046875,29.67148794227117,25.05139337876393,28.729998795475986,53808500,-0.080351008054938,32.31008720397949,6.590087640193174,-1.0425431873785143,False
2022-04-22,23.731367111206055,25.7793487988398,23.653718542735884,25.33286999295829,57459200,-0.06714990355155792,31.45401086807251,6.533772209942286,-1.1819579117121792,False
2022-04-25,24.915510177612305,25.00286505533438,22.984000267079455,23.187827080905592,58210600,0.049897802383542134,30.66102409362793,6.301225524742454,-0.9118089637412967,False
2022-04-26,21.77073860168457,24.168139790527736,21.693090032649227,23.983723744835828,55039200,-0.12621742655518453,29.67682752609253,6.059203294391431,-1.3048066784169559,False
2022-04-27,21.30484390258789,22.89664024802548,20.848657009965436,20.984543373291604,52406400,-0.021400041019307925,28.53005361557007,5.2778478162763385,-1.3689689366753577,False
2022-04-28,24.828155517578125,25.526992694193915,21.741621414437624,22.51810901752101,63555800,0.16537608212948518,27.7647292137146,4.568663209615732,-0.6427643188834372,False
2022-04-29,21.586326599121097,25.18728405940487,21.450442040679985,23.585779014745448,48104400,-0.13057067071139616,26.962036609649658,4.131667404591969,-1.3010994071192548,False
2022-05-02,23.779897689819336,23.828427352752755,21.16896146592344,21.722207769031524,57669900,0.10161854452751351,26.38986301422119,3.6968803931889256,-0.7059912809758234,False
2022-05-03,24.37196922302246,24.925215526555448,23.051941655794295,23.614894262179018,53115700,0.024897984883114344,25.766247272491455,2.7783998833354095,-0.5018277094783035,False
2022-05-04,27.19643783569336,27.312909764245713,22.615166683441046,24.934921167349252,77054200,0.11589004510980683,25.53038959503174,2.4040934482797645,0.6930047756062693,False
2022-05-05,23.28489112854004,25.83759180062316,22.081337149991786,25.7502369121465,64302700,-0.14382569992382233,25.213971519470213,2.2499558545757594,-0.8573858847083523,False
2022-05-06,22.663698196411133,24.139022867519095,21.295141002549432,22.556930719164868,73607500,-0.026677940158694402,24.866493797302248,2.0637106322818703,-1.0673955768960963,False
2022-05-09,19.140392303466797,21.935744848981265,18.752149408614276,21.17866981555273,72482100,-0.15546032524834197,24.45058822631836,2.334290198490458,-2.274865364334549,True
2022-05-10,20.470125198364254,21.498969277124367,19.140391272424452,20.8195447105533,72934500,0.0694726039996898,24.18852424621582,2.475247789559383,-1.5022330546201499,False
2022-05-11,18.587148666381836,21.353382705277777,18.41243887531433,19.926589163707146,76546000,-0.09198656645895287,23.844443702697752,2.75087314706239,-1.9111368482876394,False
2022-05-12,18.83950424194336,19.4024569008247,17.432121669095938,17.965957267994817,79889100,0.013576884765437613,23.426111698150635,2.847224991679045,-1.6109044664933538,False
2022-05-13,21.82897567749023,22.236631148511556,19.586871512516975,19.965408074433913,65885900,0.1586810033403776,23.274696922302248,2.847632536440617,-0.5076923466463437,False
2022-05-16,20.741893768310547,21.8483862955647,20.5768903343088,21.217491466012557,49300800,-0.04979995054466391,23.00244140625,2.8146450430644028,-0.8031377325924961,False
2022-05-17,23.857545852661133,24.01284299293377,22.168688063730247,22.401633774139203,65619700,0.15021058921392605,22.800069522857665,2.5792645269425494,0.40999142149137996,False
2022-05-18,20.237180709838867,23.634309304013176,19.926586391720463,22.712230802222024,61497800,-0.1517492689810105,22.428811931610106,2.368317835049448,-0.9253957341943844,False
2022-05-19,19.90717124938965,21.39220222651492,19.315099748805235,19.94599460856729,62522000,-0.01630708670248593,22.15218868255615,2.3207627866006955,-0.9673618717640936,False
2022-05-20,19.761579513549805,21.01366287348659,17.140937167579274,20.90689725214007,86718200,-0.007313532094335495,21.95369930267334,2.348191973375095,-0.9335351683247449,False
2022-05-23,20.023645401000977,20.21776777230215,18.878329334446075,19.344220804023134,54498700,0.013261383649595615,21.709106063842775,2.277144711295768,-0.7401640547836407,False
2022-05-24,18.53861427307129,19.29568737328337,17.898013103066628,19.1112731752403,57291400,-0.07416387466866803,21.54749984741211,2.3846908762409726,-1.261750780496873,False
2022-05-25,19.596582412719727,20.11100363522599,18.16978700378875,18.179493309100547,54536300,0.05706835063639115,21.462086772918703,2.424106454941066,-0.7695637113611538,False
2022-05-26,21.87751007080078,22.158985490687805,18.90744759778991,19.03362770255409,60520000,0.11639415537071152,21.314554500579835,2.294804111441336,0.2453174837077321,False
2022-05-27,24.517559051513672,24.692268793059583,22.896643567920204,22.90634987037141,54680400,0.12067410652167765,21.461116123199464,2.404077284237322,1.271358016796804,False
2022-05-31,24.129314422607425,24.847564089203676,23.05193899706916,24.40108346595923,48671900,-0.01583537040088323,21.478586959838868,2.4230102394785686,1.093981122976597,False
2022-06-01,23.013120651245117,24.964043450165875,22.042512404097774,24.59521313081674,52378500,-0.046258826579694046,21.41064453125,2.355725422397262,0.6802474111623696,False
2022-06-02,25.429933547973633,25.50758212371587,22.61516851191915,22.712229694418973,49439000,0.10501891218294013,21.322319316864014,2.1516536629096,1.9090499098052085,False
2022-06-03,23.226652145385746,24.216672852384516,22.809290365888923,23.82842813108364,42093200,-0.08664125678627477,21.319407367706297,2.1488954572055707,0.8875465631816424,False
2022-06-06,23.207239151000977,24.82815472607733,22.789877378483112,24.507854132261667,40514000,-0.0008358068249894046,21.346584415435792,2.170123707429308,0.8573957001600082,False
2022-06-07,23.8769588470459,24.012843384176445,21.87750674499255,22.34339817340126,37067500,0.02885822357788026,21.583412742614748,2.1751353158576427,1.0544383550348542,False
2022-06-08,22.236631393432617,23.741073205923964,21.761033647217364,23.449891516825005,38501600,-0.06869917832170769,21.671738052368163,2.1633832841209313,0.26111570021397906,False
2022-06-09,20.470125198364254,22.867526564814035,20.411889230095436,21.731915001487707,37937200,-0.07944126805061325,21.765886878967287,2.0606107830604024,-0.6288240803430999,False
2022-06-10,18.25713539123535,19.907169680198795,18.111544566041587,19.392746789807184,58924000,-0.10810826927945416,21.736768436431884,2.107716189529665,-1.650902081827729,False
2022-06-13,15.092957496643066,16.89828839166949,14.889129740297818,16.432396906105545,77061300,-0.17331184913660125,21.399967527389528,2.577941934732794,-2.4465291268867113,True
2022-06-14,15.296781539916992,15.743260309050822,14.762946981389144,15.53943352782566,52253400,0.013504579425156482,21.127711915969847,2.9164078799686983,-1.9993535253084826,False
2022-06-15,16.121801376342773,16.917699734129645,15.01530779243778,15.86944304438556,77001800,0.05393421055748826,20.740924692153932,3.0454307741548727,-1.5167388978306349,False
2022-06-16,13.171152114868164,14.74353718477395,12.60819946980229,14.695007518468726,90753100,-0.18302230579545598,20.387623262405395,3.4850778460691987,-2.070677174593575,True
2022-06-17,13.297330856323242,13.607926079430127,12.40437132547348,13.248800265933664,64012800,0.009579931987319545,20.057131242752074,3.8294323960053473,-1.7652225414607876,False
2022-06-21,14.364998817443848,14.976481978410208,14.064109925294456,14.112640511208092,57522800,0.08029190013068677,19.787302207946777,4.0359135377394475,-1.3435132690032827,False
2022-06-22,13.887818336486816,14.548680529086308,13.547668460452645,13.64485440412922,49362200,-0.03321827499056784,19.480510854721068,4.244804854199612,-1.3175381932342785,False
2022-06-23,13.61569881439209,14.17937505597216,12.96455541000928,14.169656276364336,47625300,-0.01959411590082505,19.23436508178711,4.4405197243334555,-1.265317263789074,False
2022-06-24,15.365039825439451,15.403914018391731,14.159937990251002,14.227968523042897,60548200,0.12847970823196153,19.022787952423094,4.522407788666745,-0.8088054633529603,False
2022-06-27,15.355319023132324,15.996742658949817,14.937420808808868,15.850964686286806,43426900,-0.0006326571500994138,18.696678400039673,4.54083932134928,-0.7358462038499275,False
2022-06-28,14.15021800994873,16.11336584917147,14.111343822840372,15.549689672683396,56957600,-0.07848101438779265,18.178311347961426,4.431815450807354,-0.9089036722589358,False
2022-06-29,13.168646812438965,13.644855951420617,12.66328133094778,13.60598175490852,61516700,-0.06936792046734852,17.630277967453004,4.333797806053194,-1.0294968419574848,False
2022-06-30,12.731310844421388,13.440765105326784,12.031574436735744,12.663280310879834,70274900,-0.0332103954374775,17.116187477111815,4.271036900604527,-1.0266538863360761,False
2022-07-01,11.27352809906006,12.245383937708892,10.8167555953816,12.138479202283792,92067100,-0.11450374302973676,16.40836720466614,3.9841229110429595,-1.2888254755830024,False
2022-07-05,11.516491889953612,11.5650839397068,10.23364157148962,10.437731331688395,82942200,0.02155170845884613,15.822859191894532,3.784848699869044,-1.1377911360340298,False
2022-07-06,11.749736785888672,12.148197516124116,11.195779275740266,11.584521225522671,77177800,0.02025312032204285,15.249984073638917,3.461624616066819,-1.0111573830114804,False
2022-07-07,13.324143409729004,13.499077754972175,12.546658563667505,12.546658563667505,75926300,0.1339950547429436,14.722343301773071,2.822747145561175,-0.4953330284091382,False
2022-07-08,13.518512725830078,13.771195431898674,12.59524999024664,12.76046553445812,77437200,0.01458775323291328,14.286437368392944,2.207338602119152,-0.3478961686374809,False
2022-07-11,12.546656608581545,13.071458635699708,12.29397391078996,12.87708768618072,52520600,-0.07189075728660521,13.890263938903809,1.6893521737591926,-0.795338799803023,False
2022-07-12,12.604971885681152,13.071462295123125,12.362007899054946,12.80906167152053,53368400,0.00464787384550891,13.607655763626099,1.3612951715752395,-0.7365661018136708,False
2022-07-13,12.915963172912598,13.178364676235017,11.788610625676773,11.837203599643948,70014100,0.024672112722815553,13.498806047439576,1.3227705877118285,-0.4406227957753421,False
2022-07-14,13.67401123046875,13.858664357181656,12.187072070195825,12.799341354269131,78227900,0.05869078808972872,13.417667531967163,1.2546970768265389,0.2043072413541822,False
2022-07-15,14.684738159179688,14.723612347103929,13.64485293708094,14.334870467861522,74112400,0.07391590599683084,13.34581437110901,1.1262630553921817,1.188819771420492,False
2022-07-18,14.500089645385742,15.72462826325225,14.218251480337164,15.38447833823356,83926600,-0.01257417815642281,13.412261247634888,1.1542699147521263,0.9424384919401284,False
2022-07-19,16.472957611083984,16.68676523351666,15.06376586897112,15.170669680187457,78348500,0.13605901852655466,13.571042585372926,1.3409514425849245,2.1640716684842047,False
2022-07-20,17.687776565551758,17.92102173859405,16.03562093941737,16.356333284059005,85890600,0.07374625632803,13.737181472778321,1.6210775205170682,2.4370179974572297,False
2022-07-21,18.56244468688965,18.581882246237072,17.18240948557322,17.99876844148816,80210800,0.04945042798886168,13.970912790298462,1.9479789968059205,2.357074642036629,False
2022-07-22,17.15325355529785,18.37779201834985,16.66732568203917,18.30976241268047,65689500,-0.07591624677470876,14.14779052734375,2.0707641910859738,1.4513786943446916,False
2022-07-25,16.81310272216797,16.881134177656545,15.96758930858239,16.74507312034702,43336800,-0.01983010581831146,14.220193672180176,2.1397315535158405,1.211791752908128,False
2022-07-26,15.96759033203125,16.754792973607447,15.79265599975482,16.453518208946782,48959700,-0.050288896945946626,14.250807237625121,2.1611000246927645,0.7944024222803835,False
2022-07-27,18.20285987854004,18.58188492580061,16.686765250501622,16.832543259293555,78797600,0.13998790675539818,14.453439331054687,2.3342317523048908,1.6062760451197964,False
2022-07-28,18.824848175048828,18.97062617829126,17.085225355841235,18.32920148109026,69548100,0.03416981181303669,14.73624939918518,2.5066544317984136,1.6310978984567328,False
2022-07-29,19.271900177001953,19.427396954587692,17.804397716577224,18.047361663263416,61313500,0.023747973837348946,15.063278865814208,2.6536607911742496,1.5859680804664649,False
2022-08-01,19.446834564208984,20.029948408458853,18.49441633567929,18.863720719959115,61205100,0.009077173791912196,15.471944189071655,2.668624710416325,1.4894902080544765,False
2022-08-02,19.3593692779541,20.282633108960304,18.57216653116367,18.883160117368877,60816500,-0.004497661867081337,15.86408805847168,2.63279452994003,1.3275936195302098,False
2022-08-03,20.943492889404297,21.10870845855093,19.31077661354503,19.41767949687431,57214600,0.08182723252529467,16.323775863647462,2.6788326520737122,1.7245261745561684,False
2022-08-04,21.44885635375977,21.643228247472873,20.622778585980697,20.8657425262882,56294600,0.024129855847070614,16.730011510849,2.8127047324678354,1.6776893743732952,False
2022-08-05,20.953208923339844,21.49744946427582,19.99107197750802,20.370095117289974,60067800,-0.023108338376887083,17.101746320724487,2.85687340037947,1.3481390537304798,False
2022-08-08,19.9619197845459,20.787995763177666,19.01921843617596,20.068822666136747,59477700,-0.04730965755272665,17.472509479522706,2.712109593046047,0.9178870615723405,False
2022-08-09,17.192127227783203,18.68878398753263,16.43407914198747,18.68878398753263,65153600,-0.13875381659969455,17.701867246627806,2.4611595761065215,-0.20711376206291998,False
2022-08-10,19.34964942932129,19.4565541638078,17.87242812266428,18.54300916447151,69125300,0.12549477868285197,18.023551559448244,2.2103764277970748,0.5999420972809926,False
2022-08-11,19.22330665588379,20.99208375561574,19.12612071392395,19.893885762704585,70069200,-0.006529460593019731,18.301016330718994,1.970982820971557,0.4679342282192851,False
2022-08-12,20.992084503173828,21.108706154744567,19.417677377627005,19.670360094253915,57238400,0.09201215373363758,18.616383647918703,1.8635837225826775,1.2748023211764923,False
2022-08-15,21.167016983032227,21.351668224148476,20.21459702560403,20.64221403585745,48991600,0.00833325913069527,18.949730014801027,1.6752910135108954,1.3235234656839991,False
2022-08-16,20.54502868652344,21.128142471061043,19.816136919268335,20.875459769305827,48777200,-0.029384787521424482,19.153333568572997,1.604383596818579,0.8674329011528875,False
2022-08-17,18.999778747558594,19.63148645391304,18.183419787460497,19.612048894466017,67988800,-0.07521283920029065,19.21893367767334,1.5677093926581371,-0.13979308355304187,False
2022-08-18,20.302064895629883,20.75883825908285,18.95118607140588,19.164993657198824,50790800,0.06854217437866894,19.305914688110352,1.5775968328525427,0.6314352227231178,False
2022-08-19,18.63047790527344,19.80642266891201,18.358357582620886,19.495429073690836,49700800,-0.08233581160093029,19.37977590560913,1.5043896975427113,-0.498074402902121,False
2022-08-22,16.560422897338867,17.639181521141282,16.29802139952163,17.590589475027457,51389400,-0.11111121348898068,19.367141914367675,1.5279557495544442,-1.8369111918635432,False
2022-08-23,16.842260360717773,17.551714625442305,16.531266811998407,16.599296419072296,49723200,0.017018735881690228,19.410875415802003,1.4352360927254484,-1.7896812016527164,False
2022-08-24,16.920005798339844,17.09494010241624,16.298018809328173,16.764509051086925,42087500,0.004616092849591746,19.346732711791994,1.5183265438035463,-1.5982905148802693,False
2022-08-25,18.776254653930664,18.83456548568165,16.9297289166941,16.968602186638783,58659800,0.10970734157626305,19.344303035736083,1.519244238308621,-0.3739019490624025,False
2022-08-26,15.530255317687988,18.785972634892374,15.501099903053984,18.708224244645756,84676900,-0.1728778926399548,19.157220792770385,1.7425885247615007,-2.0813665552966962,True
2022-08-29,14.626428604125977,15.5982833861798,14.52924266250368,15.044325928700664,61062700,-0.05819780132864971,18.916200494766237,2.012828157031706,-2.131216157551341,True
2022-08-30,14.062752723693848,15.131793474476632,13.567106077153378,15.06376386971636,77063100,-0.038538176043406924,18.651369667053224,2.281907281144278,-2.010869144980502,True
2022-08-31,13.644857406616213,14.286282180889367,13.275552036948689,14.276563399016368,86870500,-0.029716466277156184,18.286437892913817,2.4717642123430927,-1.877841123809155,False
2022-09-01,12.84793472290039,12.886808920209443,11.633114898450042,12.663281590556911,113345600,-0.058404617942684034,17.856391811370848,2.63539053004054,-1.9004610631250212,False
2022-09-02,12.498064041137695,13.742040011703873,12.274537673715948,13.450483114638867,100737200,-0.027231667136281446,17.433634567260743,2.7863134310981126,-1.7713622850311899,False
2022-09-06,12.070449829101562,12.66328156875232,11.730299908107572,12.546658977025972,79919100,-0.03421443598213525,17.039061069488525,2.9626185757556356,-1.6771012242504708,False
2022-09-07,12.62440586090088,12.945118181481078,11.885795274847268,12.0704483847776,79632700,0.04589356980414627,16.81067500114441,3.1219731877912054,-1.3409048984194876,False
2022-09-08,13.265830039978027,13.41160895223999,12.02185499357862,12.284256479549857,103258300,0.05080826663405258,16.506484031677246,3.1577515889609287,-1.0262536176145411,False
2022-09-09,14.237688064575195,14.432059979220655,13.790634329191798,13.8586648700513,81908900,0.07326024995559033,16.257203102111816,3.1286452187064384,-0.6454918651248046,False
2022-09-12,14.36402702331543,14.626428507868452,13.897536730999596,14.412619993806786,67153300,0.008873558555800853,15.925800228118897,2.946438114344234,-0.5300546436730639,False
2022-09-13,11.749736785888672,13.110334536961007,11.613676640047872,12.779903416229004,85975600,-0.18200259810033004,15.454936218261718,2.814280764034903,-1.316570642035307,False
2022-09-14,12.109322547912598,12.381441895384269,11.603957118631351,11.93438821826388,65846900,0.03060372913679088,15.033150911331177,2.637875747746599,-1.108402609909225,False
2022-09-15,11.57480239868164,12.31341302714202,11.263808840102076,11.885795957261204,94630600,-0.04414120997405402,14.66190209388733,2.5719018675024232,-1.2003178403550734,False
2022-09-16,11.720580101013184,11.759454291777995,10.865346977353529,11.14718509210686,87622100,0.012594400950477258,14.232827854156493,2.2807749107517723,-1.1014886832104098,False
2022-09-19,11.91495132446289,12.08988472344623,11.24437036005293,11.292963331317017,75532200,0.01658375453898442,13.897051525115966,2.0852244666338238,-0.9505452445859598,False
2022-09-20,11.407931327819824,11.739444016315716,11.144671853340377,11.554187417968524,70577400,-0.04255325790564424,13.639426946640015,2.0569500194812114,-1.084856509728419,False
2022-09-21,11.115421295166016,12.597477963784277,11.09592103893037,11.466435206084936,125021300,-0.025640935612969762,13.353084993362426,1.984975840187524,-1.1273002184172753,False
2022-09-22,10.247636795043944,11.037416067202937,9.994127008727526,10.89116092194906,112096100,-0.07807032024053495,13.019466543197632,1.9133507631500049,-1.448678309036418,False
2022-09-23,9.779620170593262,9.886874828261435,9.214098824249415,9.818621610690505,120047000,-0.04567068816071118,12.569634819030762,1.5020395831729674,-1.857484103410753,False
2022-09-26,9.311602592468262,10.101381961717324,9.26285056143455,9.662615542149217,96464800,-0.04785641670750174,12.258702182769776,1.5005657432300752,-1.9639923166296407,False
2022-09-27,9.565113067626951,10.02337977319743,9.155597466574562,9.78937112398684,115839400,0.02722522494288393,12.005636405944824,1.5070134566539348,-1.6194436270905213,False
2022-09-28,9.91612434387207,10.09163126566832,9.21409758655463,9.331101891129611,119412700,0.03669703366425581,11.798304986953735,1.494292798387924,-1.2595795449942624,False
2022-09-29,9.058091163635254,9.49685750515083,8.580323390204239,9.457856073235387,128122600,-0.08652908641338897,11.568966674804688,1.5470243612126637,-1.623035534619014,False
2022-09-30,8.638825416564941,9.370102991450713,8.52182111616732,8.677826850030815,109534300,-0.04628632451321568,11.358511209487915,1.6469515951260896,-1.6513453103123874,False
2022-10-03,9.45785903930664,9.750370335340408,8.658328969366416,8.863086783603276,126786100,0.09480844712652758,11.206500959396362,1.6762787305958893,-1.04316894808306,False
2022-10-04,10.764408111572266,10.82291073891388,10.27688962657376,10.315891068178932,114533100,0.13814427417829322,11.141198873519897,1.6662603647334486,-0.22612958330069083,False
2022-10-05,11.134921073913574,11.368929698371073,9.955126429939163,10.267137929215828,110030200,0.03442018906204325,11.066724634170532,1.6293566159259272,0.041854827283643994,False
2022-10-06,10.910662651062012,11.622440081326776,10.7741580783106,11.008166714342444,117138000,-0.020140099903981024,10.948966264724731,1.5449783977471174,-0.024792329600578193,False
2022-10-07,8.98008918762207,10.023378291905628,8.775331417355734,9.92587516741111,134873300,-0.17694374074080876,10.686086320877076,1.396063550638044,-1.222005353893318,False
2022-10-10,8.073304176330566,8.863084367322724,7.663789124433952,8.843583185631982,163448700,-0.10097728344852008,10.371550178527832,1.2215520399176396,-1.8814147306832867,False
2022-10-11,7.3810296058654785,7.819796496096608,7.020265594359751,7.615038242041682,186475200,-0.08574860495095782,10.153114819526673,1.3463622173898053,-2.058944597417061,True
2022-10-12,7.156770706176758,7.429780766804483,7.049516521320391,7.30302586333185,110516500,-0.030383145938136957,9.905487227439881,1.421009168266237,-1.9343411588377102,False
2022-10-13,7.800296306610107,8.151309305655161,6.054980045200807,6.259737860444034,284532700,0.089918432048961,9.716761922836303,1.438181324668684,-1.332561884481218,False
2022-10-14,6.75700569152832,8.063555778679946,6.698503532091769,8.053805186306938,177216100,-0.13375012615837223,9.46858320236206,1.501086642219383,-1.8064097265062762,False
2022-10-17,7.147021293640137,7.478534029749136,7.020266369253298,7.283526346476949,113321500,0.05772018256560041,9.230186700820923,1.4704141183567905,-1.4167202158727599,False
2022-10-18,7.215272426605225,8.005052180303842,6.864259047761247,7.839295849601581,185506400,0.009549591383730904,9.020553755760194,1.442195408847509,-1.251759170830817,False
2022-10-19,7.3810296058654785,7.605288114667923,7.020265594359751,7.0885183457113925,134272400,0.02297310059271629,8.833834171295166,1.3977596682716786,-1.0393808022992046,False
2022-10-20,7.507784366607666,8.20981123448471,7.400530636323164,7.507784366607666,170614600,0.017173045971995426,8.696841549873351,1.3861180244007623,-0.8578325671652174,False
2022-10-21,8.365818977355957,8.424321617628928,7.36153093663532,7.45903456220034,178616600,0.11428599555476948,8.626151490211488,1.3638638048444893,-0.19087867273170592,False
2022-10-24,8.463321685791016,8.590076610793389,7.87829909806741,8.424320241933959,147205700,0.01165489101532935,8.583737444877624,1.3545839600549305,-0.08889501325685646,False
2022-10-25,9.02884292602539,9.23360073509915,8.531573828293723,8.580325864714668,127146900,0.06682024637960082,8.556923937797546,1.339357620674266,0.35234726031593355,False
2022-10-26,8.785082817077637,9.428607031448667,8.336565799505758,8.521822403998035,143571600,-0.026997934391473577,8.500371861457825,1.3023130408029078,0.21861944609283807,False
2022-10-27,8.3073148727417,9.2043479694105,8.268312503888446,8.9313378965113,129662300,-0.05438400004689625,8.462833046913147,1.2961969229367554,-0.11998036056056574,False
2022-10-28,9.262849807739258,9.321352426193029,8.278062394485078,8.346315604325738,129291600,0.11502331976519864,8.494034266471862,1.3081120581922536,0.5877291142242512,False
2022-10-31,8.6973295211792,9.1165957001404,8.531573168095361,9.067843667492037,118351000,-0.06105251605046613,8.45600779056549,1.2895416666281276,0.1871375984652852,False
2022-11-01,8.872836112976074,9.282351683105286,8.716829428748282,9.17509702958195,108638200,0.020179365559220397,8.36142919063568,1.1756648302013917,0.43499380878203975,False
2022-11-02,8.034305572509766,9.526113022037364,7.99530412525944,9.038594466474374,174985600,-0.09450535654997616,8.206398415565491,0.9786034592059535,-0.17585554336315476,False
2022-11-03,7.693041801452637,8.083056694522256,7.342028816130464,7.585788066182243,135668700,-0.04247582668809602,8.045517373085023,0.7479257505473095,-0.47127080645967195,False
2022-11-04,8.765583038330078,8.833836265557307,8.209812205848394,8.502323512895316,173041700,0.13941705564045148,8.034792065620422,0.7352491550358221,0.9939365012586119,False
2022-11-07,9.350605010986328,9.448108153401524,8.658328701407122,9.038593467469305,105846700,0.06674079409185563,8.09865710735321,0.7920506606952328,1.58064119602426,False
2022-11-08,9.91612434387207,10.296389031141423,9.370103325987936,9.857621726650803,147373300,0.0604794376643325,8.22541184425354,0.8701604023772574,1.9429894706763773,False
2022-11-09,9.0093412399292,9.574862599370574,8.950839543362271,9.496859717369537,107444900,-0.09144531396515232,8.318040370941162,0.8487561774902536,0.8144869955847543,False
2022-11-10,11.778444290161133,11.86619774960298,10.296388860271987,10.530397465538556,196270300,0.30735910389977583,8.516947770118714,1.137920708244473,2.8661896179691575,False
2022-11-11,12.889988899230955,13.075245512886816,11.534687187169466,11.973453634137725,166468400,0.09437108854845344,8.823596930503845,1.4280613592964337,2.8474910705030974,False
2022-11-14,12.451221466064451,13.172748537696434,12.412219097996918,12.66572891123009,108739600,-0.034039395735451894,9.08880693912506,1.5842955034670867,2.1223405100759627,False
2022-11-15,13.523763656616213,14.079534472820178,12.977743433997384,13.982031326572136,159797700,0.08613951598844771,9.40423150062561,1.8043618064112057,2.283096517202482,False
2022-11-16,11.82719898223877,12.66573047178671,11.57368913777041,12.607228772212626,112310400,-0.12545063027239722,9.626539969444275,1.8158326123310935,1.2119283450743712,False
2022-11-17,12.06120777130127,12.26596558177051,11.027669055498636,11.056919905603452,128795400,0.019785647422852826,9.854211139678956,1.8216463376474756,1.2115395760477252,False
2022-11-18,12.178210258483888,12.704730130023542,11.76869469952331,12.665728692497185,117064100,0.009700727273848742,10.044830703735352,1.856828883099596,1.1489370798602054,False
2022-11-21,11.593189239501951,11.895450162045396,11.44693314451555,11.768695251670913,84238200,-0.048038341149052255,10.201324081420898,1.848397547199908,0.7530117967260646,False
2022-11-22,12.577975273132324,12.616976710806082,11.554187301729264,11.836947957330915,86949600,0.08494522199938492,10.378780698776245,1.8995683465882378,1.1577338495379712,False
2022-11-23,12.987492561340332,13.406758769508082,12.51947524699584,12.57797694635503,113790600,0.03255828377105918,10.58890118598938,1.9458637701093235,1.2326615111479222,False
2022-11-25,12.538973808288574,12.928989114048678,12.509722962563544,12.802234209416715,41754500,-0.03453466871556532,10.800484132766723,1.9145307338292559,0.9080500222865033,False
2022-11-28,11.54443645477295,12.441470431317306,11.310427833900752,12.051455133329377,87803100,-0.07931568952303025,10.914563465118409,1.8858474926238622,0.33399996135327487,False
2022-11-29,11.437183380126951,11.875950766980091,11.21292532006222,11.65169177704763,75056000,-0.009290455629097027,11.051556158065797,1.8144690364178888,0.21252896264488322,False
2022-11-30,13.475011825561523,13.504263606766306,11.232427339124778,11.544438899700088,133385800,0.17817572541290772,11.281664943695068,1.815445067531019,1.208159321972423,False
2022-12-01,13.163000106811523,13.77727355671353,12.616978952498256,13.73827211211028,112133900,-0.02315483821380604,11.538099670410157,1.6905290171745764,0.9611786724117305,False
2022-12-02,12.704730987548828,12.802235052879722,11.992954472183428,12.178211080470906,98017700,-0.03481494458285028,11.788684129714966,1.4440547079203203,0.6343574469925192,False
2022-12-05,12.275714874267578,12.831485616704256,11.895450143729628,12.48047266303914,71095100,-0.03376821702889288,11.96419072151184,1.2587084745043764,0.24749507853945427,False
2022-12-06,11.427433013916016,12.28546561894098,11.095920310853224,12.22696299433733,86923400,-0.0691024407979478,12.068032121658325,1.1084415635122014,-0.5779277219743644,False
2022-12-07,11.407931327819824,11.632190294100775,11.047167793241243,11.125170669373498,86276700,-0.001706567526796543,12.142622470855713,1.0009985242317174,-0.7339582679203009,False
2022-12-08,12.30496597290039,12.40247003806842,11.35917988829418,11.593189458723906,101888300,0.07863254250952778,12.307403707504273,0.6768273466510123,-0.0036017081992095437,False
2022-12-09,12.012455940246582,12.66573082626984,11.875951350841454,12.178212310125186,88787400,-0.023771705935474507,12.319104290008545,0.6691812725033102,-0.4582440698240635,False
2022-12-12,12.655980110168455,12.685231890358544,11.64194164360622,11.836949792069076,73482200,0.05357140730612864,12.30740385055542,0.660665773029765,0.5276136192351684,False
2022-12-13,13.289752960205078,14.537799922603314,12.81198510591005,14.352543322116466,180078900,0.050076947381374026,12.349330425262451,0.695938424483265,1.3513013534795002,False
2022-12-14,12.675480842590332,13.67976867975568,12.226963790965504,13.172749929583286,139612300,-0.04622148503844481,12.306916284561158,0.6445470468296379,0.5718194813583414,False
2022-12-15,11.115421295166016,12.070958027273626,11.037418410487971,11.924701921101498,107181700,-0.12307695201450886,12.27132740020752,0.6904452134130533,-1.6741460185197818,False
2022-12-16,10.832660675048828,11.19342425145988,10.501148877979997,10.920414153340008,88813800,-0.025438587760965636,12.209900045394898,0.7611529534032972,-1.8094121085494084,False
2022-12-19,10.423142433166504,10.871659374707487,10.09163071973839,10.842408532613025,82876800,-0.03780403117634612,12.122146654129029,0.8597798959374267,-1.9760920544787615,False
2022-12-20,10.186344146728516,10.519039498790548,9.941715321175248,10.02978184768401,88304000,-0.022718511999269442,12.051804399490356,0.9573478349647316,-1.9485710257344064,False
2022-12-21,10.900660514831545,11.027867612743266,10.372262302913168,10.401617499912833,83240400,0.07012490033850294,11.967938661575317,0.9819794691850804,-1.086864013185,False
2022-12-22,9.569878578186035,10.333121120712311,8.914273306961707,10.313550368408382,135617300,-0.12208268800178068,11.797057962417602,1.086970382161885,-2.0489789057563006,True
2022-12-23,9.560093879699709,9.599234450076596,9.03169477983448,9.383960846411298,92378600,-0.0010224475061397786,11.64811396598816,1.1800640153423927,-1.7694125565574648,False
2022-12-27,9.070837020874023,9.383961609346825,8.933844546824732,9.374176232660826,78142100,-0.05117699313231572,11.524433994293213,1.3135757394734313,-1.8678762858415419,False
2022-12-28,8.669645309448242,9.227399670636451,8.552223584246756,8.904489693036135,83917300,-0.044228742121873554,11.386057090759277,1.460774590128636,-1.8595694364260724,False
2022-12-29,9.462242126464844,9.61880441027726,8.982769898993118,9.080620859783467,90966000,0.09142205808037196,11.185418605804443,1.4340887765230033,-1.2015828500642054,False
2022-12-30,9.462242126464844,9.491597321383466,8.865348186133806,9.070836416933806,64369800,0.0,11.000380706787109,1.4039292579344815,-1.095595502144629,False
2023-01-03,9.158903121948242,9.990641522915656,8.99255544175476,9.951500947175129,97509800,-0.03205783581337407,10.82308931350708,1.4012572346911802,-1.187637894283988,False
2023-01-04,9.853647232055664,10.04935100801112,9.374175033971284,9.6677297647197,114576600,0.07585451018065137,10.701985931396484,1.3734951816069934,-0.6176495634649851,False
2023-01-05,9.36439037322998,9.78515221718822,9.32524980168862,9.589449359481424,83312800,-0.049652361943103074,10.598833799362183,1.3934692115058758,-0.8858777904379963,False
2023-01-06,10.636460304260254,10.832163161160407,9.354605891675629,9.73622622933472,123492600,0.13584118990454996,10.560260248184203,1.3805107939337906,0.055197001291758876,False
2023-01-09,11.282280921936035,12.006382938666404,11.037652101831355,11.282280921936035,136968300,0.0607176259020219,10.509125995635987,1.3305205262164128,0.5810920696568738,False
2023-01-10,11.712828636169434,11.732398457304043,10.949586015036138,11.13550444833204,90401400,0.03816140700736215,10.494144630432128,1.3142903396565828,0.9272563062859772,False
2023-01-11,12.133588790893556,12.162944920441904,11.399702349512456,11.722612309065353,80469400,0.035923018067967494,10.468025064468383,1.2736276974118859,1.3077320238949992,False
2023-01-12,12.544565200805664,12.798979389656962,11.566049951240544,12.31950714133442,135343400,0.03387096900964304,10.430765676498414,1.1952213646782295,1.7685422857851232,False
2023-01-13,12.671772003173828,12.720697951161416,12.006382283371076,12.104233246161414,74389800,0.010140391502767576,10.430580234527588,1.1948549921406268,1.8757018913492278,False
2023-01-17,12.77940845489502,13.141458953662362,12.397787204915224,12.603275426722073,74500500,0.00849419100140314,10.513779592514037,1.2984897028490432,1.744818505229513,False
2023-01-18,12.544565200805664,13.464370057980398,12.534780757530507,13.161029920013872,82050400,-0.018376692076024992,10.59937481880188,1.3747977620932446,1.4148920194938843,False
2023-01-19,11.51712417602539,12.251010564816598,11.370346338356269,12.211869061556992,99618400,-0.08190327909605721,10.654073905944824,1.389105639435661,0.62129923425492,False
2023-01-20,12.515210151672363,12.583705921327637,11.497554317493911,11.849819475530152,89921600,0.08666104145378917,10.770517206192016,1.4443456217587924,1.2079469894164383,False
2023-01-23,14.423314094543455,14.589661756318076,12.847904928943349,12.896830876497912,125178200,0.1524627968485306,10.946649885177612,1.6597730447487344,2.094662412048124,False
2023-01-24,14.1297607421875,14.530952805331772,13.855776715198054,13.982983818167956,75816000,-0.020352697752523463,11.174643993377686,1.7702089360803357,1.6693604289181518,False
2023-01-25,14.217827796936035,14.31567970536644,13.043609561695988,13.41544550727258,93424800,0.006232735030366809,11.407530689239502,1.8511536260947061,1.5181328378592152,False
2023-01-26,14.91257381439209,14.971285146404323,13.992769789556789,14.697301107778806,111443300,0.0488644276311867,11.699617528915406,1.922546567389344,1.6711981597614083,False
2023-01-27,14.658156394958496,15.02999226129962,14.04169267603966,14.18846957422324,101402600,-0.017060597493107177,11.999043083190918,1.8919028028320382,1.40552321598503,False
2023-01-30,13.503511428833008,14.305893682286351,13.43501472274888,14.041695034543022,81286700,-0.07877149997680577,12.201106548309326,1.8211925116049057,0.7151384997602213,False
2023-01-31,14.208043098449709,14.23739829717966,13.346949492496549,13.3763046912265,97363300,0.05217396033096766,12.43839659690857,1.7534685291842016,1.0092262690134874,False
2023-02-01,16.43906021118164,16.908749085558178,14.364608325968806,14.41353335608061,150219900,0.15702493983674404,12.80240445137024,1.7920670704379553,2.0293078422129893,False
2023-02-02,17.534992218017578,18.004679059643234,16.644543547547006,16.957668108630777,116420900,0.06666634179553022,13.186471700668335,1.943554097996014,2.237406471902673,False
2023-02-03,16.566267013549805,17.740484444106745,16.24335698685038,16.41949006802645,94867600,-0.05524526001627694,13.546565532684326,1.8636693776018671,1.6202989205902876,False
2023-02-06,15.754097938537598,16.497769848812574,15.519253538903142,15.773668694000875,77254800,-0.049025472929291936,13.802447414398193,1.793071219500363,1.0884400479548322,False
2023-02-07,17.212087631225586,17.466501882779443,15.783454044249345,15.87152058772453,119100900,0.09254669473149968,14.098937749862671,1.8439554230799091,1.6882999677742234,False
2023-02-08,16.13571548461914,17.30993447557574,15.99872395334307,16.957668405014832,72392900,-0.06253582770829769,14.320082092285157,1.8075879665345582,1.0044509179903705,False
2023-02-09,16.22378158569336,17.515421322759362,15.861730148427483,16.95766796960537,84793400,0.0054578367571096464,14.524591732025147,1.778333723752757,0.9554954905103356,False
2023-02-10,15.460542678833008,15.871518266297931,14.92235905101198,15.71495595999035,78447700,-0.04704445155581971,14.670390605926514,1.7262264702549694,0.45773372527985046,False
2023-02-13,16.06722068786621,16.26292448695018,15.23548234131396,15.6464588262945,60332300,0.03924040841488741,14.840163040161134,1.6858154839969415,0.7278718574798092,False
2023-02-14,16.957670211791992,17.153374019926154,15.333334949935876,15.714955322790676,111460800,0.05542025850172316,15.049076128005982,1.6758617056269112,1.1388732598744105,False
2023-02-15,17.16316032409668,17.212085345588157,16.077007676382507,16.448842692279555,74638200,0.012117826903002005,15.280005884170532,1.630175041124466,1.1551854202277452,False
2023-02-16,15.93022918701172,16.801107175673614,15.832377287232124,16.292278789915535,81774100,-0.07183590398290185,15.500661134719849,1.3723142081432012,0.31302456080600927,False
2023-02-17,15.166986465454102,15.77366674527495,14.716869410442262,15.636673340326524,82871000,-0.04791159703966519,15.633249950408935,1.1838497585014705,-0.39385359637614364,False
2023-02-21,13.708998680114746,14.981068673532263,13.591576963778722,14.472240302891318,68114400,-0.09612903582792931,15.5975341796875,1.232066954215583,-1.5328188887065175,False
2023-02-22,13.532866477966309,14.100405275366484,13.24909707926622,13.806850499735551,70471500,-0.01284792611468566,15.567689466476441,1.2759407330382666,-1.5947629351598624,False
2023-02-23,14.756011009216309,15.010425217385366,13.973198563488015,14.804936962046504,94198000,0.0903832557013311,15.594598627090454,1.2514135936040927,-0.6701122811515883,False
2023-02-24,14.002553939819336,14.227612004240008,13.660073221665836,13.982983186468903,74689200,-0.05106102651498279,15.549097633361816,1.2933580384209005,-1.1957583651242478,False
2023-02-27,14.188470840454102,14.687513831910298,14.188470840454102,14.638587883754523,61896900,0.013277356504663773,15.525613355636597,1.3144785647928283,-1.0172417801223252,False
2023-02-28,14.335248947143556,14.9419292617701,14.002554524947763,14.090620119150085,59300500,0.010344885529944614,15.567200231552125,1.2591288949184445,-0.9784155453666746,False
2023-03-01,14.364603996276855,14.893002187609897,14.168900202076962,14.491811089232844,63832600,0.002047753006699571,15.575028276443481,1.2506926487950787,-0.9678031459869475,False
2023-03-02,14.687514305114746,14.912572367423488,13.366518328272974,13.708999043212655,73485400,0.022479583072501308,15.487450981140137,1.2483282325037852,-0.6408063642211708,False
2023-03-03,15.343117713928224,15.431184225953206,14.335246446514256,14.726653062938096,72055200,0.04463678435943197,15.37785725593567,1.1515741041237804,-0.03016700521750456,False
2023-03-06,14.844078063964844,15.900874576551631,14.716870955370236,15.489898051302886,56252700,-0.032525309345072695,15.291747808456421,1.1220432762872317,-0.39897725333098316,False
2023-03-07,14.335248947143556,15.088706185292216,14.17868664653732,14.86364717828206,66744300,-0.0342782565969193,15.220805358886718,1.1360389858315454,-0.7795123431393173,False
2023-03-08,15.47032642364502,15.5583920117605,14.530951751749509,14.540736194972435,71670200,0.0791808695256484,15.13371729850769,1.0378742454416332,0.3243255400311973,False
2023-03-09,14.589661598205566,16.18464243200098,14.482025261299878,15.411614522023031,87945700,-0.056926066155490784,15.056414604187012,1.0166756494302953,-0.4590972610025579,False
2023-03-10,13.748138427734377,14.922356453860184,13.513295009146171,14.785363993091336,128656300,-0.05767941667507159,14.932632446289062,1.0177725570249958,-1.163810136536817,False
2023-03-13,13.718782424926758,14.227609801870338,12.8674734496594,13.317590442009552,121199400,-0.0021352711104798416,14.84554443359375,1.0443939264992825,-1.0788668720468337,False
2023-03-14,14.893003463745115,15.20612806819986,14.22761274609386,14.44288637824896,107012500,0.08559221966264441,14.786833572387696,1.004338876163185,0.10571122344981188,False
2023-03-15,14.3743896484375,14.530952883602575,13.454585657711672,14.286324053462364,126199700,-0.03482264786751088,14.65766954421997,0.8672141220827426,-0.32665507695162094,False
2023-03-16,16.06722068786621,16.165072587408197,13.992768442966044,14.168900555682791,108646600,0.11776715956859585,14.602872562408447,0.7232398790912051,2.024706003902615,False
2023-03-17,15.783451080322266,16.536908314622647,15.48989723477736,16.13571718807202,79179200,-0.01766139975647718,14.595533657073975,0.7096795188081878,1.6738786899800058,False
2023-03-20,16.253137588500977,16.429270617910433,15.440969137993363,15.79323426362749,62536400,0.0297581628877277,14.649841213226319,0.7924433115063693,2.023231633095526,False
2023-03-21,16.33643913269043,17.17923142787849,15.621045694556184,16.66963599966323,76051300,0.005125259275992944,14.781213235855102,0.8443501811673544,1.841920486930143,False
2023-03-22,15.915040969848633,17.659424236694665,15.875842332971208,16.346237190598337,95075000,-0.025794982579682713,14.900321960449219,0.8268225570873893,1.227251241153748,False
2023-03-23,17.140029907226562,17.80642360191847,16.297237661682896,16.67943514492275,97514400,0.07697051736773375,15.019522905349731,0.9651932996520276,2.196976504749171,False
2023-03-24,16.23843765258789,16.87543092199674,15.719044032064875,16.75783314229391,90583300,-0.05260155667864641,15.131317090988158,0.9706734638086006,1.140569514752941,False
2023-03-27,15.650446891784668,16.581437581422005,15.493648577899432,16.42463926753677,64605200,-0.03620981115196853,15.204415893554687,0.9507780883570301,0.4691220839983116,False
2023-03-28,15.317248344421388,15.562245916914517,14.601854946753834,15.552445789712811,75621600,-0.02129003405891139,15.25351586341858,0.928628426430453,0.06863076682650109,False
2023-03-29,16.73823356628418,17.120429169551336,15.973840490566785,16.013040998175253,90012500,0.09277026721188597,15.372197341918945,0.9601858596398919,1.422678964338793,False
2023-03-30,17.59082794189453,17.924024818227814,17.22823068146715,17.404629247665156,80622200,0.05093693861028048,15.517363023757934,1.0649746770051038,1.9469617098948733,False
2023-03-31,17.93382453918457,17.973025054505975,17.081233891961922,17.208631828389596,68287500,0.01949860452407437,15.646898365020752,1.192577635680908,1.9176329538144385,False
2023-04-03,17.453622817993164,17.79661972015523,16.787229263891486,17.56142232503395,57147300,-0.02677631422913651,15.777375602722168,1.2418541644063812,1.3497939317796295,False
2023-04-04,16.45403480529785,17.5418225537878,16.179636902239263,17.512424046834134,64093400,-0.05727109054200619,15.883314895629884,1.2020926765542106,0.4747719712459544,False
2023-04-05,15.601445198059082,15.983640805830277,15.072250488798426,15.92484191290773,86953300,-0.05181644607705904,15.889870834350585,1.2000776444013532,-0.2403391460853197,False
2023-04-06,15.346647262573242,15.689644226080212,14.788053115607957,15.140849271387369,65901100,-0.016331688010386314,15.92772011756897,1.1684320831470754,-0.49730991075720593,False
2023-04-10,16.062042236328125,16.16984177966457,14.83705515730886,14.915454315412624,63177700,0.046615717525453126,16.043415307998657,1.049791850866667,0.017743449155268362,False
2023-04-11,15.88564109802246,16.454037238967114,15.787643568105311,16.385436351168813,52220200,-0.01098248502339838,16.151758241653443,0.8981093154537408,-0.29630818771380496,False
2023-04-12,15.0232515335083,16.40503773541974,14.964452637669124,16.326638584573104,76962300,-0.05428736298351311,16.158270645141602,0.888926676244081,-1.2768422210356174,False
2023-04-13,15.35644817352295,15.630845197584057,14.73905416844177,15.082051149461842,59431400,0.022178730035337324,16.207373571395873,0.8087055282586044,-1.0522067280846124,False
2023-04-14,15.268247604370115,15.866042238726514,14.778252492716156,15.327047428988855,56858500,-0.005743552685894215,16.16742491722107,0.8352902063940169,-1.0764849222077444,False
2023-04-17,15.268247604370115,15.307447175918774,14.650853651535146,14.797852745786235,56761700,0.0,16.141664743423462,0.8554560818189287,-1.0209958846703477,False
2023-04-18,15.464245796203612,16.03264099782603,15.101649517897116,15.699444165168297,56833200,0.012836980176912816,16.102220153808595,0.868139261577797,-0.7348755963939463,False
2023-04-19,14.954649925231934,15.072248631174777,14.6802520101072,14.895850104964794,53185600,-0.032953166787919375,16.03313069343567,0.9028096961305306,-1.194582615612279,False
2023-04-20,14.895852088928224,15.581845098923896,14.454856649258971,14.494056223127538,65191000,-0.003931742742068756,15.982171249389648,0.9379081355482065,-1.1582362059653857,False
2023-04-21,14.562655448913574,14.788053702776988,14.19025902461997,14.788053702776988,68276000,-0.022368417598769508,15.853302526474,0.9474621843634952,-1.3622148713275368,False
2023-04-24,14.337258338928224,14.739054216254722,14.07266050678155,14.484256511504205,48740200,-0.015477747913218987,15.758243560791016,1.0006667250879973,-1.4200384466045193,False
2023-04-25,12.935873031616213,14.131461575620982,12.906473581441574,14.131461575620982,89382800,-0.09774430188699323,15.622514867782593,1.1834617757654142,-2.270155142466491,True
2023-04-26,13.10247039794922,13.514066404971004,12.916272649340122,13.34746797667211,68911200,0.012878710692802331,15.511775970458984,1.310348048005058,-1.8386760496021006,False
2023-04-27,13.269067764282228,13.327867589690085,12.269478209080804,13.063269777242004,87997600,0.012714958421816691,15.338317680358887,1.3678068197494537,-1.5128232190388489,False
2023-04-28,13.945261001586914,13.984461509336445,13.269068130963786,13.484666250628475,65456800,0.05096011636362796,15.156039333343506,1.2926779821066705,-0.9366434243611022,False
2023-05-01,14.366658210754396,14.49405706689158,14.033461346178926,14.170660330001652,57191000,0.030217950680129224,14.977681016921997,1.1243737220342203,-0.5434339083113185,False
2023-05-02,14.062860488891602,14.61165450659566,13.631664254675451,14.366656943615608,61126500,-0.021146025568798077,14.808142900466919,0.9774255768360516,-0.7624953032105147,False
2023-05-03,13.563066482543944,14.327458687603036,13.533667033970186,13.837463516612814,71240700,-0.035539996058586376,14.663594484329224,0.9340129785735906,-1.1782791321229695,False
2023-05-04,13.327869415283203,13.719865189724384,12.955472962268258,13.229870004377084,62383900,-0.01734099494118424,14.54991569519043,0.9520439174845605,-1.2836028438016307,False
2023-05-05,14.180459976196287,14.386257977646796,13.171069289057732,13.347467843041477,62636200,0.0639705067889853,14.491606330871582,0.9362602397460014,-0.33232892038617967,False
2023-05-08,14.35685920715332,14.40585891482589,13.788464841171564,14.17066143950758,41012800,0.012439598662747242,14.406347179412842,0.8602810706577743,-0.057525352989207516,False
2023-05-09,13.661063194274902,13.837461732152583,13.465065338072757,13.788462034454172,57414300,-0.048464361378687704,14.295118284225463,0.8006999329036216,-0.7918760373205633,False
2023-05-10,14.023661613464355,14.347058337910203,13.631664932451011,14.092260635440269,78346700,0.026542474332555077,14.245138788223267,0.7838783123695167,-0.28254025052616605,False
2023-05-11,13.788461685180664,14.141258751999375,13.367066538668222,14.043259359084963,54962200,-0.016771648857946797,14.166739463806152,0.7442925043524466,-0.5082380601892525,False
2023-05-12,13.739463806152344,14.08245983420926,13.318067697971369,13.896262097217395,46243600,-0.0035535420953435315,14.090300273895263,0.7025457699073597,-0.4993788060088694,False
2023-05-15,14.80765438079834,14.83705476525414,13.690465940044446,13.817864802244596,64054000,0.07774616169283655,14.067270612716674,0.6686305845342513,1.1073136425510588,False
2023-05-16,14.74885368347168,15.25844813557097,14.670454536994866,14.680253729360809,54294600,-0.003970966353922245,14.031501007080077,0.6061829165589872,1.1833930927378704,False
2023-05-17,15.81704330444336,16.013042117823982,14.83705391049829,15.170249837143809,77302900,0.07242526394907212,14.074620676040649,0.6988888960641738,2.493132511068994,False
2023-05-18,17.316431045532227,17.443828979526128,15.993443585643895,16.013043842930163,91302200,0.09479570310512186,14.19564962387085,0.9953159087436587,3.1354682410337387,False
2023-05-19,17.042030334472656,17.287027903946655,16.718633617534305,17.2380291377251,49521200,-0.01584626245085119,14.319618368148804,1.1805941030880573,2.3059677828331444,False
2023-05-22,17.17923355102539,17.365430393852346,16.55203838140696,16.581438768308654,43944400,0.008050872687111577,14.461717128753662,1.342728819251849,2.0238758439592393,False
2023-05-23,16.58143424987793,17.198827253106437,16.454036346386733,16.855832178636692,41287200,-0.03479778648866316,14.643995189666748,1.3718214475259758,1.4123113935164622,False
2023-05-24,15.70924472808838,15.905241660916412,15.180049084168166,15.572045753598893,87475800,-0.052600366689990685,14.774333906173705,1.3411440887534263,0.6970994613887171,False
2023-05-25,18.766815185546875,19.00201264971757,17.277229376615836,17.796624944899015,124768700,0.19463510247513738,15.049221277236938,1.5616708518693034,2.380523337462575,False
2023-05-26,22.422176361083984,22.79457370720323,19.62920561110506,19.64880399575627,112964600,0.19477791726495286,15.473067045211792,2.246474838726501,3.0933394828546383,False
2023-05-30,22.412376403808594,24.303755894999707,22.13797847848546,24.078358600546565,99439100,-0.00043706539086896257,15.875352954864502,2.7104042194441744,2.411826030246015,False
2023-05-31,20.726791381835938,22.21637686441724,20.667992495971195,21.275585344666936,73938700,-0.07520777768511067,16.20854949951172,2.880154023175114,1.5687500897411237,False
2023-06-01,21.71658515930176,22.294779592781065,20.413198119414194,21.050191448228443,74757400,0.047754317551207404,16.61622543334961,3.057573339851696,1.668107076770737,False
2023-06-02,21.57938766479492,22.43197821106258,21.099192624068134,22.235981265213837,65015000,-0.006317636658822345,17.028801345825194,3.1459385362705943,1.4464956217371918,False
2023-06-05,20.550395965576172,21.314789074248257,20.24659949524553,21.314789074248257,35747700,-0.047684008239838316,17.34729814529419,3.164785118575103,1.012105940931664,False
2023-06-06,21.295190811157227,21.618587566381663,20.02120404674176,20.13880184726883,49445200,0.03624235984691748,17.694214725494383,3.1998153012026673,1.1253699812952946,False
2023-06-07,21.206987380981445,22.637774048405536,21.059989224463695,21.70678260848817,65066100,-0.004141941293598017,18.07151093482971,3.1436130163788687,0.9974117137876893,False
2023-06-08,21.834184646606445,22.020381458559516,21.03059102719122,21.35398962193566,43045900,0.029575028944822,18.462037086486816,3.0991184567333545,1.088098956912432,False
2023-06-09,21.9517822265625,23.01997179727729,21.647985758588973,22.56917715894129,50142100,0.0053859386947308074,18.87020311355591,2.986726715304522,1.031757976789784,False
2023-06-12,24.107759475708008,24.18615861753214,22.667172674562973,22.7357735591942,52761000,0.09821422365135768,19.38861789703369,2.948885837932137,1.6003134193840296,False
2023-06-13,25.04854965209961,25.558145018201376,24.22535771276076,25.273948824648905,82626800,0.03902437210474008,19.900662660598755,3.0002493752056236,1.7158197028698794,False
2023-06-14,26.106943130493164,26.16574389911738,24.342961193799475,24.80355599958931,84622000,0.04225368307122079,20.46856713294983,3.048337784284815,1.8496559097259562,False
2023-06-15,25.430749893188477,26.03834285300539,24.911354343707448,25.23475107888309,64797200,-0.025900896704941556,20.949252462387086,3.0341938823229286,1.4769977149154456,False
2023-06-16,24.73495101928711,26.253936864551303,24.627151505269243,26.234336613060265,55392600,-0.027360533087847916,21.32017846107483,3.0201317327655963,1.130670070171179,False
2023-06-20,24.156763076782227,25.038754066254157,23.50016943155182,24.362562033529574,43349100,-0.02337534212435033,21.67591509819031,2.906575193655437,0.8535296055671258,False
2023-06-21,22.358646392822266,24.03701617813082,22.280126201791496,23.722935414007747,59099400,-0.07443533217776943,21.93488574028015,2.708855545738216,0.1564353083385372,False
2023-06-22,22.672727584838867,22.947547322598613,21.80900359513067,21.86789514356695,44637500,0.014047415326422952,22.239450407028198,2.4001079360457016,0.18052403864990987,False
2023-06-23,21.485105514526367,21.867893054518103,21.121950360873623,21.54399705733671,44294000,-0.052381084978353365,22.528243446350096,1.8596443576958643,-0.5609340987737017,False
2023-06-26,21.68140983581543,22.88865854513547,21.64214880198268,21.90715516414634,47524300,0.009136763194220299,22.673973178863527,1.65197341493016,-0.6008349372196522,False
2023-06-27,23.919233322143555,24.037012655394083,21.602885218104017,21.87770678246983,54471000,0.10321392858094836,22.748826026916504,1.6737370622722203,0.6992778744100566,False
2023-06-28,23.28125762939453,23.98794120434854,22.68254188869836,22.751246820248003,55584500,-0.026672079500073664,22.7922700881958,1.675819621182552,0.29179007992141476,False
2023-06-29,23.36959457397461,23.664046706432625,22.7414330200414,23.664046706432625,45213700,0.0037943373157189875,22.924410247802733,1.6071704048109359,0.27699883275553905,False
2023-06-30,24.3707275390625,24.704438820070123,23.840716715859763,24.115536449346724,47598800,0.042839124226947245,23.05711736679077,1.6117611512661525,0.8150154079838667,False
2023-07-03,25.01852035522461,25.27371145279432,24.223503159917996,24.792775032321476,25289900,0.026580774624959336,23.229074001312256,1.629170617113313,1.0983787303278458,False
2023-07-05,23.408855438232425,24.71425482812445,23.38922492179637,24.527768666120135,38292000,-0.06433893348357178,23.37199697494507,1.5022475602230683,0.024535545447570934,False
2023-07-06,22.55494499206543,22.623649922338373,21.63233325401598,22.181974568268473,49420400,-0.036478094728730315,23.43498468399048,1.435513991621698,-0.6130484948675905,False
2023-07-07,22.53531837463379,23.585528641525325,22.4077237494976,22.653099612664267,41284000,-0.0008701691553025803,23.501401233673096,1.3555055826484759,-0.7127103505923681,False
2023-07-10,23.870161056518555,23.98794228165682,22.653097133078788,22.73161732581461,39943500,0.05923336247990574,23.603200054168703,1.2989798622664435,0.2055158898953691,False
2023-07-11,23.88979148864746,24.28239245094494,22.84939847054188,24.223502774617582,44231000,0.0008223837318241944,23.70010051727295,1.2402628071010573,0.15294417464463575,False
2023-07-12,25.214820861816406,25.37186124354259,24.537583045579098,24.969445031360618,54237000,0.055464250234189105,23.75545358657837,1.2833692792808777,1.1371374543543522,False
2023-07-13,26.775409698486328,26.94226532814079,25.72519963415008,26.019651736400313,42645500,0.061891728092074993,23.841796588897704,1.4251986497775944,2.058388920061369,False
2023-07-14,25.74483108520508,27.511538146765293,25.420935071396052,26.834300346230428,47910200,-0.03848974207627187,23.823690986633302,1.3969276027240822,1.3752610334461537,False
2023-07-17,27.54098320007324,28.002290968061967,25.293341524634737,25.793908452753044,50068600,0.06976748493410634,23.92920265197754,1.5909232119198977,2.2702419079906853,False
2023-07-18,27.737281799316406,28.02191676556649,26.588922933125733,27.236714922046744,45800100,0.00712750876819257,24.079319190979003,1.7989943610927124,2.0333374508831423,False
2023-07-19,26.785226821899418,27.913955278991732,26.5398509889633,27.884509505094545,49085500,-0.034324018636911036,24.210742378234862,1.8982225894418499,1.3562605660601441,False
2023-07-20,23.840715408325195,25.57797477938673,23.42848395863439,25.31297031835394,67340600,-0.10993042669203046,24.28484582901001,1.8504418387484243,-0.2400131748994657,False
2023-07-21,24.459060668945312,25.11666791068288,24.04682923573566,24.54739610978087,43146400,0.02593652287817627,24.374162483215333,1.8112287375689657,0.04687325458623754,False
2023-07-24,24.43943214416504,24.969444832317706,24.056646450767452,24.44924740195331,29911500,-0.0008025052574972547,24.521878814697267,1.678841218859604,-0.049109272280217185,False
2023-07-25,25.64667701721191,26.098169449042963,24.84184471706606,24.84184471706606,39288500,0.049397419135006615,24.72014217376709,1.5553369699216264,0.5957132514451245,False
2023-07-26,24.59646987915039,25.254077103683215,23.762191777568624,24.73388160133779,54225500,-0.040949053062769414,24.75400400161743,1.5443154860774533,-0.10200902852251789,False
2023-07-27,25.970579147338867,27.53116970802776,25.519088480507705,26.50059188360415,83083300,0.055866117168027474,24.888470077514647,1.526308701395925,0.7089713036652084,False
2023-07-28,27.629316329956055,27.913953173283307,26.647813072251974,27.47227595848891,60636000,0.0638698572414067,25.10145616531372,1.5986958615915652,1.5812014188400718,False
2023-07-31,27.884511947631836,28.21822325942184,27.433021274074303,27.933586369690108,37007400,0.009236407250478917,25.277145385742188,1.7037859054146942,1.530336971096745,False
2023-08-01,28.002288818359375,28.188773090779563,26.932450109974447,27.295605269587583,36908400,0.004223737928378712,25.426333808898924,1.8074293744395478,1.425203687562735,False
2023-08-02,24.812402725219727,26.99133925672708,24.3314663594754,26.99133925672708,81886500,-0.11391519149849771,25.49651117324829,1.7513515544499596,-0.390617432742348,False
2023-08-03,24.684804916381836,25.126482101823974,23.624781543389467,23.840713443858412,51031600,-0.005142501121352394,25.60300416946411,1.6231329900195817,-0.5656956384523966,False
2023-08-04,24.419801712036133,25.470011834141975,23.63459980698121,24.360912037174263,59250900,-0.010735478981640068,25.697228336334227,1.4844520770042169,-0.8605374630052577,False
2023-08-07,25.185375213623047,25.303156436538668,24.51795265192894,24.98907379945336,40030800,0.03135052080335177,25.762989044189453,1.4272847016150727,-0.4046941930455751,False
2023-08-08,24.007572174072266,24.095907629501735,22.996624874042585,24.0468332085161,52987700,-0.04676535606718679,25.768878078460695,1.4193700689711966,-1.2409067535608092,False
2023-08-09,22.662912368774418,23.987942257941885,22.52550249963984,23.948681225578255,49811500,-0.05600982038283975,25.641282653808595,1.5776739741204509,-1.887823678332915,False
2023-08-10,22.388090133666992,23.958495815075715,21.89733847523108,23.222368327421847,65350400,-0.012126518897283556,25.421916675567626,1.7110574904237206,-1.773071073812574,False
2023-08-11,20.74898147583008,21.593075006983383,20.621386856317436,21.524370067855873,66258400,-0.07321342053076851,25.17212419509888,2.0014568506358703,-2.2099615676768405,True
2023-08-14,22.50587272644043,22.535316629616116,20.277859612116178,20.474161036276666,55110100,0.08467361410760832,24.92036867141724,2.004475886462453,-1.2045522529273078,False
2023-08-15,21.396772384643555,22.397906255781447,21.29862354682418,22.20160670807362,45574800,-0.04928048582154643,24.603343200683597,2.036653295158724,-1.57443135935915,False
2023-08-16,20.1502628326416,21.3771419217001,20.09137128847717,21.30843512017493,54398900,-0.05825689639511111,24.271595001220703,2.1966403476279215,-1.8761979734322873,False
2023-08-17,19.541732788085938,20.36619580413953,19.345431356808724,20.238601184257774,50769000,-0.03019960829344126,24.05664587020874,2.4380883826745805,-1.8518250257892406,False
2023-08-18,19.777294158935547,20.05211579910072,18.756531543593532,18.864495650172955,63687900,0.01205427243346735,23.822557544708253,2.6157034958792633,-1.5465297929010489,False
2023-08-21,21.475292205810547,21.622519204125208,20.012852457241916,20.130633681479832,60272400,0.08585593323482166,23.674350547790528,2.662468233660496,-0.8259472598313801,False
2023-08-22,20.955095291137695,22.39790443113125,20.709719472440696,22.28993847184251,59640500,-0.0242230424474551,23.43977146148682,2.686121595633126,-0.9250050982012528,False
2023-08-23,22.181974411010746,22.466609387562027,20.51341809305862,20.56249438009776,67010200,0.05854800958084505,23.319046688079837,2.6856573053761386,-0.42338695811744265,False
2023-08-24,20.032482147216797,23.477558945231458,19.865626511800624,23.448113172368966,87095000,-0.09690265726422342,23.022141838073733,2.705259792720529,-1.1051284977885254,False
2023-08-25,20.277860641479492,20.77842761363675,19.041166099456127,19.96377984453436,73315300,0.012249030971770436,22.654569053649904,2.54075214543838,-0.935434972056409,False
2023-08-28,21.023801803588867,21.190657447747075,20.376009743226195,20.866761417565737,57976500,0.03678598917794673,22.311533546447755,2.2431960257864296,-0.5740611734578254,False
2023-08-29,22.643280029296875,22.87884058830351,20.58212279790266,20.699904013440435,62384100,0.07703070266917922,22.04358310699463,1.8049063424601943,0.332259302432735,False
2023-08-30,22.967180252075195,23.261632408989684,21.95623290125577,22.49605904749512,58519900,0.014304474544290624,21.951321983337404,1.7000383665232666,0.5975502016553389,False
2023-08-31,23.41866683959961,23.830898256520324,22.711983340839083,22.741429110643697,57584100,0.019657902388066084,21.888015079498295,1.6143027695841006,0.948181338061919,False
2023-09-01,23.57571029663086,24.056646700841604,23.07514337663951,23.89960631873479,50183300,0.006705909354570938,21.84581050872803,1.5545559914956926,1.1127934904669685,False
2023-09-05,23.57571029663086,24.125351634004705,22.947546896134583,23.31070394979973,39873800,0.0,21.765327262878422,1.4072472584888651,1.2864711747219666,False
2023-09-06,23.00644302368164,23.840721389758357,22.240869604446058,23.42848983664218,45032300,-0.024146346633321603,21.71527080535889,1.339464645515152,0.9639464711860093,False
2023-09-07,21.46548080444336,21.642149849030584,20.61157199796026,21.45566554551031,61690800,-0.06697959426635813,21.655399227142333,1.3215187353431794,-0.14371224381442774,False
2023-09-08,21.10232162475586,21.779559447590145,20.82750001802349,21.318251683715484,40693000,-0.016918287691572553,21.59111080169678,1.3152590784654543,-0.3716295784943009,False
2023-09-11,21.053247451782227,21.89733905357904,20.20915397791635,21.828634119114433,55474600,-0.0023255343106922677,21.606324100494383,1.306737776592828,-0.4232499118179946,False
2023-09-12,20.55267906188965,21.57344149238796,20.46434361754945,20.61156873409347,49005100,-0.023776302968889662,21.508664417266846,1.3089558028221489,-0.7303419667158083,False
2023-09-13,20.837316513061523,21.46547995544722,20.405456369503476,20.493789952268735,56098900,0.013849165372297856,21.480691623687743,1.3174233068459562,-0.4883586826519144,False
2023-09-14,21.24954605102539,21.52436764871724,20.660643697153695,21.45566271731152,54201500,0.01978323541351723,21.535655784606934,1.2814351647357103,-0.22327289078300921,False
2023-09-15,19.423952102661133,20.876576604452005,19.090240815483625,20.84713083014726,77383000,-0.08591213873371961,21.529766750335693,1.2913133961978147,-1.6307541251217474,False
2023-09-18,19.561363220214844,19.806739072205357,18.844866181699143,18.933201638181263,41631100,0.007074313035135837,21.518970203399657,1.307537589719647,-1.4971707112485768,False
2023-09-19,19.102237701416016,19.475826696850493,18.758141439068556,19.426670891589616,50047300,-0.023471038987935344,21.400317478179932,1.4149680163150633,-1.6241213584097125,False
2023-09-20,18.168262481689453,19.583971806613267,18.12893821233884,19.328357492726067,58695600,-0.048893497941203456,21.26097583770752,1.587785450603434,-1.9478156540877034,False
2023-09-21,17.126144409179688,17.824166613416725,17.09664980013174,17.460409144361144,68048000,-0.05735925895830962,21.008184337615965,1.81906152532962,-2.1340894051029085,True
2023-09-22,17.5390625,18.060122762814515,17.332603952404007,17.59804985280994,65378900,0.02411039408256932,20.883513355255126,1.9687381252276697,-1.698778934790205,False
2023-09-25,17.912647247314453,17.971636461069725,17.04749273914764,17.312938575525315,56510100,0.02130015485801784,20.765252685546876,2.0751941546500943,-1.3746209875544928,False
2023-09-26,16.949182510375977,17.61771205982783,16.70339969808774,17.440748134952454,70947400,-0.05378684253847088,20.56152172088623,2.2417991203793917,-1.6113572253962334,False
2023-09-27,17.38176155090332,17.77501369285663,16.605086929768177,17.342435399120927,80980900,0.025522118265145055,20.298445796966554,2.2927870981979024,-1.272112987880866,False
2023-09-28,18.32556533813477,18.89578137064661,17.057327039605838,17.2736152329124,88909800,0.05429851194698965,20.066365051269532,2.2428068074822263,-0.7761701575576113,False
2023-09-29,18.55168914794922,19.328361928824147,18.345230592158934,19.10224217143296,75732800,0.012339254240844255,19.82301616668701,2.1206429928281496,-0.5995007283344356,False
2023-10-02,18.758142471313477,19.24970805166779,18.11910759188765,18.630336245497865,65982800,0.011128545854655059,19.582137775421142,1.937662755462161,-0.4252521765125894,False
2023-10-03,17.58821678161621,19.062913599531683,17.234290820434797,18.286240917186667,77741000,-0.06236895212233373,19.28276309967041,1.7407015772830399,-0.9734846800674012,False
2023-10-04,18.32556533813477,18.492697720517928,17.470242226954,17.87332587708268,74018800,0.0419228717540745,19.048719215393067,1.5135476315216367,-0.4777873270702946,False
2023-10-05,18.089614868164062,18.551687761987612,17.519398810504974,18.266578795571032,63584100,-0.012875481089781315,18.8799259185791,1.4148651275575246,-0.5585769519808216,False
2023-10-06,19.141565322875977,19.456168907233337,17.362098233324367,17.71602609374258,92805900,0.05815217528833316,18.78188810348511,1.3173379755294625,0.2730333643090391,False
2023-10-09,19.053081512451172,19.200552690125352,18.13877108687999,18.60084206809385,62652500,-0.004622600551850264,18.681879806518555,1.2071420550513086,0.30750457610130966,False
2023-10-10,19.711780548095703,20.27216692822713,18.964602458268512,19.230046467076637,67622800,0.034571784895481183,18.639834880828857,1.1519342325999173,0.9305615172556012,False
2023-10-11,20.16402053833008,20.3311529123747,19.485659505422618,19.967393554098557,62660000,0.02294262505261435,18.606170082092284,1.0926464028010827,1.4257590124711244,False
2023-10-12,20.331151962280273,21.206138063356413,19.751104448594756,20.321320426010747,83392100,0.008288596196998066,18.56025037765503,0.9902046747027571,1.7884197377242617,False
2023-10-13,18.65983009338379,20.53761057234473,18.53202385994373,20.449128612588535,88671200,-0.08220497648127534,18.522044277191164,0.9696538173903472,0.1420979464232419,False
2023-10-16,19.475828170776367,19.66262362021713,18.777805932342137,18.80729866766116,65688500,0.04373019868395844,18.51776752471924,0.9650060273636246,0.9928027586257966,False
2023-10-17,18.974430084228516,19.42667137972186,17.607878411762155,18.315732151243346,90214600,-0.025744634947036715,18.511377143859864,0.9613481375699066,0.4816703983420155,False
2023-10-18,17.971637725830078,18.473034826993793,17.676697261818227,18.060119677516255,81406400,-0.052849669473443384,18.501545906066895,0.9660356453546967,-0.5485389517301419,False
2023-10-19,17.135976791381836,18.61067356344328,16.939349805037413,18.443541187602698,115930900,-0.04649887490482696,18.502037525177002,0.9653010817295519,-1.4151654438712158,False
2023-10-20,16.35930061340332,17.48990285846284,16.290481737653344,17.126143532846747,83690500,-0.04532430146433952,18.443049430847168,1.0587660657548548,-1.9680918050185374,False
2023-10-23,16.113521575927734,16.968846640974203,15.562968567202812,16.074197298605892,89594500,-0.015023810814639438,18.353093147277832,1.1761278338452223,-1.9041906048835366,False
2023-10-24,16.75255584716797,16.841035926305988,16.14301370359426,16.378964956701346,79093400,0.039658262672692235,18.343261814117433,1.1892297024758738,-1.3375935394463756,False
2023-10-25,14.717473983764648,16.241327495792557,14.461859652696852,16.1036878558798,107436500,-0.12147888847344757,18.210047435760497,1.4278804985070794,-2.4459844193176594,True
2023-10-26,14.481521606445312,15.41549696300928,14.235738815262572,14.874774634889862,101804700,-0.01603212464174375,18.017845249176027,1.6525536619341072,-2.13991456022789,True
2023-10-27,14.845280647277832,15.307351609828112,14.67814827781516,15.04190668853188,91507300,0.025118841149304405,17.832524824142457,1.7915157086452753,-1.6674395666469184,False
2023-10-30,14.284896850585938,14.855112902599208,13.783500623875666,14.570004876592574,104353000,-0.037748279066361135,17.608862543106078,1.9427251890466695,-1.7109809000578566,False
2023-10-31,14.648653030395508,14.77646018604056,13.773666950529435,14.294726171553972,75873100,0.02546438967073472,17.461884355545045,2.052467121376158,-1.3706584119424505,False
2023-11-01,15.68094253540039,15.74976235732344,14.67814919364304,14.697811330201784,100044400,0.07046992667946417,17.329653215408324,2.078915606004458,-0.7930628233517616,False
2023-11-02,16.791879653930664,17.11631285237508,16.103687111691563,16.614915750202105,89974100,0.07084632291855453,17.264766454696655,2.0741943863676333,-0.22798576829345255,False
2023-11-03,18.06995010375977,18.443540998958223,17.204795498075892,17.30310899024253,88065900,0.07611241124694068,17.211185693740845,2.0366625622193073,0.421652769559994,False
2023-11-06,17.9421443939209,18.325564961735324,17.430915720052365,18.138771383923856,52668800,-0.007072831363949317,17.15563883781433,1.9985771887031696,0.39353273946697753,False
2023-11-07,18.28623962402344,18.56151514378943,17.755347907033872,17.853661396310514,56719500,0.01917804374705212,17.084361791610718,1.9267465645119728,0.6237861556624329,False
2023-11-08,18.355056762695312,18.640163791859408,17.971636253581178,18.345225227182944,50269100,0.0037633291527834345,16.99391360282898,1.813711582269789,0.7504738753241662,False
2023-11-09,18.079784393310547,19.367687773958515,17.971641223117935,18.71882125210612,75784400,-0.014997086249508462,16.881345224380492,1.6589465122374287,0.7224097703510127,False
2023-11-10,20.252504348754883,20.42946827573757,18.512361566990556,18.738481306946625,95598900,0.12017399700010989,16.960978937149047,1.7824412875430227,1.846638896108037,False
2023-11-13,19.682287216186523,19.859251133492386,19.249708960013752,19.770769174839455,57461900,-0.028155388723736574,16.971301889419557,1.7982998219375657,1.5075268838352183,False
2023-11-14,21.76651954650879,22.012302294324556,21.01933976812803,21.147147847089418,94381100,0.10589380733191489,17.11090636253357,2.0524127570122443,2.268361063372325,False
2023-11-15,22.248260498046875,22.78898383825158,21.805852538069363,22.228599297175577,78026200,0.022132199431734723,17.32473750114441,2.348265186034666,2.096663965459727,False
2023-11-16,22.336740493774418,22.52353594937238,21.76652446499944,21.992646069217603,61404400,0.003976939938082458,17.584775686264038,2.6006556312336757,1.8272180101200808,False
2023-11-17,22.739824295043945,22.897127015414533,21.992646217947097,22.09095783981448,54090800,0.018045775361981375,17.90380187034607,2.8241623575585444,1.7123740820901536,False
2023-11-20,23.772113800048828,24.008065073787456,22.66117444329199,22.70050059316878,56824400,0.04539566760108449,18.286731481552124,3.0765774477160206,1.7829495313270673,False
2023-11-21,22.45471572875977,23.20189563153225,22.071295178390233,23.172401021821564,63297900,-0.05541779256022039,18.571839475631712,3.1890760374999565,1.2175552440486799,False
2023-11-22,22.612016677856445,23.71312440202857,22.4350527690454,22.83813639459328,64858200,0.007005252304094212,18.966566610336304,3.1754371580453693,1.1480151821880444,False
2023-11-24,22.70050048828125,22.759487837649846,22.36623571656915,22.582523914370025,21933500,0.00391313219362055,19.3775155544281,3.0952737705134523,1.0735673740749347,False
2023-11-27,22.582523345947266,23.1429097139526,22.21876584629399,22.40556130229577,40671500,-0.0051971163541036924,19.764377689361574,2.9803863228513023,0.9455638804199059,False
2023-11-28,22.159778594970703,22.503873021770755,21.599392224523505,22.120452446094134,53548300,-0.01871999618910747,20.15812177658081,2.727866885421679,0.7337809733631754,False
2023-11-29,22.828306198120117,23.890087838144915,22.749655775717315,23.064257465328517,69262600,0.03016851455822489,20.567104434967042,2.458221434820918,0.9198527565999374,False
2023-11-30,22.425220489501953,23.074086883530285,21.81568024065052,23.054425686115646,58913500,-0.017657276239415376,20.90431833267212,2.20188857618661,0.6907262126151009,False
2023-12-01,22.680835723876953,22.808643825691178,21.471584838443917,22.002474693561933,54913400,0.011398560584706896,21.198766136169432,2.0082438611624482,0.7379928386035959,False
2023-12-04,21.933656692504883,22.06146479945044,20.93086428698247,21.98281437793547,55773300,-0.032943187829074905,21.391951465606688,1.872684361621427,0.2892667007851606,False
2023-12-05,21.560070037841797,21.71737089822687,20.980022411981523,21.314287209093347,51980900,-0.017032575092266633,21.572847747802733,1.6874866607066867,-0.0075720361283241324,False
2023-12-06,21.107824325561523,22.503870581327032,21.04883698381757,22.44488323958307,60117400,-0.020976078068693726,21.713926982879638,1.5064947147135936,-0.4023264412403487,False
2023-12-07,22.788982391357425,23.005270588602475,21.451923307945037,21.648550305567102,77337000,0.07964620322142935,21.935623264312746,1.2980096166817965,0.6574366754124584,False
2023-12-08,23.300209045410156,23.634473787002793,22.562860681633556,22.621848025687004,69286800,0.022433061962723322,22.196644496917724,0.9636473916269356,1.145195387940887,False
2023-12-11,25.6695556640625,25.93499965705679,23.899918418115096,23.97856883736783,80772700,0.10168778374626108,22.467497062683105,1.1345743097823575,2.8222555136063656,False
2023-12-12,26.20044708251953,26.269265969059376,25.168160034073868,25.315629344541243,55752100,0.020681753334760078,22.793405055999756,1.2249837804160313,2.7812956228389156,False
2023-12-13,27.44902229309082,27.920924803818437,25.974325540686603,26.249602942864655,80992700,0.0476547291975149,23.077530193328858,1.5814193511362389,2.764283930521702,False
2023-12-14,29.68073272705078,29.97567134964101,28.12738543938258,28.137216976825457,86502800,0.08130382241416667,23.44915380477905,2.148063625208169,2.901021575498178,False
2023-12-15,30.054319381713867,31.0571136189776,29.838031200708976,29.94617435362448,66922000,0.012586840698936008,23.835032749176026,2.5862192192521154,2.404779373009353,False
2023-12-18,29.7790470123291,30.191960344784736,28.963046259597977,30.044491029597143,46100400,-0.009159161646237535,24.186993885040284,2.8904230097444024,1.9346833001385906,False
2023-12-19,30.231285095214844,30.457404826373068,29.7790456328984,29.818369906712267,39361100,0.015186452497909286,24.509952449798583,3.1872413776393635,1.7950735346106033,False
2023-12-20,27.62598419189453,30.103475005583444,27.57682651195601,29.690559869968624,59562600,-0.08617896642881029,24.768515872955323,3.2213122477268445,0.8870510211965987,False
2023-12-21,29.81639862060547,29.964199294273957,28.919739070377428,29.313874826622577,62019200,0.07928819525472708,25.128734970092772,3.366988931612768,1.392242073177037,False
2023-12-22,30.062734603881836,30.62437830828184,29.441969124733085,30.171122644866955,42657600,0.008261761804664314,25.496846675872803,3.487825291189642,1.3090930728504697,False
2023-12-26,31.68854331970215,32.05311817159592,30.45686796716588,30.476575223859445,48619700,0.05408053316647976,25.952147674560546,3.676607610034561,1.560241465389253,False
2023-12-27,31.87575912475586,32.260045022313214,31.383090824417543,32.082683456909876,47991500,0.005907996564086693,26.437946701049803,3.7893099103677454,1.4350402981893677,False
2023-12-28,31.74766731262207,32.299455503576304,31.580157498385866,32.112242190041854,34883800,-0.004018470952564912,26.883914756774903,3.8662126212220165,1.2580147633758054,False
2023-12-29,30.939687728881836,31.87575996747605,30.437163906749355,31.698398397383688,53294900,-0.025450045692616996,27.309638118743898,3.817886800665129,0.9508007438841647,False
2024-01-02,27.628942489624023,29.461674141483055,26.86037639085253,29.451820513107947,79763800,-0.10700642062936117,27.55704345703125,3.659169365576105,0.019649003751826877,False
2024-01-03,25.86518287658691,26.65345436488029,25.50060613863406,26.20019872895847,62304900,-0.06383739130440802,27.753619766235353,3.440226102474925,-0.548928132453238,False
2024-01-04,25.20500373840332,25.944008932312,24.436437660158827,24.59409195117502,75067000,-0.025523853488048642,27.93586645126343,3.181683313345558,-0.8583075196093577,False
2024-01-05,25.54987335205078,26.22975866059436,25.027642335432176,25.273977401488377,73944700,0.013682585300394345,28.15796890258789,2.8137190152934317,-0.9269211091659484,False
2024-01-08,28.01322555541992,28.24970700633142,26.0425449184366,26.1016648113176,73206500,0.09641347999759908,28.419181060791015,2.5157773507288392,-0.16136384456020653,False
2024-01-09,28.003372192382812,28.71281655184796,26.949058342296222,27.09685901559469,67616000,-0.00035173968158763724,28.654339218139647,2.213791855758205,-0.29405069137987405,False
2024-01-10,27.757034301757812,28.259558043633493,26.692866930546764,28.220143532402144,62528400,-0.00879672237088669,28.758713150024413,2.112555924229392,-0.47415494983025724,False
2024-01-11,28.042783737182617,28.61428290930699,26.38741362950108,27.83586317849272,77551200,0.01029466737398188,28.850829982757567,2.0338332690746976,-0.397302108221769,False
2024-01-12,27.688060760498047,28.555159333513032,27.205244274691285,28.16102361850622,48992100,-0.012649349651198682,28.86278190612793,2.025848594871145,-0.579866209451156,False
2024-01-16,28.762086868286133,29.392704124330415,27.29392989444075,27.73733194782651,77707000,0.03879022503881435,28.816849613189696,2.0167207422472146,-0.027154351991511415,False
2024-01-17,28.01322555541992,28.131465341181915,26.564774084429175,27.954105662538925,77075400,-0.026036403974981748,28.714794921875,2.0023967939738934,-0.35036480709838236,False
2024-01-18,30.73276710510254,30.851006898732827,29.372996322640777,30.26965592178561,99590300,0.09708062873025525,28.76248092651367,2.0400769542928328,0.9657901259277952,False
2024-01-19,34.34896469116211,34.477059987212606,31.432356321290683,31.944731867330056,91848600,0.11766586372429755,28.968364906311034,2.3761979417951613,2.264373556685332,False
2024-01-22,34.74309539794922,36.0338924725452,33.71834439943134,35.156940255568244,73322100,0.011474311098771395,29.32422046661377,2.678303461304617,2.0232490491185358,False
2024-01-23,35.39342498779297,35.4821057732019,33.71834933260806,34.71354147217469,50847400,0.018718239765191935,29.603071784973146,3.0028996707174884,1.928253967085195,False
2024-01-24,36.871429443359375,38.34943978198463,35.72843493184017,36.5561208718213,97248200,0.04175929444737725,29.943506526947022,3.4153718999761407,2.028453450841108,False
2024-01-25,36.57583236694336,38.95050243590149,35.984629666476025,38.920943428510654,82851400,-0.008016968175050043,30.187870979309082,3.709013573048025,1.722280402005842,False
2024-01-26,33.51142120361328,35.028846133961245,33.20596812302464,34.35881444416539,70933100,-0.08378240398158765,30.269654083251954,3.765788532762022,0.8608468298626555,False
2024-01-29,34.52632522583008,34.615006003724886,33.018752001618296,33.72819822477678,54398800,0.030285317237078724,30.408586978912354,3.872920707439019,1.063212639238512,False
2024-01-30,33.03845977783203,34.6150065475326,32.56549687455437,34.05336286496694,55768200,-0.043093652112299985,30.513525581359865,3.9162596416955617,0.6447310514322756,False
2024-01-31,31.62942123413086,33.37347396697899,30.6834954749242,31.452061563820177,85888800,-0.04264843316475064,30.713549518585204,3.8629748151540664,0.23708974543473127,False
2024-02-01,31.97429656982422,32.24033892752991,30.742621076061926,31.80678674810939,60671300,0.010903624607623508,31.01900520324707,3.6974078726211577,0.258367861888044,False
2024-02-02,33.15670394897461,33.422742533088346,31.69839693785616,31.87575849978205,67828900,0.03697993407199118,31.416590213775635,3.4591704256202966,0.5030436552969021,False
2024-02-05,34.58544158935547,35.07811171888346,32.93006965343942,34.04350519862963,65899800,0.04309046045649079,31.86836862564087,3.2354330896346433,0.8397864794111447,False
2024-02-06,33.33406448364258,34.959873739493766,32.181214366651744,34.85148570401536,62828900,-0.0361821925124135,32.134410572052005,3.1183927049535107,0.38470264174391655,False
2024-02-07,34.841636657714844,34.969731960378944,32.96948842040975,33.935121547840446,63261800,0.045226173208252174,32.476323795318606,3.014775806655748,0.7845733859129141,False
2024-02-08,36.60539627075195,37.39366781546511,35.11753020625411,35.21606649857777,59516900,0.05062218030583154,32.91874189376831,2.933934495287937,1.2565564714906257,False
2024-02-09,38.74357604980469,38.96035209485851,36.62509313343655,37.30498027155097,65860900,0.05841160038912507,33.45378150939941,2.9733893298002307,1.7790453767319712,False
2024-02-12,38.57606887817383,40.72411073383792,38.08339879676049,38.83225566664802,72207900,-0.004323482463661321,33.998181915283205,2.8566330394575696,1.6025463892834808,False
2024-02-13,36.2999382019043,37.403518327996125,34.64456613337901,35.18650256751852,86489300,-0.05900369691524887,34.37507448196411,2.616618193551969,0.7356303356307585,False
2024-02-14,38.546512603759766,38.6943151565651,37.05865036138134,37.58087953275008,62424100,0.061889207341339514,34.901738834381106,2.3109281808441913,1.577190411883423,False
2024-02-15,38.53665542602539,39.53184736390246,37.93559730881939,39.41360759357859,60937300,-0.0002557216481735569,35.29193325042725,2.2272788659304843,1.4568100228628547,False
2024-02-16,37.768096923828125,40.18217774261185,37.41337380108151,39.255959178931874,77150800,-0.019943570444834857,35.46288986206055,2.281646743245295,1.0103260150117583,False
2024-02-20,35.8860969543457,37.11777250207216,34.15189943700807,36.6940795717277,80980100,-0.049830415688619345,35.52003993988037,2.2769786410339803,0.16076436022215224,False
2024-02-21,35.610198974609375,35.6200544828372,34.0730704632752,34.5952996360977,64615200,-0.007688157898233516,35.53087863922119,2.2768601494181135,0.034837596594790285,False
2024-02-22,40.81279373168945,41.43355917786006,39.285517006847456,39.85701618939897,96865500,0.1460984467059454,35.7279468536377,2.5528372618371415,1.9918413735439062,False
2024-02-23,39.58111953735352,42.054325888404726,38.83226253501366,41.52224120426123,68430000,-0.0301786298294886,35.878211212158206,2.690128405867872,1.3764801401740927,False
2024-02-26,40.60587692260742,41.187227908109634,39.80775360538893,40.61573243150722,49475100,0.025890055592965533,36.23293399810791,2.8259287154273163,1.5474356803930447,False
2024-02-27,40.50733947753906,41.541946018898706,40.18217538120539,41.19707842470378,48124600,-0.0024266794005253223,36.53198471069336,2.9495850833622987,1.3477674501642474,False
2024-02-28,39.21654510498047,39.906284100446925,38.576076133942074,39.157427089707,46281900,-0.03186569123539518,36.84088897705078,2.8873107343252657,0.8227919841418986,False
2024-02-29,42.21197509765625,42.49772466303757,40.172321146702714,40.60586948954791,67431600,0.07638179203846707,37.37001667022705,2.851447924164251,1.698070087970608,False
2024-03-01,47.62150192260742,48.232411900015975,43.59145965588486,43.74911396485401,90615500,0.12815147389896775,38.15237693786621,3.3890050762526793,2.7940722340880937,False
2024-03-04,49.04038619995117,50.656343658185385,48.28167373309245,49.26701401335964,81255500,0.029795034176991475,38.94656105041504,3.9682899785096826,2.543620855380869,False
2024-03-05,46.153343200683594,48.28167825504477,44.59650360783943,47.30618963235725,76835800,-0.05887072315247088,39.524956130981444,4.138565161607748,1.6016147652311354,False
2024-03-06,49.48379135131836,51.08989334316988,48.005780892880175,49.04038746203191,91762300,0.0721604962863327,40.33244247436524,4.4321628675322255,2.064759159459427,False
2024-03-07,54.5090217590332,55.23817519026581,51.33622498441858,51.38549500342293,91590800,0.10155305950664517,41.315811729431154,5.255190095537295,2.51051052193254,False
2024-03-08,48.23240661621094,56.15454323129393,48.0846040732798,55.11993294832559,129037200,-0.11514818905701807,41.8971622467041,5.348956309511646,1.1843888794233282,False
2024-03-11,46.08436584472656,47.089413392241966,44.43884560477907,46.251871889925006,76456400,-0.04453521858398035,42.2642017364502,5.372975979990682,0.7109959401461889,False
2024-03-12,48.85316848754883,48.9615527512183,45.32564879857814,47.72987751212651,89505900,0.06008117052432227,42.77805671691895,5.491810969632363,1.10621283292942,False
2024-03-13,45.40447998046875,47.335745945234855,44.428991490789855,47.19779891329081,79513600,-0.07059293417087253,43.233283805847165,5.300581956193559,0.409614678645731,False
2024-03-14,42.89186096191406,45.66066848743388,41.56165309436095,44.83298250619921,77822900,-0.05533857054712488,43.450551223754886,5.186185369513326,-0.10772662796147815,False
2024-03-15,42.11344909667969,43.4929233603651,41.0098651752011,41.19708225124624,72496500,-0.018148241829039957,43.6293909072876,5.068144332839089,-0.2991118072122283,False
2024-03-18,41.9163818359375,44.59650518829234,41.7094612524746,44.04471696572461,65139200,-0.004679437684854126,43.836805152893064,4.897662558080655,-0.3921101738189489,False
2024-03-19,40.846405029296875,41.36906803214302,38.41061268436455,40.146238166504894,83450200,-0.025526459102041765,44.08482055664062,4.589767631742957,-0.7055728714775837,False
2024-03-20,42.79898452758789,43.19344294348738,40.05748029201633,41.014048627892066,79396800,0.047802970589224225,44.444259834289554,4.1517504412575015,-0.396284730978034,False
2024-03-21,45.66868591308594,48.08475453323982,45.42214799169308,46.960542213587615,82495700,0.06705068863604136,44.68705444335937,4.069374008030113,0.2412241951193249,False
2024-03-22,45.78702163696289,46.84220360673339,44.62336238325655,45.04740789580394,57152800,0.0025911786492425204,44.99734954833984,3.892300003627457,0.20288058163222494,False
2024-03-25,45.25450134277344,46.526637950756914,43.528735851311744,43.883751068597384,54917700,-0.011630376363234829,45.229780769348146,3.752547182769831,0.006587678241275248,False
2024-03-26,44.40641021728515,46.71400536499149,44.2584897181745,46.171622677845306,55697600,-0.01874048106429349,45.42473430633545,3.592147477478189,-0.2834861584706431,False
2024-03-27,45.856056213378906,45.89550318608877,43.30192303940621,45.58979479039291,56643600,0.032644971502999054,45.75670986175537,3.281585115529674,0.030273891465863352,False
2024-03-28,45.88563537597656,46.6449726029528,45.37283606314053,45.6686845696048,45684700,0.0006450437529998965,45.940392875671385,3.1737733211533494,-0.01725312243626899,False
2024-04-01,47.32542037963867,49.2977237230192,46.07300730516763,46.08286716666169,63270000,0.031377684799716477,45.92558879852295,3.166200571598992,0.4421171525494287,False
2024-04-02,45.2446403503418,45.520761618277554,43.7654128231943,45.195333518477575,57411500,-0.04396749173288084,45.73580150604248,3.082318323853325,-0.15934796607465943,False
2024-04-03,45.55034637451172,46.526638227861866,43.59776642968167,43.676660372601795,54158200,0.006756734539224096,45.705651664733885,3.080967987176366,-0.050407953236963086,False
2024-04-04,41.78324508666992,47.818495998585746,41.39864653835442,47.46348079648834,82719300,-0.08270192408349564,45.320624351501465,3.065091432101536,-1.154086050348648,False
2024-04-05,43.01593780517578,43.91333573726022,41.359202582578305,42.108680010923536,71151400,0.02950208189787351,44.74597015380859,2.2098024259774705,-0.7828900576337992,False
2024-04-08,43.39067459106445,44.56419375414043,42.89759874343872,43.883750438690186,42780900,0.008711580056347978,44.50388355255127,2.06844432874363,-0.5381865714331218,False
2024-04-09,44.76142883300781,45.21505775038487,42.57217067072734,44.74170534592135,66283900,0.0315909871155966,44.437736701965335,2.036142819671279,0.15897319574799543,False
2024-04-10,42.49327850341797,44.15001372274644,41.60574043525259,42.513001989585014,74894000,-0.050671982300915075,44.119742202758786,1.7922955563088534,-0.9074751614574336,False
2024-04-11,45.165748596191406,45.412286529316766,42.06923275803617,43.10469132478861,64703800,0.06289159572750957,44.10780563354492,1.7840650278162016,0.5929957407110149,False
2024-04-12,40.935150146484375,42.94690025857142,40.46179784279384,42.720085848169894,79978400,-0.09366829026860801,44.009970092773436,1.9038832612986003,-1.6150254633741505,False
2024-04-15,39.22910690307617,42.79897817237856,38.55852355756465,42.39465619304393,62077800,-0.04167673105639558,43.86575298309326,2.148617026881479,-2.157967670370161,True
2024-04-16,39.97859191894531,40.599864798463344,38.66700831622221,39.19953115169792,62696200,0.019105329563604556,43.76886348724365,2.2807751362090642,-1.6618348333094537,False
2024-04-17,36.546783447265625,40.28429554054975,36.13259777606191,40.037757614935934,85426600,-0.08584115415163984,43.55388240814209,2.729277025871326,-2.5673828249953607,True
2024-04-18,34.42655563354492,36.29038174123599,34.05181693490682,35.54090810582997,91529700,-0.05801407439262174,43.13526096343994,3.4086843700354517,-2.5548582340008337,True
2024-04-19,30.36361312866211,34.10112914472412,29.781783448689737,33.48971235433257,105240100,-0.11801768809319735,42.37000732421875,4.387469822053834,-2.736518923778325,True
2024-04-22,31.625885009765625,32.39508213906219,30.077627127434205,31.1426708980207,65096900,0.04157186023134973,41.661950492858885,4.917643987215588,-2.040827987789284,True
2024-04-23,33.63762664794922,34.18000919447093,32.13867598866808,32.365490371327375,66511500,0.06361060370523686,41.08110675811768,5.151479031307204,-1.4449209760793011,False
2024-04-24,34.9985237121582,36.960963388923275,34.12084558372664,36.398857249398,80370100,0.040457582767420286,40.61071243286133,5.26023686169086,-1.0669079868960751,False
2024-04-25,36.891937255859375,37.65127456381623,34.16029642444172,34.79143295004991,80677600,0.054099811731299186,40.16250648498535,5.170918838169457,-0.6324928569723559,False
2024-04-26,39.24884033203125,39.73205636241404,36.49747594612979,36.803184354075675,59041700,0.06388667149208982,39.83066673278809,4.994248587394616,-0.11649928724520381,False
2024-04-29,40.04762268066406,40.264577266814904,38.17393287378214,39.05160731867187,51120700,0.020351743946455336,39.466776847839355,4.674315490501757,0.12426329245533167,False
2024-04-30,37.65127182006836,40.9154352678011,37.59210136440309,39.524961535563556,56304200,-0.059837530924219284,39.08710842132568,4.484855629669787,-0.32015224565055617,False
2024-05-01,33.8940315246582,37.53293356020827,33.18400488703164,35.58035372346264,97290300,-0.09979052801630794,38.50429267883301,4.356276714072817,-1.0583031007377244,False
2024-05-02,35.94523239135742,36.39886129794425,33.64749698569169,35.48173986052673,56653400,0.060518055080197586,38.212392044067386,4.320446677884571,-0.5247512171172166,False
2024-05-03,38.43033218383789,39.03188531070052,37.57237751345835,38.21337761038052,58599400,0.0691357275263571,37.98311176300049,4.17121077659064,0.10721597272122067,False
2024-05-06,40.728065490722656,40.80695943442155,38.93326965214598,39.41648565262599,48404800,0.05978957704276855,37.8499813079834,4.0296241719687895,0.7142314171033688,False
2024-05-07,39.80107879638672,41.329613009361026,39.72218486344545,40.95487435162953,51508400,-0.022760390977742184,37.60196380615234,3.722817052156988,0.5907126134388521,False
2024-05-08,39.85039520263672,39.93914901759509,38.420474300249914,38.51909174013182,53735100,0.0012390720990829163,37.46981964111328,3.58439022152208,0.6641507800209725,False
2024-05-09,39.4066276550293,40.05748773599089,38.765631199373495,39.84053688358424,39132700,-0.01113583806009677,37.18186359405517,3.1370010909107777,0.7092009204014015,False
2024-05-10,40.46179962158203,41.6550459365795,39.95886395238498,40.58014052410947,47048400,0.026776510179704838,37.15819606781006,3.1088528803976994,1.0626439014217226,False
2024-05-13,40.69847869873047,41.487399259606896,40.51111124110668,41.02390678427388,30565400,0.0058494451399091485,37.23166465759277,3.1769841305756845,1.091228000723281,False
2024-05-14,42.61161422729492,42.838428667792115,40.481526697114546,40.60972747195912,41581500,0.04700754400984852,37.36331577301026,3.3468205086259646,1.5681445840187442,False
2024-05-15,46.3491325378418,46.41816285982086,43.38081740713065,44.0513971403744,58063500,0.08771125849892836,37.853433227539064,3.893968469107683,2.1817586294553517,False
2024-05-16,45.61937713623047,47.364866140635286,45.57007030236214,46.309684095997895,46325500,-0.01574474777959478,38.41307430267334,4.170064056171288,1.7281036301810535,False
2024-05-17,44.77128982543945,46.723869789763235,43.71610778050494,46.368854566818854,40965800,-0.018590506140809926,39.13345813751221,3.9447051285365395,1.4292149867280057,False
2024-05-20,47.58182144165039,48.61728001598581,45.17561255099881,45.323533054835096,55103200,0.06277531040917128,39.93125495910645,3.9598967646715835,1.9320115995949325,False
2024-05-21,47.3155632019043,47.522654178321694,45.76730516738654,45.90536581833147,36437200,-0.005595797547864101,40.6151517868042,3.99670139540901,1.6764853693590487,False
2024-05-22,48.696170806884766,49.30758379258924,47.433894103722814,48.567970035700405,55487800,0.02917872073273564,41.30003414154053,4.15409689668961,1.780443944684632,False
2024-05-23,48.13406753540039,52.46327304977133,46.89151424276202,52.41396621539972,81175900,-0.011543069242826443,41.86214065551758,4.284779175839006,1.4637689884344394,False
2024-05-24,50.72764205932617,51.34891868322851,48.66658485724905,49.32730845197349,48477400,0.05388230533433158,42.43608074188232,4.667958819293827,1.7762713079585832,False
2024-05-28,53.29164123535156,54.1298687143678,51.033352835066864,52.60133426105388,50658400,0.050544418623416076,43.098281669616696,5.21826353239608,1.953400686349461,False
2024-05-29,50.27400970458984,51.200990883597434,49.94858162248279,50.44165743805766,42965600,-0.05662485637165826,43.72941856384277,5.287670328339892,1.2377078626991096,False
2024-05-30,49.30758285522461,50.62902622621943,48.301707713553625,50.13595039766718,38260500,-0.019223190174087024,44.50009613037109,4.886780734222527,0.9837737738438506,False
2024-05-31,47.917110443115234,50.0176145819158,43.76541275917633,49.60342891874788,72522600,-0.02819997111178696,45.098690032958984,4.50178849230239,0.6260668209924718,False
2024-06-03,47.917110443115234,50.2247055325647,45.48131458151021,50.10636838388963,53127300,0.0,45.57302894592285,4.255228623188878,0.5508708708195622,False
2024-06-04,46.93095779418945,47.976279911277075,45.78702201554661,47.78890868770408,46692500,-0.020580386417425767,45.88317356109619,4.106983451229716,0.25512258462583576,False
2024-06-05,52.778839111328125,53.12399069946059,48.88353916787375,49.33716804423933,66560100,0.12460605093089971,46.53206157684326,4.120655043857928,1.5159671139655435,False
2024-06-06,51.78282928466797,53.04510614483595,50.52055618637056,53.04510614483595,43947600,-0.018871385643008165,47.12868328094483,3.963138765703354,1.1743585776000836,False
2024-06-07,51.15168380737305,52.16742254062326,50.106365490999515,51.506698994771575,50248700,-0.012188315818459805,47.71593608856201,3.6134251253449876,0.9508285351513994,False
2024-06-10,53.202884674072266,53.82416129497089,49.72176663419157,49.82038406077002,43759400,0.04010035865923056,48.352990341186526,3.3829862864801106,1.433613358785412,False
2024-06-11,53.41983413696289,53.72554250881457,50.984042071103005,52.6407771769939,37695700,0.004077776312688464,48.989058113098146,3.0473201465234427,1.4539909857911146,False
2024-06-12,57.90683364868164,58.62672399570344,56.023283901851855,56.45718933020362,73759300,0.08399501017196265,49.75381908416748,3.2734561211259967,2.490644219086004,False
2024-06-13,60.01719665527344,60.63847331677372,57.49264679793341,59.23813586280631,45660700,0.036444109850579665,50.43722229003906,3.893307445335856,2.4606262155615513,False
2024-06-14,59.26771926879883,59.71148831315455,57.54195368887026,58.13364700196802,39112000,-0.012487710660320506,51.11963939666748,4.189279533785387,1.944983572096186,False
2024-06-17,61.802127838134766,62.275483984531526,58.133645917587536,60.15525623542021,54196500,0.0427620397849553,51.971181297302245,4.5466166836017194,2.1622554142929604,False
2024-06-18,64.33654022216797,65.27338893034843,62.226176008253866,62.541744277893144,47069100,0.04100849716163579,52.80891723632813,5.192921971360526,2.219872173973692,False
2024-06-20,59.18882369995117,64.91836625838869,57.97585759696558,64.61265412446724,60852900,-0.08001233054249757,53.40258026123047,5.210515105390112,1.1104935542236543,False
2024-06-21,57.3940315246582,59.3466115015692,55.254080311168515,57.61098234751255,50012300,-0.030323160068045918,53.83747329711914,5.159756419126095,0.6892880087043791,False
2024-06-24,52.48299407958984,56.69386224201819,52.295622851128606,55.66826358285927,54326400,-0.0855670409380187,54.05491962432861,4.995781158838556,-0.3146506011292585,False
2024-06-25,54.687294006347656,54.83563356620868,51.76997825105733,53.62914954513871,43610200,0.04200027009539564,54.25290222167969,4.935072854688097,0.08802135195538466,False
2024-06-26,54.173057556152344,55.597105326828505,52.26444090873479,54.54884835923988,41093400,-0.00940321622305218,54.296973037719724,4.929969815701101,-0.025135140010945016,False
2024-06-27,53.203914642333984,54.96419544934114,52.23477314170082,53.72804499867152,35417000,-0.017889758443370263,54.443468284606936,4.846967423145058,-0.2557379767715957,False
2024-06-28,54.74663162231445,57.93095638224363,53.490702314966185,54.26205898702584,55584600,0.028996305823574486,54.715420722961426,4.693804410915174,0.006649382168640896,False
2024-07-01,54.74663162231445,54.93452513225848,51.67108870535405,54.74663162231445,43335000,0.0,55.05689678192139,4.413233869749191,-0.0703033577562405,False
2024-07-02,56.96181106567383,57.11015062822635,53.6785957815686,53.75771122091176,45011700,0.040462387871484706,55.509131813049315,4.095040964964315,0.35474107952841255,False
2024-07-03,59.72089767456055,60.83837869531085,56.54646434459292,57.45626923056191,40242700,0.04843748043238372,56.14862880706787,3.660548015178759,0.9758836252604725,False
2024-07-05,60.13624572753906,61.68885032066408,59.12754655330718,61.17461130404989,38395400,0.006954819320397432,56.51649913787842,3.6737451001901698,0.9853015086629904,False
2024-07-08,63.597469329833984,63.785366622613665,61.51085042776656,61.5701832381753,42861600,0.05755636322853919,57.10723114013672,3.819512787699368,1.6992319571749812,False
2024-07-09,63.53813552856445,65.41708579246753,61.728409390680035,64.40838276206539,41789800,-0.0009329585264126194,57.726553726196286,3.8072068687025395,1.5264686167023804,False
2024-07-10,67.83003997802734,68.23550092389203,64.28971102650692,65.15995817721162,48280800,0.06754847956678556,58.45791149139404,4.269357327540874,2.1952082638235377,False
2024-07-11,61.30317306518555,69.30353870517789,60.541703956547735,69.23431458370459,75368500,-0.0962238399823454,58.852078437805176,4.141743633426261,0.5918025943466475,False
2024-07-12,63.2315673828125,66.5543442169095,60.96694259242196,62.1437564799151,51046400,0.03145668031859339,59.11831512451172,4.247572448603768,0.9683771867511904,False
2024-07-15,63.42934799194336,66.02032191670489,62.35142470463933,64.2204872567927,48228700,0.0031278776933278962,59.28892269134521,4.352799703742606,0.9512097000553789,False
2024-07-16,64.57649993896484,64.86328019239626,61.54051108475147,64.29959591157241,39846400,0.01808550747151294,59.554361724853514,4.510451639839889,1.1134446426055915,False
2024-07-17,50.97883987426758,58.64297207354677,50.65249814228523,57.950727120415905,99429800,-0.21056669341864664,59.013197326660155,4.862148378864372,-1.6524295077702096,False
2024-07-18,51.08762741088867,53.569815940334976,48.57576870436416,53.55992839626352,94172600,0.0021339743487573948,58.35075168609619,4.999311766719607,-1.45282483152143,False
2024-07-19,46.4792594909668,51.78976106163247,46.23202938729144,51.20629786606135,75969100,-0.0902051661717933,57.715273475646974,5.652305332181119,-1.987863946540271,False
2024-07-22,52.34355545043945,52.36333431051788,48.26920458508014,49.49546373048771,73675300,0.12617016759082356,57.46274967193604,5.778814978314786,-0.8858553597418412,False
2024-07-23,49.97014999389648,51.49308841856885,49.446023353527394,49.94048358706267,50181600,-0.04534283993738619,57.337107467651364,5.918413342781272,-1.2447521061942073,False
2024-07-24,42.424686431884766,48.24942695174442,41.78188666650424,47.893415006144856,90534800,-0.15099941791115978,56.72397708892822,6.779865415393862,-2.109081785690988,True
2024-07-25,39.33924865722656,43.21581822744973,36.975729723964754,41.0500803379038,143325900,-0.07272741495949642,55.982286643981936,7.807164131761659,-2.131764838790437,True
2024-07-26,41.45553970336914,42.523575503527326,40.258946972490726,41.77199768938148,82759200,0.05379591930141814,55.39486789703369,8.443278964692594,-1.6509377757095178,False
2024-07-29,41.34676361083984,44.50141835384824,40.802854368569456,42.88947703275012,80788400,-0.002623921755877223,54.72487449645996,9.01005705475381,-1.484797577231953,False
2024-07-30,36.827396392822266,42.197230553762054,36.37249015366993,41.910446512309825,108596000,-0.10930401374468723,53.82891273498535,9.858754415841558,-1.7245095703818494,False
2024-07-31,43.89817428588867,44.26407376371696,40.96107960221243,41.83133057745573,96880500,0.1919977675762199,53.1757308959961,10.070742715264123,-0.921238569231396,False
2024-08-01,34.612213134765625,42.938920883847665,33.04971713105749,41.58410102599633,163864400,-0.21153410824440766,51.92029666900635,10.753750874267114,-1.6094927004174528,False
2024-08-02,29.014923095703125,31.239993873679037,27.828217926296293,30.22140523850124,198233900,-0.16171430637125028,50.36423053741455,11.711324890065418,-1.8229626145733346,False
2024-08-05,27.580989837646484,29.815950207312323,23.23962980885754,23.259408669897343,220042200,-0.049420543122824734,48.56340656280518,12.322520228872504,-1.702769915199284,False
2024-08-06,28.263343811035156,30.458746331017515,26.868966254446697,28.283122670925348,137309500,0.024740010326144812,46.79966697692871,12.587964353261308,-1.4725433474151155,False
2024-08-07,25.92949104309082,31.58611668392937,25.65259455071918,30.97298523356266,146256500,-0.08257525307508395,44.704639530181886,12.388842474947351,-1.5154885151746877,False
2024-08-08,31.111433029174805,31.2498831595714,26.572290398326103,28.253453846658548,149988600,0.19984742382611342,43.195052528381346,12.095827529094516,-0.9989907238790724,False
2024-08-09,30.666419982910156,31.437778527478983,29.25226359430856,30.369742749053284,96949800,-0.014303842765691188,41.56679515838623,11.430227914445352,-0.9536446042077901,False
2024-08-12,31.061988830566406,32.2289151749629,29.895062486169913,30.765313472526856,89135100,0.012899087923425423,39.94842720031738,10.418479371765093,-0.8529496534622827,False
2024-08-13,34.88911056518555,35.037450134414975,31.833346373001305,32.2981401689837,103380000,0.12320916588744235,38.464057731628415,8.697662116553584,-0.4110239186733811,False
2024-08-14,34.66166305541992,36.23404681424165,32.90138575812942,35.77914428588627,112421600,-0.00651915471850939,37.64819889068603,8.213798146411799,-0.36359985746311285,False
2024-08-15,39.47770309448242,40.02161236738527,36.45160889035043,36.936177804932,107522700,0.13894428641124978,37.06770267486572,7.601428014595262,0.31704574653464257,False
2024-08-16,39.2898063659668,39.78426655749283,37.64819868099764,38.36022256397333,82364600,-0.004759565876108041,36.70823001861572,7.2968211559622915,0.3537946582727531,False
2024-08-19,41.13908386230469,41.28742341949109,37.470190375201774,38.84478901839337,77684200,0.04706761542962834,36.148006439208984,6.409369933343532,0.778715766916584,False
2024-08-20,39.64582061767578,41.45554306245171,38.6667877215345,40.595183335342895,83644600,-0.036297921694779633,35.631789970397946,5.6025083603769295,0.7164702645812341,False
2024-08-21,41.26764678955078,41.89066768198346,39.88316052822821,40.298505274895426,83611500,0.04090787242153637,35.57393798828125,5.5342303289645445,1.0288167392438152,False
2024-08-22,37.09440231323242,42.4049075443277,36.69883641915383,42.03900428245429,107889900,-0.10112630113367771,35.46169567108154,5.4763062941565686,0.2981401248306802,False
2024-08-23,39.9523811340332,40.75340415275374,38.16243405513213,38.72611831735454,87128100,0.07704609435858933,35.38653774261475,5.39949216559691,0.8456060776437303,False
2024-08-26,36.955955505371094,39.84360512986756,36.501053011815536,39.30958719094648,86603000,-0.07499992600214811,35.16699733734131,5.231033998638618,0.34198939798429234,False
2024-08-27,38.06354904174805,38.53823039584501,35.12645415506401,36.105483269003976,74033300,0.029970637241837128,35.228804969787596,5.258913737583959,0.5390360468743463,False
2024-08-28,36.19448471069336,38.42944690130018,34.899001416094514,37.667977749451445,101998500,-0.0491037850675643,34.843620491027835,4.857303408580406,0.2781099112069525,False
2024-08-29,35.789024353027344,38.49866763899343,35.23523139854637,36.64938773147869,97333200,-0.011202269100027418,34.90246105194092,4.861478692758265,0.18236494637054862,False
2024-08-30,38.36022186279297,38.78545792152708,36.649390084076735,38.251440019056545,85280800,0.0718431853409307,35.36972599029541,4.712647053181377,0.6345681819050635,False
2024-09-03,29.736833572387695,36.40215815583554,29.074256885841553,36.39226684012311,140077900,-0.224800271522137,35.47751817703247,4.54685828917549,-1.2625607044563887,False
2024-09-04,29.96428680419922,31.33888741707599,28.411682107078377,28.747915187677076,108759900,0.007648871937149471,35.562565326690674,4.418926005318449,-1.2668866859851429,False
2024-09-05,29.420381546020508,30.854316863254105,28.510574713518466,28.728136519863057,100075900,-0.018151783879684635,35.73710985183716,4.073871941933036,-1.5505466042752907,False
2024-09-06,25.67237091064453,28.846806156863916,25.217468463355836,28.787471465090572,156147600,-0.12739503835166766,35.46515674591065,4.552357014930193,-2.1511462750283177,True
2024-09-09,27.126087188720703,27.42276255767863,25.86026838298716,26.87885708585043,84474500,0.056625711864945805,35.28814010620117,4.810299488327641,-1.6967868502337475,False
2024-09-10,28.0358943939209,28.075450230043316,25.94927169596881,27.234869378727733,81557500,0.033539935150636246,35.136835384368894,4.994299345361364,-1.4218092467851873,False
2024-09-11,31.863012313842773,32.060793349942706,26.77996084225715,28.569906003224855,143140900,0.1365077877006029,34.98553047180176,5.047751867755706,-0.6185958105241208,False
2024-09-12,31.457555770874023,32.32780484798502,30.013732966840443,31.398221078079516,98895800,-0.012724990938556058,34.825325107574464,5.109045536891777,-0.6591777881763239,False
2024-09-13,33.05961227416992,33.34640012158145,32.00146765193095,32.15969477939382,78147300,0.05092755823003947,34.504420566558835,5.001884413586637,-0.28885279485155135,False
2024-09-16,31.803680419921875,32.2783617667945,30.49830577291416,31.67511970959221,79670100,-0.03798991481909575,34.130114269256595,4.904080374423011,-0.4743873818765533,False
2024-09-17,31.803680419921875,33.188170510957704,31.012544841800835,32.94094040701788,86913700,0.0,33.663344097137454,4.638961055898267,-0.4008793466483375,False
2024-09-18,30.794979095458984,33.62329190005248,30.705976113061578,32.17946909443385,113735500,-0.031716496680398,33.220802021026614,4.456809435637535,-0.5442958602111787,False
2024-09-19,34.73088455200195,36.03625922181711,33.5046253275972,34.295760919540925,123984300,0.12780997331877897,32.89396390914917,4.057430039999318,0.45273008400487186,False
2024-09-20,33.178279876708984,34.01886451085426,31.68501167806628,33.67274009475958,108589600,-0.044703862148062545,32.698157787323,3.936752496105795,0.12195892169012895,False
2024-09-23,33.5441780090332,33.99908425807169,32.82226657291447,33.59362704676029,59731600,0.011028242985588799,32.377747631073,3.557801838978478,0.32785141802476303,False
2024-09-24,34.74289321899414,35.3670181128592,33.26679293020189,34.51503893881536,83369600,0.035735417622638765,32.26709451675415,3.4403960042944797,0.7196260834943338,False
2024-09-25,35.406646728515625,36.11992855847301,34.326813249941395,34.38625119795308,73587500,0.019104727557882395,32.13424940109253,3.250871261320366,1.0066216298254715,False
2024-09-26,39.280174255371094,40.13214960700666,36.36759408474286,39.82504348716567,138171800,0.10940114031572001,32.28853387832642,3.5161115817518036,1.98845804932086,False
2024-09-27,37.308738708496094,39.63681835245746,36.753960561996735,39.62691328694718,85253500,-0.05018907334927181,32.36451959609985,3.610884997502108,1.369254106906337,False
2024-09-30,36.33787536621094,37.0610659922326,34.72307778804395,35.91188579786556,74316700,-0.026022411260557265,32.26340227127075,3.4592814509128513,1.177837985361092,False
2024-10-01,33.514461517333984,36.64498730949214,32.43462805027632,36.24871669109574,124928300,-0.0776989248937302,32.452283668518064,3.416939313559546,0.3108565155374131,False
2024-10-02,34.63391876220703,35.7137522211355,32.85070855108096,33.53427139459623,81729100,0.03340221487055839,32.68576526641846,3.3974691922418603,0.5734131453604329,False
2024-10-03,34.881587982177734,36.26853139796622,33.663060905604326,33.75222160774954,86857200,0.007151059678553118,32.95882558822632,3.3401923132713724,0.5756442185414975,False
2024-10-04,36.33787536621094,37.17994565947981,35.11934838435665,36.96200023271267,100846900,0.041749457759127084,33.49210081100464,2.943491620437802,0.9668023293992016,False
2024-10-07,36.07039260864258,36.89265275798347,35.23822739518081,35.58496132615804,73150200,-0.0073609905607492365,33.93931608200073,2.5827376810641365,0.8251231018412234,False
2024-10-08,37.110599517822266,37.47715114848132,35.32738936161518,36.08029897277229,66629700,0.028838247491945745,34.393051338195804,2.2691208824392723,1.1976215990331625,False
2024-10-09,38.2498779296875,38.39847658422603,36.189276663858,36.94219011834065,67182800,0.030699542089534182,34.712394618988036,2.342554760081866,1.5100963149206545,False
2024-10-10,37.47715377807617,38.06164710118983,36.020863555086386,36.75395930960926,79999000,-0.020202003076500885,35.01337451934815,2.288435831555728,1.076621517961941,False
2024-10-11,38.30931091308594,38.68576759151997,36.5161957719588,36.58554255757607,58434500,0.022204384568194513,35.27585945129395,2.352712606408586,1.2893421208902145,False
2024-10-14,40.43925857543945,40.67702168192201,38.9829685236352,39.072129216176606,69661800,0.055598694196975273,35.707638359069826,2.4713716449739795,1.9145725111770655,False
2024-10-15,34.14849090576172,40.80580921673138,33.32623070919076,40.11234131494459,131664200,-0.15556090520162003,35.82487888336182,2.3278748465617363,-0.7201366431172708,False
2024-10-16,34.138580322265625,35.41654901177641,33.68287178742372,35.41654901177641,70233000,-0.0002902202479003746,35.99205894470215,2.051260873173737,-0.903580157295547,False
2024-10-17,34.881587982177734,37.01153598947075,34.881587982177734,36.8233057409882,97549000,0.02176445689592743,35.999594116210936,2.04665582893386,-0.546259961361257,False
2024-10-18,34.9410285949707,35.99114307793541,34.52494407186519,35.91188744339468,56704300,0.0017040684278291085,36.087731552124026,1.9546514608226346,-0.5866534162928063,False
2024-10-21,34.7627067565918,35.05000275949241,33.4153912193774,34.51503857046023,59115800,-0.005103508555686087,36.148657989501956,1.8890873569196394,-0.7336618012044197,False
2024-10-22,34.36643600463867,34.70326488754565,33.5342707515224,34.07914378204589,51493100,-0.011399306582419166,36.12983512878418,1.9056346423313888,-0.9253605517939854,False
2024-10-23,33.484737396240234,34.554665754719984,31.988823242198972,34.08904836399825,81658300,-0.025655805806555798,36.03373966217041,1.9905867713258005,-1.2805280848081053,False
2024-10-24,33.97016906738281,34.41597255496984,33.21725567076548,34.25746506817407,60128300,0.014497102527585737,35.768239402770995,1.8861748602631836,-0.9532893122842768,False
2024-10-25,34.95093536376953,36.526105275455976,34.84196075052128,34.86177466012249,82300500,0.02887139873932565,35.65034923553467,1.8583006161105022,-0.3763728353214667,False
2024-10-28,35.02027893066406,35.75337840188578,34.42587681386974,34.97074605078395,51661100,0.0019840260689107936,35.584469413757326,1.8559978988087265,-0.30398228546238615,False
2024-10-29,37.62574768066406,38.09136504645981,34.61410184666613,35.12925209030654,72288200,0.07439885773492882,35.79003372192383,1.8422895706889528,0.9964307391990186,False
2024-10-30,33.692779541015625,35.367018955665266,33.59371377479162,34.643828280703126,89440100,-0.1045286374912251,35.74297676086426,1.8849008424386025,-1.087694998956114,False
2024-10-31,29.809343338012695,32.71201481141098,28.957364164371334,32.70210596755935,135437800,-0.11526019093424633,35.489364528656004,2.3019877476114465,-2.4674419733714594,True
2024-11-01,30.54244041442871,31.53311315169796,30.09663692683423,30.40374683586967,80726000,0.024592862315124364,35.1995927810669,2.541824235603971,-1.8322086560527209,False
2024-11-04,30.066917419433594,31.374605107048556,29.730088543586316,30.324492553290824,60422400,-0.015569253423851293,34.89941902160645,2.7771674016618446,-1.740082934604917,False
2024-11-05,31.087308883666992,31.19628348668949,29.96784955006203,30.076824153084537,63174900,0.03393734881427757,34.59825448989868,2.8503866752828664,-1.2317436215503175,False
2024-11-06,33.801753997802734,34.17821071015422,32.09779939596543,32.93986974239501,97893100,0.08731682514860228,34.37584829330444,2.7210693402661863,-0.2109811341468971,False
2024-11-07,35.872257232666016,36.030764712054925,35.10943880713301,35.43636260912562,77945800,0.061254313459528476,34.29560346603394,2.64746659532675,0.5955330161351806,False
2024-11-08,35.07971954345703,35.94160371925872,34.51503641664389,35.22832195750949,62666300,-0.022093332016120848,34.13412389755249,2.48316421257513,0.38080270371000685,False
2024-11-11,32.46434783935547,34.08905061317749,31.18637903100152,34.02960888519006,99155700,-0.07455509160675067,33.73537836074829,2.013238479631037,-0.6313362943598035,False
2024-11-12,31.37460708618164,32.24639830306542,30.096638290223837,32.0680768999496,75694800,-0.03356730769908678,33.59668416976929,2.0777937667431914,-1.0694406341735314,False
2024-11-13,29.413074493408203,30.92880259245827,29.195125278966156,30.54244082439583,92269200,-0.0625197500445307,33.36040887832642,2.2724868133754947,-1.7370109087915644,False
2024-11-14,29.32391357421875,30.552347548938673,29.10596436141537,30.30467936315905,68994200,-0.003031336258623174,33.082525157928465,2.4121910901784642,-1.5581732305592908,False
2024-11-15,26.41133499145508,28.22426602281176,26.183480715661652,27.748743563010272,113560200,-0.09932434752925934,32.65604047775268,2.7906574477074217,-2.2377183883416953,True
2024-11-18,27.411914825439453,27.570422312871724,26.054692338547564,26.450962946686538,70256700,0.037884485366153964,32.28850088119507,2.9764754392132238,-1.638376044199663,False
2024-11-19,27.59023666381836,27.768558062430035,26.83732514165703,27.114714193892784,57030600,0.006505267490960476,31.949690914154054,3.1101594405590056,-1.4016819181309068,False
2024-11-20,26.876951217651367,27.30294080789425,25.75749182733074,27.08499348036553,90911700,-0.02585282086769447,31.61930160522461,3.28458858743519,-1.443818688804604,False
2024-11-21,28.224266052246097,28.65025563151354,26.223106669880007,27.788369518861,106013200,0.05012900546955956,31.332006454467773,3.319248806058284,-0.936278231553307,False
2024-11-22,28.224266052246097,28.42240135548249,27.580329151065246,27.986504822097395,52604100,0.0,30.995672988891602,3.273737925156567,-0.8465573604255332,False
2024-11-25,29.05643081665039,29.819249264928526,28.47193376039138,29.304098996775114,70536000,0.029484017861221457,30.697480583190917,3.1574029388695424,-0.5197467026897991,False
2024-11-26,27.86762428283691,29.96785139373759,27.203873449112297,29.759811018322797,73204200,-0.040913715153626184,30.20957441329956,2.759298405712881,-0.8487484085135014,False
2024-11-27,26.728349685668945,27.491168137945564,25.341408247612176,27.421821349476467,84235700,-0.04088165484094097,29.861352920532227,2.735938880758175,-1.1451291024436456,False
2024-11-29,27.798274993896484,28.76913566062761,27.243498819734544,27.293031698128967,54303400,0.040029606047888855,29.760799503326417,2.7746335496887014,-0.707309442592921,False
2024-12-02,29.918317794799805,30.512719932934143,28.19454554762362,28.29361320049878,89389800,0.07626526471044714,29.729593372344972,2.768883571444861,0.06815903145987183,False
2024-12-03,29.452699661254883,29.997570793749073,29.125777737581675,29.30409913041402,59730300,-0.015562978397998473,29.698882484436034,2.768351474623022,-0.08892758937507192,False
2024-12-04,30.59197425842285,31.265632043300226,29.95794429127161,31.245820023995513,67498800,0.03868149983774449,29.67411575317383,2.7574706667813778,0.3328624729561967,False
2024-12-05,28.848390579223633,30.58206784772231,28.610627462446825,30.46318628933391,59282100,-0.056994807346216314,29.426447582244872,2.5842323426134826,-0.22368615758312183,False
2024-12-06,29.333820343017575,29.581488527232025,28.63044171727824,28.92764467207055,49152300,0.0168269270502579,29.099525737762452,2.0927121551202355,0.11195739685549895,False
2024-12-09,28.95736312866211,30.037196543752536,28.343147100912,28.798855644755097,54963000,-0.01283355560078192,28.793407917022705,1.5490705017736823,0.10584102624875752,False
2024-12-10,26.80760383605957,29.254566715069625,26.312267465676424,29.155499063081336,77681700,-0.07423877937541556,28.51057071685791,1.346739713618256,-1.2645107763422343,False
2024-12-11,28.848390579223633,29.35363200608912,27.53079593074697,28.06575821959912,77277400,0.07612715987763696,28.38425989151001,1.170982015033218,0.3963602188206601,False
2024-12-12,28.194543838500977,28.56109356505173,27.48126018224326,28.184638774416378,59937600,-0.022664929571272197,28.32333335876465,1.1460704157418904,-0.11237487548293745,False
2024-12-13,30.413654327392575,31.017963422905208,29.214939311545415,30.086732393899418,103693900,0.07870708962708228,28.37782039642334,1.2196844889217058,1.669148004636075,False
2024-12-16,32.20677185058594,32.642670311850566,30.10654652152236,30.82973911922259,85469700,0.05895764790021829,28.667592239379882,1.4026183179059122,2.5232663555185826,False
2024-12-17,30.839643478393555,31.790690350376305,30.26505332912258,31.28544699487897,64499000,-0.042448475697433485,28.838978672027586,1.4497375334119704,1.3800186311362068,False
2024-12-18,27.57042121887207,32.177048904891905,26.74816295186018,31.483579147282313,102912200,-0.10600713532281658,28.837987899780273,1.4506423473065508,-0.8737968274962677,False
2024-12-19,26.0546932220459,27.74874464956516,25.81693198283516,27.709116831584183,86520100,-0.05497659918915743,28.796875,1.5191784511107302,-1.8050425714959202,False
2024-12-20,27.045366287231445,28.10538775490256,25.35131673108307,25.57917101824483,108080200,0.03802282593553241,28.737930011749267,1.5647527413742046,-1.0816812648823801,False
2024-12-23,29.39691925048828,29.56581004094517,27.678208314893535,27.70801134591942,79330900,0.08694846053414484,28.796562671661377,1.5664615181396888,0.38325651276762973,False
2024-12-24,30.28111267089844,30.370525558097977,29.466463605216312,30.06254888824561,39963700,0.03007775790639955,28.85779676437378,1.600716895868943,0.8891740383311308,False
2024-12-26,30.37052345275879,30.897065763666006,29.56580941865004,29.70489528025081,45184100,0.0029526914295416873,28.982941722869874,1.6169866762381946,0.8581281158834442,False
2024-12-27,29.496267318725582,29.98306974294368,28.40344466062855,29.7843740251432,59316300,-0.028786337364026915,29.121337604522704,1.5299728553403213,0.2450564484815517,False
2024-12-30,27.75768661499023,28.59220560376609,27.141731401406982,28.055728298880407,64859000,-0.05894239718364702,29.119308185577392,1.5318459590393205,-0.8888763015317064,False
2024-12-31,27.13179588317871,28.38357434130036,26.754276298143346,28.01598973151629,61199500,-0.022548375175959867,28.979982089996337,1.581272678316864,-1.1687966485229289,False
2025-01-02,27.48944854736328,28.860442975288812,26.86356023991753,27.94644605837084,80996300,0.013182049051397637,28.88181953430176,1.6110400853153435,-0.8642683690058127,False
2025-01-03,29.625417709350582,29.923461281025997,27.976249722082706,28.13520553568182,72119600,0.07770141908474826,28.833491706848143,1.571039723789031,0.5040776439391828,False
2025-01-06,32.27799987792969,33.410560612277074,31.60243477485362,31.60243477485362,95159500,0.08953737613434143,29.004972171783447,1.7497586905492455,1.8705594799011083,False
2025-01-07,30.946739196777344,33.50990406818686,30.400328822582217,33.35094825406091,79205700,-0.04124359273148781,29.085618114471437,1.8020996047898115,1.0327515068308222,False
2025-01-08,29.98307228088379,30.80765635821857,28.989597397593556,30.59902564737808,69523500,-0.031139530073459487,29.13690357208252,1.8128208231817606,0.4667690805294929,False
2025-01-10,27.87690162658691,28.90018132592491,27.260948327880744,28.87037640054129,85395000,-0.07024532491420843,29.190368461608887,1.7553656862443996,-0.7482582377647679,False
2025-01-13,27.66827392578125,27.68814387682134,26.078713845727755,26.26747459080296,68286400,-0.007483891273149523,29.131362628936767,1.7870153637399573,-0.8187331417752839,False
2025-01-14,27.936511993408203,28.771029075634864,27.002645158067573,28.28422665479315,79759400,0.009694788635767004,29.118461036682127,1.7950482161544437,-0.6584497467182413,False
2025-01-15,29.74463653564453,30.26124200008208,29.10881136457066,29.456527929315257,69461300,0.0647226304652122,29.085010147094728,1.775771955531357,0.3714589514127257,False
2025-01-16,29.794309616088867,31.51302059943208,29.794309616088867,31.254716918915893,78881100,0.0016699844486185444,28.964387035369874,1.628377714243764,0.5096622076435242,False
2025-01-17,32.27799987792969,32.49656177012277,31.27458814675817,31.820998561949615,69688900,0.08336122883342911,29.03630485534668,1.7432677348398586,1.859550864044874,False
2025-01-21,33.47016525268555,34.30468425136276,32.2879315836452,33.112517501657315,60897500,0.03693430135895781,29.331292057037352,1.966972288830561,2.1041848017639895,False
2025-01-22,34.9206428527832,35.91411771300684,34.185469788703145,34.4636415368279,57709400,0.04333643378056751,29.77458953857422,2.1774575827062863,2.3633311413640183,False
2025-01-23,34.692142486572266,34.692142486572266,32.79460553553429,33.22180005554129,44900600,-0.006543418091535136,30.15692834854126,2.338410583615896,1.9394430429827172,False
2025-01-24,32.436954498291016,34.712008963509575,32.09917290675988,34.712008963509575,60111500,-0.0650057282900337,30.308930110931396,2.384753455124038,0.8923456564397493,False
2025-01-27,24.8964786529541,27.89677308754927,23.68444004525868,27.47951358409628,198431800,-0.2324655924690524,30.03969841003418,2.67442147794745,-1.9231148865239327,False
2025-01-28,25.204458236694336,25.631650838245992,23.59502811666357,25.27400117427477,103185300,0.012370407399107775,29.781395149230956,2.882193658588805,-1.5880046432333088,False
2025-01-29,25.512434005737305,26.128387340837133,24.68784997043066,25.93962848696295,94141700,0.012219098944749263,29.582203483581544,3.036470860080373,-1.3402959110684554,False
2025-01-30,26.972843170166016,27.48945057321368,25.96943329325139,26.406562780053495,87140400,0.05724303545872145,29.54296131134033,3.066217032161577,-0.8382049001151335,False
2025-01-31,26.84368896484375,29.05913726570919,26.52577733896744,27.44970729108193,102136600,-0.004788305204143972,29.528555965423585,3.078792082660589,-0.8720520673353374,False
2025-02-03,25.44289207458496,26.317149128060393,24.151373604231217,24.638176064051994,103914300,-0.05218347195474382,29.42622814178467,3.182398332386225,-1.251677398980072,False
2025-02-04,26.07871437072754,26.426430941317815,25.035566553859585,25.174652424134543,60520500,0.024990173848109976,29.248892974853515,3.268371077531939,-0.9699567548859502,False
2025-02-05,27.51925468444824,27.76762340219632,25.37334911469708,25.91975953578168,70330700,0.05523816447553331,29.010955715179442,3.2089235586756417,-0.464860257171986,False
2025-02-06,27.50931930541992,27.61860025109444,26.54564748193444,26.992711925293985,59735100,-0.0003610337250135043,28.839084720611574,3.1917944066082713,-0.41662000924574505,False
2025-02-07,26.158191680908203,28.095468319065816,25.631649349253887,27.6881437984116,87930800,-0.04911526924788412,28.647840690612792,3.233952067469628,-0.7698472202937099,False
2025-02-10,27.171537399291992,27.37023123142018,26.72447296092352,26.744342912607205,53330500,0.038739134980931844,28.612572479248048,3.246623516922067,-0.4438565397081261,False
2025-02-11,27.221210479736328,27.71794790416547,26.505909270723407,26.505909270723407,43880500,0.001828129182179783,28.5902193069458,3.2549954816151287,-0.42058701308247937,False
2025-02-12,27.36029624938965,27.36029624938965,25.78067120344958,26.009169947226383,57999300,0.005109463069500775,28.561408519744873,3.263624820155104,-0.3680301310792647,False
2025-02-13,28.28422737121582,28.363705280817335,27.221209619707,27.310622504871557,61026300,0.033769046701999095,28.488388061523438,3.2520750741725144,-0.06277859079239294,False
2025-02-14,28.363706588745117,28.63194525660801,27.92657901323106,28.304098627521004,43089600,0.0028100190429871663,28.41685791015625,3.2375399740260282,-0.016417193868663194,False
2025-02-18,29.794309616088867,30.03274334543392,28.522661164679068,29.009465493857583,60222200,0.05043780236788309,28.29267339706421,3.1274014488738784,0.4801546087296755,False
2025-02-19,31.2646541595459,31.68191368985484,29.56581300429711,29.993007510911383,58412700,0.04934984439656387,28.182397842407227,2.970160286339234,1.037740734503456,False
2025-02-20,31.493154525756836,32.42701955075566,30.499679643491987,31.850806089741127,50903200,0.007308584481532598,28.011023426055907,2.6416200231684104,1.3181801580699686,False
2025-02-21,28.622011184692383,31.75145672390288,28.21468662947245,31.70178373713088,61966500,-0.09116721980696707,27.707516860961913,2.1334257110718684,0.4286506527902546,False
2025-02-24,26.58538818359375,29.069075399233267,26.486040315987577,28.969727531627093,63724100,-0.07115583136197845,27.414938545227052,1.8304177121056342,-0.45320276139538823,False
2025-02-25,24.906414031982425,26.74434287207424,24.658045321021444,26.486039185286472,90907500,-0.06315402054755193,27.415435314178467,1.8296994444585175,-1.371275096461847,False
2025-02-26,26.118453979492188,26.823820193546908,25.353477911788428,25.820410395955516,75869500,0.048663767732816776,27.46113510131836,1.7823723489902574,-0.7533112385786402,False
2025-02-27,21.608078002929688,26.72447310510257,21.588208051138803,26.605257184163065,144841600,-0.172689240339569,27.26591730117798,2.1771397734026454,-2.598748765406858,True
2025-02-28,22.581684112548828,23.068486588107653,20.88284293630699,21.65775214866867,110939400,0.04505750624776228,27.04635934829712,2.416509536843162,-1.8475719494079783,False
2025-03-03,20.37616920471191,23.57515750874785,19.58138819542212,23.56522253295515,141822100,-0.09766830927420933,26.722983360290527,2.8405871258031503,-2.234331803423953,True
2025-03-04,20.51525497436523,22.11475006591027,18.87602187474917,20.14767034637099,154119800,0.006825903743533868,26.47660150527954,3.1538860474892876,-1.890159137379093,False
2025-03-05,21.806774139404297,22.01540295240684,19.988715204355724,21.111340972923298,117702400,0.06295408790448276,26.263004493713378,3.3224075496910723,-1.3412654190252593,False
2025-03-06,19.104520797729492,20.88284167826499,18.88595701418723,19.58138826813236,164277600,-0.12391806896334567,25.842267799377442,3.6696105025162438,-1.8360932303381767,False
2025-03-07,20.74375343322754,20.95238413103232,18.627652897795247,19.372759013707057,139349200,0.08580338930526143,25.503989505767823,3.816735498901092,-1.247200932291704,False
2025-03-10,17.87261199951172,19.670800914780447,16.98842000543922,19.21380340163376,169215200,-0.13840992870252689,25.089710521698,4.174857880512439,-1.7287051987744368,False
2025-03-11,17.296398162841797,18.37928597455656,16.402271116033162,17.93222150370073,161267000,-0.03224004620509102,24.59595355987549,4.487908455268417,-1.626493826643154,False
2025-03-12,18.180587768554688,18.98530370700915,17.783198234387356,18.419023383957857,137654500,0.051119868852950834,24.143922424316408,4.661507691189745,-1.2792716543260092,False
2025-03-13,17.971960067749023,19.14426068608357,17.46528767025344,18.26006678697031,117160200,-0.011475300109191622,23.674505615234374,4.791464126749922,-1.1901467686357112,False
2025-03-14,19.670799255371097,19.79995203377586,18.8660852399439,18.93562816912983,99718700,0.09452720689440364,23.243834209442138,4.742168135234288,-0.7534602005195487,False
2025-03-17,20.654342651367188,21.141145091294323,19.372759209493477,19.38269418519438,82794200,0.05000017453421646,22.858366012573242,4.615737795656823,-0.47750185534367434,False
2025-03-18,19.79995346069336,20.266885943808276,19.39262893619032,20.05825714121528,79140900,-0.04136608001016551,22.358648204803465,4.359188049004849,-0.586965901756458,False
2025-03-19,20.24701690673828,21.230558690204308,19.33301995551253,19.760214450473892,83249700,0.022579014992758717,21.807766342163085,3.8396855451461875,-0.406478451704925,False
2025-03-20,19.79995346069336,20.435776738960964,19.462171870387984,19.48204182155956,80380600,-0.022080459956357212,21.22310628890991,3.1077876491263794,-0.45793116805023965,False
2025-03-21,19.154193878173828,19.3628226662949,18.25013200651044,18.697194507442468,84348300,-0.03261419698796186,20.749715423583986,2.6012463009728286,-0.6133681169727971,False
2025-03-24,20.862972259521484,21.230558794994153,20.23708392549313,20.346364872604248,91671300,0.08921170957211655,20.46359462738037,2.2110203931161605,0.1806304606617583,False
2025-03-25,20.479293823242188,20.9476779328972,20.279983094287513,20.758331124722066,57784400,-0.01839040149728388,20.24223861694336,1.9488896289729254,0.12163603457819004,False
2025-03-26,18.725353240966797,20.43943483476641,18.13738300514297,20.230156358917185,94328400,-0.08564458312936662,19.87258358001709,1.3993115273843721,-0.8198534183411779,False
2025-03-27,17.698894500732422,18.346657706003953,17.300271136010412,18.10748368717075,103112800,-0.05481652212513233,19.677124404907225,1.4170443628886156,-1.3960253863486833,False
2025-03-28,15.974847793579102,17.5294799182836,15.685844656517018,17.27037424736848,138232400,-0.09740985274995428,19.34678258895874,1.4732733070087234,-2.2887367736444517,True
2025-03-31,15.895122528076172,15.92501904450808,14.350455239995044,15.018150126130802,111345600,-0.00499067449863122,19.122730255126953,1.6398087486532555,-1.968283026725864,False
2025-04-01,15.895122528076172,15.934984866783092,14.77897609388928,15.67587918999155,106085000,0.0,18.8917236328125,1.754715860429316,-1.7077415052276141,False
2025-04-02,16.204055786132812,16.831887360707203,14.978287251560182,15.137736600683398,141655200,0.019435726746425575,18.611587715148925,1.711540451369268,-1.406646233274847,False
2025-04-03,11.370742797851562,14.071418856399118,11.360776975585509,13.762485969296437,302517400,-0.29827797756766095,18.22489881515503,2.3491804797426377,-2.917679623344379,True
2025-04-04,8.699963569641113,10.394115400277595,8.151856630733826,10.015422694040804,499158100,-0.23488168501314421,17.62270932197571,3.09482971840057,-2.883113632806245,True
2025-04-07,9.118517875671388,10.942221450805665,7.205124280170803,7.85288796715422,723467300,0.04810989180355163,17.18500461578369,3.6303440560649496,-2.2219620552592567,True
2025-04-08,8.221614837646484,10.802703769043244,7.57385114933806,10.37418293398558,488735500,-0.09836061630343251,16.731265449523924,4.146151827235287,-2.0524213696129396,True
2025-04-09,12.72606372833252,13.064893118923932,8.211649056358693,8.450823079267838,787748800,0.5478788510087242,16.458539247512817,4.224455359059041,-0.8835400547377716,False
2025-04-10,9.596866607666016,11.101671446909306,8.321270912007417,10.882428124870264,686331800,-0.2458888457158872,16.039784574508666,4.474250527342177,-1.439999375866401,False
2025-04-11,10.194802284240724,10.354252587797594,8.879344170246593,9.317830841840046,412972900,0.06230530245122656,15.565984725952148,4.570208231338437,-1.1752598940417234,False
2025-04-14,10.433977127075195,11.121602691143488,9.935697429798925,11.111636869103616,358849500,0.023460468988613092,15.054966449737549,4.5426202983426,-1.0172519425293696,False
2025-04-15,10.56352996826172,10.98208499023693,10.374183150971785,10.56352996826172,230001400,0.012416439063331675,14.593145275115967,4.504179978582392,-0.8946390521727097,False
2025-04-16,9.30786418914795,9.716453357770812,8.301339049120442,9.098586694195626,362439300,-0.1188680093573301,14.04618763923645,4.445280092600159,-1.0659223606575785,False
2025-04-17,9.168346405029297,9.517142579565649,8.869378391197154,9.517142579565649,233659100,-0.014989237195931149,13.514607286453247,4.355793162893851,-0.9978115853729914,False
2025-04-21,8.680032730102539,8.709929247088052,8.12195902747851,8.640170390657476,255318100,-0.05326082298318191,12.990899229049683,4.270883793092824,-1.009361693689485,False
2025-04-22,9.148415565490724,9.367657948473516,8.819551040623432,8.929172232114828,249211900,0.053960952677496676,12.405171394348145,3.923626974655968,-0.8300370677166576,False
2025-04-23,10.254596710205078,10.86249763302124,10.065250832735504,10.543598912906946,368456100,0.12091505209787856,11.89393653869629,3.4542759239082548,-0.47458276773571145,False
2025-04-24,11.958712577819824,12.048403074216369,10.812669669269326,11.011981355487706,339636700,0.16618068128596986,11.555604505538941,3.0586804128692475,0.13179149759642284,False
2025-04-25,12.2975435256958,12.546683383346387,11.470399274327308,11.589986291952414,274438500,0.02833339673238866,11.285536956787109,2.70580976711167,0.37401246059842685,False
2025-04-28,12.24771499633789,12.486889024406675,11.41060494770404,12.118162160202356,203468900,-0.004051909168184098,11.099180316925048,2.4852014419196147,0.462149530432307,False
2025-04-29,11.819193840026855,12.227783981922729,11.580019818229086,11.769366631613796,184045100,-0.03498784519717879,10.895383882522584,2.2246820704696466,0.4152548221460016,False
2025-04-30,12.118162155151367,12.167990315243204,10.713013552841558,10.952187580810651,229393200,0.025295152881918748,10.706535863876343,1.9169537879276426,0.7363903606675296,False
2025-05-01,12.058368682861328,12.76592586921754,12.008540524589725,12.496854384786708,203349500,-0.004934203018947203,10.499251508712769,1.461162393671556,1.0670389416681234,False
2025-05-02,13.244274139404297,13.642897511765348,12.845650767043248,12.845650767043248,223410600,0.09834708887517318,10.592928075790406,1.5755543964033798,1.682801983648607,False
2025-05-05,13.00510025024414,13.363861289072709,12.825719255633308,12.885513237301284,127572300,-0.018058663437701572,10.808184909820557,1.597261000163582,1.375426646113934,False
2025-05-06,12.596510887145996,12.90544376227962,12.078299554105866,12.28757706161929,158548700,-0.031417625026802454,10.982084560394288,1.5929437280793664,1.0134861001639046,False
2025-05-07,13.234308242797852,13.353895253831174,12.18792070826492,12.566613385066985,189249300,0.05063285868332712,11.232719230651856,1.528809105883078,1.3092471809878632,False
2025-05-08,13.613001823425291,14.290662548,13.33396544582112,13.79238282708169,203277000,0.02861453531834779,11.277066135406494,1.5861941016797663,1.4726669866853372,False
2025-05-09,14.061452865600586,14.42021485973362,13.692725999714051,14.161109186280452,149644500,0.03294284743307663,11.500295448303223,1.650156855756508,1.5520690705025189,False
2025-05-12,17.071062088012695,17.409892444061697,16.443230487560868,16.831888054469797,263806000,0.21403259330155744,11.844108438491821,2.0352462211272244,2.5682168551704363,False
2025-05-13,18.5360050201416,18.795110689440023,17.22054693046205,17.30027160557032,212931800,0.08581439892703502,12.249209833145141,2.4943428960317395,2.5204213891354508,False
2025-05-14,18.77517890930176,19.30335606605487,18.36658971473684,18.904730792618317,179343100,0.012903205890388403,12.659792280197143,2.8524078474549555,2.143938369318762,False
2025-05-15,18.406450271606445,18.84493691214227,17.758687082660895,18.256966751201485,141287600,-0.01963915441107389,13.114721584320069,3.0108385153422352,1.757559782871609,False
2025-05-16,18.32672691345215,18.536005377639004,17.698895322464026,18.466246523172128,113068600,-0.004331272840656153,13.57264060974121,3.074814059951396,1.546137818748652,False
2025-05-19,17.997861862182617,18.14734538895564,17.031199948316655,17.090992978868627,123632000,-0.01794456003096434,14.038532066345216,2.9994650649797365,1.3200119721561583,False
2025-05-20,17.908170700073242,17.93806816463062,17.379995465062223,17.559376450834304,84252500,-0.004983434298817202,14.47651982307434,2.885200176467388,1.1893978466341917,False
2025-05-21,16.941509246826172,18.52603879315104,16.592713088057813,17.499581960383853,149964800,-0.053978793782835544,14.810865449905396,2.754699517781702,0.7734577884692613,False
2025-05-22,16.453195571899414,17.370030276416667,16.423298106252727,16.911611973764956,144981100,-0.02882350490811425,15.035589599609375,2.69240132093743,0.526521050656914,False
2025-05-23,15.675878524780272,15.944950012428686,15.048046954386804,15.157668143580745,179062600,-0.04724413830263652,15.204506349563598,2.616485075170879,0.18015473494947765,False
2025-05-27,17.230512619018555,17.44975499867197,16.293746268160906,16.682403818705748,136539700,0.09917365025384273,15.453646230697633,2.5566689009558106,0.6949927648655017,False
2025-05-28,16.981372833251953,17.50954809081356,16.841853226813452,17.37003038516124,126785300,-0.014459220760014269,15.711755180358887,2.42776550184875,0.522957283941241,False
2025-05-29,17.140823364257812,18.147346739820662,16.841854387670736,18.11745117271238,179820200,0.009389731476458385,15.962888240814209,2.2924800414640525,0.5138256831633464,False
2025-05-30,16.114364624023438,16.841852486946348,15.18756413253634,16.841852486946348,194058700,-0.05988386429410131,16.165688037872314,2.1002374180604866,-0.024436958130320697,False
2025-06-02,16.841854095458984,17.041166743058895,15.984814272666435,16.004744016797403,103937000,0.045145402155726266,16.34556703567505,1.9879155881484118,0.24965197855618582,False
2025-06-03,18.237035751342773,18.316760425089065,16.522954315404455,16.87175047583928,158644000,0.08284014622000369,16.60716381072998,1.8656822856653528,0.8736063761421939,False
2025-06-04,19.02431869506836,19.193733865511064,18.157311199088355,18.61572950178645,146325300,0.043169457715605875,16.928554201126097,1.68313777511734,1.2451532636989007,False
2025-06-05,18.745283126831055,19.921223607335413,18.35662554119486,19.422943871581793,187397100,-0.014667309390145933,17.204102945327758,1.4860865458037122,1.0370729658075117,False
2025-06-06,19.1140079498291,19.881359077925552,19.084110486121148,19.33325031466264,114398700,0.01967027227613727,17.47915325164795,1.281431922111271,1.2758030059744296,False
2025-06-09,20.509193420410156,20.9875415005816,19.61229029489213,19.642185861911404,162686000,0.07299282673959184,17.801540279388426,1.183684862744665,2.2874780494728717,False
2025-06-10,21.81468391418457,22.023962369460044,20.618813815418097,20.76829734016564,142811000,0.06365391690514888,18.038721370697022,1.4701899854936047,2.568350064103993,False
2025-06-11,21.56554412841797,22.52224211069011,20.917780918980228,22.28306809031861,160395000,-0.011420737827175342,18.19019832611084,1.6670174382855178,2.024781339887231,False
2025-06-12,21.615373611450195,21.99406534172979,21.01743759977899,21.166921127500245,100384500,0.0023106063420195166,18.33220806121826,1.8322589423799602,1.7918676636214754,False
2025-06-13,19.971052169799805,20.987541358065037,19.771739520688655,20.25008759761186,166989600,-0.0760718491943786,18.41043815612793,1.8686356260811285,0.8351622926855822,False
2025-06-16,21.82465171813965,22.14355044010767,20.71847201391135,20.75833340376419,121972300,0.0928143160700794,18.585334396362306,2.0181056220864795,1.6051277427334434,False
2025-06-17,21.346302032470703,22.45248355443132,21.26657735796456,21.535648847217605,122379500,-0.0219178611345886,18.75275640487671,2.1038745143008244,1.232747300261822,False
2025-06-18,21.5356502532959,22.30299958272349,21.156956599076914,21.64527049990767,113893800,0.008870305523512645,18.93413038253784,2.182136980479216,1.1921890761352394,False
2025-06-20,21.13702392578125,22.25317128823457,20.29991577992402,22.063824470335497,137078900,-0.018510066927449387,19.143906116485596,2.182162110231087,0.913368351485393,False
2025-06-23,21.50575065612793,21.904374015213698,20.210224263902653,21.10712729704216,125143700,0.017444590669026816,19.39653387069702,2.1464385285737086,0.9826588357191237,False
2025-06-24,23.943044662475582,24.023021350795897,22.623426444998547,22.653418418166655,137608000,0.11333219869045408,19.809892177581787,2.1878486328043523,1.8891400542623376,False
2025-06-25,24.57286071777344,24.59285536644894,23.863067850944873,24.392912693283197,107621600,0.02630476049209096,20.17700958251953,2.3427841937225655,1.8763363467418332,False
2025-06-26,25.19268226623535,25.35263564704744,24.582858810142564,25.172687616935164,92382200,0.025223825405627176,20.587575054168703,2.4693672308536407,1.864893627212628,False
2025-06-27,25.102706909179688,25.83249440846949,24.272948075528156,25.202676336746812,113655600,-0.0035714877877951468,20.985669231414796,2.5256000315979845,1.6301225951284062,False
2025-06-30,25.102706909179688,25.49259301571637,24.67283150618047,25.482595691600736,78035000,0.0,21.43508634567261,2.4102339991545785,1.5216865104357276,False
2025-07-01,24.702821731567383,25.16268910988898,23.573150794315957,24.37291766079532,107277300,-0.015929962416366794,21.828134727478027,2.2579205864777534,1.2731568246045928,False
2025-07-02,26.04243278503418,26.38233418157912,24.44289904458108,24.502881083149415,107157100,0.0542290701857322,22.2184045791626,2.2790118731452513,1.6779325509147356,False
2025-07-03,26.42232322692871,26.71223799957766,26.222380557878356,26.392331254532778,62695800,0.014587363823891364,22.588304805755616,2.333037674817021,1.6433589832507935,False
2025-07-07,24.96274757385254,26.04243384604381,24.61285074561972,25.722527084919683,93297600,-0.05524024668612881,22.89917802810669,2.2047144543237875,0.9359804131092211,False
2025-07-08,26.362340927124023,27.022149058925116,25.352634081356992,25.622554203061377,90457500,0.05606727981888904,23.261594676971434,2.1446827623724687,1.4457831734155937,False
2025-07-09,26.64225959777832,27.40203909804375,25.88248009751289,26.62226494879365,86818700,0.010618126494460478,23.568247985839843,2.168750264261943,1.417411521554146,False
2025-07-10,27.362051010131836,27.72194514871833,26.652256243607365,27.382043751812745,87602500,0.02701690559360581,23.845616340637207,2.2843329881568994,1.5393704366769414,False
2025-07-11,27.282073974609375,27.532001356977897,26.542287244819295,26.842201247738284,71855400,-0.0029229181501360113,24.131442832946778,2.3409618234469494,1.3458703640982277,False
2025-07-14,26.4923038482666,26.762225892275897,25.312646239747203,26.63226257917748,99670600,-0.02894831701863243,24.375289344787596,2.318980956974992,0.9129072393248787,False
2025-07-15,27.282073974609375,28.45173229357124,27.202095381728626,28.041851539030432,108926200,0.029811304100471725,24.740840435028076,2.1588900741931303,1.1771018682046916,False
2025-07-16,27.02215003967285,27.04214278166927,24.902764937685024,26.59227462463796,125700900,-0.009527279164275648,25.000715351104738,2.1014385816458163,0.961928988181494,False
2025-07-17,27.31206512451172,27.502010476555657,26.41232689362179,26.952169069437875,85334100,0.010728794134190922,25.299003505706786,1.975013960567072,1.0192645009086096,False
2025-07-18,27.32206153869629,27.891895669047564,26.752227408345014,27.651965609257267,68274300,0.0003660072623214994,25.588324069976807,1.8117849742941374,0.9569223132535019,False
2025-07-21,27.49201202392578,28.491721552068537,27.432029986139707,27.55199406171186,79860300,0.00622026580932733,25.906073474884032,1.5245256766130697,1.0402832653924967,False
2025-07-22,26.312355041503903,27.272077200693936,25.33264014048495,27.112123825294702,118871600,-0.04290908142318739,26.14640369415283,1.1193617483715554,0.14825533174820174,False
2025-07-23,25.77251243591309,25.902473836156613,24.83278494140163,25.64254912887495,105639200,-0.020516696614168106,26.237877082824706,0.9980006271605152,-0.4662969483653131,False
2025-07-24,25.612560272216797,25.7825109770463,24.94275477751167,25.652547663873605,77503300,-0.006206308527119231,26.289862060546874,0.9315745766120224,-0.7270505285720738,False
2025-07-25,25.592565536499023,25.6125601856572,24.82278870506135,25.162690113571628,68037900,-0.0007806613437025822,26.30985622406006,0.9108473860821015,-0.7874982115789715,False
2025-07-28,26.8721923828125,26.982161045605785,26.33235020694346,26.372337598180764,88108400,0.049999944104413,26.3983304977417,0.8725544711958486,0.543074272969303,False
2025-07-29,27.02215003967285,28.15182100124355,26.492303287477228,27.40203883273005,101714500,0.005580402771910187,26.494302654266356,0.8269147489939294,0.6383334993706475,False
2025-07-30,27.60198211669922,28.12182964918657,26.922179297144957,27.741940847738732,96772200,0.02145765885301798,26.639260673522948,0.746545214484871,1.2895688358816488,False
2025-07-31,24.97274398803711,26.732233016867493,24.192971762924472,26.692245626582174,133413800,-0.09525541019285777,26.585776233673094,0.8256776488544633,-1.9535859398324387,False
2025-08-01,24.07300567626953,24.8227878321834,22.56344404021425,23.573150905660285,132665200,-0.0360288125405277,26.468310356140137,0.9990643611738864,-2.397547918790894,True
2025-08-04,24.992738723754883,25.17268674765306,24.232959237737376,24.58285796122887,85963800,0.038205991385280136,26.469809913635252,0.9967053551583367,-1.481953700996943,False
2025-08-05,24.51287841796875,25.67254133369566,23.603142887644964,25.41261662406106,99733400,-0.019199988888374153,26.37733678817749,1.088746634584354,-1.7124814084229312,False
2025-08-06,23.9830322265625,24.112995537768896,22.943335270884685,23.833076173227532,103447500,-0.021615013233935665,26.2443754196167,1.2102838114345265,-1.8684404200811968,False
2025-08-07,24.992738723754883,25.87248228784141,24.52287592219436,25.47259884962026,117228400,0.042100868966605365,26.12590980529785,1.2110818312450475,-0.935668467900321,False
2025-08-08,25.702531814575195,25.82249780049524,24.89276760669755,25.152692320528757,71389900,0.02839997243462067,26.046932697296143,1.1828923184147506,-0.29115150834903974,False
2025-08-11,25.602561950683594,26.882188942590087,25.44260857669528,26.022440034101567,75943500,-0.0038894948020222753,26.00244560241699,1.1819915924636537,-0.3383134484907036,False
2025-08-12,27.991867065429688,28.071843752201985,25.672541242238367,26.20238607705687,125315900,0.09332289164453322,26.037935256958008,1.2320316350053984,1.585942887305096,False
2025-08-13,29.261499404907227,29.32148144486316,28.30177723163893,28.641678636047008,89497100,0.04535718666103383,26.149902725219725,1.4144385131447854,2.199881190147564,False
2025-08-14,29.411455154418945,29.65138521855924,27.94188279651164,28.111833496960347,84286800,0.005124677564765312,26.254872226715086,1.5741132963150455,2.005308598239612,False
2025-08-15,27.362051010131836,28.701660042484015,27.062137003382695,28.701660042484015,93664700,-0.06968047427531632,26.256871700286865,1.5755649378795185,0.7014495456673348,False
2025-08-18,27.52200508117676,27.641969161478084,27.02215029740032,27.09212966204187,50310400,0.005845836300272023,26.258371353149414,1.5768162204635046,0.8013830094009958,False
2025-08-19,26.232378005981445,27.851908293918136,26.092419281061535,27.561991613104468,75595100,-0.04685803492120333,26.25437250137329,1.5767735222415342,-0.01394905170691667,False
2025-08-20,25.792505264282227,26.10241659331272,23.6531274675658,26.10241659331272,117636500,-0.016768313631304044,26.25537214279175,1.5764582606648598,-0.29361188307917024,False
2025-08-21,25.34263801574707,25.89247751728614,24.902765270439005,25.39262273159801,67871100,-0.017441781786049937,26.24187602996826,1.5833911956245272,-0.5679190440783707,False
2025-08-22,27.442028045654297,28.31177429064181,25.33264027456941,25.5525756902088,117140900,0.08284023267833196,26.334349155426025,1.5974183292595197,0.6934181672635082,False
2025-08-25,27.292070388793945,27.57198975371707,26.80221293027448,27.34205701117022,55018700,-0.005464525311717927,26.355343055725097,1.6075856496955476,0.5826920221925658,False
2025-08-26,27.931884765625,28.211802213310893,27.51200668730155,27.522004011403848,57544300,0.023443233427016263,26.400829792022705,1.6399899253006716,0.933575840913532,False
2025-08-27,28.171815872192383,28.22180058776959,27.272077644239936,27.601981724715657,61375200,0.008589864542999148,26.429321479797363,1.6666885133527851,1.0454829312345477,False
2025-08-28,28.521713256835938,29.10154470144835,27.95187722943195,28.401747275594417,74466400,0.012420121806522522,26.606769943237303,1.6921784095605048,1.1316438637791073,False
2025-08-29,26.03243827819824,27.34205728905177,25.662544896033207,27.312065315321185,108411300,-0.08727648848517477,26.70474157333374,1.5914874591615304,-0.42243706745242193,False
2025-09-02,25.242666244506836,25.272658217580048,23.793086628144028,24.07300598977671,101906700,-0.030337996973292536,26.717237949371338,1.5782635635175757,-0.9343000364134562,False
2025-09-03,24.90276527404785,25.40262005980842,24.112995704079392,25.40262005980842,79482200,-0.013465335522270805,26.736732292175294,1.551788631842549,-1.1818407355838423,False
2025-09-04,25.642549514770508,25.72252620230731,23.973034493994387,24.402909904552708,81641200,0.02970691136432202,26.819708156585694,1.436911586078383,-0.8192283041073432,False
2025-09-05,26.442317962646484,26.96216547166643,25.592564476563957,26.81220942278001,110749400,0.03118911586444617,26.892187118530273,1.3751387541360742,-0.3271445550717663,False
2025-09-08,27.072134017944336,27.422032735085224,26.67225058698101,26.952168035258033,72341700,0.023818488840031238,26.960667228698732,1.3465831204242307,0.08277750370915632,False
2025-09-09,27.17210578918457,27.362051136993564,26.562282355415753,27.162108464900452,55882300,0.0036927924179885885,27.039144420623778,1.3084647257006832,0.10161631868951729,False
2025-09-10,28.591693878173828,28.821626619993015,28.061847123430127,28.471727891645088,86721600,0.05224431628535409,27.069135761260988,1.3379925772668948,1.1379421252268498,False
2025-09-11,29.161527633666992,29.60140036932657,28.96158496105955,29.051558973053435,69919800,0.019930045345377678,27.064137172698974,1.3295310665910014,1.5775415209708903,False
2025-09-12,29.291488647460938,29.54141603150683,28.781638461986574,29.361469916701267,52502600,0.004456591418204869,27.058138847351074,1.3186092667787355,1.6937161419817495,False
2025-09-15,29.991287231445312,30.021279205122845,28.91160096738507,29.131536387302912,61268000,0.023890850765791782,27.189600658416747,1.4725779445962506,1.9025726843931021,False
2025-09-16,30.471145629882812,30.641096324096765,29.78134743583317,30.321189583645697,54148200,0.015999926736534942,27.337057685852052,1.6451588222161528,1.9050367063095512,False
2025-09-17,30.46114921569824,31.2409233489337,29.15153024281344,30.271205774628864,80483900,-0.000328061645794242,27.54849624633789,1.763219376901353,1.6518948280156647,False
2025-09-18,33.63022994995117,34.13008474424554,32.42058226302025,32.75048444418803,104513300,0.10403680806040438,27.940382480621338,2.175248236901441,2.61572328748778,False
2025-09-19,33.01041030883789,33.59023987373328,32.110670174495844,33.550254389443126,66106100,-0.01843043125294419,28.32377109527588,2.361083183936459,1.9849530272577367,False
2025-09-22,34.41999816894531,34.739904901802845,33.18035671893057,33.19035594947621,62948200,0.042701312916732626,28.67266960144043,2.713237264383916,2.1182550611952866,False
2025-09-23,34.29999923706055,35.29999923706055,33.66999816894531,34.70000076293945,63661700,-0.0034863143018127873,29.02306604385376,2.9662727268305606,1.7789777539589724,False
2025-09-24,34.20000076293945,34.38999938964844,32.810001373291016,33.959999084472656,58369900,-0.002915407473626064,29.336471843719483,3.169112581288703,1.534665870797888,False
2025-09-25,33.849998474121094,34.060001373291016,31.36000061035156,32.439998626708984,79969600,-0.010233984824866926,29.62038097381592,3.3104748246886686,1.2776467800817504,False
2025-09-26,34.02000045776367,34.22999954223633,32.83000183105469,33.93000030517578,60944500,0.005022215400468877,29.895295333862304,3.4401931591811223,1.1989748636332913,False
2025-09-29,34.02000045776367,35.4900016784668,33.9900016784668,35.029998779296875,56593700,0.0,30.294673442840576,3.431779657424018,1.0855379385631716,False
2025-09-30,34.84000015258789,34.959999084472656,33.56999969482422,34.06999969482422,60696800,0.024103459253101978,30.774540138244628,3.358390106052861,1.2105383490190855,False
2025-10-01,36.86000061035156,36.97999954223633,33.97999954223633,34.18000030517578,67094700,0.05797934698383256,31.372401905059814,3.322199756673709,1.6517967332542658,False
2025-10-02,39.08000183105469,39.31999969482422,38.13999938964844,38.959999084472656,68834400,0.0602279214308985,32.044274520874026,3.4584058177803536,2.034384534634017,False
2025-10-03,38.22999954223633,40.060001373291016,37.619998931884766,39.47999954223633,69252500,-0.02175031343378575,32.63365859985352,3.4579020877224447,1.618420880756879,False
2025-10-06,41.709999084472656,43.369998931884766,41.65999984741211,42.83000183105469,99880300,0.09102797760673886,33.36555185317993,3.755141712579171,2.2221391015257983,False
2025-10-07,38.83000183105469,43.02000045776367,38.70000076293945,42.779998779296875,96375900,-0.06904812554863138,33.948446655273436,3.646388326726147,1.338737056610775,False
2025-10-08,42.779998779296875,42.939998626708984,38.68000030517578,38.869998931884766,77149800,0.10172538660771169,34.65786190032959,3.919337494784328,2.0723239296885874,False
2025-10-09,42.2400016784668,42.84000015258789,41.0099983215332,42.58000183105469,63095700,-0.012622653488513103,35.31178560256958,4.043121192969329,1.7135811036149111,False
2025-10-10,34.209999084472656,42.84000015258789,34.16999816894531,42.52000045776367,204858900,-0.19010422052344977,35.557711124420166,3.799931588702312,-0.35466744821260254,False
2025-10-13,39.13999938964844,39.470001220703125,37.369998931884766,38.22999954223633,89274100,0.1441099221605482,36.01514673233032,3.641955005999432,0.8580151737653298,False
2025-10-14,36.630001068115234,39.0099983215332,35.95000076293945,36.619998931884766,100358200,-0.06412872663960834,36.32308950424194,3.4009163754525344,0.09024378431899961,False
2025-10-15,39.97999954223633,40.16999816894531,37.709999084472656,39.54999923706055,96059800,0.09145504713176544,36.799032020568845,3.197356088413489,0.9948743379552267,False
2025-10-16,40.56999969482422,41.93000030517578,39.279998779296875,41.45000076293945,89397000,0.014757382674919661,37.1460205078125,3.211898140205989,1.066029817119956,False
2025-10-17,40.290000915527344,40.79999923706055,38.31999969482422,39.61000061035156,92083400,-0.0069016214297037415,37.51000003814697,3.130001031732599,0.8881789012834658,False
2025-10-20,42.2400016784668,43.040000915527344,41.130001068115234,41.15999984741211,62424500,0.0483991243144386,37.90100021362305,3.211069701546478,1.3512635564260869,False
2025-10-21,41.5099983215332,42.029998779296875,40.52000045776367,41.810001373291016,54386700,-0.017282275755820753,38.26150016784668,3.190172895045648,1.0182827892279624,False
2025-10-22,38.38999938964844,40.810001373291016,35.970001220703125,40.08000183105469,110646700,-0.07516258872663639,38.47100009918213,3.043628280737045,-0.026613207022138343,False
2025-10-23,41.16999816894531,41.470001220703125,37.54999923706055,37.72999954223633,72467000,0.07241466067974156,38.83700008392334,2.895201146542693,0.805815543354534,False
2025-10-24,43.13999938964844,44.15999984741211,42.959999084472656,43.43000030517578,69872500,0.047850408266209454,39.293000030517575,2.8136434751578436,1.3672661064192035,False
2025-10-27,46.84000015258789,47.15999984741211,45.13999938964844,45.4900016784668,72684100,0.08576728825423396,39.93400001525879,3.003070965389711,2.2996460013501228,False
2025-10-28,46.959999084472656,47.61000061035156,45.939998626708984,46.439998626708984,53995000,0.002561890083131013,40.53999996185303,3.1407456276497827,2.044100313664596,False
2025-10-29,49.380001068115234,50.7599983215332,48.04999923706055,49.369998931884766,88268800,0.05153326300729755,41.16599998474121,3.5849618849399114,2.2912380513389192,False
2025-10-30,47.38999938964844,49.970001220703125,47.27000045776367,48.5,76956300,-0.040299749603524115,41.581499862670896,3.8052668482185736,1.5264368462613278,False
2025-10-31,47.779998779296875,49.9900016784668,46.709999084472656,48.77000045776367,75650400,0.00822957152714432,42.05899982452392,3.958666509179047,1.445183356947989,False
2025-11-03,48.58000183105469,50.189998626708984,48.029998779296875,49.5,52610600,0.016743471582181257,42.402499961853025,4.216456412256617,1.465093259649163,False
2025-11-04,42.79999923706055,46.880001068115234,42.529998779296875,44.77000045776367,87734300,-0.11897905261706443,42.60099983215332,4.132023893430856,0.04816027449008665,False
2025-11-05,46.83000183105469,48.43000030517578,43.209999084472656,43.220001220703125,76488900,0.09415894079046061,42.80349998474121,4.239110499481405,0.949845928009205,False
2025-11-06,43.0099983215332,46.9900016784668,42.150001525878906,46.459999084472656,106419600,-0.08157171386203743,42.84199981689453,4.237219577368502,0.0396482885937691,False
2025-11-07,41.7400016784668,41.7400016784668,37.040000915527344,41.099998474121094,143013500,-0.029527939842549977,43.218499946594235,3.7345786874978497,-0.3958942605967758,False
2025-11-10,44.959999084472656,45.52000045776367,43.459999084472656,45.060001373291016,74223300,0.07714416091331922,43.50949993133545,3.6252006414236124,0.4001155512781767,False
2025-11-11,41.810001373291016,44.040000915527344,41.650001525878906,43.720001220703125,80862700,-0.07006222809887741,43.76849994659424,3.2760589666199627,-0.5978215267974505,False
2025-11-12,43.709999084472656,44.630001068115234,42.849998474121094,44.0099983215332,77730900,0.045443617526293556,43.954999923706055,3.1528911286263503,-0.07770672352398678,False
2025-11-13,39.220001220703125,42.63999938964844,38.0,42.16999816894531,126123700,-0.1027224424116846,43.8875,3.2423560982096373,-1.4395392233056004,False
2025-11-14,38.86000061035156,40.599998474121094,35.150001525878906,35.7400016784668,125398600,-0.009179005587626743,43.81599998474121,3.3401551625701873,-1.4837632185254828,False
2025-11-17,36.84000015258789,40.08000183105469,35.529998779296875,37.900001525878906,101936600,-0.051981482913965316,43.545999908447264,3.6756588801672216,-1.8244347406781907,False
2025-11-18,34.349998474121094,36.0099983215332,33.150001525878906,35.310001373291016,153515800,-0.06758962182826922,43.18799991607666,4.1962185727224615,-2.106182337451876,True
2025-11-19,35.959999084472656,37.29999923706055,34.20000076293945,34.720001220703125,120458900,0.04687047108792508,43.066499900817874,4.373873977121445,-1.6247612193486614,False
2025-11-20,30.809999465942383,39.189998626708984,30.40999984741211,38.790000915527344,228883600,-0.14321467601911086,42.54849996566772,5.15416695613141,-2.277477737844947,True
2025-11-21,31.729999542236328,33.040000915527344,28.1200008392334,30.850000381469727,205537900,0.029860437917596183,41.977999973297116,5.6889735372319485,-1.8013795219808844,False
2025-11-24,35.86000061035156,36.310001373291016,32.650001525878906,32.689998626708984,108832500,0.1301607667096787,41.428999996185304,5.724769952644788,-0.9727900739943127,False
2025-11-25,36.16999816894531,36.45000076293945,32.04999923706055,34.34000015258789,108634700,0.00864466127488761,40.88949995040893,5.684377355708842,-0.8302583530496627,False
2025-11-26,39.189998626708984,40.150001525878906,37.29999923706055,37.439998626708984,104203900,0.08349462567450638,40.379999828338626,5.32886213069677,-0.22331243939952414,False
2025-11-28,41.2599983215332,41.33000183105469,39.25,39.650001525878906,57190400,0.052819590899741975,40.07349977493286,5.074674572896358,0.23380780965490547,False
2025-12-01,41.310001373291016,42.36000061035156,39.459999084472656,39.58000183105469,79426200,0.0012119014491505098,39.74999990463257,4.75361294381226,0.32817174790999554,False
2025-12-02,43.79999923706055,44.61000061035156,42.029998779296875,42.790000915527344,111736200,0.0602759085207738,39.51099977493286,4.392763329458852,0.9763784525710038,False
2025-12-03,46.58000183105469,46.68000030517578,43.150001525878906,44.45000076293945,94299300,0.06347037996388583,39.69999990463257,4.617300848189725,1.4900484401226564,False
2025-12-04,45.15999984741211,46.099998474121094,44.439998626708984,45.88999938964844,77656900,-0.03048522816278354,39.61649980545044,4.4950563599550755,1.233243723337225,False
2025-12-05,46.5,48.04999923706055,46.29999923706055,46.470001220703125,77049800,0.029672279829838777,39.79099988937378,4.696935389828255,1.4283781985069073,False
2025-12-08,47.9900016784668,48.599998474121094,46.70000076293945,47.560001373291016,69225000,0.03204304684874826,40.10349988937378,5.0295690745193244,1.5680273343987685,False
2025-12-09,47.790000915527344,48.04999923706055,46.470001220703125,47.040000915527344,56373300,-0.004167550655227337,40.244999980926515,5.209965170641924,1.448186444146843,False
2025-12-10,49.650001525878906,50.09000015258789,47.0099983215332,47.650001525878906,91153100,0.03892028823433713,40.63699998855591,5.6132481875684075,1.6056659595568898,False
2025-12-11,48.790000915527344,48.900001525878906,44.65999984741211,48.0099983215332,88063000,-0.017321260501941937,40.89100008010864,5.868741140147228,1.3459446662901446,False
2025-12-12,41.709999084472656,47.380001068115234,41.060001373291016,46.91999816894531,138088200,-0.14511173802420418,41.01549997329712,5.857828080279056,0.11855914882747018,False
2025-12-15,41.18000030517578,43.41999816894531,40.79999923706055,43.11000061035156,78218600,-0.012706755956131799,41.13149995803833,5.83582677798523,0.00831079279467453,False
2025-12-16,40.4900016784668,41.65999984741211,39.2400016784668,40.75,94566700,-0.016755673181048092,41.314000034332274,5.751013793355346,-0.14327880013390248,False
2025-12-17,36.0099983215332,41.31999969482422,35.70000076293945,41.0,126113900,-0.11064468192689969,41.397000026702884,5.656418663504443,-0.9523696928459244,False
2025-12-18,38.58000183105469,40.41999816894531,38.11000061035156,39.970001220703125,97164000,0.07136916493508072,41.52800016403198,5.553271433691627,-0.5308579579042046,False
2025-12-19,41.720001220703125,42.36000061035156,39.5,39.599998474121094,92529100,0.0813893012084026,42.07350025177002,4.947873372182612,-0.07144463984351322,False
2025-12-22,43.2599983215332,44.560001373291016,42.72999954223633,44.45000076293945,62717400,0.03691268110667911,42.650000190734865,4.309843655637985,0.14153602300639387,False
2025-12-23,43.70000076293945,43.79999923706055,42.220001220703125,42.619998931884766,44455700,0.010171115545033027,43.042000198364256,4.0055581197631565,0.16427188044748767,False
2025-12-24,44.209999084472656,44.36000061035156,43.59000015258789,43.720001220703125,30717800,0.011670441936598719,43.444000244140625,3.66888158732716,0.20878265544952457,False
2025-12-26,44.209999084472656,44.790000915527344,43.810001373291016,44.75,38006400,0.0,43.69500026702881,3.531686298932009,0.14582235619272957,False
2025-12-29,43.81999969482422,44.33000183105469,42.349998474121094,42.97999954223633,54612100,-0.008821519966631497,43.82300033569336,3.484870036072749,-0.0008610481418471365,False
2025-12-30,43.66999816894531,44.75,43.56999969482422,44.150001525878906,40697400,-0.003423129322765006,43.94100017547608,3.4348970016907256,-0.07889669075881224,False
2025-12-31,42.029998779296875,44.150001525878906,42.0099983215332,43.88999938964844,44754800,-0.037554372759618704,43.85250015258789,3.46142069116133,-0.5265183102258388,False
2026-01-02,47.2400016784668,48.09000015258789,45.08000183105469,45.130001068115234,132719700,0.12395914942867581,43.8855001449585,3.491805082992698,0.9606783465225035,False
2026-01-05,49.220001220703125,51.220001220703125,48.630001068115234,50.349998474121094,94987500,0.04191362133542986,44.08850021362305,3.6826029388025634,1.39344401021649,False
2026-01-06,54.0099983215332,54.29999923706055,51.06999969482422,51.11000061035156,92678600,0.09731810203237634,44.464000129699706,4.276437975691326,2.2322311807387543,False
2026-01-07,52.290000915527344,52.7400016784668,50.84000015258789,52.20000076293945,65698500,-0.03184590741451876,44.67900009155274,4.561622605728047,1.6684854232389683,False
2026-01-08,49.650001525878906,51.810001373291016,48.130001068115234,51.79999923706055,79844800,-0.05048765238909181,44.77200012207031,4.646555963769917,1.0498101049128221,False
2026-01-09,53.95000076293945,54.7599983215332,50.310001373291016,51.09000015258789,87214400,0.08660622567794429,44.98700008392334,4.972214705958072,1.8026173866297424,False
2026-01-12,54.650001525878906,55.150001525878906,52.349998474121094,52.38999938964844,53193700,0.012974990788513718,45.28000011444092,5.365235383785995,1.7464287661552733,False
2026-01-13,56.06999969482422,57.630001068115234,55.43000030517578,55.689998626708984,61895400,0.025983497333900152,45.998000144958496,5.805160891099108,1.7350078212834446,False
2026-01-14,55.380001068115234,55.439998626708984,53.0,54.88999938964844,70434900,-0.012306021588451621,46.70800018310547,6.048161026478151,1.4338244049794222,False
2026-01-15,58.08000183105469,61.66999816894531,58.0099983215332,60.959999084472656,89664300,0.0487540756746927,47.587500190734865,6.366909913355228,1.6479739438924297,False
2026-01-16,60.75,62.189998626708984,59.5,61.189998626708984,58559500,0.04597104140443897,48.824500274658206,6.402395779360314,1.8626620621903058,False
2026-01-20,57.939998626708984,61.04999923706055,57.220001220703125,57.34000015258789,71408300,-0.04625516663853524,49.79250011444092,6.233292830247565,1.3070938160857226,False
2026-01-21,63.47999954223633,65.11000061035156,59.459999084472656,60.2400016784668,103027300,0.09561617271032397,50.88050003051758,6.636154468608974,1.898614562291792,False
2026-01-22,63.720001220703125,66.95999908447266,63.040000915527344,66.9000015258789,62594200,0.003780744804623204,51.903500175476076,6.968283542625089,1.6957549119442894,False
2026-01-23,61.599998474121094,63.36000061035156,60.150001525878906,62.47999954223633,58613600,-0.03327060116083658,52.798500061035156,7.008591403710355,1.255815599183941,False
2026-01-26,60.70000076293945,61.959999084472656,59.599998474121094,60.75,42592400,-0.014610352816156968,53.623000144958496,6.914371274721088,1.0235204817326546,False
2026-01-27,64.95999908447266,65.98999786376953,62.540000915527344,63.310001373291016,61155400,0.07018119057642846,54.6605001449585,6.984030292327848,1.4747214013129992,False
2026-01-28,70.08999633789062,70.93000030517578,67.9800033569336,69.0,74205500,0.07897163370872318,55.973999977111816,7.301060376973045,1.9334172889871615,False
2026-01-29,70.47000122070312,71.9800033569336,62.650001525878906,70.4000015258789,78058200,0.005421670747143059,57.31400012969971,7.382902557566894,1.7819551305765986,False
2026-01-30,61.790000915527344,69.86000061035156,60.290000915527344,67.12000274658203,83504200,-0.12317298360746609,58.30200023651123,6.499185191239239,0.5366827650515114,False
2026-02-02,65.19999694824219,66.94000244140625,59.099998474121094,59.459999084472656,66961000,0.055186858426764296,59.2,6.120007008435947,0.9803905354963911,False
2026-02-03,61.20000076293945,67.62000274658203,57.02000045776367,66.80999755859375,101338500,-0.06134963761544432,59.79899997711182,5.660848168959295,0.24748955351070606,False
2026-02-04,53.189998626708984,61.029998779296875,49.33000183105469,59.439998626708984,139149400,-0.13088238621527992,59.75799999237061,5.70775823149392,-1.1507147113241596,False
2026-02-05,53.25,55.4900016784668,50.0099983215332,51.310001373291016,109350300,0.0011280574326033577,59.80599994659424,5.645345312879684,-1.1613107052347935,False
2026-02-06,61.75,62.25,55.66999816894531,56.400001525878906,108594200,0.15962441314554,60.410999870300294,5.123952444743061,0.2613217324203424,False
2026-02-09,64.02999877929688,65.05000305175781,59.290000915527344,59.9900016784668,66670500,0.03692305715460531,60.91499977111816,4.94770127433618,0.6295851013350933,False
2026-02-10,63.34000015258789,65.20999908447266,61.41999816894531,64.66999816894531,58273900,-0.010776177414704047,61.34949970245361,4.746022324187045,0.419403937480474,False
2026-02-11,68.05000305175781,69.0999984741211,63.22999954223633,67.20999908447266,89724200,0.07436063921413627,61.948499870300296,4.800314852139894,1.2710631217736845,False
2026-02-12,63.099998474121094,70.86000061035156,62.77000045776367,69.66999816894531,90896100,-0.07274069589492627,62.334499740600585,4.548095526450593,0.16831192948093524,False
2026-02-13,64.58999633789062,66.25,61.43000030517578,63.93000030517578,79931300,0.0236132789191843,62.659999465942384,4.459677805513363,0.43276598806358724,False
2026-02-17,64.3499984741211,65.95999908447266,59.560001373291016,62.02000045776367,79420400,-0.003715712608404975,62.83999938964844,4.451172498920879,0.3392362540069454,False
2026-02-18,66.29000091552734,68.44999694824219,64.06999969482422,65.26000213623047,69349000,0.03014766880198816,63.25749950408935,4.358006375616911,0.6958460245503234,False
2026-02-19,65.2300033569336,65.51000213623047,62.959999084472656,64.33000183105469,68827500,-0.015990308401782838,63.34499969482422,4.380220562479354,0.43034446216160405,False
2026-02-20,67.11000061035156,68.22000122070312,63.58000183105469,63.7599983215332,81017900,0.02882105099904364,63.51449966430664,4.46035349259858,0.8061022410020244,False
2026-02-23,65.86000061035156,67.6500015258789,63.470001220703125,65.8499984741211,66926300,-0.018626136024907036,63.72749977111816,4.465829275677292,0.47751508344662014,False
2026-02-24,68.52999877929688,70.0,66.3499984741211,68.11000061035156,66892100,0.040540512362607695,64.11899967193604,4.529213910548736,0.9738994877427688,False
2026-02-25,71.86000061035156,72.36000061035156,70.4800033569336,70.88999938964844,52929300,0.04859188516519697,64.46399974822998,4.848206986887879,1.5255126033447597,False
2026-02-26,65.33999633789062,71.11000061035156,61.630001068115234,71.02999877929688,97787900,-0.09073203753245895,64.22649974822998,4.671213728023819,0.23837414738282853,False
2026-02-27,62.77000045776367,63.7599983215332,60.65999984741211,61.5099983215332,70112700,-0.03933266030253224,63.841499710083006,4.441195281995593,-0.24126371039416902,False
2026-03-02,62.7599983215332,62.81999969482422,58.04999923706055,58.11000061035156,81699800,-0.00015934580464438408,63.889999580383304,4.422871467393381,-0.2554904132260635,False
2026-03-03,53.41999816894531,55.86000061035156,51.36000061035156,55.119998931884766,131198300,-0.14882091144644438,63.30099964141846,4.987565940544306,-1.9811269846378825,False
2026-03-04,56.619998931884766,57.720001220703125,54.380001068115234,55.959999084472656,78143300,0.05990267451562192,63.07199954986572,5.190138521470927,-1.243126862855369,False
2026-03-05,54.79999923706055,57.689998626708984,51.130001068115234,55.31999969482422,110055800,-0.03214411390246974,63.1524995803833,5.039087539585877,-1.6575422192425693,False
2026-03-06,47.88999938964844,53.36000061035156,46.79999923706055,50.09000015258789,125241500,-0.1260948894820233,62.88449954986572,5.6935032005839155,-2.6336158305275874,True
2026-03-09,53.31999969482422,53.779998779296875,44.529998779296875,45.5099983215332,114897700,0.11338484807643345,62.462999534606936,6.080784740723541,-1.503588801384673,False
2026-03-10,54.59000015258789,57.779998779296875,53.36000061035156,53.36000061035156,104717600,0.023818463335192996,61.99099960327148,6.314627430481971,-1.1720405569705485,False
2026-03-11,56.09000015258789,57.7400016784668,55.349998474121094,55.5,83007700,0.02747755991586831,61.628499603271486,6.4399646091093,-0.8600201688763031,False
2026-03-12,50.279998779296875,53.880001068115234,49.529998779296875,53.529998779296875,105674400,-0.10358355067722269,60.73999938964844,6.726827088862752,-1.5549679621867534,False
2026-03-13,50.720001220703125,53.959999084472656,50.040000915527344,51.880001068115234,83244300,0.008751043199854314,60.12099952697754,7.059601159201276,-1.3316613919500868,False
2026-03-16,53.689998626708984,55.68000030517578,53.0099983215332,54.060001373291016,79819200,0.058556729781653605,59.575999641418456,7.116943254956118,-0.8270405992924786,False
2026-03-17,54.95000076293945,55.400001525878906,53.29999923706055,55.099998474121094,59567700,0.023468097754870465,59.10599975585937,7.095430506992275,-0.5857289404532031,False
2026-03-18,54.02000045776367,56.47999954223633,54.0,55.029998779296875,75470000,-0.016924482115803885,58.49249973297119,6.970945032014642,-0.6415915280736249,False
2026-03-19,54.849998474121094,56.11000061035156,48.5,49.529998779296875,93732700,0.015364642897520264,57.97349948883057,6.82786108689777,-0.45746405425606484,False
2026-03-20,51.13999938964844,55.36000061035156,49.0,54.689998626708984,101773000,-0.06763900068699324,57.17499942779541,6.63421386026135,-0.909678247530783,False
2026-03-23,53.029998779296875,56.810001373291016,52.279998779296875,54.630001068115234,115257400,0.036957360426386865,56.53349933624268,6.36505432571104,-0.5504274398403388,False
2026-03-24,54.959999084472656,56.09000015258789,51.540000915527344,51.540000915527344,92153500,0.03639450027536606,55.85499935150146,5.708336813657774,-0.1567882723541167,False
2026-03-25,57.040000915527344,58.25,55.59000015258789,56.63999938964844,84440300,0.03784573991454687,55.113999366760254,4.312647362841654,0.446593794188177,False
2026-03-26,48.970001220703125,54.439998626708984,48.869998931884766,54.189998626708984,116603800,-0.14147965577306676,54.295499610900876,3.7916700972875654,-1.40452577717862,False
2026-03-27,46.61000061035156,49.380001068115234,45.959999084472656,48.040000915527344,99401400,-0.04819278234679358,53.48749961853027,3.6081117013370507,-1.9061214223578855,False
2026-03-30,40.619998931884766,48.290000915527344,39.52000045776367,47.86000061035156,139746200,-0.1285132289214449,52.38049964904785,3.989692601350432,-2.9477210131884313,True
2026-03-31,47.90999984741211,48.18000030517578,42.61000061035156,42.880001068115234,138002100,0.17946826950320371,52.104999732971194,4.102772498025476,-1.0224792838447647,False
2026-04-01,52.2599983215332,54.09000015258789,49.619998931884766,50.040000915527344,121955600,0.09079520951733122,51.886999702453615,3.963719862178135,0.09410317379861931,False
2026-04-02,52.75,53.06999969482422,46.04999923706055,46.060001373291016,104471700,0.009376228362121708,51.78449974060059,3.910576119569728,0.24689463390515576,False
2026-04-06,54.810001373291016,55.599998474121094,52.880001068115234,53.75,68780400,0.03905215873537471,52.130499839782715,3.853581464213006,0.6953275954827958,False
2026-04-07,56.54999923706055,56.599998474121094,52.130001068115234,54.31999969482422,107326500,0.03174599197542505,52.29199981689453,3.971922059515474,1.0720249180029076,False
2026-04-08,67.5,67.9800033569336,63.560001373291016,66.33000183105469,111697300,0.1936339683584518,52.937499809265134,5.2184701897956165,2.790568818273773,False
2026-04-09,71.9800033569336,72.27999877929688,68.12000274658203,68.12000274658203,79331600,0.06637042010271998,53.73199996948242,6.717887607255135,2.7163305572042953,False
2026-04-10,76.38999938964844,78.30000305175781,74.30000305175781,74.30000305175781,78863600,0.06126696064248027,55.0375,8.35039325605339,2.5570651267435247,False
2026-04-13,80.55999755859375,80.73999786376953,75.25,75.58999633789062,64504600,0.05458827336383498,56.52949981689453,10.03438325781861,2.3948156178881344,False
2026-04-14,85.30999755859375,85.56999969482422,80.70999908447266,83.2699966430664,61657000,0.058962265937820835,58.11049976348877,11.883981183352565,2.288753017650924,False
2026-04-15,85.95999908447266,85.9800033569336,79.76000213623047,84.66000366210938,68425400,0.007619288998718554,59.66099967956543,13.378844307852143,1.9657153338328446,False
2026-04-16,88.37000274658203,89.38999938964844,83.30999755859375,85.01000213623047,63777500,0.028036338852692078,61.378499794006345,14.751031859145003,1.8298043967576492,False
2026-04-17,94.68000030517578,94.75,90.66000366210938,93.1999969482422,67081400,0.07140429288758621,63.36999988555908,16.41775840811804,1.907081322632628,False
2026-04-20,95.94000244140624,96.93000030517578,92.02999877929688,95.97000122070312,49367800,0.013308007310616432,65.61000003814698,17.669767776875297,1.716491285355352,False
2026-04-21,98.08999633789062,99.9499969482422,95.31999969482422,97.97000122070312,65206900,0.02240977529469479,67.86299991607666,18.81679922925112,1.606383532796877,False
2026-04-22,105.63999938964844,106.08999633789062,99.5999984741211,102.94000244140624,58165200,0.07697016345836438,70.39699993133544,20.338656309009455,1.7328086439368826,False
2026-04-23,112.7699966430664,116.7699966430664,107.45999908447266,108.62000274658205,96510200,0.06749334811257701,73.18349971771241,22.149406164189724,1.7872486798023446,False
2026-04-24,128.32000732421875,130.1199951171875,120.23999786376952,125.20999908447266,83092400,0.1378913819636831,77.15100002288818,24.559538251322103,2.083467806996575,False
2026-04-27,123.38999938964844,129.58999633789062,117.79000091552734,128.3300018310547,73334600,-0.03841963570118845,80.98999996185303,25.516538981135305,1.6616673389420977,False
2026-04-28,109.55999755859376,115.62000274658205,103.98999786376952,108.75,94099700,-0.11208365264174658,84.43699989318847,24.408425075786887,1.0292756532795415,False
2026-04-29,117.97000122070312,118.31999969482422,112.3000030517578,114.76000213623048,55503700,0.0767616269579745,87.93999996185303,23.91264071682965,1.2558212041263623,False
2026-04-30,126.9800033569336,127.4499969482422,117.5,122.80999755859376,58536700,0.0763753669831213,91.67600021362304,23.8817026693985,1.4782866880152705,False
2026-05-01,130.39999389648438,131.3800048828125,121.66000366210938,124.38999938964844,40940300,0.02693330011921158,95.55849990844726,23.52961945463033,1.4807504241714693,False
2026-05-04,127.5500030517578,133.6699981689453,123.8000030517578,132.1999969482422,46455700,-0.021855759034689726,99.1954999923706,22.498745684574786,1.260270392710254,False
2026-05-05,144.16000366210938,147.25999450683594,134.02000427246094,135.0,52130100,0.13022344345700643,103.57600021362305,22.286495559361327,1.8210132382809385,False
2026-05-06,165.85000610351562,166.0,149.05999755859375,157.83999633789062,65579200,0.1504578377525887,108.49350051879883,24.63417356263253,2.3283308221762566,False
2026-05-07,152.10000610351562,162.89999389648438,147.61000061035156,162.1199951171875,72375200,-0.08290623752776893,112.49950065612794,24.896986445709423,1.5905742461538823,False
2026-05-08,176.94000244140625,177.5,161.50999450683594,163.0,47016500,0.16331357883697328,117.52700080871583,27.261410725764833,2.1793810390208104,False
2026-05-11,190.4199981689453,191.2899932861328,178.94000244140625,181.0,50496000,0.07618399198340109,123.0200008392334,30.31750799418905,2.2231377771098617,False
2026-05-12,172.52000427246094,182.2400054931641,150.5800018310547,177.6199951171875,91705600,-0.09400269965659314,127.38050117492676,30.874790651315532,1.4620181107401562,False
2026-05-13,184.2400054931641,188.4900054931641,172.25999450683594,183.83999633789065,59522300,0.06793415795535074,132.29450149536132,31.744206692671842,1.636377449929924,False
2026-05-14,186.19000244140625,189.55999755859375,178.27999877929688,182.6699981689453,43319000,0.010584003962779365,137.18550148010254,32.15351689634981,1.524079033695592,False
2026-05-15,164.17999267578125,174.39999389648438,161.13999938964844,167.0,62126600,-0.11821262944852007,140.6605010986328,31.054787583338616,0.7573547722402397,False
2026-05-18,151.75,174.61000061035156,142.69000244140625,172.9499969482422,75610500,-0.07570954580518041,143.4510009765625,29.281674707137107,0.28341954845276296,False
2026-05-19,151.88999938964844,160.60000610351562,135.02000427246094,141.24000549316406,85384000,0.0009225659943883358,146.1410011291504,27.299302994191954,0.21059139355027362,False
2026-05-20,173.1999969482422,173.6999969482422,161.0,161.0,58913200,0.1402988850103719,149.51900100708008,26.18097680692875,0.9045115511081685,False
2026-05-21,178.38999938964844,179.97000122070312,168.22999572753906,171.25999450683594,52278700,0.02996537259153187,152.80000114440918,25.434304820738692,1.0061213949269656,False
2026-05-22,190.55999755859375,195.27000427246097,183.33999633789065,184.8000030517578,45133000,0.06822130282294014,155.91200065612793,26.080876019670136,1.3284828652355996,False
2026-05-26,225.7899932861328,228.5,209.88999938964844,211.3800048828125,52533000,0.18487613444005468,161.03200035095216,29.222373489860203,2.2160415189290106,False
2026-05-27,217.97999572753903,242.66000366210935,204.0,242.66000366210935,74732700,-0.034589653176952506,166.4530002593994,29.227742265691685,1.7629481948943901,False
2026-05-28,224.6300048828125,231.88999938964844,207.55999755859375,219.0,47153500,0.030507428597189135,171.78600044250487,29.64358659061512,1.7826454393017863,False
2026-05-29,224.33999633789065,239.07000732421875,218.55999755859375,231.82000732421875,37035700,-0.0012910498981342222,176.65400009155275,29.891469467169696,1.5953045165180735,False
2026-06-01,227.02999877929688,234.05999755859375,210.13999938964844,217.27000427246097,37499600,0.011990739437093723,181.48550033569336,29.83104992571505,1.5267480882174085,False
2026-06-02,266.32000732421875,267.0799865722656,238.82000732421875,243.17999267578125,42799700,0.17306086753370842,188.42400054931642,32.632675953769954,2.3870554436067706,False
2026-06-03,280.5400085449219,284.5799865722656,257.260009765625,281.4700012207031,49817200,0.053394415851722554,195.24300079345704,36.870342867515824,2.313431368348211,False
2026-06-04,262.70001220703125,274.5,228.5500030517578,242.0399932861328,59036000,-0.06359162969453591,200.08550109863282,39.099418186606066,1.6014179753152367,False
2026-06-05,182.5399932861328,233.69000244140625,181.80999755859375,230.8500061035156,108280300,-0.30513899960432866,201.60750045776368,37.700644292679016,-0.505760777550784,False
2026-06-08,211.44000244140625,222.19000244140625,201.69000244140625,210.6199951171875,68180500,0.1583215197667529,203.33250045776367,37.299720020432524,0.21736093405530513,False
2026-06-09,201.67999267578125,231.02000427246097,157.55999755859375,227.05999755859375,124754300,-0.04615971269830865,203.89550018310547,37.179346170213286,-0.059589738269770896,False
2026-06-10,180.6499938964844,212.9900054931641,177.3000030517578,191.5399932861328,94924200,-0.10427409531447407,204.30199966430663,36.86133249552311,-0.6416481490650079,False
2026-06-11,223.9900054931641,225.6300048828125,192.3000030517578,192.3000030517578,72493400,0.2399115032437491,206.28949966430665,36.79425704040953,0.48106708091476746,False
2026-06-12,234.67999267578125,242.3999938964844,214.7400054931641,222.22000122070312,50419100,0.047725286488032204,208.7139991760254,36.99715210884376,0.7018376285657125,False
2026-06-15,272.5,274.8800048828125,261.6000061035156,265.989990234375,39914100,0.16115565239712804,214.12999954223633,38.048245679144244,1.5341049085413834,False
2026-06-16,226.19000244140625,274.92999267578125,226.0,267.1300048828125,54771900,-0.16994494516915137,217.85199966430665,35.15591184455071,0.2371721380451699,False
2026-06-17,233.86000061035156,259.7900085449219,233.3000030517578,247.4199981689453,49127300,0.03390953661151408,221.95049972534179,31.66613762852333,0.3760957848639637,False
2026-06-18,279.2900085449219,286.1499938964844,265.0,266.0400085449219,49319800,0.19426155741042694,227.25500030517577,31.954403696586947,1.6284143097717692,False
2026-06-22,300.7699890136719,302.0,286.239990234375,299.260009765625,36399600,0.07690923345471234,233.37399978637694,33.770445311186975,1.995709224626925,False
2026-06-23,231.4199981689453,252.97999572753903,223.0,236.0,70699700,-0.23057483584764893,235.41699981689453,32.24553735494011,-0.12395518809169004,False
2026-06-24,229.57000732421875,237.0,211.1300048828125,233.11000061035156,57018500,-0.007994083741094782,235.60600051879882,32.19718241025676,-0.18746960891389186,False
2026-06-25,252.61000061035156,268.3999938964844,225.7400054931641,268.04998779296875,57401800,0.10036151305076069,237.33750076293944,32.13049925106446,0.4753271876690853,False
2026-06-26,215.6000061035156,231.25,212.1000061035156,226.2400054931641,51987400,-0.14651040899969558,236.8860008239746,32.380933180335546,-0.6573619914507487,False
2026-06-29,236.52000427246097,238.6499938964844,192.3000030517578,216.36000061035156,48952600,0.09703152864894204,237.49500122070313,32.24681619062271,-0.030235448438649,False
2026-06-30,266.7099914550781,272.0,240.58999633789065,241.4499969482422,36721000,0.12764242616806132,239.4790008544922,32.785234338167676,0.8305870356059755,False
2026-07-01,217.5500030517578,246.47000122070312,215.3800048828125,237.7899932861328,60156300,-0.18432001041700874,237.04050064086914,32.4962150606161,-0.5997774680145105,False
2026-07-02,181.47000122070312,226.1300048828125,168.8800048828125,219.22999572753903,91060900,-0.1658469378300621,232.0870002746582,33.06230623057444,-1.5309579041750845,False
