Date,Close,High,Low,Open,Volume
2010-03-11,0.6008639335632324,0.6008639335632324,0.5844891342001619,0.5844891342001619,3702000
2010-03-12,0.5860058665275574,0.6052607813394536,0.5860058665275574,0.6013190399094276,4548000
2010-03-15,0.5675076246261597,0.5803955074884969,0.5587143366084959,0.5741794381715686,534000
2010-03-16,0.6135998964309692,0.6142067058743386,0.5737245289556692,0.574634282225337,1260000
2010-03-17,0.6357359886169434,0.6431656234150216,0.6242136021434971,0.6367976206393604,2610000
2010-03-18,0.6202709674835205,0.6375554697583022,0.6114776781863251,0.6357360170739581,1584000
2010-03-19,0.5920698046684265,0.6128421432829536,0.5819119412512425,0.6125382776593922,1596000
2010-03-22,0.634826123714447,0.6371003982071592,0.5770595082211704,0.5803954144591754,3804000
2010-03-23,0.6757633090019226,0.6781895169703027,0.6434685804267647,0.6437723918749004,6114000
2010-03-24,0.6383140683174133,0.6692442173785014,0.6349781615276754,0.6692442173785014,2034000
2010-03-25,0.6351301074028015,0.6754603006134833,0.6345232979094261,0.6659083242787047,2034000
2010-03-26,0.6251235008239746,0.6554469072042589,0.6126904894020127,0.6521109990309009,2322000
2010-03-29,0.6419529914855957,0.649230639354444,0.637404441233942,0.6452879768613194,1380000
2010-03-30,0.6542339324951172,0.6610567564769704,0.6351300361905251,0.6519596578344994,1920000
2010-03-31,0.6440752744674683,0.6640889262656106,0.6405883565777337,0.6592374325814359,1080000
2010-04-01,0.646197497844696,0.6888028799492375,0.6354328805109282,0.662117419334743,1644000
2010-04-05,0.7009320855140686,0.7035093038550082,0.6278523022180839,0.6707597071043094,1500000
2010-04-06,0.6903185248374939,0.7001743658400689,0.6797058393999951,0.6875894277423402,1998000
2010-04-07,0.6971414685249329,0.7115458613805793,0.6748535401972752,0.6939574942561232,3414000
2010-04-08,0.67242830991745,0.6845575069084536,0.650140433961872,0.6845575069084536,4470000
2010-04-09,0.6903185248374939,0.6906223904495667,0.6646956155961999,0.6801607160273468,1254000
2010-04-12,0.7076030969619751,0.7254944067516327,0.6924418605652931,0.7007802721796609,2400000
2010-04-13,0.7212488651275635,0.7247367053986049,0.7024488291339271,0.7115459303395916,2904000
2010-04-14,0.8140393495559692,0.816617436046656,0.7659765753464384,0.7659765753464384,6504000
2010-04-15,0.8210140466690063,0.8398150564722224,0.8117650137009651,0.8285946923365582,12666000
2010-04-16,0.7906907200813293,0.8111592514143928,0.7536955067516574,0.8111592514143928,4452000
2010-04-19,0.764005184173584,0.7873546881791615,0.7203390306688241,0.7641570627689107,5712000
2010-04-20,0.8010002970695496,0.8066104780799028,0.780834715201948,0.7862929634119242,2922000
2010-04-21,0.7759833335876465,0.8243499166699318,0.7405046337946509,0.8066105938849298,5772000
2010-04-22,0.819801390171051,0.822378609030622,0.7253424962467655,0.7608211970509888,6594000
2010-04-23,0.8234400749206543,0.8332949934733674,0.7902356558112947,0.8332949934733674,3600000
2010-04-26,0.8307179808616638,0.8533088532702441,0.8249558657946795,0.830868991904241,3846000
2010-04-27,0.7447502017021179,0.824652818331154,0.7423239940714721,0.7959969448020681,5112000
2010-04-28,0.7596086263656616,0.7997878680401563,0.7218556469691249,0.7599115702566676,6864000
2010-04-29,0.785687267780304,0.7884163652523308,0.7509663331903343,0.759911500382726,5838000
2010-04-30,0.6797060370445251,0.7656737321107091,0.6780376495112356,0.7656737321107091,10104000
2010-05-03,0.7297399640083313,0.7405045826529255,0.689257840470273,0.689257840470273,4926000
2010-05-04,0.6331586837768555,0.7145778075826138,0.6016217807191135,0.7145778075826138,19164000
2010-05-05,0.6128422617912292,0.6421040281472065,0.5835795736442814,0.6231520057908514,7920000
2010-05-06,0.5606849193572998,0.6328559509047987,0.37904656798227915,0.6064742918796416,17448000
2010-05-07,0.5265705585479736,0.5623531184220187,0.4678942418761289,0.5458264411884809,12372000
2010-05-10,0.6186032891273499,0.6210294965331045,0.5884309098462648,0.6186032891273499,7206000
2010-05-11,0.6067770719528198,0.639071794766775,0.5781211995468153,0.585550778948192,27720000
2010-05-12,0.6560535430908203,0.6592375175395156,0.6167840007345966,0.6167840007345966,42330000
2010-05-13,0.6046547293663025,0.6648466364912248,0.5963153967049096,0.6384650388414563,28992000
2010-05-14,0.5494653582572937,0.5904023639260806,0.5164128640720561,0.5904023639260806,15846000
2010-05-17,0.572208046913147,0.5775143623501118,0.5185351008654646,0.5377909296115561,19140000
2010-05-18,0.5255099534988403,0.5961635447882135,0.5177774292306506,0.5863086783157602,16128000
2010-05-19,0.5338484048843384,0.5496173202418531,0.4973089363969448,0.5229318513859671,21306000
2010-05-20,0.49033406376838684,0.5241452942426785,0.45879716218841576,0.49276027124445915,10638000
2010-05-21,0.5223259925842285,0.5449168106617284,0.45834237014691637,0.4700176112676024,11220000
2010-05-24,0.49154672026634216,0.5320288972974936,0.49154672026634216,0.5120152470999667,10944000
2010-05-25,0.5026150941848755,0.5027670269605365,0.43211251153131297,0.44969995033101684,10818000
2010-05-26,0.5000381469726562,0.5491625621422298,0.4971571160873014,0.5279353404344639,14250000
2010-05-27,0.5761497616767883,0.5769084495644802,0.5312709764642571,0.5388516196988732,10578000
2010-05-28,0.548403799533844,0.5828218502258803,0.5250551578635902,0.5828218502258803,9288000
2010-06-01,0.5111055970191956,0.5650823623877214,0.5111055970191956,0.5449167774491954,4530000
2010-06-02,0.5656881332397461,0.5662948883946033,0.5132287549157513,0.5292996872953327,11094000
2010-06-03,0.5873702168464661,0.5940411080555523,0.5594721113630087,0.5758469106853683,9102000
2010-06-04,0.5109545588493347,0.5735726764542548,0.5026152257954514,0.5722081007106835,13650000
2010-06-07,0.45394569635391235,0.5258128453619938,0.450306845816125,0.5183832114725361,18312000
2010-06-08,0.4489423334598541,0.45864624352737177,0.4155859728923915,0.4565229794424835,12504000
2010-06-09,0.439997136592865,0.48987933770116454,0.43438695431829527,0.46122346036265227,8634000
2010-06-10,0.4883628785610199,0.49003132031547414,0.4562200797576019,0.4633458497154621,9504000
2010-06-11,0.509286105632782,0.5114093693904033,0.4669845839036168,0.4712301896280661,6510000
2010-06-14,0.5189899802207947,0.5481007280162711,0.5177773374002698,0.5338482708202348,6924000
2010-06-15,0.605412483215332,0.6092032663499908,0.5306643084363927,0.5306643084363927,14508000
2010-06-16,0.6137517690658569,0.6273974160971827,0.5767565675984452,0.5925245563413521,14226000
2010-06-17,0.609809160232544,0.6272455373910193,0.5787279482108664,0.6258810159486089,8724000
2010-06-18,0.6057155132293701,0.6208776719118698,0.5973771013427973,0.6126902710612192,4656000
2010-06-21,0.5896445512771606,0.6487757529460854,0.5785760663947552,0.6328558286337185,9054000
2010-06-22,0.5585625767707825,0.6158743370477007,0.5534072164824012,0.5925247740330599,9888000
2010-06-23,0.5634139180183411,0.5844891457332456,0.5335453485864683,0.5640206732370182,8076000
2010-06-24,0.5142894983291626,0.5555303072834651,0.5074666744374501,0.5535589764661885,11754000
2010-06-25,0.5159579515457153,0.5217191443671131,0.48821177580290753,0.5202026899705386,8718000
2010-06-28,0.5220220685005188,0.5388517456691516,0.502918170718356,0.5108026271336952,4248000
2010-06-29,0.45091360807418823,0.49548943028531145,0.44196749315148554,0.49548943028531145,23970000
2010-06-30,0.4290805459022522,0.4681980937323943,0.4254417225281302,0.45349081320121376,10842000
2010-07-01,0.43074798583984375,0.44242230139315486,0.3952692679405195,0.432112534186152,10716000
2010-07-02,0.42544180154800415,0.4380258206617669,0.4042145823568845,0.4316578446849234,7032000
2010-07-06,0.42468300461769104,0.459403935483089,0.4137664803431343,0.4509136187801388,24060000
2010-07-07,0.49139562249183655,0.4921534428212806,0.42483485749719774,0.42483485749719774,13650000
2010-07-08,0.4877570569515228,0.5095901116887495,0.46455942612640644,0.5095901116887495,14706000
2010-07-09,0.5045866370201111,0.5061022240293025,0.4795696098943672,0.4898793537883108,7512000
2010-07-12,0.523841381072998,0.5296034939294924,0.5012505173308358,0.5070117083967596,8718000
2010-07-13,0.5575008392333984,0.562808077144898,0.5333934601110324,0.5427944253958169,11688000
2010-07-14,0.5523463487625122,0.5882799214427934,0.5415808087186185,0.5822148635907032,16902000
2010-07-15,0.5452197194099426,0.5509818340781274,0.5167157770875721,0.544916775554831,11166000
2010-07-16,0.4933662712574005,0.5388518292674732,0.49245657202625853,0.5352129781199078,7878000
2010-07-19,0.5306643843650818,0.5326357155055738,0.49776376990087823,0.5089832120912349,7908000
2010-07-20,0.5321807861328125,0.5323327189446962,0.4727466980636244,0.4907889634782679,14142000
2010-07-21,0.49988609552383423,0.5423396070768002,0.4963991776160982,0.5423396070768002,10890000
2010-07-22,0.5456745028495789,0.5564399880223988,0.507921480154006,0.507921480154006,10308000
2010-07-23,0.5561361908912659,0.5599269196964126,0.5274802656855674,0.541277900394285,7092000
2010-07-26,0.5761497616767883,0.5793337348589825,0.539610307586565,0.5564399265978569,8622000
2010-07-27,0.5643236637115479,0.5887348542413936,0.5570459623109818,0.5887348542413936,10470000
2010-07-28,0.5350618362426758,0.5699337761711832,0.5261157487210668,0.5571978273802904,17106000
2010-07-29,0.5026150941848755,0.5421875092713955,0.4822985046126616,0.5411258776458894,24666000
2010-07-30,0.4868471920490265,0.49639916825632313,0.4618301683111441,0.49094091937629236,13908000
2010-08-02,0.5126221179962158,0.5200517533213289,0.493215272864552,0.5114094748462317,19812000
2010-08-03,0.49715709686279297,0.513834790976207,0.4842692110395864,0.5127740806078863,11742000
2010-08-04,0.5117123126983643,0.5132288212205619,0.4842690825697294,0.49882443029413376,8508000
2010-08-05,0.49943122267723083,0.5158059679737921,0.49427586384442185,0.5088312652942353,7224000
2010-08-06,0.5000381469726562,0.5103478921106653,0.48138906644844803,0.4901823568263133,7914000
2010-08-09,0.5082253813743591,0.5155030821526051,0.49124382651784904,0.503676831943702,7584000
2010-08-10,0.4692588448524475,0.4927602799929991,0.45561314235918215,0.4927602799929991,18732000
2010-08-11,0.41270574927330017,0.4395421955091694,0.40087949942897344,0.4390873460024243,30720000
2010-08-12,0.39617905020713806,0.40163732607543795,0.3699493569931953,0.3834431002925995,27768000
2010-08-13,0.3842009902000427,0.4089151028531654,0.38344319662479703,0.398150508339276,9888000
2010-08-16,0.3881436288356781,0.4001208649958321,0.3714649878433751,0.3805620882585681,15528000
2010-08-17,0.40300193428993225,0.4166476124223536,0.39435968322104814,0.4031538671279927,14430000
2010-08-18,0.41649556159973145,0.4225606190066862,0.3986052038710911,0.40664067021390266,10218000
2010-08-19,0.395572304725647,0.4178602327097056,0.3901140554599775,0.4116441628770255,11196000
2010-08-20,0.4001207649707794,0.4119470142433181,0.39178238190579046,0.3992110660012723,8682000
2010-08-23,0.38602033257484436,0.4133116586554255,0.38556548301432536,0.411492233301854,15390000
2010-08-24,0.36646151542663574,0.37904645331622283,0.3576682281980043,0.3705551881131541,13998000
2010-08-25,0.37752994894981384,0.3822304311104035,0.3479643510280482,0.3613070823862469,19578000
2010-08-26,0.3559998869895935,0.38632417649853956,0.35205809237636077,0.38420091258491335,15816000
2010-08-27,0.3772270977497101,0.3813207983027907,0.3378056791477313,0.36676542157089265,22824000
2010-08-30,0.34993577003479004,0.3767722213350201,0.34932898761054565,0.3717688215936376,11874000
2010-08-31,0.327647864818573,0.3543324122756244,0.3227954757766248,0.3472066426787816,17046000
2010-09-01,0.3581230938434601,0.368887684467596,0.3409895800610754,0.3409895800610754,21294000
2010-09-02,0.38192662596702576,0.38192662596702576,0.3569095752158295,0.36418724939780717,32310000
2010-09-03,0.39845335483551025,0.40709560527292404,0.3790465117836642,0.39693687327306265,39972000
2010-09-07,0.37692323327064514,0.397998518526031,0.3729814655367294,0.3949664499794364,24540000
2010-09-08,0.370707243680954,0.38101698854082444,0.3600936331134073,0.3785917020717061,55176000
2010-09-09,0.3722236752510071,0.3855655144027766,0.3678261360949336,0.3846557880961833,16536000
2010-09-10,0.35766828060150146,0.3735882326177079,0.3417483556967914,0.3688877498191496,50568000
2010-09-13,0.39314699172973633,0.39405671795274144,0.36797803511740473,0.36843288467315966,34164000
2010-09-14,0.41240182518959045,0.41998336316292706,0.37874253267939334,0.38965908196228577,29940000
2010-09-15,0.4092179536819458,0.41012765279252267,0.392540208952024,0.40391161050320606,20400000
2010-09-16,0.41786012053489685,0.41937660171822805,0.39845325522322067,0.40103047344593395,15978000
2010-09-17,0.4181639850139618,0.4257446020438547,0.4116440779779444,0.4239251769600445,14418000
2010-09-20,0.4231674075126648,0.42559272034546514,0.40557907040697466,0.41831501960001655,39192000
2010-09-21,0.4202864468097687,0.43135487833479147,0.41634465196465653,0.42165099559064617,18630000
2010-09-22,0.4029659628868103,0.4190424471610034,0.3935632131262146,0.4149475683254623,25320000
2010-09-23,0.4107006788253784,0.4316300517759891,0.3841604314669404,0.3917432314355149,21150000
2010-09-24,0.45953625440597534,0.46196316078128763,0.4292041282064495,0.4292041282064495,25266000
2010-09-27,0.45164954662323,0.46423811039848883,0.4463416751653311,0.46302419613088375,20460000
2010-09-28,0.47273096442222595,0.4753089257735187,0.438455007530872,0.45710942984211717,25440000
2010-09-29,0.4831956624984741,0.4938122748603859,0.46408620500368,0.46408620500368,31692000
2010-09-30,0.47273096442222595,0.5004851346991719,0.4593843600537155,0.4907784295169417,36396000
2010-10-01,0.4677259624004364,0.48729036746867055,0.45695824452133355,0.4842574534862317,24258000
2010-10-04,0.4486165940761566,0.46529911463300244,0.43299508912724255,0.4649960835420345,25332000
2010-10-05,0.47667375206947327,0.48092063480364083,0.458019306099991,0.458019306099991,24222000
2010-10-06,0.46029436588287354,0.4769777837097215,0.4436118158738407,0.47621887703033267,22194000
2010-10-07,0.46044623851776123,0.46696805141053976,0.4443697525114386,0.4592332462975563,20838000
2010-10-08,0.47546082735061646,0.4775838351099618,0.44209486027391026,0.4572613864533258,29346000
2010-10-11,0.48410558700561523,0.49805819859422124,0.47546082016684915,0.47546082016684915,20370000
2010-10-12,0.49441835284233093,0.5004851591344819,0.4695460416598585,0.47803883282367554,18330000
2010-10-13,0.4966932237148285,0.5042769205074703,0.4828925888816479,0.49912013035250635,27384000
2010-10-14,0.49259835481643677,0.5067029423516834,0.48395358837145663,0.49760316821642736,19338000
2010-10-15,0.5038219690322876,0.5080678759752253,0.48122366873148786,0.5029120078562617,22374000
2010-10-18,0.4921431541442871,0.5012428704727037,0.4798585479486424,0.5012428704727037,21282000
2010-10-19,0.47151798009872437,0.4971482751434378,0.45604842185248035,0.47667384865075285,37842000
2010-10-20,0.4794037640094757,0.4866835621626195,0.4625692917987703,0.4719729113192616,24378000
2010-10-21,0.472275972366333,0.4842576081580104,0.4589294217932664,0.48183070126775573,22062000
2010-10-22,0.5003330707550049,0.5026080005694553,0.47227587423647494,0.47227587423647494,29832000
2010-10-25,0.5167126059532166,0.5253573178678621,0.5080678397999638,0.5080678397999638,12414000
2010-10-26,0.510191798210144,0.5179266045109987,0.49305337187373255,0.509432891496157,10962000
2010-10-27,0.5570551753044128,0.5578131596197062,0.5118595672656467,0.5120115437988455,19632000
2010-10-28,0.5584203004837036,0.5619082225623659,0.5377939549945281,0.5585713550032594,13932000
2010-10-29,0.5688849687576294,0.5732828517855167,0.5529604601631997,0.5538704212351605,10818000
2010-11-01,0.5631211400032043,0.5804106156379654,0.5496234848568444,0.5729797647958482,19554000
2010-11-02,0.5740407109260559,0.5826854197629293,0.5656999008965397,0.5734346489461507,11472000
2010-11-03,0.5929992198944092,0.5929992198944092,0.5660030398595057,0.5798045948625827,18366000
2010-11-04,0.6474456787109375,0.6495686321048315,0.609226822566904,0.609226822566904,18684000
2010-11-05,0.6609432697296143,0.6703468876146074,0.6454737149043365,0.6539673717381023,18162000
2010-11-08,0.6618530750274658,0.6747446659937485,0.6500234214295639,0.6573032166034406,17436000
2010-11-09,0.6366778016090393,0.6638250322750232,0.6297010368211784,0.6618531338941704,14748000
2010-11-10,0.637435793876648,0.6391037390466122,0.6124115178995705,0.6360708254795576,14172000
2010-11-11,0.6151415109634399,0.6218143227869294,0.5655480162565697,0.5887523184139287,24570000
2010-11-12,0.6136246919631958,0.6436538428998022,0.5957292057254822,0.6104398009167069,16152000
2010-11-15,0.5999748706817627,0.6322788842886443,0.5999748706817627,0.6272740730145294,14220000
2010-11-16,0.5744960308074951,0.6042221044366162,0.5653963086508285,0.5852646753752949,16314000
2010-11-17,0.5728276968002319,0.5928471064274448,0.5658509868650969,0.5723727435005669,7788000
2010-11-18,0.6048288345336914,0.6122596853932282,0.5902692418143305,0.5902692418143305,10518000
2010-11-19,0.6342511773109436,0.6388010377710799,0.6008851542663051,0.6008851542663051,9654000
2010-11-22,0.6577584743499756,0.659123443356685,0.6304593111702498,0.6360711095601088,32064000
2010-11-23,0.6401661038398743,0.6542706962957685,0.6330383345612771,0.6371331882478901,22074000
2010-11-24,0.6914271712303162,0.6950670689038352,0.654118342113578,0.654118342113578,24210000
2010-11-26,0.679901659488678,0.6900624489548715,0.6718629555263402,0.681114651698473,6378000
2010-11-29,0.6751996874809265,0.6789915619820974,0.6495684794911778,0.6685268757023001,12354000
2010-11-30,0.6501755118370056,0.660488222334926,0.6436537540652478,0.654573394500012,14658000
2010-12-01,0.7125087380409241,0.7146316914256504,0.6823276642070687,0.6823276642070687,16272000
2010-12-02,0.752547562122345,0.7539124766960484,0.7141767299906681,0.716603636511644,13560000
2010-12-03,0.7634671330451965,0.7672590080253631,0.7355609920885438,0.7414758202319993,10824000
2010-12-06,0.7595242857933044,0.7660451220893967,0.7401108788304004,0.7660451220893967,11808000
2010-12-07,0.758007287979126,0.7927382169976794,0.7570973269646831,0.7834865218151336,22344000
2010-12-08,0.7787848114967346,0.7813636946897319,0.7522445578628525,0.7661971691103041,8406000
2010-12-09,0.7843965888023376,0.7974392385480236,0.776964868883246,0.7922833164094234,7170000
2010-12-10,0.7865195274353027,0.7942543325545116,0.7760548389551444,0.7872784882719593,7374000
2010-12-13,0.7718088626861572,0.8024440187665293,0.7658940345794675,0.8024440187665293,8994000
2010-12-14,0.7520925402641296,0.7752968469202745,0.7446608205562197,0.7716569482355802,11034000
2010-12-15,0.7287362813949585,0.7590693319138201,0.7249453280627124,0.7463297132107654,13974000
2010-12-16,0.7416279315948486,0.7478457919438789,0.7208505291807972,0.7349551177604629,5910000
2010-12-17,0.756794273853302,0.761344133031578,0.7428407432054986,0.7452676493511243,5250000
2010-12-20,0.7481496334075928,0.7619503219785602,0.738442983504127,0.7534575321394631,24018000
2010-12-21,0.7639219760894775,0.7713536936441069,0.753912244047156,0.7577041182103136,7824000
2010-12-22,0.7646801471710205,0.7658940613815659,0.7398078960006532,0.7522444826139764,10470000
2010-12-23,0.7583103775978088,0.7649841125746535,0.7514855881046082,0.7514855881046082,4158000
2010-12-27,0.7605853080749512,0.7646801600789077,0.7302531814946547,0.7442057915819139,7362000
2010-12-28,0.7508795261383057,0.7657420973026089,0.741930861327871,0.758310377811613,6186000
2010-12-29,0.7539124488830566,0.7575523475020701,0.7442057994521922,0.7539124488830566,3360000
2010-12-30,0.7605853080749512,0.763922175566208,0.7499695654789489,0.7539124409101265,3732000
2010-12-31,0.7581592798233032,0.7622541315901422,0.7461776471172972,0.7546704359612935,6024000
2011-01-03,0.7751448750495911,0.8000181037976017,0.7661971319799594,0.7730219217157216,11646000
2011-01-04,0.7777237296104431,0.7936482384101813,0.7534574860077808,0.7822735892675112,10098000
2011-01-05,0.7853065133094788,0.7912213417844642,0.7590692926990907,0.7666520667895876,4482000
2011-01-06,0.8288334012031555,0.8308053002892469,0.7921314864138246,0.7921314864138246,9810000
2011-01-07,0.8342930674552917,0.845667716475773,0.7960742142033116,0.8341420129407265,21936000
2011-01-10,0.8605313301086426,0.8652322445938796,0.818975551964902,0.8295922173009465,9960000
2011-01-11,0.8700857758522034,0.8750906421932271,0.8511274343580165,0.8750906421932271,9942000
2011-01-12,0.9189205765724182,0.919072553150621,0.8709959938525454,0.8870715577737532,9696000
2011-01-13,0.9186175465583801,0.9334801174015849,0.9007210851418438,0.9198305387062276,8448000
2011-01-14,0.9936903119087219,0.9936903119087219,0.9281722455241442,0.9318121983661829,18042000
2011-01-18,0.9820123910903931,0.9936900685583501,0.9669978469273581,0.9827704296608297,13842000
2011-01-19,0.9136126637458801,0.9621442842054805,0.9069399049239766,0.9577464010237529,14754000
2011-01-20,0.8803986310958862,0.8958681860140213,0.846729638089548,0.8958681860140213,18720000
2011-01-21,0.8652321696281433,0.9122477648014502,0.8621992011112892,0.909972780780439,12576000
2011-01-24,0.9277173280715942,0.9296892269042069,0.873573908824116,0.8747869010535292,12990000
2011-01-25,0.9083048701286316,0.9262004112440965,0.8866165857542777,0.9157357223702203,13026000
2011-01-26,0.933479905128479,0.9386366935037042,0.9007208803181322,0.9266550630941633,16392000
2011-01-27,0.9850456118583679,0.9903535106642533,0.9522865764740648,0.9522865764740648,19854000
2011-01-28,0.9052709341049194,1.004609913116846,0.8828255354424064,1.004609913116846,36168000
2011-01-31,0.9155845642089844,0.9286271034747011,0.8796405895351022,0.9130056272407381,12234000
2011-02-01,0.9818608164787292,0.9949034677075355,0.9412150493951562,0.9427319949744735,22254000
2011-02-02,0.9985431432723999,1.01188974543447,0.961841289053242,0.97109298496823,18420000
2011-02-03,0.9996052384376526,1.0053680908801028,0.9688181009807739,0.9989983083780666,10446000
2011-02-04,1.0587533712387085,1.06102835544249,1.0037000986246891,1.008856888586513,16854000
2011-02-07,1.047833800315857,1.0843846588243593,1.0375210875090597,1.0701281480329203,21102000
2011-02-08,1.045406699180603,1.0540513556454978,1.0211413260608184,1.048136636370443,8292000
2011-02-09,1.025539517402649,1.0470758276337255,1.0123448893309581,1.0319093004451094,12252000
2011-02-10,1.0343360900878906,1.0367620744943478,0.9815576950273831,0.9918704067763124,12342000
2011-02-11,1.0579952001571655,1.068459886463279,1.0105246043208653,1.027359071384476,8436000
2011-02-14,1.082109808921814,1.1066790331098932,1.066033266866811,1.070431150620026,15360000
2011-02-15,1.0511703491210938,1.081350548009958,1.0372168194544182,1.080137556050533,14406000
2011-02-16,1.084384560585022,1.094090342439801,1.0604214014126463,1.0736160274552071,10158000
2011-02-17,1.1321579217910767,1.1374658193595009,1.0692178268070534,1.0780145678815505,15246000
2011-02-18,1.1191145181655884,1.142925806948394,1.1069818852236832,1.1427738303848318,13470000
2011-02-22,0.9858036637306213,1.0686111602023627,0.9782208890633036,1.0613313624118985,40812000
2011-02-23,0.9328737854957581,0.9958130031335726,0.893289975334009,0.9958130031335726,35844000
2011-02-24,0.9789788722991943,0.985197654731972,0.9237744863728086,0.9454619043300982,41208000
2011-02-25,1.052990436553955,1.0549614674400751,1.0074918408156313,1.0109797085141132,38130000
2011-02-28,1.0211414098739624,1.0752847708333664,0.987472471041657,1.0752847708333664,38628000
2011-03-01,0.960173487663269,1.0416161382280416,0.9580496117854729,1.0347912926868217,37800000
2011-03-02,1.0011221170425415,1.0361560269407388,0.9583533477917255,0.9586564331309942,51600000
2011-03-03,1.0592081546783447,1.0684598486881858,1.0349419159982711,1.037216791126724,33474000
2011-03-04,1.025842547416687,1.0598154449909563,1.0050651450197179,1.0514737632818236,31500000
2011-03-07,0.9409120082855225,1.0411609077867965,0.9110348863045612,1.0275113273895806,50460000
2011-03-08,0.9459165930747986,0.9745807158229447,0.9169493850410295,0.9487985067409216,26598000
2011-03-09,0.8615922927856445,0.9292342342702676,0.8564363709261827,0.9292342342702676,66846000
2011-03-10,0.7963782548904419,0.8341421046375205,0.7919794493132561,0.8186726019645537,60888000
2011-03-11,0.8176106214523315,0.8258003800668738,0.7796947428616093,0.781211688250076,37662000
2011-03-14,0.8142737150192261,0.8459716780790583,0.7985011285650346,0.8139706839307819,37458000
2011-03-15,0.7846994996070862,0.8010790145232184,0.7119016977209655,0.7323760642468305,39852000
2011-03-16,0.7340450286865234,0.8116957853546987,0.7175135892675242,0.7872784863138367,35268000
2011-03-17,0.7608891129493713,0.788188321810266,0.7525474333995644,0.7665000417625262,37530000
2011-03-18,0.7684721350669861,0.7989562421803535,0.7590693834241827,0.7989562421803535,32274000
2011-03-21,0.8082079887390137,0.8251935164179148,0.7922834226262202,0.7959233219023268,39534000
2011-03-22,0.78924959897995,0.8138188788298406,0.7850036915763734,0.8138188788298406,24156000
2011-03-23,0.8106338381767273,0.8151836979523827,0.7643771474119918,0.7837896329571965,25218000
2011-03-24,0.8703891038894653,0.8760009020219565,0.8270134542425549,0.839147011724072,44664000
2011-03-25,0.8631090521812439,0.891925151184345,0.8615921613265979,0.8784266287232907,31548000
2011-03-28,0.8672040700912476,0.8890434068944791,0.8631091639314266,0.8766068203225172,22812000
2011-03-29,0.8910154700279236,0.8911665245692316,0.8403600211426101,0.8638673620870081,29970000
2011-03-30,0.8938963413238525,0.9174046011375891,0.8731189411399967,0.9119447259904696,29814000
2011-03-31,0.8711469769477844,0.8982950791702798,0.8606822893528026,0.8870714850414427,20958000
2011-04-01,0.8406628370285034,0.8904083119413844,0.8314120640284639,0.8904083119413844,33942000
2011-04-04,0.8189755082130432,0.8529475337468916,0.8036579834486739,0.845212783077483,27054000
2011-04-05,0.8723608255386353,0.8928352470599502,0.8559813100170243,0.8568913252871379,44274000
2011-04-06,0.9151297807693481,0.9163427731960514,0.8881336482550136,0.8985983385082451,30012000
2011-04-07,0.9017830491065979,0.9152807058652517,0.8735738755883314,0.9152807058652517,20022000
2011-04-08,0.8796405792236328,0.9251392251973897,0.8664459550772774,0.9172524988938042,20496000
2011-04-11,0.8559812903404236,0.8860104375988264,0.8488526025211258,0.8860104375988264,18594000
2011-04-12,0.8035060167312622,0.8341420429307401,0.7903113908499529,0.8341420429307401,31302000
2011-04-13,0.8103307485580444,0.8262552566227697,0.7950131704603297,0.8197334985268548,33960000
2011-04-14,0.811998724937439,0.8132126391562001,0.7762067779675972,0.7931932785236863,18072000
2011-04-15,0.828075110912323,0.8345968680471344,0.7939511158495496,0.8065387547285592,17262000
2011-04-18,0.7837894558906555,0.8030508283257753,0.7640739979414269,0.7983489930358739,29268000
2011-04-19,0.7931933999061584,0.7947093691482172,0.7734770131040377,0.7789368346358218,22242000
2011-04-20,0.8948062062263489,0.8948062062263489,0.8584073317650471,0.8643221054741276,52812000
2011-04-21,0.8923801183700562,0.9137644437834129,0.880853494879526,0.9137644437834129,22464000
2011-04-25,0.8949583172798157,0.9083048661431009,0.8837356438849461,0.8898014730101758,13536000
2011-04-26,0.9380301237106323,0.9403049996104654,0.895868334642386,0.8966263734954704,30864000
2011-04-27,0.9378789067268372,0.9410639061826932,0.9033000051551903,0.9281722572152589,26574000
2011-04-28,0.9192245602607727,0.9377270855275407,0.9004181360661127,0.9283242802197804,25950000
2011-04-29,0.9327223300933838,0.9368172373489841,0.9139159567806693,0.9142199100014219,12540000
2011-05-02,0.9036028385162354,0.9418216869064805,0.8978399874817916,0.9418216869064805,21006000
2011-05-03,0.8702370524406433,0.8987501805602786,0.8524926204093644,0.8948063286054242,33096000
2011-05-04,0.871753990650177,0.8928353444308025,0.8400568937454092,0.8922283601657837,20118000
2011-05-05,0.8770619034767151,0.9031481268682974,0.8515826643974778,0.8568914855491176,41994000
2011-05-06,0.8963230848312378,0.926200199176602,0.8854033907610093,0.9099726617400756,40860000
2011-05-09,0.8885884881019592,0.8966263246556901,0.8706920790991698,0.8963232935422463,18708000
2011-05-10,0.900114893913269,0.9084557052953876,0.8849484263445029,0.9011759635781694,19446000
2011-05-11,0.8794888257980347,0.9142198168185492,0.8623513222994131,0.9037550729781855,18096000
2011-05-12,0.9155845642089844,0.9239253761669407,0.8640191133011392,0.8669009728521998,25260000
2011-05-13,0.8800957798957825,0.917707653577961,0.8773658420973892,0.9107309409695344,16488000
2011-05-16,0.8427868485450745,0.899356199429867,0.8396019574032653,0.8776688372373679,23142000
2011-05-17,0.8123025894165039,0.8342929785548667,0.7887943330825722,0.8335349941325663,35832000
2011-05-18,0.858104407787323,0.865991135307668,0.820795513417621,0.8215534979652168,17988000
2011-05-19,0.8367198705673218,0.8480945181840127,0.8138185987818478,0.847639564822504,20982000
2011-05-20,0.828985333442688,0.8441518595825791,0.8160937374090297,0.8385400615843106,10974000
2011-05-23,0.7780268788337708,0.800928157168894,0.7769649410163544,0.800928157168894,23688000
2011-05-24,0.7604342699050903,0.7928893504432758,0.7584623711189655,0.7918283348185048,23982000
2011-05-25,0.7804535627365112,0.7883393667674902,0.746177589080858,0.7546703772642995,19098000
2011-05-26,0.8024441599845886,0.8074489736951725,0.769534068397549,0.7778748821957328,14706000
2011-05-27,0.8309571743011475,0.8382369718273447,0.8183686102736678,0.8183686102736678,19008000
2011-05-31,0.8682659864425659,0.8682659864425659,0.8435447362357853,0.8568913377862528,15954000
2011-06-01,0.7895533442497253,0.8615922425868198,0.788643328976025,0.8615922425868198,17838000
2011-06-02,0.7898563146591187,0.8130606191776899,0.7772686741186903,0.7907663299254172,16122000
2011-06-03,0.7478457689285278,0.7825767043163391,0.7445097689035992,0.7648322172068609,38124000
2011-06-06,0.7296463847160339,0.7536096576721638,0.7281304153011611,0.7440549282233829,18660000
2011-06-07,0.7404147982597351,0.7630121730278874,0.7401108451306905,0.7520924778795712,14688000
2011-06-08,0.6959773302078247,0.7307082682762154,0.6890014849192138,0.7305563459143155,36198000
2011-06-09,0.6982520818710327,0.7112956519736049,0.6865744024722178,0.6984040584326786,25770000
2011-06-10,0.6644321084022522,0.6933993215186093,0.6501755988937454,0.6900624539069768,22752000
2011-06-13,0.6450189352035522,0.6755030479820152,0.6384980967911511,0.6647353254133154,18828000
2011-06-14,0.6811146140098572,0.6933992781741852,0.6676170119414575,0.6676170119414575,15768000
2011-06-15,0.6410759091377258,0.6750478828701458,0.639710940277293,0.6661001393707575,13464000
2011-06-16,0.6193884611129761,0.6463837210700417,0.6028570217542011,0.6462326665487003,17418000
2011-06-17,0.5923922657966614,0.641227725950228,0.5861744068028735,0.641227725950228,23820000
2011-06-20,0.5942122936248779,0.6020990215408464,0.5858705580030952,0.5887524723481591,18750000
2011-06-21,0.6389527916908264,0.6419857600049568,0.5952741210926568,0.6051318782978385,30174000
2011-06-22,0.6295491456985474,0.6477485819148233,0.6239382169466177,0.629853044564627,20856000
2011-06-23,0.6579103469848633,0.6592753157758725,0.5948191854083758,0.6066488426123133,41520000
2011-06-24,0.6108947992324829,0.6516924827243782,0.6064968617913075,0.6516924827243782,21660000
2011-06-27,0.6213594675064087,0.6303081322554385,0.5929992398805479,0.6108947795046371,15390000
2011-06-28,0.6450189352035522,0.6456259196300291,0.6246965368625207,0.6287913901594311,24696000
2011-06-29,0.6477487087249756,0.6585173506099152,0.6328861366415126,0.6507825453128718,16728000
2011-06-30,0.6946122050285339,0.7006789550456194,0.652147395645892,0.652147395645892,30492000
2011-07-01,0.7399598956108093,0.7431448410467539,0.6891524740287289,0.6999211161966641,25212000
2011-07-05,0.7197883129119873,0.7440545504769739,0.7090205964434538,0.7360158487628253,15444000
2011-07-06,0.7031060457229614,0.712660774074439,0.6856645890937626,0.7123568208856986,10506000
2011-07-07,0.7446608543395996,0.7567944109713228,0.7173616400851998,0.722821461240636,18822000
2011-07-08,0.7112956047058105,0.7188784318967337,0.6880913019555974,0.7159965182315393,16896000
2011-07-11,0.6747449636459351,0.7161487152645569,0.6688301342377584,0.6973422892031905,22608000
2011-07-12,0.6171135306358337,0.6574553931320675,0.6074068810044874,0.6544224244530448,46284000
2011-07-13,0.6105917692184448,0.6400139354969884,0.6037669795376532,0.631976153609144,27108000
2011-07-14,0.5831405520439148,0.6350089788786255,0.57934959937819,0.613018589619374,41184000
2011-07-15,0.5923922657966614,0.5954251798940857,0.5710078837261114,0.5949701722692906,24444000
2011-07-18,0.5669130086898804,0.591937233772918,0.5543253146608164,0.584960468559834,25644000
2011-07-19,0.6230283975601196,0.6269713275955908,0.5848095402779513,0.5848095402779513,31746000
2011-07-20,0.614989697933197,0.6444127884451362,0.6036150476235767,0.6383459828483392,21420000
2011-07-21,0.6318241953849792,0.6354640941681847,0.5863255419528242,0.6104398103731256,32058000
2011-07-22,0.6745927929878235,0.6809625740635514,0.6350089752332603,0.6350089752332603,40338000
2011-07-25,0.6488106846809387,0.6630672496274471,0.635009127451166,0.6545735372143953,17520000
2011-07-26,0.665037989616394,0.6877873368145593,0.6606401075613814,0.6606401075613814,30282000
2011-07-27,0.5922402739524841,0.643350716672427,0.588145368150808,0.643350716672427,54816000
2011-07-28,0.587842583656311,0.6187816470239946,0.57055304804411,0.591482428797177,23532000
2011-07-29,0.5737379193305969,0.5896624295873112,0.5484106035721849,0.556903393668325,33750000
2011-08-01,0.5723728537559509,0.6063448762185549,0.5493205261676152,0.5977001109966007,41922000
2011-08-02,0.5215663909912109,0.570552908424062,0.5194425157282356,0.5594812906274276,44364000
2011-08-03,0.5380969047546387,0.5423437874424747,0.49032337969596723,0.5247512793028789,48840000
2011-08-04,0.4498295783996582,0.5217174524766658,0.4454316682392221,0.52050446031629,70020000
2011-08-05,0.41707056760787964,0.47834270241819343,0.3809755877271246,0.463328154065473,60150000
2011-08-08,0.3518564999103546,0.4009950271408459,0.34715466320552424,0.37142090926112253,42156000
2011-08-09,0.3991750478744507,0.40038804007888434,0.33668994895708537,0.37233084264479843,49818000
2011-08-10,0.37521180510520935,0.4132796022527898,0.35761929739566367,0.3862834225778909,35904000
2011-08-11,0.43102410435676575,0.44694864110036786,0.3885583928076842,0.39113635385837164,29616000
2011-08-12,0.42677727341651917,0.45483444430074915,0.41767752655778584,0.44179182183429927,27114000
2011-08-15,0.4519535005092621,0.4528634887975325,0.43011416126104507,0.4345120447577592,22326000
2011-08-16,0.4264741837978363,0.44937456164683665,0.4094877117594132,0.43617996441121315,25092000
2011-08-17,0.4172224998474121,0.44588665182321635,0.4058478514312284,0.4225303707959869,17232000
2011-08-18,0.34503161907196045,0.38249156305469884,0.3366899120813947,0.38249156305469884,38010000
2011-08-19,0.32486027479171753,0.36732598303617775,0.32304032555241996,0.33699293524897644,28344000
2011-08-22,0.3339599668979645,0.35291741359264633,0.3272871281200709,0.352159402104642,21594000
2011-08-23,0.38507041335105896,0.38613145596736326,0.336689907409192,0.3457896258410188,51924000
2011-08-24,0.3844635486602783,0.3952312414719171,0.36156224501720013,0.38507047869945354,51954000
2011-08-25,0.3539794683456421,0.39235030408148946,0.35185651478524266,0.3783967699649496,33522000
2011-08-26,0.38203659653663635,0.38840640518436054,0.3382068425348022,0.35519239326433394,38676000
2011-08-29,0.4246543049812317,0.4254123166686638,0.3981131295571178,0.40114607124390333,29448000
2011-08-30,0.4246543049812317,0.4322371066667241,0.40615091181861995,0.41464459671249376,25152000
2011-08-31,0.4155545234680176,0.44452167913091895,0.40660585932283205,0.4373938590765892,29664000
2011-09-01,0.39477625489234924,0.4320851496177506,0.3943212743243258,0.416160612782495,26106000
2011-09-02,0.3676290214061737,0.37915564704972504,0.36065225539142826,0.37688069011601955,22992000
2011-09-06,0.36034926772117615,0.36110727943831106,0.33183708722893335,0.3335050601337447,29136000
2011-09-07,0.40675777196884155,0.40797076394299087,0.3814305169049542,0.3814305169049542,43224000
2011-09-08,0.40069103240966797,0.43132708280216936,0.39401819284638845,0.39674810302483804,32784000
2011-09-09,0.38764840364456177,0.41964942427869756,0.37976167666473637,0.38689039202961245,39306000
2011-09-12,0.42298537492752075,0.42298537492752075,0.3774867516029233,0.3774867516029233,34446000
2011-09-13,0.4486165940761566,0.4519534615861851,0.4202554711430581,0.4305691047641114,43494000
2011-09-14,0.48228567838668823,0.49821024541466646,0.4496786409875479,0.4555934437520099,86268000
2011-09-15,0.5041249990463257,0.5086748591550901,0.4850155431986261,0.49745213123213644,61032000
2011-09-16,0.5057928562164307,0.521717418046506,0.4991200438096055,0.5035179265605058,62544000
2011-09-19,0.48880743980407715,0.4991201527591953,0.4639342084256183,0.4825886573715971,54882000
2011-09-20,0.47273096442222595,0.5009400881983228,0.46969799533316775,0.4966932589148204,72882000
2011-09-21,0.44315671920776367,0.49259829704566344,0.44285371525453704,0.4821336095440714,117186000
2011-09-22,0.39872002601623535,0.41176264686685704,0.376121756871267,0.40948771721383687,61854000
2011-09-23,0.4205593764781952,0.426929185156873,0.38370549309416685,0.3894683446837762,52566000
2011-09-26,0.4198005199432373,0.4357250299769936,0.390985309387556,0.4357250299769936,98616000
2011-09-27,0.4427018165588379,0.46984902837715126,0.43511901451283647,0.4423988125523146,75846000
2011-09-28,0.4044829308986664,0.45043656478232197,0.40357296976482554,0.45043656478232197,57690000
2011-09-29,0.38795149326324463,0.42404737125555675,0.36550609095847963,0.4201044681988542,82098000
2011-09-30,0.34897467494010925,0.38082372856082236,0.3488226983251506,0.36884211895491903,47844000
2011-10-03,0.31014886498451233,0.3529175918678485,0.3093908531136007,0.3419979198039447,52956000
2011-10-04,0.3492776155471802,0.34988457272089896,0.29665116613332804,0.3002910650628746,89970000
2011-10-05,0.3821885287761688,0.3849184660160752,0.33577992112936333,0.3501875375321546,78738000
2011-10-06,0.39538314938545227,0.3959901064385161,0.36626401797618285,0.3797616461318308,78432000
2011-10-07,0.40160098671913147,0.4154025410618689,0.3882553349348625,0.4056958654780359,53652000
2011-10-10,0.4336020350456238,0.44057880097642893,0.4188904915673272,0.4188904915673272,30468000
2011-10-11,0.43072018027305603,0.4376969467241011,0.42192438648916025,0.4266253009271925,30294000
2011-10-12,0.4420948326587677,0.45650337333245006,0.4420948326587677,0.44709970028834195,41778000
2011-10-13,0.4698490500450134,0.4734889492326125,0.4332990849852673,0.4346640539604438,45486000
2011-10-14,0.48653241991996765,0.4889584041627447,0.46135621629156875,0.4882003654447816,47322000
2011-10-17,0.44649365544319153,0.4768257850309471,0.4411848886818294,0.47500586267954287,36648000
2011-10-18,0.4753088653087616,0.4792526629508732,0.43117515430787023,0.4472516403420159,52332000
2011-10-19,0.44421860575675964,0.47424769613838563,0.44088173883326603,0.47424769613838563,44826000
2011-10-20,0.4228343963623047,0.4378489466546952,0.3970512301374926,0.43193414435716815,53466000
2011-10-21,0.4486165940761566,0.465906098871238,0.4395168746929686,0.43981987866463357,28434000
2011-10-24,0.49517709016799927,0.4971481208439862,0.4563513113599707,0.4587782174578528,81846000
2011-10-25,0.4684840738773346,0.49532828251495803,0.4656031356681486,0.48440863935842177,63798000
2011-10-26,0.4750058352947235,0.4904753371056517,0.44558366857890336,0.48076868737461886,38490000
2011-10-27,0.5355190634727478,0.544618783641556,0.5057929420987559,0.5129216853988713,55464000
2011-10-28,0.5397659540176392,0.5397659540176392,0.523689465301431,0.5274812869973994,25170000
2011-10-31,0.49866512417793274,0.523386377928369,0.49821017070962703,0.523386377928369,29562000
2011-11-01,0.45089152455329895,0.46878795937306894,0.44148877406597714,0.4578682635547898,40368000
2011-11-02,0.45771634578704834,0.470152932821782,0.4464936187653867,0.46711909636819915,15834000
2011-11-03,0.49881696701049805,0.5013949274957418,0.443611676142157,0.47015284512616,44694000
2011-11-04,0.5162574648857117,0.5215662841378643,0.4856223685032382,0.4872903137176581,40914000
2011-11-07,0.5139827728271484,0.518229656625706,0.4853186394474641,0.5088269040275688,44898000
2011-11-08,0.5221725106239319,0.5300592392695783,0.49760323124763794,0.5252063475984741,42258000
2011-11-09,0.4513465166091919,0.488200402797974,0.45013352439499493,0.488200402797974,41424000
2011-11-10,0.463328093290329,0.47455076486431563,0.4428536995316705,0.4736408038613976,21204000
2011-11-11,0.510646641254425,0.5162575157846325,0.4762187451406804,0.4762187451406804,34920000
2011-11-14,0.4930531978607178,0.5182294527596998,0.4833474179213128,0.5032148532060592,29382000
2011-11-15,0.5130727291107178,0.5217174956319705,0.48698742925837896,0.48986842147409304,45540000
2011-11-16,0.5047318339347839,0.5285421999330049,0.4941151702510993,0.5004850057455082,36810000
2011-11-17,0.44740357995033264,0.5035179438889991,0.42965909548028425,0.5004850296749966,73242000
2011-11-18,0.4340570569038391,0.4566544345944565,0.42723226689298366,0.4566544345944565,32286000
2011-11-21,0.4091847240924835,0.4178294624265095,0.3912882903408758,0.41570558722183776,39312000
2011-11-22,0.39447319507598877,0.41707054356362117,0.3868903940754831,0.40463487901067074,28380000
2011-11-23,0.3573163151741028,0.38249162704351874,0.35701238912285027,0.3818855919344495,31662000
2011-11-25,0.34245285391807556,0.36732605914074734,0.34245285391807556,0.3536764505776679,22728000
2011-11-28,0.3774867355823517,0.38476650524238426,0.36641598590478675,0.3820365950097847,23802000
2011-11-29,0.368993878364563,0.3882552772295021,0.36611199210079776,0.380975481798182,23424000
2011-11-30,0.43208515644073486,0.4334500981663588,0.399023090005996,0.399023090005996,51342000
2011-12-01,0.4395168125629425,0.44345971457823585,0.41752550173062436,0.4329950279191349,24264000
2011-12-02,0.43663501739501953,0.4605982317190143,0.4354220251310383,0.4528634805654948,28338000
2011-12-05,0.4501335620880127,0.46332818919663915,0.44148882229367814,0.45771639121993,29232000
2011-12-06,0.44740357995033264,0.45468334967596424,0.4360289312792516,0.4481615915494204,16620000
2011-12-07,0.4631761908531189,0.46696806626919296,0.4307201867071217,0.44148880155915454,20436000
2011-12-08,0.4237443208694458,0.46681606617811927,0.42040745331498247,0.44982959224780805,26226000
2011-12-09,0.43906188011169434,0.44436975159772096,0.40160103667913577,0.41479563560179655,35904000
2011-12-12,0.4038759171962738,0.41206567473124917,0.388710316251892,0.41206567473124917,28650000
2011-12-13,0.37490880489349365,0.41737451550966304,0.36929700741296095,0.4100947181458962,41736000
2011-12-14,0.35686129331588745,0.38112661409891324,0.3507945156516501,0.37308883269380455,31500000
2011-12-15,0.35595136880874634,0.3794586803987572,0.35079455167009055,0.37657679325065263,20004000
2011-12-16,0.36429205536842346,0.37870056511076133,0.3594391927240041,0.3676289492971869,18036000
2011-12-19,0.33365702629089355,0.3689939959437204,0.3321401079669621,0.36808403478449636,36264000
2011-12-20,0.37763866782188416,0.38097553498614256,0.3535244031074628,0.3535244031074628,36492000
2011-12-21,0.36656704545021057,0.37915560742782944,0.35109749178568117,0.377183681786977,24912000
2011-12-22,0.4026630222797394,0.40584794080925135,0.3709659491773976,0.3721789415394178,28410000
2011-12-23,0.40842583775520325,0.4093358260174755,0.39447322678645236,0.4038759778017556,15252000
2011-12-27,0.40736472606658936,0.4164644438285974,0.4019048791378057,0.40266289063902727,19536000
2011-12-28,0.3874964416027069,0.40751585697642306,0.3867384570786424,0.40311794669796097,23736000
2011-12-29,0.39872002601623535,0.4002360220410009,0.38598040911160225,0.39508012772368284,13962000
2011-12-30,0.3937152028083801,0.40342098462891934,0.3931082727927786,0.3988711248175922,15528000
2012-01-03,0.408122718334198,0.4276871214482222,0.40493780099601207,0.41858740411505685,20838000
2012-01-04,0.40781980752944946,0.41070077263810034,0.39250133260690184,0.40599985810246864,19632000
2012-01-05,0.42541229724884033,0.42692921549151525,0.40402793995951863,0.40630286985502284,25092000
2012-01-06,0.4292041063308716,0.43072012949857713,0.41540255163678746,0.4252602819746129,19224000
2012-01-09,0.4530145227909088,0.45650336701687355,0.43375401339240033,0.4364839510141474,27516000
2012-01-10,0.46696794033050537,0.4756126502681043,0.46165912092076755,0.46984887752610033,20658000
2012-01-11,0.47273096442222595,0.4768258171076572,0.4572614064401883,0.45817136767710476,16698000
2012-01-12,0.4886551797389984,0.4901721243923608,0.46711888305235677,0.4812234092726184,20850000
2012-01-13,0.45680633187294006,0.47561275515023677,0.4539244719857276,0.47530885623716856,24198000
2012-01-17,0.4627212584018707,0.47758388725997414,0.46059830464932067,0.47500592573986217,17028000
2012-01-18,0.5308172106742859,0.5349120629303954,0.47910069708830927,0.47910069708830927,50442000
2012-01-19,0.5634250640869141,0.5657000480045519,0.5434057046068391,0.5462866421847823,41148000
2012-01-20,0.5716148614883423,0.5744958535050253,0.554931446058488,0.5611501733900915,17694000
2012-01-23,0.5672160387039185,0.5793496483211662,0.5531115066955558,0.5751028198688047,22410000
2012-01-24,0.5711598992347717,0.5779846886404851,0.5549314374800373,0.5579652738405629,11994000
2012-01-25,0.5785909295082092,0.5838996973102493,0.5534155851588447,0.5767709525614239,29904000
2012-01-26,0.5606951117515564,0.5954251147843439,0.5526564095586034,0.5861743427047037,22794000
2012-01-27,0.5684298872947693,0.5728277697516151,0.5506854046218395,0.5537183727672733,9660000
2012-01-30,0.5485617518424988,0.555386597357385,0.5308173162196537,0.555386597357385,15960000
2012-01-31,0.5508367419242859,0.5655483182435229,0.5397660418229144,0.5631214109429077,17148000
2012-02-01,0.5870842933654785,0.6005819472127387,0.5666099291408807,0.5693398118276705,39444000
2012-02-02,0.5984591245651245,0.6105918136882394,0.5881454899762153,0.596032217917947,22602000
2012-02-03,0.6237863898277283,0.6325830782298048,0.6116537016916559,0.6189334989845616,26310000
2012-02-06,0.6039189696311951,0.6184785104283625,0.5942122655885647,0.6178715804023961,16218000
2012-02-07,0.6045251488685608,0.6104399792477465,0.5854157427684884,0.5945154651245823,18906000
2012-02-08,0.6274263262748718,0.6404689774261765,0.6083169233760295,0.6083169233760295,28428000
2012-02-09,0.6328861117362976,0.6377390025979572,0.6177195870854819,0.6377390025979572,20448000
2012-02-10,0.593757152557373,0.616506502204837,0.5870843404879778,0.6128666040916989,28206000
2012-02-13,0.5999748706817627,0.6142314287435119,0.5772255806032788,0.6119564997356635,18954000
2012-02-14,0.6086198687553406,0.6086198687553406,0.5914823131014355,0.5939092195652133,20418000
2012-02-15,0.6168096661567688,0.6392559353516921,0.6142317050100665,0.6215115028048926,32016000
2012-02-16,0.6624601483345032,0.6657970156375997,0.6127146716642387,0.6127146716642387,32184000
2012-02-17,0.6469905972480774,0.6788396106139588,0.6410757696324084,0.67868763406168,18594000
2012-02-21,0.621056318283081,0.6521473452872998,0.6127145851125084,0.6518433922018176,19566000
2012-02-22,0.6116535067558289,0.6289429791373177,0.6051317503064632,0.613169529564134,12120000
2012-02-23,0.615293562412262,0.6183264766259543,0.5884493590080928,0.61271467954595,14346000
2012-02-24,0.6107437014579773,0.6287911627197619,0.6072548575542831,0.6187814827623142,8700000
2012-02-27,0.6113496422767639,0.624544265796861,0.5867804256013512,0.5987620028969777,16248000
2012-02-28,0.642288863658905,0.6503275675813951,0.6154446584436687,0.6154446584436687,25620000
2012-02-29,0.6125637292861938,0.6456257975492369,0.608771907891221,0.6445638597564722,17994000
2012-03-01,0.6131697297096252,0.6306111843112971,0.6054349246868133,0.6234833635389798,11220000
2012-03-02,0.5943642854690552,0.6227245167618856,0.5914823710500151,0.6084688738480237,15672000
2012-03-05,0.5499265193939209,0.5886003766905038,0.5441636681645764,0.5882973456333899,37602000
2012-03-06,0.5332440733909607,0.5373389253104283,0.5154995885165242,0.5252062376444598,25242000
2012-03-07,0.5588752031326294,0.5650930621968387,0.5382488595177244,0.5424957420335139,33216000
2012-03-08,0.5826855301856995,0.5875393423263732,0.5660029849092216,0.57631574922916,18336000
2012-03-09,0.6014921069145203,0.6030089981810494,0.5816246659928694,0.5820796194717426,25692000
2012-03-12,0.5851123332977295,0.6020987744501647,0.5782875459429502,0.6020987744501647,16902000
2012-03-13,0.6230283975601196,0.6230283975601196,0.5957292370322611,0.5957292370322611,29352000
2012-03-14,0.6174165606498718,0.6472936804486848,0.61347363086388,0.6293981944028202,32916000
2012-03-15,0.652298629283905,0.6554835206934942,0.6245444593461694,0.628184358487963,32976000
2012-03-16,0.6536634564399719,0.6603371910038167,0.6454736987072279,0.6529054177362212,17574000
2012-03-19,0.6694368124008179,0.6774745924012874,0.6475974797027212,0.6506303934170414,17856000
2012-03-20,0.6563933491706848,0.6618531692087256,0.6392557961657117,0.6541184196349513,16914000
2012-03-21,0.662763237953186,0.6714080041379357,0.6506305496492606,0.661702222317325,10542000
2012-03-22,0.6513885855674744,0.657000383046404,0.6354640762975646,0.649113655671773,12330000
2012-03-23,0.6563933491706848,0.6566972480379264,0.6313690700390172,0.654877326104779,17070000
2012-03-26,0.6841474771499634,0.6841474771499634,0.6604881677650517,0.6732277833787897,19938000
2012-03-27,0.6824796199798584,0.6984041292592451,0.6794467055487605,0.6794467055487605,11262000
2012-03-28,0.6579103469848633,0.6868775057405473,0.6439577364530669,0.6817216379703592,20256000
2012-03-29,0.6600332856178284,0.6632182308054766,0.633189135026265,0.6457776985431058,13368000
2012-03-30,0.6676170229911804,0.6811146252829787,0.6521474677365325,0.6811146252829787,17772000
2012-04-02,0.6670099496841431,0.6736828158918573,0.6386488580978155,0.6627631217165437,16848000
2012-04-03,0.6362229585647583,0.6642801550127506,0.6281842549204781,0.6642801550127506,24684000
2012-04-04,0.5928472280502319,0.613624626246422,0.5770746968472429,0.6118047041972227,43110000
2012-04-05,0.5984591245651245,0.6036150469224983,0.5864775442121299,0.5905723966233928,13242000
2012-04-09,0.5735859274864197,0.5782877640210797,0.5619082464972933,0.5711599429842709,20418000
2012-04-10,0.5435568690299988,0.5846575881264368,0.5382489698985726,0.570552999568774,19278000
2012-04-11,0.5688849687576294,0.5808656799231737,0.5603912574917308,0.5611501640494512,15714000
2012-04-12,0.6001269817352295,0.6074067778877554,0.5711598279154483,0.5728277732825561,29892000
2012-04-13,0.5679749846458435,0.5996720239783958,0.5676710315171309,0.5926952582932734,13854000
2012-04-16,0.5688849687576294,0.5857194384240199,0.5537184446646393,0.5828375786376164,26910000
2012-04-17,0.5952742099761963,0.6028570386832598,0.5805626924337779,0.5805626924337779,25710000
2012-04-18,0.5804107189178467,0.5879944154827121,0.5628182090974307,0.5758608589537475,18018000
2012-04-19,0.5614532828330994,0.6020990487214791,0.5505336397867149,0.5734349179264535,19344000
2012-04-20,0.5224763751029968,0.5620601983364765,0.5206563986590239,0.5619082217608241,40272000
2012-04-23,0.503367006778717,0.5044280225820674,0.48744249492514996,0.5036700379254975,27534000
2012-04-24,0.49123337864875793,0.5103427792986395,0.4856225031164197,0.5098878258537661,19170000
2012-04-25,0.5239923000335693,0.5274810892700577,0.5073097552674457,0.5153475355843294,29502000
2012-04-26,0.5593302845954895,0.5625151757097361,0.5280872729529772,0.5280872729529772,28902000
2012-04-27,0.5597853660583496,0.5650932112628191,0.5427988620477535,0.5584203970470409,29844000
2012-04-30,0.550685465335846,0.5597852385929765,0.5505335430069062,0.5584202698924767,15000000
2012-05-01,0.5572063326835632,0.5708559106474526,0.5458316843803221,0.5505335202628835,19788000
2012-05-02,0.5649411678314209,0.5687330432689645,0.5421918677961062,0.5459837432336497,15480000
2012-05-03,0.5244474411010742,0.5685811315991751,0.5223244874393383,0.5673681391950193,26280000
2012-05-04,0.4906272888183594,0.5247512902385796,0.4891103977505956,0.5164095554958876,31662000
2012-05-07,0.48759350180625916,0.4982101674358478,0.4833475406563609,0.4833475406563609,21600000
2012-05-08,0.47910061478614807,0.48243748190965996,0.44876851866795314,0.47834263035698327,33234000
2012-05-09,0.4750058352947235,0.4809206639537047,0.44436975429749026,0.4571093727386941,33318000
2012-05-10,0.46893900632858276,0.4845605381667631,0.45756435726709643,0.4845605381667631,21144000
2012-05-11,0.4789487421512604,0.4959352446927838,0.4646931536912607,0.46636109946752724,23736000
2012-05-14,0.46484413743019104,0.47348884870659963,0.45801929400328545,0.4645411063547232,18600000
2012-05-15,0.4501335620880127,0.47606780859032233,0.44725167480443395,0.46302423601574244,18522000
2012-05-16,0.4293552339076996,0.4590813014801749,0.4276872610123056,0.4542284373265893,32856000
2012-05-17,0.39826512336730957,0.4336020942688,0.39826512336730957,0.431934121357203,27282000
2012-05-18,0.3762737810611725,0.40751587020991414,0.3738468745401965,0.4061509013976025,48906000
2012-05-21,0.4047859013080597,0.4064547688009891,0.37612175021988514,0.3779416993339772,43740000
2012-05-22,0.3969001770019531,0.40554491728822883,0.3885584407381093,0.40554491728822883,29538000
2012-05-23,0.40160098671913147,0.4026629242828997,0.37308881196605675,0.3827954875498898,27300000
2012-05-24,0.3858284652233124,0.4040279311079291,0.3776387069312,0.40220798180753714,28086000
2012-05-25,0.39978110790252686,0.40402796396760565,0.38507048490495077,0.3853735160205466,21594000
2012-05-29,0.42328932881355286,0.42890023151407947,0.4107007647146879,0.4119146790134983,18396000
2012-05-30,0.40038803219795227,0.4119146579909971,0.3961412036008536,0.41161073196328485,22146000
2012-05-31,0.38704150915145874,0.40054006263215053,0.375211877796268,0.397961179294445,21192000
2012-06-01,0.34169480204582214,0.36869098485990065,0.3412398214749586,0.3676290471360005,45294000
2012-06-04,0.33699294924736023,0.35352444253696297,0.3278932297921802,0.3429077777409485,27960000
2012-06-05,0.35974231362342834,0.36307918151807345,0.338206899801789,0.338206899801789,36054000
2012-06-06,0.3961411714553833,0.3978100389824355,0.3691459144274739,0.3702069299484267,41736000
2012-06-07,0.3800656199455261,0.4147956304150378,0.3783967251335002,0.4099427666678534,32898000
2012-06-08,0.3967481553554535,0.39811312418436645,0.37157194911844005,0.372936917947353,22326000
2012-06-11,0.374150812625885,0.41479565395068313,0.3727858437696311,0.4129757316347511,29760000
2012-06-12,0.39963003993034363,0.3999330710357462,0.3783967366141706,0.37961065090985985,36006000
2012-06-13,0.38598039746284485,0.4034209276517028,0.38158159279409276,0.3940181782581048,21486000
2012-06-14,0.38476645946502686,0.3908332634114262,0.3706618752226277,0.38734531488224466,21318000
2012-06-15,0.4020560681819916,0.4035730137482375,0.3850705138758187,0.3858285256307197,16392000
2012-06-18,0.42086246609687805,0.4264742639571955,0.3946252161335541,0.3946252161335541,31980000
2012-06-19,0.433754026889801,0.440426867452675,0.42298541194912637,0.43102411630240967,23340000
2012-06-20,0.44846460223197937,0.45331841490556524,0.43451199254132583,0.43708995339030937,39066000
2012-06-21,0.3923501968383789,0.4443696772270516,0.3912882593202316,0.44376364224778714,48192000
2012-06-22,0.4085777997970581,0.4131276595885847,0.39735509977590994,0.3988711230817412,21888000
2012-06-25,0.369145929813385,0.3985680671687812,0.36732598058622595,0.3982650632093264,41736000
2012-06-26,0.3724818825721741,0.37945864854139905,0.36065225303832255,0.37415077732141855,24744000
2012-06-27,0.387800395488739,0.39128831755539484,0.3746057696913085,0.37839672285234605,23748000
2012-06-28,0.3800656199455261,0.38416049916263817,0.3647471458226623,0.375211834142026,30120000
2012-06-29,0.4276871979236603,0.4284452095247003,0.4061508655288014,0.4085777718354477,48804000
2012-07-02,0.4260192811489105,0.438909954742044,0.4184355572767441,0.43602898958964664,17688000
2012-07-03,0.445431649684906,0.445431649684906,0.42677723147614877,0.4307201338156913,18162000
2012-07-05,0.4332990050315857,0.4395168644240726,0.42040743789426965,0.435724989338036,17106000
2012-07-06,0.40160098671913147,0.4229853415181655,0.39053026456544265,0.4214693455083538,30462000
2012-07-09,0.38764840364456177,0.40296598213473755,0.3815816259140524,0.39705115385428585,25698000
2012-07-10,0.36050114035606384,0.39219820298424035,0.3533723989665388,0.37885163030589847,48462000
2012-07-11,0.3492776155471802,0.36671907137092014,0.3442727748585327,0.36368612961509234,34476000
2012-07-12,0.33350497484207153,0.3423016889423677,0.3241022257694773,0.3418467084648877,49020000
2012-07-13,0.34199780225753784,0.34533466965360554,0.33396002081308773,0.3359319195005725,30048000
2012-07-16,0.3306230902671814,0.3372968514513278,0.323192266730729,0.3372968514513278,27762000
2012-07-17,0.3260732591152191,0.3374479348083072,0.30969377059282654,0.3366899232157032,49782000
2012-07-18,0.3591362237930298,0.36596101307762186,0.320917371256152,0.32197838682478236,82602000
2012-07-19,0.38203659653663635,0.3902263543864677,0.37460574521904016,0.37460574521904016,54054000
2012-07-20,0.36292725801467896,0.38279559527593326,0.3624722773843827,0.38067171955069734,30600000
2012-07-23,0.3521595299243927,0.35807435936112725,0.32698332083335124,0.3397229409497145,36108000
2012-07-24,0.34882253408432007,0.3576192477459316,0.33820679354036526,0.35488931077859337,30174000
2012-07-25,0.3673259913921356,0.38143057797806745,0.35610239680259265,0.3562543462552704,43992000
2012-07-26,0.39310821890830994,0.40114599973702547,0.3821885243147542,0.39022633226276965,42372000
2012-07-27,0.4204074740409851,0.4238953962867479,0.39295631047959834,0.3988711392967555,44328000
2012-07-30,0.40933579206466675,0.4302651678099593,0.4022079716173122,0.42086241757457754,21042000
2012-07-31,0.4190424680709839,0.43360203497727745,0.41707054224810036,0.42253039000769876,64002000
2012-08-01,0.41828441619873047,0.4308720831900058,0.4094877018624212,0.42601919300060787,20508000
2012-08-02,0.414340615272522,0.4337539669918621,0.40099496310900623,0.40584785357037245,21774000
2012-08-03,0.4398198127746582,0.44740353486848844,0.4246542126993208,0.4337539307192683,25608000
2012-08-06,0.44755470752716064,0.4545314744350022,0.4442187345731274,0.44816166471541385,15390000
2012-08-07,0.474550724029541,0.4853184412948141,0.45619931203691494,0.45619931203691494,31686000
2012-08-08,0.48092061281204224,0.48183057383851735,0.4677259880930456,0.4701528943414589,15552000
2012-08-09,0.48971742391586304,0.49244736192196137,0.4777357882730284,0.4783427726214797,14832000
2012-08-10,0.49608752131462097,0.4977554680996587,0.4850158411220168,0.488352710987687,13224000
2012-08-13,0.48653241991996765,0.49608714649374347,0.4684839823277104,0.49608714649374347,17268000
2012-08-14,0.47318580746650696,0.4962381895797255,0.46711905712532176,0.4951771198102548,21054000
2012-08-15,0.48122361302375793,0.4878974021363892,0.46211421358492377,0.46211421358492377,13752000
2012-08-16,0.5062478184700012,0.5065517173260614,0.479858625978715,0.48107248576786854,14346000
2012-08-17,0.49608752131462097,0.5032152927361784,0.48880771897349873,0.5032152927361784,16194000
2012-08-20,0.48304349184036255,0.4930531700734043,0.4730338136073207,0.4924471622657339,60024000
2012-08-21,0.48410558700561523,0.5033669654004549,0.4789487425499022,0.4885034705720617,14460000
2012-08-22,0.47394388914108276,0.4807686788016065,0.4645411384972825,0.47667377246212816,16560000
2012-08-23,0.4643891453742981,0.4715178879335698,0.4558963561401188,0.46984896606045734,12726000
2012-08-24,0.47197285294532776,0.4753088526609328,0.4549864062420275,0.4595362659653593,11352000
2012-08-27,0.4677259624004364,0.4772806882500807,0.46029424379533984,0.4768256806425361,7974000
2012-08-28,0.4665129482746124,0.4722757991521636,0.4595361833689156,0.46196308936906644,10518000
2012-08-29,0.46742305159568787,0.47303398187367457,0.45650340859144467,0.4648442225011857,8772000
2012-08-30,0.44421860575675964,0.4595361819852755,0.44163975033629393,0.4595361819852755,13566000
2012-08-31,0.4616592228412628,0.4672710202798596,0.4420948150311215,0.4536214410037527,18720000
2012-09-04,0.4510434865951538,0.4615081472917343,0.43451199394581314,0.4604462096602301,33096000
2012-09-05,0.44103386998176575,0.4574133894295869,0.4358770522699847,0.4486166724806661,15120000
2012-09-06,0.4880484342575073,0.49017230944204815,0.45225646203048603,0.45225646203048603,33888000
2012-09-07,0.4789487421512604,0.48440861772429933,0.4687880061324286,0.4812236722271562,13488000
2012-09-10,0.4539244472980499,0.47303390063139883,0.45104348250453485,0.47136590085176405,19014000
2012-09-11,0.4616592228412628,0.4677260279511725,0.45089153057239195,0.4586263084337679,15582000
2012-09-12,0.46454116702079773,0.4751578325762436,0.4575644003555144,0.4656031047693932,18390000
2012-09-13,0.47743287682533264,0.48198273796690655,0.4522566368052976,0.46196331640080734,30066000
2012-09-14,0.49578315019607544,0.511404625890611,0.4844085025217279,0.48562241659368066,22680000
2012-09-17,0.4821336269378662,0.5026079950427843,0.4757637909842845,0.5026079950427843,13680000
2012-09-18,0.47546082735061646,0.48076872641926516,0.4704560136470289,0.4784937963071038,8472000
2012-09-19,0.4663611650466919,0.47637090217908007,0.46408623465089804,0.47606787101485004,11808000
2012-09-20,0.4542284309864044,0.46272119399021355,0.44588672251308326,0.46044626394631455,18546000
2012-09-21,0.4546832740306854,0.46984887311107015,0.45437934806819164,0.46165911658269415,10662000
2012-09-24,0.43420901894569397,0.44527974254396163,0.42920415140991014,0.4428537580937797,20208000
2012-09-25,0.4009949564933777,0.4440666976671273,0.4009949564933777,0.43951683835173616,29880000
2012-09-26,0.3940182030200958,0.39674811326903275,0.377486737841453,0.3928052109016963,29124000
2012-09-27,0.4204074740409851,0.4235923651768053,0.39599017420793065,0.4029660186994562,22788000
2012-09-28,0.4088808298110962,0.4185875065006892,0.40751586102953413,0.41540258838347893,18846000
2012-10-01,0.4053928852081299,0.4232893205520479,0.40251102527426447,0.4158575736676583,17454000
2012-10-02,0.4126727283000946,0.41555461567217483,0.4026630192921481,0.4150996350625652,12186000
2012-10-03,0.4058479070663452,0.41737453362541505,0.40311796937679045,0.41737453362541505,11076000
2012-10-04,0.41525059938430786,0.4163125369679272,0.4006910332048484,0.40963969739140527,13104000
2012-10-05,0.4135826528072357,0.4334500924644601,0.41039776170337133,0.42146940754286694,21108000
2012-10-08,0.39978110790252686,0.40751588627843804,0.3952312478411573,0.4064548434649705,13800000
2012-10-09,0.3809755742549896,0.39659618425836707,0.37733570277528605,0.39659618425836707,26988000
2012-10-10,0.3652021586894989,0.38082366529078704,0.3645961235627622,0.3780937274916275,33456000
2012-10-11,0.36747705936431885,0.37915566204116724,0.3670220788073093,0.37824567380784446,24282000
2012-10-12,0.36125922203063965,0.3715719337250882,0.36095619093586073,0.3661120857549294,20214000
2012-10-15,0.3770318031311035,0.37915570587910186,0.36641605897475227,0.36641605897475227,23754000
2012-10-16,0.40129807591438293,0.4026630177379435,0.37991368903289385,0.37991368903289385,25398000
2012-10-17,0.3985680639743805,0.4059998102716613,0.3888613879412091,0.3909852631670633,19134000
2012-10-18,0.38855838775634766,0.39856809566164636,0.3821885785655764,0.3937152047277192,17580000
2012-10-19,0.35519248247146606,0.38598051789197835,0.35458644728939026,0.3856765918041132,56556000
2012-10-22,0.3545863628387451,0.3645960700206589,0.3495814956881373,0.36019723790778957,23040000
2012-10-23,0.35792237520217896,0.3605012585723909,0.33972293377423635,0.3436667589799598,41184000
2012-10-24,0.34139177203178406,0.36944894125522226,0.341087818890609,0.36944894125522226,38772000
2012-10-25,0.35519248247146606,0.35868132724274127,0.34472779227060335,0.35868132724274127,27804000
2012-10-26,0.3601972758769989,0.367477073547335,0.35185648964977567,0.354889404207658,28536000
2012-10-31,0.35974231362342834,0.3682359989229892,0.3564063677851892,0.3639891698328618,17892000
2012-11-01,0.3964451253414154,0.3973550864214169,0.3608042056213478,0.36398912363995833,59682000
2012-11-02,0.3743017613887787,0.4005399255781793,0.3741507069029445,0.3978099886370637,29826000
2012-11-05,0.39295628666877747,0.3961412047309152,0.3708139181656636,0.37384685965386016,21156000
2012-11-06,0.4085777997970581,0.41297571013091644,0.3929562945050352,0.39674814264364616,36810000
2012-11-07,0.3777906596660614,0.3964451049188464,0.3694489253266913,0.39144023787875215,49578000
2012-11-08,0.3639891743659973,0.38491855331580577,0.3639891743659973,0.3837055609793207,29484000
2012-11-09,0.36656704545021057,0.38021662291024266,0.3620171591775668,0.3626241162246962,39966000
2012-11-12,0.36687102913856506,0.3759707488763298,0.3591362510898827,0.37521184227349497,20754000
2012-11-13,0.3589842617511749,0.367932031710663,0.3565573824427391,0.36019725393689295,25692000
2012-11-14,0.34139177203178406,0.36929699180393716,0.3389648656609994,0.3661120738120797,41352000
2012-11-15,0.3274382948875427,0.3459416895269123,0.3257703219149701,0.34305980213765325,44232000
2012-11-16,0.3278931975364685,0.3335049943846443,0.31045266692104667,0.3335049943846443,43050000
2012-11-19,0.3465476930141449,0.34760963073777873,0.33608300429038634,0.3421497825308725,43926000
2012-11-20,0.3442727327346802,0.3450316392835885,0.33305003332019045,0.3421497524113458,28992000
2012-11-21,0.3459416329860687,0.34942955495716804,0.34154282788276547,0.3457896564148864,13506000
2012-11-23,0.36368605494499207,0.3688419762253273,0.3518564265317206,0.35261441096147744,39354000
2012-11-26,0.3697519600391388,0.3715719092426106,0.36034921006626897,0.3630791203118259,27870000
2012-11-27,0.365354061126709,0.37672873721386185,0.364292123486857,0.3715719205217233,26604000
2012-11-28,0.37809357047080994,0.3791555349256445,0.35003640936924707,0.3603491177420055,30288000
2012-11-29,0.3812786936759949,0.3881034847907428,0.37399892191079226,0.38355362404757753,28662000
2012-11-30,0.3797616958618164,0.3859804504760457,0.375818766081422,0.3809755830076032,17814000
2012-12-03,0.37475675344467163,0.3900752517018851,0.37308878101398146,0.38689033421171876,20892000
2012-12-04,0.38112667202949524,0.3844635670357345,0.3689940097938391,0.376425757289591,11244000
2012-12-05,0.3787005841732025,0.3853734231912131,0.37217882676771485,0.3779416777210678,11466000
2012-12-06,0.3921982944011688,0.39310828265785264,0.3791556717747872,0.3805206134808564,22764000
2012-12-07,0.39477625489234924,0.3982650991502668,0.38689042223385445,0.3964451497588687,12366000
2012-12-10,0.4020560681819916,0.4055449128116827,0.39310832397205225,0.39310832397205225,10578000
2012-12-11,0.42632222175598145,0.4290521590916413,0.40751582707443984,0.40781975308295076,43932000
2012-12-12,0.4213173985481262,0.4346639733262515,0.4182844571399152,0.4346639733262515,21654000
2012-12-13,0.4094877541065216,0.43132711871014745,0.4044829138428277,0.41873945011288655,27486000
2012-12-14,0.4009949564933777,0.409942725682393,0.39462514802796994,0.4038759211635965,18882000
2012-12-17,0.40569594502449036,0.41115579347999776,0.3955351818830513,0.4028149798237278,17166000
2012-12-18,0.42450234293937683,0.427990265098831,0.40554486469948964,0.41585757665479745,29934000
2012-12-19,0.4278392493724823,0.43936495460045055,0.4263223038486431,0.4263223038486431,24540000
2012-12-20,0.42708033323287964,0.4295072400645935,0.4158576315517123,0.42723230983233124,15660000
2012-12-21,0.4135826528072357,0.4152506527411108,0.3912883337222719,0.40645483180407765,23190000
2012-12-24,0.40994274616241455,0.42905217251331124,0.4049378789700093,0.4204074339583319,9054000
2012-12-26,0.40069103240966797,0.42010438390170696,0.39932606376079277,0.41130766917540373,11136000
2012-12-27,0.3943212926387787,0.4000850400045137,0.38067168512898175,0.3994781099463809,24114000
2012-12-28,0.3874964416027069,0.399175044088363,0.38355353899310896,0.3852215117355987,12612000
2012-12-31,0.40781980752944946,0.41054971811026825,0.38446355032933643,0.39113636375684,29208000
2013-01-02,0.4596882164478302,0.4599912475237117,0.43223705597198947,0.43254008704787095,59640000
2013-01-03,0.45149847865104675,0.4621142212505778,0.44618968529498637,0.4580193150066545,23976000
2013-01-04,0.44998154044151306,0.4546833493534889,0.44194373200319276,0.45271145069677604,14664000
2013-01-07,0.445431649684906,0.45134647778199305,0.43617998139437963,0.44709964943245506,14658000
2013-01-08,0.43072018027305603,0.44785860426675983,0.4292041569266375,0.44194377553170094,20568000
2013-01-09,0.44345974922180176,0.4439147297383282,0.43345004226171424,0.43345004226171424,15072000
2013-01-10,0.4613562524318695,0.46393415920407766,0.45058850577391313,0.45801933058738376,31482000
2013-01-11,0.4693939983844757,0.4701529049213388,0.45619937336855965,0.45619937336855965,11706000
2013-01-14,0.46545103192329407,0.46954588342873527,0.4536213765364211,0.45574432953818905,11772000
2013-01-15,0.4584742784500122,0.46014314594408123,0.4519534156040245,0.45983924706633844,11472000
2013-01-16,0.47333773970603943,0.4777356220927605,0.45695822584429263,0.4605981238400805,16008000
2013-01-17,0.503367006778717,0.504276968036912,0.4810726576405536,0.4844086579473152,35070000
2013-01-18,0.4953283667564392,0.5003332356935644,0.4868356289288153,0.4921434748140064,25674000
2013-01-22,0.4909304082393646,0.4951772375412439,0.4818306873535949,0.4951772375412439,14790000
2013-01-23,0.5070067644119263,0.5082197564780383,0.4925982801352912,0.4966931317725324,19140000
2013-01-24,0.49350833892822266,0.5065518571641573,0.48228561087866356,0.4862285409766306,15810000
2013-01-25,0.5118597149848938,0.5192914889279715,0.49851316670035806,0.49851316670035806,17778000
2013-01-28,0.5153475999832153,0.520504443657919,0.5103427328746267,0.5171675763129763,9876000
2013-01-29,0.5057928562164307,0.5112527307815314,0.4997269737585791,0.5103427155282804,12882000
2013-01-30,0.5083718299865723,0.5164096124733369,0.5035180166840507,0.5035180166840507,14028000
2013-01-31,0.5038219690322876,0.5158026815679735,0.4997270623822543,0.5074618679750025,17040000
2013-02-01,0.5306660532951355,0.5327890062746139,0.5127695938484499,0.5162575153949438,23550000
2013-02-04,0.507612943649292,0.535064082093016,0.5063999513033264,0.5186845632878753,17340000
2013-02-05,0.5315760970115662,0.5353670501973936,0.5141346424516132,0.5171676111069812,13062000
2013-02-06,0.5344571471214294,0.5368839996089692,0.5212625198050566,0.5233863954019429,8304000
2013-02-07,0.5274811387062073,0.5393107946449736,0.5126176465932538,0.5393107946449736,14106000
2013-02-08,0.5479555726051331,0.5491685647169082,0.5308171504327608,0.5308171504327608,20130000
2013-02-11,0.5503816604614258,0.5540215595383636,0.5408269321642907,0.548865636990662,7806000
2013-02-12,0.553870439529419,0.5567513773546985,0.5444667668809577,0.5503815954019756,12744000
2013-02-13,0.5582682490348816,0.5657000219230904,0.5479555387015546,0.5600881709987625,9024000
2013-02-14,0.5741927623748779,0.5749508010482761,0.5490165602265831,0.5499265212185407,8382000
2013-02-15,0.5631211400032043,0.5795006546547884,0.5570552577551524,0.577074670578044,15144000
2013-02-19,0.5834445953369141,0.5846575876739124,0.563728208715247,0.5652451542384617,14514000
2013-02-20,0.5443158149719238,0.5869325606110081,0.5443158149719238,0.583899645638446,25884000
2013-02-21,0.5145895481109619,0.537035811427818,0.5039728853145841,0.5293010621954676,27420000
2013-02-22,0.546741783618927,0.548865659311473,0.5250544191074552,0.5291492718364031,29910000
2013-02-25,0.5154996514320374,0.5631212604203789,0.5154996514320374,0.5596333380589112,27048000
2013-02-26,0.5283911824226379,0.5321821354391766,0.5139826429228735,0.5179264945652403,17646000
2013-02-27,0.5520506501197815,0.5603914658602157,0.5280874290045716,0.5309693441011526,12156000
2013-02-28,0.566155195236206,0.5664582264087118,0.5478037749583056,0.5478037749583056,18894000
2013-03-01,0.546135425567627,0.5535662745365242,0.5242960962837908,0.5393106385563398,21294000
2013-03-04,0.5438605546951294,0.5508363969134621,0.5309690177696177,0.5488654207337927,10890000
2013-03-05,0.5747998356819153,0.5787427113192896,0.5582683417515681,0.5584203183322948,24552000
2013-03-06,0.5773778557777405,0.5872355611459381,0.5720699565401048,0.5869325300098417,22008000
2013-03-07,0.5848095417022705,0.5937572853131419,0.5793497204311234,0.5834445728248311,15654000
2013-03-08,0.5861745476722717,0.5990652221439269,0.5710080209506917,0.5990652221439269,29580000
2013-03-11,0.5889044404029846,0.5908754172514794,0.5725249225715385,0.5831406660349782,9966000
2013-03-12,0.5977001190185547,0.5983071032133127,0.580714595706695,0.580714595706695,10350000
2013-03-13,0.6030089855194092,0.6064969078789205,0.5861745139051147,0.5960322187439988,12882000
2013-03-14,0.6113496422767639,0.6199944068392959,0.6067997833191988,0.6095297203891767,10014000
2013-03-15,0.5816246271133423,0.6113497710938441,0.5760128294804102,0.6113497710938441,22080000
2013-03-18,0.5581163167953491,0.5737378482386128,0.550230511965505,0.557510308876263,22266000
2013-03-19,0.5515955090522766,0.5691880180205637,0.537338945575935,0.5670650104854734,18228000
2013-03-20,0.5732830166816711,0.5763159860933073,0.5623633179614423,0.5641832948674573,21108000
2013-03-21,0.546135425567627,0.5716146521052,0.5443155040600514,0.5716146521052,20580000
2013-03-22,0.5632731318473816,0.5725248269631552,0.5534153746047676,0.5550833742993013,14652000
2013-03-25,0.5603912472724915,0.583747529064415,0.5514435048093658,0.5751028176805248,13764000
2013-03-26,0.5758606791496277,0.5767706400106036,0.5649409861021396,0.5649409861021396,9618000
2013-03-27,0.5782876014709473,0.5801075232448711,0.5553863315643065,0.5664579472246609,9366000
2013-03-28,0.5887525081634521,0.5914823918485719,0.5710080201364108,0.5875395157982296,11640000
2013-04-01,0.5555383563041687,0.585415528452258,0.550230512304684,0.5801076302141694,14892000
2013-04-02,0.5396137833595276,0.5714628503689257,0.5335469793049344,0.5714628503689257,23736000
2013-04-03,0.5071578621864319,0.5611501700099145,0.5015469869422243,0.5611501700099145,25308000
2013-04-04,0.5265712141990662,0.5277842063668294,0.4969971265402215,0.5077648456470536,17364000
2013-04-05,0.5189872980117798,0.521566179881496,0.49062708236925096,0.5012428204008084,27174000
2013-04-08,0.5380969047546387,0.5380969047546387,0.5068548180268512,0.5133766304793858,14004000
2013-04-09,0.5528082251548767,0.564182868833253,0.5285419932095311,0.5330918506808816,19890000
2013-04-10,0.5882973074913025,0.5904202603886523,0.5578132095487931,0.5581162405862601,29310000
2013-04-11,0.5825346112251282,0.593302331410885,0.5713110155165844,0.5820796035201121,13578000
2013-04-12,0.5738900303840637,0.5791979310219193,0.554325614787807,0.5685812619281562,11412000
2013-04-15,0.5329409241676331,0.5691878703784811,0.5299070885007657,0.5587231848346524,22998000
2013-04-16,0.5649411678314209,0.566458113265433,0.5408268989462653,0.5461356655792113,15036000
2013-04-17,0.5092818140983582,0.5429508130917454,0.5024570236016921,0.5429508130917454,26514000
2013-04-18,0.49548014998435974,0.535215946307918,0.4929021892394915,0.5226273837781272,19272000
2013-04-19,0.5073098540306091,0.5107977761285842,0.484712477450186,0.5007880954521539,22866000
2013-04-22,0.5227792263031006,0.5285420762697297,0.4910821412833544,0.511101549846487,22254000
2013-04-23,0.556448221206665,0.559026127106553,0.5308170166015892,0.5308170166015892,29820000
2013-04-24,0.5764675736427307,0.5817754704249666,0.5464384874019905,0.5464384874019905,17994000
2013-04-25,0.5933023691177368,0.6042220123460046,0.5808657803294908,0.5825346482476462,18084000
2013-04-26,0.5770747065544128,0.5834444880723605,0.5705528942326947,0.5769227299892452,9282000
2013-04-29,0.5967902541160583,0.6013401142145819,0.5763158836727025,0.5763158836727025,10020000
2013-04-30,0.6145346164703369,0.6145346164703369,0.588449321274805,0.6027049609167366,9654000
2013-05-01,0.5972452163696289,0.61756853073549,0.5952741854062089,0.61756853073549,9882000
2013-05-02,0.6219663619995117,0.6246962993184607,0.5992170651369437,0.6111986435252936,12612000
2013-05-03,0.6400138139724731,0.6521473677257742,0.6377388845108349,0.6438056342681872,21360000
2013-05-06,0.6529055237770081,0.6606403293710946,0.6444127878332769,0.6524505703082218,17496000
2013-05-07,0.6519954204559326,0.662460107297109,0.6413787570599615,0.662460107297109,10182000
2013-05-08,0.6776265501976013,0.6786875655493364,0.6515403905284632,0.6521473203815414,10608000
2013-05-09,0.6883945465087891,0.6974942673917723,0.6751999186852944,0.677777880046953,15090000
2013-05-10,0.7072007060050964,0.707351760490381,0.6932471767436047,0.6949160440533778,12012000
2013-05-13,0.6859675049781799,0.7090207558557756,0.6829345907111486,0.7090207558557756,14652000
2013-05-14,0.6964321732521057,0.700679001599568,0.683844532591935,0.6915792827588364,11418000
2013-05-15,0.7149354815483093,0.7238832227917616,0.6900623121153681,0.6964320928732697,8250000
2013-05-16,0.7012860178947449,0.7264613003671889,0.6987071349373957,0.7208504251453692,8520000
2013-05-17,0.7276753187179565,0.7287363344630245,0.7076559009442703,0.7173616837638663,9216000
2013-05-20,0.7235801815986633,0.7363197962193231,0.7193332998806969,0.7317698834903953,16860000
2013-05-21,0.722063422203064,0.7313151180944498,0.7152386327139438,0.7313151180944498,9300000
2013-05-22,0.6890013217926025,0.7451157122428386,0.6783847119548913,0.7282812432396805,25668000
2013-05-23,0.6882423758506775,0.6918822740252744,0.6498724718756717,0.6683749395655252,18678000
2013-05-24,0.6880913376808167,0.6880913376808167,0.6673130178623625,0.6748967132645936,6270000
2013-05-28,0.7064418792724609,0.7244903173521154,0.7014370662680072,0.7244903173521154,11004000
2013-05-29,0.7150865793228149,0.7217603135787398,0.6868774090739529,0.6868774090739529,5958000
2013-05-30,0.7479975819587708,0.7561872850384805,0.7196364352803074,0.7196364352803074,11388000
2013-05-31,0.7261581420898438,0.752395411854816,0.7206983223395835,0.7304050241263952,9222000
2013-06-03,0.7279783487319946,0.7448128208932165,0.7018921251937409,0.7232765118662632,14388000
2013-06-04,0.7376850247383118,0.7605854356649941,0.7270684125436582,0.7340451255471899,24846000
2013-06-05,0.7034088969230652,0.7331349579440759,0.7008309362939954,0.7331349579440759,13428000
2013-06-06,0.6979493498802185,0.7176657393366201,0.6792948983768057,0.7023472341940317,11610000
2013-06-07,0.7313149571418762,0.7325279490478993,0.6965840331061416,0.7111435699641856,11730000
2013-06-10,0.7428408265113831,0.7470876551091399,0.7255513488472859,0.7429928030849142,10980000
2013-06-11,0.6953712701797485,0.7275233223956233,0.6927923869232977,0.7272202912737062,16632000
2013-06-12,0.6698919534683228,0.716906572974378,0.6674650470841186,0.7125086899202532,17346000
2013-06-13,0.7103856801986694,0.7132666719555273,0.6629151347525446,0.6661000253894912,14190000
2013-06-14,0.7026510238647461,0.7278263076712366,0.6985561174388687,0.7255513777363962,8658000
2013-06-17,0.7328312397003174,0.7463297659737593,0.7214565347867223,0.7214565347867223,12372000
2013-06-18,0.7684721350669861,0.7713539952705929,0.7357130978250755,0.7487557485212704,15378000
2013-06-19,0.7434477806091309,0.778936752416273,0.7411728506911299,0.7696850561658123,16416000
2013-06-20,0.6741378307342529,0.71569354979265,0.6670100105182704,0.71569354979265,19248000
2013-06-21,0.6792946457862854,0.6946122231765993,0.6545733968051939,0.6758067241074595,19020000
2013-06-24,0.6371330618858337,0.6653422412029198,0.6218145577381874,0.6529055974971449,22710000
2013-06-25,0.6842995882034302,0.6877875647824647,0.652602544090912,0.6542704898481814,13842000
2013-06-26,0.6930962204933167,0.7062907909740832,0.6809626113071428,0.7041669157952242,11466000
2013-06-27,0.7021958827972412,0.7200914199560741,0.700830914247897,0.7128116238519699,11340000
2013-06-28,0.711598813533783,0.721001564990526,0.6847546060049963,0.704015984448417,11352000
2013-07-01,0.7062907814979553,0.7291911867915323,0.7041669063475918,0.7169065232634847,8286000
2013-07-02,0.7081108093261719,0.7294951387928397,0.6940062227425159,0.706290832926465,12954000
2013-07-03,0.7193334698677063,0.7279782355853606,0.6870294452570591,0.6870294452570591,6444000
2013-07-05,0.7473906874656677,0.7504245238878166,0.7226703580453984,0.7325281161941908,11562000
2013-07-08,0.7029539942741394,0.7660451560855615,0.6956742510926608,0.7660451560855615,29700000
2013-07-09,0.7246413230895996,0.7308600498858879,0.7167554644147407,0.7219113858246675,10788000
2013-07-10,0.7495144009590149,0.7533053532626512,0.7223663031610439,0.7228212564892681,14016000
2013-07-11,0.7972880005836487,0.7980459849651848,0.7725667535491445,0.7812115179617921,13638000
2013-07-12,0.8109376430511475,0.8142736424182596,0.7972880653070458,0.8038089553000616,8298000
2013-07-15,0.8107857704162598,0.8174586378234002,0.8050229183662494,0.8174586378234002,8160000
2013-07-16,0.8174585103988647,0.8292881658114871,0.8047188940095635,0.8059328080954579,11532000
2013-07-17,0.8195825219154358,0.8292883038814207,0.8129087866197452,0.8289852727779372,13026000
2013-07-18,0.7992590665817261,0.8259522150128744,0.7906143554380103,0.8259522150128744,14046000
2013-07-19,0.7944063544273376,0.7944063544273376,0.7713539685725505,0.7862165954003233,12150000
2013-07-22,0.7886434197425842,0.8000181238255539,0.7784817621454126,0.8000181238255539,6804000
2013-07-23,0.7799986600875854,0.8130606698869155,0.7763587615111832,0.7889464028366815,13200000
2013-07-24,0.737230122089386,0.788643559333888,0.734348207339336,0.788643559333888,20934000
2013-07-25,0.7504245042800903,0.7508795119332664,0.722973370246215,0.7278262609069165,9228000
2013-07-26,0.7301012277603149,0.7489076512474179,0.7181205160420209,0.7489076512474179,10296000
2013-07-29,0.7181204557418823,0.7344999713719126,0.7120537053138358,0.729191205416629,7278000
2013-07-30,0.7420827746391296,0.746935664977936,0.724945220865463,0.7254002284884582,7872000
2013-07-31,0.7526995539665222,0.7669551971360543,0.7440548410879932,0.7492107636533418,7854000
2013-08-01,0.793496310710907,0.7950132561216611,0.7724150109606324,0.7777237775121839,11010000
2013-08-02,0.778481662273407,0.7859134354976695,0.7636190921197152,0.7859134354976695,5070000
2013-08-05,0.7748419046401978,0.7783298270421367,0.7675621608950216,0.7695340598616177,3534000
2013-08-06,0.7590693235397339,0.7759037943151261,0.7502726348481803,0.7759037943151261,4620000
2013-08-07,0.7354099750518799,0.7498175928774893,0.7266132867625552,0.7467846785157268,6234000
2013-08-08,0.7376850247383118,0.7479977922136481,0.7244904511889364,0.74723975333518,4242000
2013-08-09,0.7267652750015259,0.7392009400339556,0.7213053998948884,0.7355610413757329,4308000
2013-08-12,0.7348031401634216,0.7411729228586021,0.7158456601939097,0.7159967147307462,3732000
2013-08-13,0.7593724131584167,0.7624053278925627,0.72661337597666,0.7416279256451964,8910000
2013-08-14,0.7255514860153198,0.744660943710698,0.7214565789783318,0.7429929435503164,12360000
2013-08-15,0.6758067607879639,0.7021959566422608,0.6748967455003027,0.7021959566422608,10518000
2013-08-16,0.6824796199798584,0.7020440279422548,0.6717119005078871,0.6756548302886927,7278000
2013-08-19,0.6686781048774719,0.6906694206576766,0.6680720426448492,0.673227964949584,6270000
2013-08-20,0.6820244789123535,0.6888493215073006,0.6697398707186417,0.6701948783045037,6636000
2013-08-21,0.6670099496841431,0.6842994247827746,0.6597302078058651,0.6755027378017773,8808000
2013-08-22,0.6896073818206787,0.6938542101539714,0.6742898038639547,0.6742898038639547,8454000
2013-08-23,0.6900623440742493,0.6993139846016443,0.6783846652573838,0.6970390550486638,9096000
2013-08-26,0.6853612661361694,0.6990108954999904,0.6820243995916747,0.6871812420293543,4092000
2013-08-27,0.6342511773109436,0.662308324716761,0.6313692627401107,0.6597304175831532,16050000
2013-08-28,0.6551804542541504,0.665190134847123,0.6394078674807925,0.6394078674807925,6834000
2013-08-29,0.6802046895027161,0.6847545492929463,0.6553323829947708,0.6592753127722137,5964000
2013-08-30,0.6615502238273621,0.6815696388774165,0.6547254343363764,0.67883970138558,7362000
2013-09-03,0.6777778267860413,0.7037120726554793,0.6680720443839289,0.692034391328489,7626000
2013-09-04,0.7297981977462769,0.734348057561363,0.6847545530337592,0.6906693816410927,17016000
2013-09-05,0.7469356060028076,0.7510304573320469,0.733740982602354,0.7357128810211763,5136000
2013-09-06,0.7378360033035278,0.7557324662762015,0.7188785788987674,0.7543674974402578,10566000
2013-09-09,0.7674102187156677,0.7705951101369057,0.7392010409425519,0.7408699630990827,5964000
2013-09-10,0.8100278377532959,0.8113928066378013,0.7843966227832005,0.7846996539028752,10008000
2013-09-11,0.8030511140823364,0.8091179200030982,0.7818187035636319,0.7998662226732931,4254000
2013-09-12,0.7890985012054443,0.8089659427502567,0.7856096566068577,0.8074489971975349,3576000
2013-09-13,0.7995631098747253,0.7998661409797143,0.7768138103641601,0.7868234913010871,2934000
2013-09-16,0.8091177940368652,0.8294401859274572,0.8065389110625749,0.8282271937547222,6642000
2013-09-17,0.8254971504211426,0.8295920016242445,0.8136674959077004,0.8136674959077004,5118000
2013-09-18,0.846729576587677,0.8488525838651318,0.8139706012560675,0.8242833116874747,6474000
2013-09-19,0.8379329442977905,0.8606822959884399,0.8303501705787293,0.8508245382855707,5850000
2013-09-20,0.824435293674469,0.8523414331792406,0.8207953954495164,0.8364168716652477,4320000
2013-09-23,0.8138187527656555,0.8389949588380936,0.803658017292237,0.827317277963837,12870000
2013-09-24,0.8301982283592224,0.839904877714422,0.8136676573037415,0.8235253611758454,5820000
2013-09-25,0.8323221206665039,0.8455166923083984,0.8162456348899667,0.8350520039862371,4452000
2013-09-26,0.8311080932617188,0.8464265924225473,0.8210984139748501,0.8433927021246302,6276000
2013-09-27,0.811998724937439,0.8229184205685779,0.8053259120786961,0.818823568606029,3846000
2013-09-30,0.8135155439376831,0.8197334024122184,0.7766616650421782,0.7895532573955916,8412000
2013-10-01,0.8345970511436462,0.840966833132811,0.8130606902351681,0.8188235964522215,5850000
2013-10-02,0.833079993724823,0.833079993724823,0.8148805570740532,0.8148805570740532,2394000
2013-10-03,0.8264073133468628,0.8459717217146395,0.8004730685921823,0.8277722821610999,4836000
2013-10-04,0.84490966796875,0.8515824803047092,0.8264071998521735,0.8264071998521735,4698000
2013-10-07,0.8323221206665039,0.8493076454933031,0.8159426037936771,0.8251933778566551,3126000
2013-10-08,0.7927381992340088,0.8391468065552846,0.7831834731999578,0.8339899631725866,6852000
2013-10-09,0.7825764417648315,0.7998659153637897,0.7569452352666115,0.7931931039734669,7686000
2013-10-10,0.8358099460601807,0.8396018208627188,0.8035059237243749,0.8059328299056564,10824000
2013-10-11,0.8435448408126831,0.8493076931101431,0.818217579553183,0.8265583929772148,6798000
2013-10-14,0.8600763082504272,0.8631092227414987,0.8189755384750299,0.8203405072879757,5442000
2013-10-15,0.8380849361419678,0.8653840935820533,0.8341420065524764,0.8611372650917981,6456000
2013-10-16,0.8618960380554199,0.8640190451819577,0.839449774750842,0.84354462603673,4344000
2013-10-17,0.8800957798957825,0.8819157022689703,0.8355070851279544,0.8485497355790398,5004000
2013-10-18,0.8860103487968445,0.8898012469633233,0.8652320309467803,0.8898012469633233,6288000
2013-10-21,0.8964752554893494,0.8978401700848924,0.8841905902205901,0.8932903101301249,4620000
2013-10-22,0.8905602693557739,0.9019349172330137,0.8752417701989512,0.9019349172330137,6168000
2013-10-23,0.8025961518287659,0.8508246928859862,0.7904634621761029,0.8508246928859862,13896000
2013-10-24,0.8221603631973267,0.8308050740137044,0.8165485664271784,0.8165485664271784,5088000
2013-10-25,0.8312602043151855,0.834142064285175,0.82216048453868,0.8297432589207854,7236000
2013-10-28,0.8483977913856506,0.851582682779651,0.8256484896590578,0.8311083112257173,3276000
2013-10-29,0.8857066035270691,0.8869205178213704,0.8568914207653252,0.8568914207653252,6594000
2013-10-30,0.8726638555526733,0.8961711912113334,0.8620471915428856,0.8904083397193544,4176000
2013-10-31,0.8875263333320618,0.9032998392867408,0.8737257020910186,0.874938694065939,6642000
2013-11-01,0.8778206706047058,0.8985980682580936,0.869023928941705,0.8946551389551113,4572000
2013-11-04,0.8761517405509949,0.888891357157461,0.870995873473649,0.888891357157461,2082000
2013-11-05,0.8682659864425659,0.8787306740540946,0.8467296270118324,0.8565873846542881,3276000
2013-11-06,0.8779716491699219,0.8828254068715302,0.8625020965394441,0.8810054850272838,2826000
2013-11-07,0.82746821641922,0.8753937695455495,0.8236772636527022,0.8753937695455495,7236000
2013-11-08,0.8549194931983948,0.8558295085970685,0.8189755663476926,0.8238284575007225,5514000
2013-11-11,0.8543124198913574,0.8568913026488358,0.8389948423696998,0.8467295922911033,2082000
2013-11-12,0.8685691356658936,0.8709960422932599,0.8462747887237566,0.8462747887237566,4428000
2013-11-13,0.8931384086608887,0.8938963932394116,0.8526445673352555,0.858407473915051,2928000
2013-11-14,0.8807017803192139,0.8925314383589026,0.8750909044760853,0.8925314383589026,2946000
2013-11-15,0.8973850607872009,0.9008729824105783,0.869781952687472,0.8851003976518714,3630000
2013-11-18,0.8731188178062439,0.9014799102700238,0.8678109199860498,0.9008729803420847,7848000
2013-11-19,0.8426347970962524,0.8791856503126179,0.8403598673058504,0.8779717903429162,6336000
2013-11-20,0.8300472497940063,0.8521896202154357,0.8236774131178769,0.8458197835393062,5040000
2013-11-21,0.8743318915367126,0.8760007591593756,0.8383879683172779,0.8388429217320427,4164000
2013-11-22,0.8758489489555359,0.879185817017022,0.8628063519635429,0.8711471661518876,2322000
2013-11-25,0.8728159070014954,0.880550657781494,0.8565874446147131,0.880550657781494,3900000
2013-11-26,0.895261287689209,0.9008730850343265,0.8752418725412314,0.8866165217485122,5604000
2013-11-27,0.9069399833679199,0.9072429602508805,0.8799437993443043,0.8861616595100232,4746000
2013-11-29,0.9067878723144531,0.9184655520821217,0.9042099114996104,0.9099727631002215,2976000
2013-12-02,0.9019350409507751,0.9163426048066239,0.8982951422830564,0.9148256594499838,5214000
2013-12-03,0.9111856818199158,0.9199824232260487,0.8940481829088578,0.89586810485737,5022000
2013-12-04,0.899660050868988,0.9175555356187881,0.8811566598541829,0.907394801121246,2712000
2013-12-05,0.9055749773979187,0.9163426430352618,0.8990531643212577,0.9008731408503476,3810000
2013-12-06,0.9368170499801636,0.9465236997683167,0.9266553382698002,0.9465236997683167,4728000
2013-12-09,0.9440967440605164,0.954561431489489,0.9392437993683359,0.9521344709959791,3150000
2013-12-10,0.936058759689331,0.9483433672212288,0.926200135970048,0.9409117036092444,1938000
2013-12-11,0.9084559082984924,0.942731888589513,0.9046649549819844,0.9395469974866236,3504000
2013-12-12,0.8855555057525635,0.9114897493246256,0.882218638250372,0.9057259754087029,4140000
2013-12-13,0.8808537125587463,0.899963167543608,0.8750908604174054,0.8948063233737983,4620000
2013-12-16,0.9163424968719482,0.9324190350058311,0.8999630361544372,0.8999630361544372,3594000
2013-12-17,0.9448548555374146,0.9513766140440251,0.916342596465942,0.916342596465942,5094000
2013-12-18,0.9636611342430115,0.9662390949621762,0.9029959638054704,0.946826665652797,6684000
2013-12-19,0.9463716149330139,0.962144200372981,0.9337840286753224,0.962144200372981,3366000
2013-12-20,0.970486044883728,0.9783727728492593,0.9463717753348496,0.9463717753348496,7314000
2013-12-23,0.9946004748344421,0.9983922963357001,0.9803438551576338,0.9882305835349036,4920000
2013-12-24,1.00642991065979,1.0127998012355572,0.9964202840698418,1.0021831361472526,2052000
2013-12-26,1.0156813859939575,1.0200793767882708,1.0058227618327271,1.0115865889512194,4362000
2013-12-27,1.0129517316818237,1.0250843653052308,1.0108278563748123,1.0187145834967775,2088000
2013-12-30,1.020686388015747,1.0270561692362286,1.0080978258380489,1.0080978258380489,2718000
2013-12-31,1.046771764755249,1.047681671584696,1.0275112023809483,1.0275112023809483,4722000
2014-01-02,0.9997572898864746,1.027056452776937,0.9894436002356927,1.027056452776937,7344000
2014-01-03,0.9961168169975281,1.004154650159714,0.9814053596134324,1.004154650159714,4176000
2014-01-06,0.9773103594779968,1.0014246159534799,0.9729124783183416,1.0014246159534799,3546000
2014-01-07,1.0000600814819336,1.0035480577073237,0.9826186816740361,0.98610752571711,2796000
2014-01-08,1.0441938638687134,1.046468739550226,1.016136666046936,1.0228094249900899,4404000
2014-01-09,1.0220513343811035,1.0546583869287973,1.0102216789564835,1.0546583869287973,2556000
2014-01-10,1.0344873666763306,1.0388862273426724,1.0202317213573997,1.0222027528561897,2616000
2014-01-13,0.9976330995559692,1.0391887608908839,0.9895952647374887,1.0291791360742182,5268000
2014-01-14,1.0661852359771729,1.0684602203742153,0.9983922847128167,1.0021832383521188,8208000
2014-01-15,1.0931806564331055,1.1022803779264212,1.0752850581869882,1.0781661051214106,5568000
2014-01-16,1.0749807357788086,1.0934841256284034,1.0692178845484936,1.0904503437863664,6768000
2014-01-17,1.0564781427383423,1.0786205049649285,1.0496533008831312,1.0619380162225112,4092000
2014-01-21,1.0772558450698853,1.0775597982186462,1.0504116402144248,1.0701280244065057,5472000
2014-01-22,1.1141095161437988,1.114716446000117,1.0696728131461053,1.0772555854099772,3648000
2014-01-23,1.0761947631835938,1.0936352943883907,1.0573882870060969,1.0825645446954217,6252000
2014-01-24,1.000666856765747,1.061786162010379,0.9991500201662836,1.0567812412475925,8844000
2014-01-27,0.9815576076507568,1.0135576234935464,0.9632061936166196,1.0131026700999248,8034000
2014-01-28,0.993538498878479,0.9985433128232468,0.9621444292746164,0.9742780413208711,4476000
2014-01-29,0.9795856475830078,1.0076427322542783,0.9745807266583307,0.9745807266583307,6654000
2014-01-30,1.0176526308059692,1.0262973970088554,0.9971782073732841,1.0030930359881836,5076000
2014-01-31,1.0018800497055054,1.0164396446095163,0.975490905978853,0.9871685866998567,3480000
2014-02-03,0.9386370778083801,0.9996052938607103,0.9301442871149685,0.9996052938607103,7428000
2014-02-04,0.9401535391807556,0.9466744274568737,0.9246840435058752,0.939394632881291,6804000
2014-02-05,0.9439448118209839,0.9565333750255468,0.9120957946434118,0.9349970691978592,4200000
2014-02-06,0.9888375997543335,0.9949035383896482,0.9588084970024543,0.9595665359370487,7758000
2014-02-07,1.0366109609603882,1.0394920072649079,0.9912634721994235,1.0023350904841666,7098000
2014-02-10,1.0525356531143188,1.0569335368286676,1.0299373518705643,1.0303924138354819,4908000
2014-02-11,1.092725396156311,1.1007641003370852,1.0546585710956906,1.057691485611449,6120000
2014-02-12,1.123513102531433,1.1286690233002052,1.1044037610076185,1.1101666116459736,8586000
2014-02-13,1.1638550758361816,1.1638550758361816,1.1004599185042119,1.1037968939663807,5844000
2014-02-14,1.1831166744232178,1.1875145578878554,1.1488408016993275,1.1637033741272658,7818000
2014-02-18,1.192671298980713,1.1990410805145455,1.1677980180406555,1.1990410805145455,5424000
2014-02-19,1.1899415254592896,1.2070790822477753,1.1800828986700074,1.187666541182702,4584000
2014-02-20,1.217998743057251,1.2208806574280933,1.1861497220464603,1.1923675279644153,5178000
2014-02-21,1.1994959115982056,1.2299800644306065,1.1885762717284176,1.2228512686136443,5064000
2014-02-24,1.21329665184021,1.236045947790634,1.2088987692070075,1.21708847235828,4512000
2014-02-25,1.1955519914627075,1.21815028380553,1.1755326356854983,1.2085955049868295,6354000
2014-02-26,1.218757152557373,1.2446913524202723,1.203591489849718,1.203591489849718,5082000
2014-02-27,1.2170884609222412,1.2252782724737603,1.192367266666627,1.2132966404398,3162000
2014-02-28,1.21329665184021,1.2292212132441067,1.1893343638419227,1.2267951206711805,4836000
2014-03-03,1.1934298276901245,1.2011646902625435,1.1579409495783812,1.1770503037626814,8346000
2014-03-04,1.2553074359893799,1.2601602722290395,1.2296762250545792,1.2301311784520472,7014000
2014-03-05,1.26319420337677,1.2739618680390996,1.2483306562788634,1.255307476415697,3366000
2014-03-06,1.2920089960098267,1.29337396437088,1.260463940424839,1.273961539028441,3126000
2014-03-07,1.2859432697296143,1.307478703656084,1.2736586619953894,1.3041427046658274,3978000
2014-03-10,1.2777537107467651,1.294284225986256,1.2603122039726866,1.27547872688592,1980000
2014-03-11,1.2574304342269897,1.2989862106053394,1.2468147456368888,1.2904934210833887,2088000
2014-03-12,1.2891284227371216,1.2891284227371216,1.2316481927357337,1.2377149977158663,2508000
2014-03-13,1.2246716022491455,1.3086930757125728,1.2038941987850043,1.3027782461951127,5796000
2014-03-14,1.205259084701538,1.2360462225676307,1.2028322322487164,1.213296921559965,3678000
2014-03-17,1.2484830617904663,1.2604646990087838,1.2278567643857805,1.2305865942735967,4002000
2014-03-18,1.3017159700393677,1.3036878685565039,1.2478755905085257,1.2628901365286513,8142000
2014-03-19,1.2988345623016357,1.3258307508618672,1.2742653350523883,1.3038393767657162,6624000
2014-03-20,1.3719359636306763,1.372694002409758,1.2782088293812508,1.2782088293812508,6588000
2014-03-21,1.335839867591858,1.3896801346045886,1.324920119686099,1.388163298049651,7470000
2014-03-24,1.319308876991272,1.3555567608743333,1.2863987290463403,1.3555567608743333,9888000
2014-03-25,1.3466079235076904,1.3696611773323506,1.3256785452159665,1.3294703665170435,6858000
2014-03-26,1.3058110475540161,1.3952914129502922,1.303688148320791,1.37405905782416,8124000
2014-03-27,1.273506760597229,1.3174884055233218,1.264255066041575,1.2947391105107293,5778000
2014-03-28,1.3009586334228516,1.330077725957383,1.2815452180438682,1.2876120256068864,4116000
2014-03-31,1.3635941743850708,1.373603908612503,1.3240104078337094,1.331442072772069,9546000
2014-04-01,1.4272927045822144,1.4272927045822144,1.3784571207309817,1.393016718398965,8106000
2014-04-02,1.418344497680664,1.4407899509045454,1.3978701838215968,1.4407899509045454,7266000
2014-04-03,1.4268373250961304,1.46672417896167,1.4056049719314248,1.4256243329125329,6804000
2014-04-04,1.3068733215332031,1.465814723789139,1.3015645536235911,1.465814723789139,15960000
2014-04-07,1.2707771062850952,1.3278023872955722,1.2469658142317999,1.2845786629145148,9858000
2014-04-08,1.3183987140655518,1.3229485740804388,1.2745689274605159,1.2815447720109139,5208000
2014-04-09,1.3608641624450684,1.365111044845857,1.3194604760691961,1.3455466393440887,7512000
2014-04-10,1.2354402542114258,1.366779388447253,1.2314964559600254,1.3655663960375501,11070000
2014-04-11,1.1764428615570068,1.2454497728857035,1.1668881886226123,1.1981311446912626,9384000
2014-04-14,1.2040460109710693,1.2243684581517877,1.1724999685796782,1.2037420578102873,5760000
2014-04-15,1.228918433189392,1.2393831227735497,1.1647653267406677,1.2170887746614552,6870000
2014-04-16,1.2217903137207031,1.2536393281976774,1.1708318471666639,1.2536393281976774,5334000
2014-04-17,1.2923130989074707,1.3082376593146883,1.219060294597778,1.219060294597778,10782000
2014-04-21,1.32643723487854,1.3273472501464902,1.2756298751175932,1.29731815650779,6312000
2014-04-22,1.3643524646759033,1.3740591153782482,1.3267404813713812,1.334627318122356,5940000
2014-04-23,1.3587418794631958,1.3778512317698082,1.347215195387649,1.3685995325749054,2610000
2014-04-24,1.37982177734375,1.3943813717148419,1.3284083520971715,1.3943813717148419,6888000
2014-04-25,1.2463597059249878,1.344939777070677,1.2378659406960915,1.344939777070677,12810000
2014-04-28,1.223610520362854,1.2779049988875812,1.1755330885863944,1.255004588765211,7662000
2014-04-29,1.2459043264389038,1.2607668931198106,1.2183012236396866,1.240899514862045,3888000
2014-04-30,1.2710798978805542,1.2710798978805542,1.2319510857597529,1.2325581241912575,4680000
2014-05-01,1.2584927082061768,1.306114324082063,1.2519709481917938,1.2730523061105772,4398000
2014-05-02,1.2660752534866333,1.2851847086959984,1.2465108448247555,1.2465108448247555,4212000
2014-05-05,1.2721420526504517,1.2819998113156417,1.234985134377845,1.2524256675023315,2844000
2014-05-06,1.2569750547409058,1.2936778735785586,1.2565201014617031,1.2777534240346968,2064000
2014-05-07,1.2594021558761597,1.273354818545404,1.2274011654409158,1.268804959419617,3090000
2014-05-08,1.285184621810913,1.338266968581354,1.2477246205421673,1.2480277058689162,7788000
2014-05-09,1.2747197151184082,1.2841233859482117,1.246814499833561,1.2812414723853727,2988000
2014-05-12,1.3437268733978271,1.3478216712390003,1.2824547128115602,1.2824547128115602,9942000
2014-05-13,1.3140007257461548,1.355252547938357,1.3123327801532187,1.3540395557674276,4584000
2014-05-14,1.2804834842681885,1.312938559701792,1.2785115857922067,1.303990818157543,3846000
2014-05-15,1.2355910539627075,1.279876655949987,1.2061688901274705,1.2694119684607381,8310000
2014-05-16,1.2721420526504517,1.2780568814131137,1.2298283444112341,1.2334681889680026,3402000
2014-05-19,1.3129388093948364,1.3234034980435678,1.2674402102600113,1.2674402102600113,4440000
2014-05-20,1.2944363355636597,1.3256784235455907,1.273961912620868,1.3141527197474747,3666000
2014-05-21,1.3130906820297241,1.3243134085825863,1.2939813369921513,1.3073278303317164,4350000
2014-05-22,1.3323521614074707,1.3467597793329769,1.3170336603290513,1.3220385819569078,4740000
2014-05-23,1.3681442737579346,1.3705712347239514,1.3265886012605657,1.3311384615295345,7674000
2014-05-27,1.420467495918274,1.420467495918274,1.3849785263596652,1.4065149404323058,6498000
2014-05-28,1.4250174760818481,1.4376051723984287,1.4040880986953574,1.4330553124655923,4740000
2014-05-29,1.4338139295578003,1.4504964205112878,1.4257752269795225,1.4283540553499887,3030000
2014-05-30,1.4397289752960205,1.4451887418539928,1.4230455055196105,1.4324491780748452,2382000
2014-06-02,1.4630842208862305,1.4749138768802657,1.4263822608147978,1.4647530341845856,3918000
2014-06-03,1.5043368339538574,1.5094927551811224,1.456714367678656,1.4642980086001391,6246000
2014-06-04,1.5248113870620728,1.5310291921234849,1.4891704411704416,1.504639941834929,4044000
2014-06-05,1.5458918809890747,1.559845413744293,1.5067630644508003,1.5340622236434733,6264000
2014-06-06,1.5689449310302734,1.5792576416584039,1.5512004473014867,1.5568113220914204,6654000
2014-06-09,1.5801676511764526,1.6065567915044257,1.572735878102738,1.5769827605408628,6924000
2014-06-10,1.595940113067627,1.5973049731113413,1.5598450864005085,1.5832004430315538,4128000
2014-06-11,1.6191444396972656,1.6358279073772688,1.5813805980551243,1.5813805980551243,4884000
2014-06-12,1.6023104190826416,1.633249426425804,1.5836559155001078,1.6186899382255275,6840000
2014-06-13,1.64780855178833,1.6644920193540524,1.620964350551089,1.6479605283422263,6210000
2014-06-16,1.6785967350006104,1.6876964542047623,1.6400739828973256,1.6526625461164974,7470000
2014-06-17,1.716360330581665,1.7228811112431008,1.673136619150087,1.6842073669406028,6432000
2014-06-18,1.6957343816757202,1.7224266107434725,1.65281374422071,1.720910641657418,9090000
2014-06-19,1.700435996055603,1.7136306204351033,1.6667669507949057,1.7110516834515193,7944000
2014-06-20,1.7152986526489258,1.7152986526489258,1.6905774565637386,1.7036209728616287,4170000
2014-06-23,1.6963412761688232,1.7222755743889997,1.6911844864082837,1.7222755743889997,6738000
2014-06-24,1.6585772037506104,1.7327400269567428,1.6447756497941572,1.686786373771154,9162000
2014-06-25,1.676472783088684,1.6823876111487595,1.6236943924214609,1.6455337825995557,6300000
2014-06-26,1.6550883054733276,1.6792025689344563,1.6165664264235895,1.6660079453386778,5352000
2014-06-27,1.6629753112792969,1.6629753112792969,1.6344631605867088,1.642652864744517,2694000
2014-06-30,1.7149957418441772,1.7198485783536326,1.6644922236924848,1.6644922236924848,4662000
2014-07-01,1.7856694459915161,1.8091777570278105,1.7274311829771631,1.7274311829771631,9978000
2014-07-02,1.7991682291030884,1.807054088559483,1.782181782362183,1.8006841981509467,5664000
2014-07-03,1.8354148864746094,1.842391705961156,1.8032628957585277,1.8032628957585277,3942000
2014-07-07,1.7970441579818726,1.8405717196186975,1.7874894861257902,1.8354149304418759,8154000
2014-07-08,1.7698971033096313,1.798258144045865,1.7172705788448805,1.7867315728228228,10506000
2014-07-09,1.800683856010437,1.806295706590153,1.7425975739482982,1.7840013655893634,6528000
2014-07-10,1.7747502326965332,1.7967414953788545,1.7034693048237448,1.7219718314268753,6774000
2014-07-11,1.7782387733459473,1.7917363753692994,1.7533656004399893,1.7841536015833641,3882000
2014-07-14,1.8022011518478394,1.8217656681171037,1.7880966191520677,1.81130087135683,7164000
2014-07-15,1.7879444360733032,1.8188834354396104,1.737744875813747,1.8187324351762346,6828000
2014-07-16,1.849822759628296,1.8525524800659106,1.8156986507051431,1.829500205755124,5760000
2014-07-17,1.7069571018218994,1.805841134319508,1.6972513199636023,1.805841134319508,12642000
2014-07-18,1.7738398313522339,1.7786936437928829,1.7171185121958228,1.72894816811889,5280000
2014-07-21,1.788399577140808,1.7982582031295444,1.757764419198586,1.7736889824099202,3408000
2014-07-22,1.8225234746932983,1.8337471779435026,1.797196323637353,1.8200974903169083,4308000
2014-07-23,1.6966441869735718,1.8040208877884227,1.6943692030926105,1.8040208877884227,12192000
2014-07-24,1.6537233591079712,1.6986159959361893,1.64811248460622,1.6966440974617318,9876000
2014-07-25,1.5542335510253906,1.621268564785818,1.5390671346259355,1.621268564785818,10626000
2014-07-28,1.5492289066314697,1.5593906193421636,1.4920526213794814,1.5590866661522818,8148000
2014-07-29,1.5421007871627808,1.585779459585172,1.5398259116760218,1.5592383415962672,5832000
2014-07-30,1.5875999927520752,1.6000356066289294,1.5574189125614948,1.5686415339369884,5922000
2014-07-31,1.4799188375473022,1.5463468123287172,1.4689991957217634,1.5389160146702803,9606000
2014-08-01,1.5020623207092285,1.5302714994892954,1.4650565062224117,1.4711233123829626,9360000
2014-08-04,1.5208677053451538,1.534821239089908,1.4787059713382669,1.514649899367469,4602000
2014-08-05,1.4755210876464844,1.5239016041750062,1.4559566778892403,1.4985733655910516,6888000
2014-08-06,1.488715410232544,1.5179864644933547,1.4501935286680832,1.4532264427569297,8052000
2014-08-07,1.4303255081176758,1.525721575311478,1.4180408960018058,1.5202618079695511,7098000
2014-08-08,1.4782508611679077,1.4823456589690975,1.4359370465788466,1.4445818125630685,6456000
2014-08-11,1.5228393077850342,1.5468017048507188,1.4997870344478625,1.4997870344478625,7698000
2014-08-12,1.5170762538909912,1.535275797147335,1.4779474474203682,1.514042472375192,5640000
2014-08-13,1.5607553720474243,1.5607553720474243,1.5263274169177712,1.5307262763378973,5910000
2014-08-14,1.5690960884094238,1.5783477838127589,1.555143424839792,1.5621202447720315,4776000
2014-08-15,1.6164149045944214,1.6358283142779264,1.56424343391711,1.6010973779863553,7260000
2014-08-18,1.6377989053726196,1.6402257572064336,1.6036749083263844,1.6365858048873012,6054000
2014-08-19,1.6728330850601196,1.6811747658708653,1.643258942176903,1.643258942176903,4548000
2014-08-20,1.7139338254928589,1.722578591769622,1.6669182815100634,1.67283311017551,4878000
2014-08-21,1.7366831302642822,1.7388061378602222,1.7045311342808858,1.719696682998008,4374000
2014-08-22,1.7404751777648926,1.760645649644363,1.7177257683755396,1.7436600690448683,6348000
2014-08-25,1.7193933725357056,1.7749016956211652,1.7110515847146979,1.7749016956211652,6822000
2014-08-26,1.7209107875823975,1.7394132054062612,1.7154509119108898,1.7154509119108898,3456000
2014-08-27,1.7303135395050049,1.7354703299734393,1.6975545013973328,1.7200008263859607,3738000
2014-08-28,1.7673192024230957,1.7673192024230957,1.6964923695091554,1.7139337695958965,3102000
2014-08-29,1.7868835926055908,1.8032631091023634,1.7645892476939502,1.7767218813744132,5214000
2014-09-02,1.762769341468811,1.7985612891325253,1.7397160897794604,1.7985612891325253,4158000
2014-09-03,1.7782387733459473,1.8000781641788421,1.7645891947543408,1.7943143362148082,3906000
2014-09-04,1.7918885946273804,1.8334433981907814,1.7794520064900146,1.7882487499008617,6786000
2014-09-05,1.8369320631027222,1.8369320631027222,1.7874896685628687,1.7894615673222545,8496000
2014-09-08,1.848306655883789,1.878941703484243,1.8290452263238166,1.8369319530712527,5826000
2014-09-09,1.7993192672729492,1.8540695618017544,1.7918884695674675,1.8484578185147953,4278000
2014-09-10,1.797499179840088,1.8087227738597327,1.7624652732225992,1.7987131482417102,7584000
2014-09-11,1.8111491203308105,1.8120591357859228,1.7554897807227843,1.781271997110715,4134000
2014-09-12,1.741080641746521,1.7978028200024847,1.7289479023835197,1.7978028200024847,5574000
2014-09-15,1.677535057067871,1.7547308116650115,1.6757151346995702,1.7486648738386417,7626000
2014-09-16,1.7645893096923828,1.7717171305327037,1.6670702460369158,1.6711651524242854,6174000
2014-09-17,1.8062961101531982,1.8351121063820535,1.7712620914058532,1.7712620914058532,8154000
2014-09-18,1.8839467763900757,1.8839467763900757,1.813423895318181,1.8322302645144812,6774000
2014-09-19,1.8166089057922363,1.904725278123082,1.8062961933133352,1.8995684879747459,6696000
2014-09-22,1.7501806020736694,1.8078128034490624,1.7401708683306727,1.8002290538342516,8310000
2014-09-23,1.7365309000015259,1.7779346947416017,1.7099906512376428,1.7224263689953772,5520000
2014-09-24,1.7988637685775757,1.8018976584074031,1.7445693117635015,1.7491191702136033,4500000
2014-09-25,1.7014974355697632,1.7947696277566891,1.684511854203853,1.7947696277566891,8892000
2014-09-26,1.7606452703475952,1.7755087078230432,1.725308280041035,1.727128202026494,5322000
2014-09-29,1.7680768966674805,1.7849114729817552,1.6977060028709012,1.7060468146036456,4182000
2014-09-30,1.7239435911178589,1.772930166978533,1.7061991048071452,1.7709591359336143,5490000
2014-10-01,1.5982149839401245,1.7160564704254169,1.5856272904858146,1.7160564704254169,13020000
2014-10-02,1.5716749429702759,1.5909353965104598,1.4849235509625038,1.5909353965104598,17538000
2014-10-03,1.5954853296279907,1.6303682382257774,1.574252976438618,1.6188416666290637,10464000
2014-10-06,1.556963324546814,1.6156566512342871,1.5263273011601117,1.614746635972598,7080000
2014-10-07,1.469454050064087,1.5510485441094104,1.469454050064087,1.5416458482830673,6960000
2014-10-08,1.5663663148880005,1.5742530424426662,1.4294153476292608,1.474004039689186,11916000
2014-10-09,1.4409418106079102,1.5621201722774265,1.4368469047773271,1.5621201722774265,11388000
2014-10-10,1.142318844795227,1.3234034341762544,1.1044039982092748,1.3234034341762544,57942000
2014-10-13,1.0684598684310913,1.1853913376874536,1.0684598684310913,1.1467174834944391,18840000
2014-10-14,1.1288212537765503,1.1875144769685004,1.0984891809400823,1.1253333859505206,30090000
2014-10-15,1.1436837911605835,1.167798057913912,1.0416158489547391,1.0683080765956727,41124000
2014-10-16,1.1932775974273682,1.2213357772412032,1.0843847838312588,1.09424254429366,31764000
2014-10-17,1.222396731376648,1.2824549338208016,1.215571886336525,1.2625875457669444,43908000
2014-10-20,1.280179738998413,1.2832135209853168,1.1985861144253314,1.2157235601955259,16344000
2014-10-21,1.4194055795669556,1.4241074155743338,1.3124837199622956,1.328257173500521,22548000
2014-10-22,1.3604093790054321,1.462023348229432,1.357679441435851,1.4465537381608777,32538000
2014-10-23,1.4192544221878052,1.4413967886731338,1.3999929932348956,1.4084857818616976,17814000
2014-10-24,1.4650561809539795,1.471273986041173,1.4180406403119428,1.4180406403119428,15600000
2014-10-27,1.4800711870193481,1.489170908912785,1.4221358787509495,1.440942361182122,24660000
2014-10-28,1.5445266962051392,1.5460436413798155,1.4881083549810166,1.4978151118546144,18132000
2014-10-29,1.5537784099578857,1.565153112406704,1.50054506718179,1.5378539567021827,24510000
2014-10-30,1.5013028383255005,1.541190660620368,1.4383637215221325,1.541190660620368,17796000
2014-10-31,1.675866961479187,1.696037322976118,1.618993660332571,1.618993660332571,30552000
2014-11-03,1.7069571018218994,1.732891291999633,1.6757150130366716,1.704531117385489,12402000
2014-11-04,1.6927013397216797,1.7200004967538758,1.6502356589066416,1.6916393478623102,8046000
2014-11-05,1.7425978183746338,1.7463897476341035,1.6820846760825794,1.7289482398533556,13212000
2014-11-06,1.6981611251831055,1.7254603910002202,1.6629752408754868,1.7156016568589543,11454000
2014-11-07,1.6482638120651245,1.7089290452791224,1.6071640722469303,1.69816127120462,16014000
2014-11-10,1.685572624206543,1.6931563746103564,1.639923026683498,1.6632783874914088,3756000
2014-11-11,1.670862078666687,1.69770628437459,1.6573636078528773,1.69770628437459,4548000
2014-11-12,1.6678285598754883,1.6743503195914278,1.6409843499264642,1.6485679932747341,3774000
2014-11-13,1.6707100868225098,1.7207586532851733,1.6531175775714133,1.6808717983883035,7716000
2014-11-14,1.7118107080459595,1.716208590765563,1.633249023451231,1.655392366198751,9924000
2014-11-17,1.6896673440933228,1.702103929703966,1.6464436272421947,1.6910323127077542,10320000
2014-11-18,1.7873386144638062,1.8014431474284978,1.6970993479422147,1.6970993479422147,10830000
2014-11-19,1.7529104948043823,1.7970442287785895,1.726370244829951,1.791433353817715,8220000
2014-11-20,1.801746129989624,1.8047790442791318,1.7052889549894337,1.714388674152839,8310000
2014-11-21,1.8558894395828247,1.8745438308022466,1.8179736186988007,1.8615011824073548,12906000
2014-11-24,1.9132177829742432,1.9167057592270578,1.8578614281283024,1.8690840465027256,9054000
2014-11-25,1.9124597311019897,1.9335403243878047,1.900933159660518,1.9261094185088712,6144000
2014-11-26,2.0357606410980225,2.0372767183232536,1.9223171470541645,1.9223171470541645,10092000
2014-11-28,2.047438859939575,2.072160166186601,2.0137699191586003,2.0530506031832374,6168000
2014-12-01,1.976006031036377,2.058358680533935,1.9497688633023051,2.0313623892291424,13002000
2014-12-02,2.013617515563965,2.014072468928241,1.9358148494584693,1.992688142126496,8928000
2014-12-03,2.1387391090393066,2.146777921352179,2.0321211959171577,2.0321211959171577,10110000
2014-12-04,2.1479909420013428,2.186967672802922,2.108104087374451,2.1677073265059232,11634000
2014-12-05,2.2139639854431152,2.2139639854431152,2.1517826762176737,2.1639154188149816,6846000
2014-12-08,2.1185691356658936,2.224581119922423,2.077013458391189,2.2101725223122766,15150000
2014-12-09,2.112804889678955,2.131156414317702,2.007703050164089,2.0124048866398,12642000
2014-12-10,1.9945082664489746,2.1231184033754533,1.9831335639889152,2.1147765065323076,11838000
2014-12-11,2.022869110107422,2.097334792998105,2.0087644724976155,2.0286318521272286,9138000
2014-12-12,1.922773003578186,2.0096754240539383,1.9173133439768513,1.9716085902112908,10422000
2014-12-15,1.8681740760803223,2.00618702389436,1.8502777233200216,1.957199367792121,16956000
2014-12-16,1.8363251686096191,1.9514368559009385,1.821917658093501,1.8451220203277412,16812000
2014-12-17,1.9547733068466187,1.963569289359451,1.7956792301737954,1.8414818851862602,15510000
2014-12-18,2.062605381011963,2.062605381011963,2.003457309160333,2.0468319254518392,21252000
2014-12-19,2.0465292930603027,2.0897529140465556,2.0143770753464123,2.084141169870605,15420000
2014-12-22,2.1373746395111084,2.1437444225963005,2.0670037232322716,2.075345405447617,10992000
2014-12-23,2.125316858291626,2.1882590872708922,2.1194018200861993,2.1840122707858014,16380000
2014-12-24,2.1327483654022217,2.1582283901297448,2.123344361725538,2.133051461404813,3030000
2014-12-26,2.141089916229248,2.1639920024716948,2.1304737433012924,2.155801899840287,3072000
2014-12-29,2.121978998184204,2.1360841342673678,2.0951340681296613,2.1291081538255727,5970000
2014-12-30,2.085428476333618,2.111211602068595,2.0786034993799323,2.0786034993799323,5286000
2014-12-31,2.04478120803833,2.136084716954532,2.043568172947068,2.091343443941697,8412000
2015-01-02,2.044933319091797,2.113031647477453,1.9859339472739062,2.081333484604867,15978000
2015-01-05,1.9292103052139282,2.024760838128607,1.9245085200294967,1.9888156459164024,12648000
2015-01-06,1.797866702079773,1.9337604678691296,1.781031637851034,1.9269354916730919,13386000
2015-01-07,1.852314829826355,1.8779469437376677,1.799079501751622,1.8294127494287764,8574000
2015-01-08,2.0189974308013916,2.0582786229575674,1.9110097883850299,1.9261769528859813,13884000
2015-01-09,2.024003028869629,2.0497861517899105,1.9451355764221103,2.043719024133181,11070000
2015-01-12,1.9023659229278564,1.9962482616957054,1.8706675372164923,1.9962482616957054,10962000
2015-01-13,1.845642328262329,2.014296316334438,1.8166732200715174,1.9446809814967034,12708000
2015-01-14,1.816066861152649,1.8711220764917569,1.7594946468749937,1.7854297527984184,9324000
2015-01-15,1.7717797756195068,1.888108345352215,1.7669266588616388,1.8512532102049195,6774000
2015-01-16,1.8322945833206177,1.839119558351794,1.7320420636093994,1.7553992209819653,8616000
2015-01-20,1.8902318477630615,1.910099929356843,1.8174314294746323,1.8473095970593403,9438000
2015-01-21,1.9522643089294434,1.9760763393895646,1.852467575504691,1.874762823537643,9642000
2015-01-22,1.9889676570892334,1.9936687912001314,1.8366928289678655,1.958027564278696,12336000
2015-01-23,1.97152578830719,2.002010913914572,1.9377035688697535,1.9666725634268512,9594000
2015-01-26,1.9921530485153198,1.995338052308838,1.9141955244646267,1.9694028354512378,6576000
2015-01-27,1.877643346786499,1.9337605927772332,1.8385131480598071,1.9110103813714865,15486000
2015-01-28,1.8495851755142212,2.0003430246921505,1.8471582374910505,1.9413436536575635,13218000
2015-01-29,1.8548933267593384,1.8752174701105944,1.7510017759966328,1.8218302526588082,15474000
2015-01-30,1.7408396005630493,1.863993257769924,1.7365925673593645,1.8057530351374276,10230000
2015-02-02,1.7567646503448486,1.7684427436096921,1.6434689967965892,1.758129667367928,14562000
2015-02-03,1.8515571355819702,1.8544381752621808,1.7702627397737911,1.7831547360323912,10800000
2015-02-04,1.8737003803253174,1.9119206421177721,1.8234981691924859,1.8385132487935816,8946000
2015-02-05,1.9249638319015503,1.9269358005759325,1.8676335453477628,1.882952372526046,6324000
2015-02-06,1.895843505859375,1.9824458824262798,1.8793122952888035,1.9369456747352884,11220000
2015-02-09,1.8338117599487305,1.8871980966660964,1.8200097181534374,1.8635379495017435,6336000
2015-02-10,2.019603967666626,2.0209690931274853,1.8887152958767928,1.9010003402140825,10446000
2015-02-11,2.039928436279297,2.0626784336515103,1.9599989391363732,2.016874258010092,9228000
2015-02-12,2.138360023498535,2.13851189698449,2.062223458406132,2.0776935086475925,8820000
2015-02-13,2.1838605403900146,2.2013025618039803,2.1257721783232904,2.1740024310385078,8976000
2015-02-17,2.205699920654297,2.210857109441905,2.160048711146957,2.184618799554256,5856000
2015-02-18,2.1840124130249023,2.2037294976099377,2.1597451986183773,2.1991793677884477,5652000
2015-02-19,2.2040319442749023,2.2231421820284045,2.162929778302962,2.1692997852334335,5124000
2015-02-20,2.243314027786255,2.2458919710917558,2.167934679143475,2.187499667652157,6198000
2015-02-23,2.1987240314483643,2.2430103343399312,2.1753669770794066,2.241494203218011,5010000
2015-02-24,2.2877519130706787,2.2907850424184253,2.1554981441411147,2.1908364876248263,8376000
2015-02-25,2.2493808269500732,2.2915450326880205,2.231635710308015,2.2871461252564864,5766000
2015-02-26,2.2950327396392822,2.3167209225345515,2.2598456084993837,2.2797145641448022,6090000
2015-02-27,2.2785003185272217,2.3156594126508647,2.257419198771726,2.30003727559663,4236000
2015-03-02,2.4677820205688477,2.4689959237253,2.3284001197138338,2.3284001197138338,10602000
2015-03-03,2.3252148628234863,2.4444255638839287,2.3205128599017097,2.4444255638839287,11424000
2015-03-04,2.3214223384857178,2.324455250983925,2.2380047694671417,2.306559136282257,7704000
2015-03-05,2.3235461711883545,2.363435309731025,2.293970978396047,2.355700175861448,5172000
2015-03-06,2.2534759044647217,2.313840200047427,2.232090812692218,2.2948811790924477,6402000
2015-03-09,2.2731924057006836,2.2877525152123317,2.241039273493413,2.2477123767768736,3822000
2015-03-10,2.1448817253112793,2.24073513951464,2.1366916236522346,2.222990027734418,10950000
2015-03-11,2.1629300117492676,2.228147303980684,2.1595940023100915,2.172788987095626,5814000
2015-03-12,2.1602001190185547,2.160504082957843,2.0884618088389253,2.0980168208919205,5214000
2015-03-13,2.204789638519287,2.214951707128443,2.1313831316427208,2.174153511913628,5982000
2015-03-16,2.301856756210327,2.305648818298224,2.2205632590302127,2.2205632590302127,6324000
2015-03-17,2.252869129180908,2.2654572689456427,2.2108570263238985,2.2584802024417763,6150000
2015-03-18,2.3023126125335693,2.336437930041397,2.1644468678679503,2.253020342603087,8148000
2015-03-19,2.3191475868225098,2.336285638429695,2.2838092372678127,2.302312414278049,4704000
2015-03-20,2.4209160804748535,2.43957134823995,2.3575197597528446,2.372685843295315,6618000
2015-03-23,2.3531205654144287,2.428044940293928,2.3531205654144287,2.420764778482228,6318000
2015-03-24,2.2929093837738037,2.370562936058069,2.2903305723798315,2.3425047477775145,6552000
2015-03-25,1.9788050651550293,2.301553631477978,1.9716769952227202,2.301553631477978,21066000
2015-03-26,1.897208571434021,1.9337608310462566,1.7676848965112768,1.873093448514382,24066000
2015-03-27,2.052971363067627,2.077389580003991,1.8818904523056752,1.8859853950531469,16368000
2015-03-30,2.1385116577148438,2.1497348901090443,2.059341320117493,2.0930114512242914,16764000
2015-03-31,2.0632846355438232,2.1142449162876438,2.0517585226844797,2.0995337994419443,6942000
2015-04-01,2.0244576930999756,2.0503926855669743,1.9716773354078236,2.044325775787118,12366000
2015-04-02,2.004134178161621,2.0664695638430817,2.0017081077753134,2.0290082339279447,10686000
2015-04-06,2.032799005508423,2.0467529211153095,1.9190483951422033,1.944073451316426,8514000
2015-04-07,2.0379562377929688,2.08997854202604,2.024913127291586,2.047814344682057,5790000
2015-04-08,2.074659824371338,2.0928599098555942,2.020211441411631,2.0261264800421213,3948000
2015-04-09,2.1551952362060547,2.1606550881193236,2.039624501550604,2.039624501550604,7356000
2015-04-10,2.1793100833892822,2.1793100833892822,2.1445787905818063,2.1676318814486577,4248000
2015-04-13,2.1369948387145996,2.214042425629542,2.13183895097117,2.1793102621251164,7758000
2015-04-14,2.074659824371338,2.154892204172407,2.051909609034951,2.154892204172407,8010000
2015-04-15,2.179461717605591,2.197813888658838,2.0955893864308233,2.126074510652284,8970000
2015-04-16,2.1520097255706787,2.1649016120921027,2.110756339588348,2.1233444792041847,3702000
2015-04-17,2.0597968101501465,2.1046901849957322,2.0277946755697873,2.1046901849957322,9108000
2015-04-20,2.11014986038208,2.1353267948396346,2.0852766728824688,2.0925566196159107,4416000
2015-04-21,2.1562559604644775,2.1991782071701675,2.131382783951558,2.1806741676277848,6054000
2015-04-22,2.245589256286621,2.249532108257453,2.1460947833441217,2.183253879643267,9702000
2015-04-23,2.140179395675659,2.1665693576033913,2.0813329959543903,2.122586160044521,11388000
2015-04-24,2.035529136657715,2.1348715175939437,1.9968539099254772,2.1309284487239255,18216000
2015-04-27,2.056762933731079,2.1157614307046515,2.0335579719934573,2.0406860439956995,8376000
2015-04-28,2.0593414306640625,2.070413441069948,1.971677890052327,2.0400793175615988,4686000
2015-04-29,2.02476167678833,2.044023794981259,1.961819433261043,2.0388668212219216,7008000
2015-04-30,1.9785027503967285,2.0347712194609087,1.934670548753258,2.0073190052818717,6360000
2015-05-01,2.1327483654022217,2.148218411409941,1.9982186513987081,1.9982186513987081,17382000
2015-05-04,2.1187942028045654,2.166114496001974,2.102111122140655,2.1413934049284533,7014000
2015-05-05,1.984872579574585,2.099533349391388,1.9789575424446952,2.099533349391388,11862000
2015-05-06,1.9774409532546997,2.0279460415569597,1.9334575286876678,2.0035280421198105,9012000
2015-05-07,2.044023275375366,2.0529714437749296,1.9956411582460145,1.9956411582460145,7686000
2015-05-08,2.1025660037994385,2.128046244058118,2.0810290488218914,2.093163085461116,10140000
2015-05-11,2.1031734943389893,2.1277435838245937,2.0766314363658918,2.097409462343475,7164000
2015-05-12,2.052818775177002,2.0849729850952503,2.0188455554211364,2.082242951604465,6732000
2015-05-13,2.0863378047943115,2.130624096813982,2.069502852104843,2.0729909508545994,5100000
2015-05-14,2.1633851528167725,2.1865903373807165,2.1062069532002816,2.1306249560683015,10308000
2015-05-15,2.174001455307007,2.199178600104197,2.1416962391302805,2.1840116506350955,4164000
2015-05-18,2.2322421073913574,2.239370179491567,2.165508694575427,2.165508694575427,6348000
2015-05-19,2.211918830871582,2.2812304039068714,2.187196870021286,2.256964063418726,6744000
2015-05-20,2.223445415496826,2.2750127560467175,2.1985722267731225,2.2337595778855994,2923500
2015-05-21,2.256812334060669,2.268945505079437,2.187651979177355,2.2173790400849684,2389500
2015-05-22,2.2731924057006836,2.296245713545536,2.2574194780548043,2.263485521384852,2566500
2015-05-26,2.2240519523620605,2.2671252156451884,2.1882586344582076,2.2507450130987112,4063500
2015-05-27,2.483705997467041,2.504333230046891,2.235578655566082,2.2404316626064205,13917000
2015-05-28,2.4903807640075684,2.5304211223739728,2.4412405806040263,2.4891668609728352,6607500
2015-05-29,2.512220859527588,2.5486210249332295,2.4843136755181496,2.5055468883760073,5224500
2015-06-01,2.5237464904785156,2.5759206584515537,2.485526237296084,2.5546865817889293,6366000
2015-06-02,2.4345662593841553,2.5019065171164336,2.426680121552051,2.5019065171164336,5436000
2015-06-03,2.3860325813293457,2.4818861992675454,2.384212486668915,2.480066104607115,4191000
2015-06-04,2.3235461711883545,2.3836064959474617,2.302920015384671,2.3563063680535157,8517000
2015-06-05,2.327185869216919,2.341745979094952,2.2574195348596726,2.317479852505245,6295500
2015-06-08,2.1991794109344482,2.3302202016792757,2.1767322914085523,2.327186203173074,10593000
2015-06-09,2.1876518726348877,2.206458796658962,2.1233445289364514,2.1906847855582123,10443000
2015-06-10,2.26955246925354,2.2944256555881433,2.2143451604605233,2.234972398446181,8491500
2015-06-11,2.268339157104492,2.305345510586235,2.2622722465689225,2.300492502866762,5124000
2015-06-12,2.206458806991577,2.2446790642337073,2.197358766406506,2.2392189964902482,3468000
2015-06-15,2.1900792121887207,2.197359159173198,2.102111703551798,2.1627790855537503,3541500
2015-06-16,2.213131904602051,2.2276920128968256,2.162778693954057,2.169451796679808,3762000
2015-06-17,2.217985153198242,2.243465180266018,2.1912918741604135,2.2295121317241606,4078500
2015-06-18,2.3120193481445312,2.3417455374525415,2.2373989346939913,2.2373989346939913,7689000
2015-06-19,2.2913928031921387,2.336286172991861,2.25256569451808,2.318086087842094,4377000
2015-06-22,2.334465503692627,2.352665801329426,2.2998854371954827,2.3326456258024,4977000
2015-06-23,2.2944259643554688,2.3605534185982413,2.2731927483596843,2.344780271612633,5640000
2015-06-24,2.2264792919158936,2.303525792181553,2.223445293747089,2.2865396115012135,4566000
2015-06-25,2.2216248512268066,2.2646989791902734,2.2016046774631057,2.2646989791902734,3018000
2015-06-26,2.0596439838409424,2.1670245787962537,2.0274906415140035,2.1670245787962537,10182000
2015-06-29,1.8837103843688965,2.017784289883565,1.8788573758917262,1.9716778888430173,11571000
2015-06-30,1.9061572551727295,1.9492305203548028,1.8782500734482732,1.9358834469928718,11799000
2015-07-01,1.920110821723938,1.994124418507888,1.9043378910669673,1.9771382355608749,10522500
2015-07-02,1.9437706470489502,1.9619707300822806,1.917683557620898,1.932243667439983,3387000
2015-07-06,1.866117238998413,1.9437705766557256,1.8339630224661678,1.9049434739028777,8164500
2015-07-07,1.841243028640747,1.863083082235687,1.673802111501361,1.863083082235687,8449500
2015-07-08,1.7065623998641968,1.8048429784615163,1.677442288695205,1.7666228257721488,7170000
2015-07-09,1.6252686977386475,1.7963495790329156,1.6252686977386475,1.789676585236204,11626500
2015-07-10,1.7174824476242065,1.7356825297234262,1.68047619982011,1.6986762819193297,10768500
2015-07-13,1.7587363719940186,1.7702624816933783,1.7223362124367294,1.7684424954117204,7369500
2015-07-14,1.8194029331207275,1.827896890279694,1.777542702304583,1.777542702304583,5853000
2015-07-15,1.7823965549468994,1.8303228251674595,1.7581294559775402,1.8303228251674595,8317500
2015-07-16,1.793923258781433,1.8260772650577206,1.7435699257025552,1.8260772650577206,9607500
2015-07-17,1.7787566184997559,1.7866427564358067,1.7375024709598252,1.7763296805952586,5380500
2015-07-20,1.742356300354004,1.8109096963885944,1.7411423975854976,1.7975626239108524,4542000
2015-07-21,1.7472095489501953,1.7927098637264125,1.7308294529877248,1.7308294529877248,6831000
2015-07-22,1.6179888248443604,1.6325489337883061,1.559141546100924,1.6325489337883061,14968500
2015-07-23,1.688969373703003,1.7441766862367516,1.6458961015065816,1.6458961015065816,8224500
2015-07-24,1.5870487689971924,1.724156564786039,1.5803757738304098,1.724156564786039,7174500
2015-07-27,1.5494354963302612,1.5828017724247172,1.4984752210473764,1.563388654499101,9583500
2015-07-28,1.6458954811096191,1.676835677635773,1.5385150032478248,1.5749151578802285,12343500
2015-07-29,1.6543890237808228,1.6634890649433638,1.5985757417308384,1.6458959340798418,9057000
2015-07-30,1.6731963157653809,1.689576413019848,1.6143490305093011,1.6404361212564467,5058000
2015-07-31,1.6143490076065063,1.680476347202095,1.6052489657588,1.67622931386712,5568000
2015-08-03,1.5985757112503052,1.6185957797299568,1.5718815634037988,1.6034287193051073,3805500
2015-08-04,1.545188546180725,1.5931158023442444,1.5142484471209412,1.5834088089359428,6415500
2015-08-05,1.6028215885162354,1.6361887271857083,1.5633884074190771,1.5633884074190771,7600500
2015-08-06,1.5191017389297485,1.6076762125590383,1.4808815775286104,1.6076762125590383,7930500
2015-08-07,1.5439754724502563,1.5482216378540763,1.498475264097995,1.5166753474388996,6246000
2015-08-10,1.6598491668701172,1.6659161866957555,1.5773417327365888,1.5773417327365888,8170500
2015-08-11,1.5470085144042969,1.6270888982292873,1.5245613990924836,1.6270888982292873,7215000
2015-08-12,1.5730957984924316,1.5955419402673348,1.4547951403306656,1.5009014354341341,9519000
2015-08-13,1.5251684188842773,1.5943287781228208,1.5251684188842773,1.5730956732623438,7285500
2015-08-14,1.498475193977356,1.5215283931387502,1.469961058828382,1.5124282434130827,5598000
2015-08-17,1.5433683395385742,1.5433683395385742,1.4560079063786506,1.4760279740041629,4459500
2015-08-18,1.4481208324432373,1.5403352454288326,1.4408407786099375,1.5403352454288326,8851500
2015-08-19,1.4074748754501343,1.4578282055863776,1.3789608446817874,1.452368136662009,7707000
2015-08-20,1.2509537935256958,1.371074416737683,1.2497397821914498,1.371074416737683,13956000
2015-08-21,1.162379264831543,1.2576266971164574,1.1472130739332702,1.203633408606896,12129000
2015-08-24,1.073198914527893,1.21940674597716,0.9136449848263917,0.9294181296309867,29239500
2015-08-25,1.0380127429962158,1.204846742212044,1.0380127429962158,1.1890735960207015,14115000
2015-08-26,1.1921064853668213,1.196353518411466,1.0719858544037868,1.1393262245620104,21187500
2015-08-27,1.326180338859558,1.330427372111216,1.2491338401028533,1.2558069436390598,24174000
2015-08-28,1.3516607284545898,1.356514714103781,1.2976674198994207,1.2976674198994207,10723500
2015-08-31,1.335280418395996,1.3777477146474033,1.2970602639977453,1.31647425087738,9834000
2015-09-01,1.1975666284561157,1.2970602451810147,1.1751195115551554,1.2254738138266401,13606500
2015-09-02,1.2818939685821533,1.2818939685821533,1.2151596821682704,1.2570199151189076,5200500
2015-09-03,1.3116202354431152,1.3619744246265415,1.3000940159032257,1.3067671189213315,7801500
2015-09-04,1.2418535947799683,1.291599848079822,1.226686536870479,1.2479196368803653,7768500
2015-09-08,1.4044406414031982,1.4092945169513766,1.3255740591903868,1.3286071890028102,11443500
2015-09-09,1.3304274082183838,1.4748151521827308,1.3213273663022285,1.445695039747245,17734500
2015-09-10,1.3492344617843628,1.385027678420559,1.2897802246057375,1.3286074394746337,8355000
2015-09-11,1.3486274480819702,1.3528744813104263,1.2934201383920574,1.3085871998676677,6459000
2015-09-14,1.3619743585586548,1.3807805231715666,1.3443802526056343,1.3668273663639792,5242500
2015-09-15,1.4086878299713135,1.422034905423814,1.3741076485547585,1.3741076485547585,5133000
2015-09-16,1.4202145338058472,1.4244605897463865,1.3753203110047807,1.4074744133257144,6328500
2015-09-17,1.3819944858551025,1.4535809102872987,1.3765344179135097,1.4202147444841637,10005000
2015-09-18,1.3128340244293213,1.3662203626766463,1.2964539304215776,1.3249670858836482,9004500
2015-09-21,1.2994871139526367,1.3510543401483597,1.2825000664283797,1.3346743525764988,7872000
2015-09-22,1.214553713798523,1.2473139086493987,1.198779700046822,1.230326859701756,10623000
2015-09-23,1.186646580696106,1.2357868706797033,1.1836135589235275,1.2181937388791584,5457000
2015-09-24,1.1817933320999146,1.2048465297119615,1.088365879431952,1.1557062452049849,11694000
2015-09-25,1.19999361038208,1.2539869067376108,1.1666263583416552,1.2309337074247078,14334000
2015-09-28,1.0998929738998413,1.1987795186847037,1.0998929738998413,1.1745133943841386,19645500
2015-09-29,1.1241592168807983,1.1544933399530242,1.082298981871828,1.1144530915789976,8577000
2015-09-30,1.2497397661209106,1.2558067852449655,1.1745133719711418,1.1751193470605794,11164500
2015-10-01,1.2084861993789673,1.2473133985075116,1.1435728962295364,1.2473133985075116,11292000
2015-10-02,1.2861400842666626,1.2861400842666626,1.1569193088165204,1.1672333610381127,11044500
2015-10-05,1.3577275276184082,1.3777477065251853,1.3067672497337948,1.321327360123986,11214000
2015-10-06,1.371680498123169,1.3832074766012408,1.2982739810738388,1.371680498123169,10017000
2015-10-07,1.433560848236084,1.4517609301462215,1.355907404077796,1.403834655276712,13086000
2015-10-08,1.4602549076080322,1.460860991215738,1.3844205810520325,1.417787723789849,10491000
2015-10-09,1.4214279651641846,1.4669281756829626,1.4001947505508725,1.45236806492453,9637500
2015-10-12,1.427494764328003,1.4347747100990258,1.405047650141444,1.4214277450883295,3466500
2015-10-13,1.369860291481018,1.419607523306562,1.3692543164341833,1.3935204385656672,5832000
2015-10-14,1.5245615243911743,1.5603556083245536,1.3819946352326284,1.3953407341608883,12873000
2015-10-15,1.5700610876083374,1.6003951990047136,1.526987834038132,1.5585349801080872,7219500
2015-10-16,1.5761287212371826,1.582195741153781,1.5379085677507476,1.5773417563849181,3847500
2015-10-19,1.5755215883255005,1.6058557080861793,1.5403353285325796,1.5536814256472866,3388500
2015-10-20,1.5682414770126343,1.5864415576747761,1.5451882801655377,1.5664214906426277,3612000
2015-10-21,1.5767357349395752,1.6671293125902287,1.5761287834175457,1.6198090070457372,7911000
2015-10-22,1.7368963956832886,1.749029566529239,1.6446819757597235,1.6446819757597235,9553500
2015-10-23,1.8048429489135742,1.8187969748731365,1.7332565208933977,1.7914968507589528,12801000
2015-10-26,1.6968564987182617,1.78300293511966,1.6804764011701367,1.780576864709605,7888500
2015-10-27,1.6616687774658203,1.6968560091496094,1.6495357168896345,1.6622757288174566,5899500
2015-10-28,1.747816562652588,1.7490295977080927,1.6762291610810502,1.6932162080620445,7332000
2015-10-29,1.5943289995193481,1.6483223048813487,1.580375947664451,1.6428623442765624,7363500
2015-10-30,1.6349760293960571,1.6501422234028198,1.6046419056856387,1.6046419056856387,4933500
2015-11-02,1.6762290000915527,1.6835090539031659,1.64225577724081,1.6507488659914247,4515000
2015-11-03,1.7011021375656128,1.7217291550319411,1.6647018694754332,1.6713758395642262,3586500
2015-11-04,1.7193022966384888,1.7290092883658197,1.6804760654257676,1.7065621750992854,4272000
2015-11-05,1.6119215488433838,1.6992820801203778,1.600395439610283,1.6992820801203778,6928500
2015-11-06,1.7332565784454346,1.7381095868652934,1.6374020684794632,1.6374020684794632,7741500
2015-11-09,1.684116244316101,1.720516410059248,1.658636106599688,1.720516410059248,4533000
2015-11-10,1.5925086736679077,1.6380088780945732,1.5773416134158862,1.630728932171142,6873000
2015-11-11,1.5961484909057617,1.648928853068575,1.5925085182991703,1.6034285445999785,6765000
2015-11-12,1.5373015403747559,1.600395858515342,1.5354815536903375,1.5791617765216583,5874000
2015-11-13,1.4942277669906616,1.5506480946176722,1.4754207379926112,1.5330549682336614,8245500
2015-11-16,1.5500414371490479,1.5518614235669583,1.490588077412799,1.491801112408631,4926000
2015-11-17,1.58037531375885,1.6161685191190536,1.5488281641557595,1.5518611851034392,5721000
2015-11-18,1.6270885467529297,1.6313355788453225,1.5518611873193955,1.5821953021563675,7293000
2015-11-19,1.6386162042617798,1.6810824177403307,1.6107090171472933,1.6355822059207707,4227000
2015-11-20,1.6556018590927124,1.6804760179106206,1.6398288251496913,1.6592419402071497,4059000
2015-11-23,1.5894759893417358,1.6586363581344106,1.5864419908500575,1.6586363581344106,4002000
2015-11-24,1.6507487297058105,1.660455720442303,1.5415481485092721,1.5773413547375763,6042000
2015-11-25,1.6549957990646362,1.680475931633385,1.6343686738085075,1.6586357715111593,2290500
2015-11-27,1.6920021772384644,1.6962491013842034,1.663488912802841,1.67016201535721,1800000
2015-11-30,1.7435696125030518,1.7466026342100287,1.6883623038388973,1.698069405251098,4113000
2015-12-01,1.8115166425704956,1.8145496637865097,1.7538824051611162,1.7538824051611162,8346000
2015-12-02,1.7860370874404907,1.847310449446752,1.7769370445156156,1.8212233559817843,9337500
2015-12-03,1.7526695728302002,1.8655101466807902,1.7265824847995919,1.8485230996793722,6945000
2015-12-04,1.8497370481491089,1.8606571844379691,1.738109506605771,1.7666227739337166,6492000
2015-12-07,1.7969565391540527,1.839422850069595,1.7896765939410435,1.839422850069595,3729000
2015-12-08,1.7532765865325928,1.7708697177629487,1.7023163115673734,1.722942464472008,6631500
2015-12-09,1.683509349822998,1.7611628007119642,1.6610622330488611,1.7387165517862637,6715500
2015-12-10,1.7126295566558838,1.7520628561032037,1.6835094431574318,1.6847224783769064,5155500
2015-12-11,1.6119215488433838,1.6768358366770104,1.6040354120263534,1.6628818135545353,7531500
2015-12-14,1.5809818506240845,1.6295160576806018,1.5324485114160074,1.6094958789755556,8115000
2015-12-15,1.6537818908691406,1.6731959824683091,1.6046416088943787,1.6143487089344808,5202000
2015-12-16,1.6920021772384644,1.7023161203808255,1.6125286435609523,1.67016201535721,5487000
2015-12-17,1.6173819303512573,1.738716465106351,1.6173819303512573,1.7199094310559593,5890500
2015-12-18,1.560355305671692,1.6076756011523816,1.5530752518684292,1.58340850201909,5401500
2015-12-21,1.6471086740493774,1.6477157338832207,1.5876554295787715,1.5997884901785229,3751500
2015-12-22,1.653175711631775,1.6701618881868328,1.6137415556503587,1.6671288670841333,2517000
2015-12-23,1.688969373703003,1.6907894689054963,1.6471091367047148,1.6671293160836709,3277500
2015-12-24,1.7065623998641968,1.7235495562635619,1.677442288695205,1.6810822619109345,1558500
2015-12-28,1.6865425109863281,1.6865425109863281,1.6343691943652092,1.6865425109863281,3654000
2015-12-29,1.747816562652588,1.7672296797445917,1.6992823596689814,1.7199093796648572,5613000
2015-12-30,1.6938223838806152,1.7550966042332412,1.6920023972740907,1.7381095563274385,3543000
2015-12-31,1.6240558624267578,1.6798691439180993,1.6240558624267578,1.6719821379092392,2239500
2016-01-04,1.5688486099243164,1.5700616450285605,1.500295203490682,1.5312354092845264,6852000
2016-01-05,1.520315170288086,1.588261507332848,1.5160681377591003,1.587048472396983,7008000
2016-01-06,1.3977676630020142,1.4487279367322412,1.3571204654741729,1.446300998742594,8817000
2016-01-07,1.2545937299728394,1.3492342149540075,1.2448867381895712,1.291599975030651,8475000
2016-01-08,1.1927134990692139,1.2928140571509483,1.1890734176314715,1.2812869698765308,9717000
2016-01-11,1.2109135389328003,1.2436737283341819,1.1617732548307278,1.2133396089211195,9301500
2016-01-12,1.2412467002868652,1.2752199251824707,1.189679477589113,1.2539868223442803,8331000
2016-01-13,1.1235525608062744,1.2691533700799031,1.119912589390883,1.2436732447291678,6531000
2016-01-14,1.1927134990692139,1.210913580814794,1.0901858945858518,1.1381131453514295,8373000
2016-01-15,1.031945824623108,1.0750191017815875,0.9834125866713352,1.0489329840394237,12220500
2016-01-19,1.0355857610702515,1.1029261358823435,1.0076785755179178,1.0859390873402803,9246000
2016-01-20,1.0556055307388306,1.0877587641401785,0.9682451104297636,0.9949382768814105,11091000
2016-01-21,1.0992860794067383,1.1429664114931872,1.0519658823680063,1.0847260771923137,13318500
2016-01-22,1.1635934114456177,1.186646612239717,1.1417533543041656,1.1611664732539855,12348000
2016-01-25,1.113845944404602,1.1623792744136299,1.1065658906627307,1.1508531645017874,7657500
2016-01-26,1.146606206893921,1.1726932938416788,1.1114190792947065,1.1314391470317022,7986000
2016-01-27,1.1059589385986328,1.1702662788277376,1.0883658098830578,1.1265860648842532,9180000
2016-01-28,1.0962531566619873,1.1381133973373774,1.071986050185181,1.1332594119404615,6303000
2016-01-29,1.2442799806594849,1.2467069188252748,1.114453108288994,1.114453108288994,11986500
2016-02-01,1.2630867958068848,1.2818938276200178,1.2072734111326089,1.218193546166596,8037000
2016-02-02,1.1381131410598755,1.2218336035586892,1.1253731272784266,1.2218336035586892,8760000
2016-02-03,1.147213339805603,1.1830065566462895,1.076232989799249,1.1775465964802985,9664500
2016-02-04,1.2036335468292236,1.2266867454395523,1.1441793162621636,1.1526732736850969,13746000
2016-02-05,1.081693172454834,1.192713784451791,1.0659190485261392,1.192713784451791,16936500
2016-02-08,0.9979726672172546,1.0313388400995076,0.949438454485526,1.0276988663535354,10143000
2016-02-09,0.9785582423210144,1.035585527234833,0.9530781091855625,0.9609651140922169,6549000
2016-02-10,0.9573252201080322,1.033158565884404,0.9561121851154332,1.013138498378666,13690500
2016-02-11,0.9354851245880127,0.9530782555180005,0.899691911264184,0.9100049875404259,18111000
2016-02-12,0.9973655343055725,1.0016125677962124,0.9275982188061661,0.9828055319042132,14359500
2016-02-16,1.1029258966445923,1.1199129415019633,1.0276985314626692,1.0416525551362659,19578000
2016-02-17,1.1817933320999146,1.1890733863025453,1.120519117677027,1.1259791854492605,18730500
2016-02-18,1.162986159324646,1.2109134030545785,1.1605592217603333,1.2103064517014437,11878500
2016-02-19,1.1787594556808472,1.200599510046039,1.1557062578172204,1.159953290631647,7744500
2016-02-22,1.2345737218856812,1.255199873559964,1.2175866752944204,1.22122664822579,8479500
2016-02-23,1.1745136976242065,1.226687017391654,1.1696597121435799,1.2072737874958999,5545500
2016-02-24,1.2236536741256714,1.2315398126262305,1.1132391651147975,1.134473246083481,14658000
2016-02-25,1.2709739208221436,1.272186955883889,1.1939265593319064,1.241246751174038,9294000
2016-02-26,1.2903870344161987,1.3067671299838555,1.2746138903019082,1.2994870754558918,11154000
2016-02-29,1.283713698387146,1.3504471036060808,1.283713698387146,1.3104069736898987,15354000
2016-03-01,1.3904873132705688,1.3917003480837378,1.310406946611941,1.3316400459695106,12424500
2016-03-02,1.4141478538513184,1.4147548053516485,1.3753206402420899,1.3929146400778416,8562000
2016-03-03,1.4171807765960693,1.4256747340942764,1.3874545831379963,1.413540803545394,9262500
2016-03-04,1.462074875831604,1.497261134189891,1.4153606630871831,1.4481208515282662,17245500
2016-03-07,1.4784547090530396,1.49786782116714,1.4171803992671936,1.428100423992775,13198500
2016-03-08,1.3777475357055664,1.446907888762565,1.3735005028850713,1.44266085594207,13114500
2016-03-09,1.4117207527160645,1.4226408891719091,1.3783545851631867,1.3971607515766888,10950000
2016-03-10,1.4305280447006226,1.4711752476337363,1.372287708623974,1.4341680182449486,10504500
2016-03-11,1.5154612064361572,1.5160681578362685,1.4687478617969976,1.4723879429821152,10131000
2016-03-14,1.4978679418563843,1.5178880068798835,1.4814878492076935,1.5051479950870277,10215000
2016-03-15,1.4893748760223389,1.4893748760223389,1.4523676579713376,1.4827009061890337,10891500
2016-03-16,1.5306282043457031,1.5366952230401179,1.462680784310609,1.4778478428820003,12388500
2016-03-17,1.563995361328125,1.573095401313657,1.5106080478517432,1.523348168920108,10372500
2016-03-18,1.6264818906784058,1.6295158885103944,1.5591415233946615,1.573701632126564,9391500
2016-03-21,1.6343687772750854,1.635581812217976,1.5876555414650413,1.6076756081503818,6912000
2016-03-22,1.6301220655441284,1.6458960791096764,1.5943288492015681,1.6155620634897219,6469500
2016-03-23,1.5646013021469116,1.622841509349489,1.56217523253252,1.621628474542293,7260000
2016-03-24,1.560961365699768,1.562175376948407,1.5093950147901714,1.5294151895677897,10165500
2016-03-28,1.5591415166854858,1.5864416390795444,1.5379084135999035,1.5864416390795444,8259000
2016-03-29,1.618595838546753,1.6270889283944168,1.5160683375091586,1.5433684614682779,8484000
2016-03-30,1.6671292781829834,1.6956424389975897,1.6452891125791091,1.6489291944202829,8788500
2016-03-31,1.6386162042617798,1.6628823330125067,1.6355822059207707,1.6519623038720248,6111000
2016-04-01,1.6707690954208374,1.6719821304780433,1.5852286446406985,1.6149558141775604,8401500
2016-04-04,1.6246618032455444,1.6725890508452135,1.616775665778154,1.6707689560060492,6859500
2016-04-05,1.5955418348312378,1.6319421100394318,1.5712757078994672,1.5852287580054987,4804500
2016-04-06,1.6440759897232056,1.6483220465179165,1.5530754672820806,1.5937217981418719,7842000
2016-04-07,1.5670284032821655,1.6258756764399278,1.5512552607863435,1.618595622658964,4113000
2016-04-08,1.590688705444336,1.6349758753415247,1.5749155614165606,1.6131358203584718,5931000
2016-04-11,1.588261604309082,1.6604559546201967,1.588261604309082,1.6161687862483332,4776000
2016-04-12,1.5834084749221802,1.611315546239011,1.5215281813749595,1.594328501199682,6948000
2016-04-13,1.6913961172103882,1.6938221871717305,1.6107086795983039,1.6149557122841627,8346000
2016-04-14,1.650141954421997,1.6580289598175966,1.5997886364001663,1.645895789627838,7392000
2016-04-15,1.6058558225631714,1.6537820993074663,1.6046418111391922,1.6537820993074663,4174500
2016-04-18,1.6082820892333984,1.6216290567784837,1.5773418799073007,1.5773418799073007,5779500
2016-04-19,1.5470085144042969,1.6234489251613071,1.5294153835630913,1.6155619190835093,7656000
2016-04-20,1.5925086736679077,1.6143488368813337,1.5348752983562204,1.5379084283559092,6774000
2016-04-21,1.5646013021469116,1.5937214057482003,1.5427611430851773,1.5937214057482003,3598500
2016-04-22,1.5730957984924316,1.6149560363872595,1.5360885693425452,1.5682418134179412,4846500
2016-04-25,1.544581413269043,1.5840155744141615,1.5336613859704913,1.5555014405675944,3564000
2016-04-26,1.606461763381958,1.649535895919098,1.5706684443099919,1.5797684848121012,5229000
2016-04-27,1.6580288410186768,1.6640958596030024,1.5548952745797486,1.5603552333182416,7045500
2016-04-28,1.5245615243911743,1.6568162043263757,1.5142484473193787,1.6234490585872388,8776500
2016-04-29,1.4074748754501343,1.511215425645688,1.3704677536828653,1.511215425645688,10438500
2016-05-02,1.436594843864441,1.442660886938745,1.3844205598286072,1.412934694025784,4453500
2016-05-03,1.3886672258377075,1.41475430672258,1.3686470542725482,1.3983742156606391,4360500
2016-05-04,1.3389204740524292,1.3862406694518614,1.3261803505149694,1.3528745005912612,4780500
2016-05-05,1.3492344617843628,1.3898807955163934,1.33649444632211,1.377747731574162,5563500
2016-05-06,1.3546946048736572,1.3553006885785328,1.300094241156654,1.3364945197950109,3399000
2016-05-09,1.3486274480819702,1.3862406496955,1.3389204549704634,1.3601545363022134,3502500
2016-05-10,1.398980736732483,1.400194639685041,1.3383143365829036,1.3625805711995844,4980000
2016-05-11,1.3862404823303223,1.4262807257104402,1.3838144123519345,1.3904875150460208,7488000
2016-05-12,1.3128340244293213,1.4044406181883935,1.280073836413834,1.4020145483027073,8350500
2016-05-13,1.328607439994812,1.3595475395472871,1.3158673160465129,1.3176873027588247,6027000
2016-05-16,1.3904873132705688,1.4190004656845636,1.3358870780689167,1.3371001128820856,8338500
2016-05-17,1.363187313079834,1.4092944643830594,1.352874238178134,1.3892743981143483,4624500
2016-05-18,1.4293148517608643,1.4645011141655502,1.3371004269553568,1.3371004269553568,10564500
2016-05-19,1.4014075994491577,1.4402348094324593,1.3668274223557333,1.412327735306798,5457000
2016-05-20,1.5318413972854614,1.5354813702193664,1.4572209758110188,1.4705680494802065,9211500
2016-05-23,1.5652084350585938,1.6064617120243594,1.5567153462455139,1.5755215102177034,6511500
2016-05-24,1.678655982017517,1.6829021468210033,1.5925085859109376,1.6016086262948026,9954000
2016-05-25,1.7083823680877686,1.7199093468454365,1.6683421232828934,1.7047422866613016,10669500
2016-05-26,1.7253694534301758,1.7362894809923342,1.7017093033112944,1.7277963913976575,4302000
2016-05-27,1.7569165229797363,1.765409612155982,1.7253693684260119,1.7253693684260119,3603000
2016-05-31,1.78542959690094,1.790889664400084,1.7508494225287787,1.771476440619799,4935000
2016-06-01,1.816369891166687,1.8206169239387995,1.7611625874087982,1.7860366393231986,4663500
2016-06-02,1.8151569366455078,1.8151569366455078,1.781182734101977,1.7969567460741265,3682500
2016-06-03,1.832143783569336,1.8691508042102263,1.7987774966483154,1.8600507598484672,4863000
2016-06-06,1.8181898593902588,1.8642970135636874,1.8078767838465626,1.8430629347261909,4572000
2016-06-07,1.8715771436691284,1.8812831591424348,1.8418498677372044,1.8418498677372044,5604000
2016-06-08,1.8667234182357788,1.8831036243408101,1.8515573321519898,1.8697574165161672,4368000
2016-06-09,1.874003291130066,1.877037071977195,1.8096968136799592,1.8254699573248343,5599500
2016-06-10,1.779969573020935,1.8145497482405026,1.7611625408084075,1.8145497482405026,5686500
2016-06-13,1.7557026147842407,1.8145498945956957,1.7429626005878538,1.7478165850498542,5010000
2016-06-14,1.7508496046066284,1.764802653857767,1.702922352516778,1.7296163922788474,6199500
2016-06-15,1.751456618309021,1.7914968657672246,1.743569611974132,1.7781497911713369,3606000
2016-06-16,1.7496368885040283,1.753882945946006,1.6604563390512619,1.6883625511220197,7249500
2016-06-17,1.705955982208252,1.7532761641438332,1.6689487657594004,1.7405361527123004,3912000
2016-06-20,1.763589859008789,1.8266833124944912,1.7605568369973883,1.7884630477818504,5973000
2016-06-21,1.7817896604537964,1.7927097963389913,1.760556557090677,1.7902827499255816,2568000
2016-06-22,1.7739027738571167,1.8321432132114919,1.7690497655144255,1.779969793652845,3489000
2016-06-23,1.9122231006622314,1.9134372203479255,1.8327496812573896,1.8479168479600039,5671500
2016-06-24,1.5894759893417358,1.7514568816406497,1.5749158774439935,1.6531762890524904,11479500
2016-06-27,1.4001946449279785,1.533055401494017,1.3710745340888315,1.533055401494017,11446500
2016-06-28,1.5124281644821167,1.5209212538164618,1.4566148848415206,1.4669279606335979,14646000
2016-06-29,1.6034287214279175,1.6198088169260623,1.548828475421465,1.5682415924768311,9870000
2016-06-30,1.6907892227172852,1.6907892227172852,1.5973616602316845,1.6131357801961408,5794500
2016-07-01,1.6361892223358154,1.6604563283782678,1.6283022148940725,1.6422562429288277,4080000
2016-07-05,1.5536816120147705,1.6028219025744548,1.5233484649449398,1.6022158189218902,4137000
2016-07-06,1.560355305671692,1.5670284080820078,1.4748148633251672,1.522135158805857,6273000
2016-07-07,1.6173819303512573,1.6507490738583244,1.5706685803276583,1.5706685803276583,6213000
2016-07-08,1.7532765865325928,1.75509657310684,1.662882148154503,1.66470213472875,9957000
2016-07-11,1.8109098672866821,1.8333569818862674,1.7878566690939175,1.7908897990859163,9292500
2016-07-12,1.8849233388900757,1.9006973514629553,1.853377266403223,1.8576232147148874,6894000
2016-07-13,1.8897775411605835,1.924357613662335,1.8794633792571136,1.9049436268034527,5205000
2016-07-14,1.9310311079025269,1.9474113168439904,1.8946309328710393,1.9419512471968359,6063000
2016-07-15,1.9267836809158325,1.9377038179841544,1.9049436237413013,1.9334576524718734,4302000
2016-07-18,2.013538122177124,2.0232441391206137,1.983203998721292,1.9850240938603059,5875500
2016-07-19,1.989877700805664,2.007470938944646,1.973497714620377,2.0007978362372425,3187500
2016-07-20,2.0857319831848145,2.1027190345829965,2.007471566685189,2.012324576017516,6294000
2016-07-21,2.042050838470459,2.0966510772192373,2.016570813839188,2.0881580972789178,5059500
2016-07-22,2.074204206466675,2.0754181092210873,1.9844174932807652,2.028703790015481,5407500
2016-07-25,2.107572317123413,2.1209193962904056,2.079665123261247,2.079665123261247,4806000
2016-07-26,2.364799737930298,2.3829998194944015,2.168238813645563,2.168238813645563,15642000
2016-07-27,2.3502399921417236,2.4212202278630484,2.307165638643543,2.4175802547166905,8205000
2016-07-28,2.313232898712158,2.362373081395477,2.279259669434081,2.3053458920147736,5161500
2016-07-29,2.278045415878296,2.331432623690006,2.251959197311673,2.3156594805708095,5205000
2016-08-01,2.2901792526245117,2.3156594962782497,2.2646992259328544,2.3083795506412272,3016500
2016-08-02,2.1803715229034424,2.2762251448805433,2.143364520970409,2.2762251448805433,7983000
2016-08-03,2.1955387592315674,2.1955387592315674,2.142151553861415,2.142151553861415,4182000
2016-08-04,2.2525651454925537,2.254385240348764,2.196144808494948,2.2119188192740533,5209500
2016-08-05,2.338712692260742,2.3441727602196347,2.2841124465959988,2.295032582513784,5161500
2016-08-08,2.3290061950683594,2.378753440962483,2.3180860573373505,2.3605533560522187,3063000
2016-08-09,2.389065980911255,2.4103000594133754,2.3429595868333233,2.3435657788772075,3786000
2016-08-10,2.333860158920288,2.399986529070032,2.3077730658276128,2.398166650688311,5244000
2016-08-11,2.3672258853912354,2.3751128914071877,2.3265797729066233,2.350845898232719,2359500
2016-08-12,2.3975601196289062,2.4139403245221223,2.366012961925481,2.366012961925481,4086000
2016-08-15,2.497053623199463,2.514040670347815,2.417580191211614,2.4200062613465256,4903500
2016-08-16,2.4436662197113037,2.4934134543337345,2.434566179318052,2.4934134543337345,2446500
2016-08-17,2.442453384399414,2.4515534255365554,2.4024132467884103,2.4515534255365554,3484500
2016-08-18,2.4964470863342285,2.4964470863342285,2.4303205033735256,2.4303205033735256,3172500
2016-08-19,2.561361074447632,2.5783472544343464,2.49766078411695,2.5049407305127582,4912500
2016-08-22,2.564393997192383,2.585021016556749,2.5322406500895522,2.553473861519974,3501000
2016-08-23,2.605647563934326,2.636587663757262,2.5977614248632905,2.6001874952686035,4677000
2016-08-24,2.538306713104248,2.619601098351369,2.5152534085292273,2.6056469659618626,4705500
2016-08-25,2.569246768951416,2.602006955995272,2.5128264347668825,2.5674266741859544,3475500
2016-08-26,2.6050407886505127,2.660246999624016,2.5480133982164785,2.5856265903556306,3075000
2016-08-29,2.6317343711853027,2.663887719704294,2.620207392052889,2.620207392052889,5029500
2016-08-30,2.6086812019348145,2.678447531016964,2.587447122362511,2.636587299643498,4834500
2016-08-31,2.6105010509490967,2.6220273787189377,2.568640820040359,2.6135341809084833,2962500
2016-09-01,2.6790547370910645,2.6790547370910645,2.57410105689461,2.615354447557885,5970000
2016-09-02,2.664494752883911,2.709994961834106,2.6287016457082224,2.709994961834106,4899000
2016-09-06,2.642047166824341,2.7087814456537016,2.603826911308438,2.7087814456537016,2661000
2016-09-07,2.5838065147399902,2.6608538556147145,2.5710665040501546,2.649326879662053,4519500
2016-09-08,2.5722808837890625,2.5910869395013996,2.525566562425422,2.5601468458118837,4620000
2016-09-09,2.2889652252197266,2.514646565154866,2.276225212567214,2.514646565154866,7638000
2016-09-12,2.4260733127593994,2.432746416270139,2.2143452000810937,2.239219254709171,7582500
2016-09-13,2.355699300765991,2.4503398825442804,2.3223322732175586,2.3848195131534724,4434000
2016-09-14,2.4230401515960693,2.439420138077581,2.333859622524272,2.3629798395603863,5754000
2016-09-15,2.590481758117676,2.604434810407998,2.42304079139098,2.4351739652373157,11305500
2016-09-16,2.5916943550109863,2.6620677494404177,2.532240880284561,2.657214741077444,5265000
2016-09-19,2.6044344902038574,2.7160621492344115,2.5759213290565066,2.6511477353263007,5494500
2016-09-20,2.571674108505249,2.651147542391682,2.546800922570615,2.640227622978582,3736500
2016-09-21,2.672381639480591,2.682694715965783,2.571067281334058,2.6050413766514366,3955500
2016-09-22,2.703322172164917,2.753068552352126,2.677235078923508,2.7178822841123687,4545000
2016-09-23,2.6171746253967285,2.6978621887555696,2.6056476446636445,2.6978621887555696,2404500
2016-09-26,2.5358805656433105,2.5856267119678016,2.5079733865287577,2.5722807246644086,2850000
2016-09-27,2.672381639480591,2.6729878315893894,2.517680719036495,2.5298138905827865,4380000
2016-09-28,2.689974546432495,2.730014680163825,2.6390142776098604,2.688761511478679,4860000
2016-09-29,2.7888619899749756,2.837395321662727,2.6026139329298625,2.6899745808540443,12943500
2016-09-30,2.918689250946045,2.9720764656865093,2.8446756656716965,2.850135734052091,7447500
2016-10-03,2.858022689819336,2.978143324207017,2.8440687721665245,2.9241490504502434,3537000
2016-10-04,2.836182117462158,2.920508545715774,2.805848000479783,2.9047354037002338,4381500
2016-10-05,2.9023094177246094,2.960549865295963,2.8507431593387222,2.8634831758841552,3516000
2016-10-06,2.952662706375122,2.9569086538841276,2.8416421355986365,2.9053424132987704,4366500
2016-10-07,2.935676336288452,2.9896695268772553,2.858628968898332,2.972076503336048,4740000
2016-10-10,2.891995906829834,3.0145434788417975,2.8901760287169083,2.979963408113083,4125000
2016-10-11,2.711207628250122,2.8804686428787507,2.6335542960092044,2.878648547983444,11005500
2016-10-12,2.680875062942505,2.711208102835926,2.6032215001465704,2.711208102835926,4563000
2016-10-13,2.5838065147399902,2.6123205332158244,2.455799781992028,2.607466658570848,7308000
2016-10-14,2.6469013690948486,2.7360816797166256,2.6378013285431536,2.6784474386696497,8758500
2016-10-17,2.602006673812866,2.6814809545089155,2.5995806042622367,2.6341606653593512,3201000
2016-10-18,2.6972548961639404,2.726981959142072,2.674201804533985,2.7227351428757216,3852000
2016-10-19,2.657214879989624,2.669954895456865,2.583807483647369,2.6244546852437787,4539000
2016-10-20,2.7142417430877686,2.740935022956693,2.5953341508749865,2.6523613344846777,4458000
2016-10-21,2.692401885986328,2.702107902761916,2.614747459880547,2.6444745228389523,3619500
2016-10-24,2.8422482013702393,2.8458881739626123,2.7488217319211707,2.754281799290764,4044000
2016-10-25,2.8355753421783447,2.873188540165472,2.8173752606941282,2.8677286892898755,4288500
2016-10-26,2.81919527053833,2.8719754184647113,2.7676279406319537,2.781582073686445,4497000
2016-10-27,2.7815823554992676,2.9265761747341967,2.7706622190471344,2.90352286672495,4950000
2016-10-28,2.7336549758911133,2.8659087797198364,2.7209149614205717,2.7888622838290593,5382000
2016-10-31,2.776728630065918,2.814948895746737,2.7621685185226474,2.788255611039892,2971500
2016-11-01,2.6984682083129883,2.841643035613055,2.6062547475163886,2.8003887716986378,5791500
2016-11-02,2.6444742679595947,2.753674973757918,2.6232412734989405,2.7069617350582242,6438000
2016-11-03,2.6268815994262695,2.7021080054625872,2.6014013517629526,2.657214855661832,5181000
2016-11-04,2.5807740688323975,2.652361362091579,2.5255667626598264,2.578954190801714,2907000
2016-11-07,2.804028272628784,2.8070622705215835,2.694221588309224,2.7275879714568023,3789000
2016-11-08,2.82222843170166,2.871368828118324,2.751855039583951,2.808882442179784,4149000
2016-11-09,2.777334451675415,2.8058476020096683,2.5904804572360702,2.626880611382154,8143500
2016-11-10,2.6032209396362305,2.8853224023621324,2.519500483140846,2.841035236377039,11700000
2016-11-11,2.8968489170074463,2.9108030515790673,2.6875477465382462,2.6899749015766927,8976000
2016-11-14,2.848315715789795,2.9441691359464244,2.8252624082629554,2.9120160041826955,3526500
2016-11-15,3.012723207473755,3.0333493579096285,2.8628753137067444,2.8986686318385892,5700000
2016-11-16,3.117070436477661,3.124350383354505,2.990276690439568,2.999376732516682,6178500
2016-11-17,3.2189908027648926,3.262064940191153,3.09705007262611,3.203824717759526,4744500
2016-11-18,3.2851178646087646,3.298464938654313,3.1977574269212248,3.2359776862101777,3157500
2016-11-21,3.3287978172302246,3.363378099590132,3.2802644872692532,3.313024674834719,4183500
2016-11-22,3.462265968322754,3.4683320116133523,3.3937115864527487,3.424651900324573,5646000
2016-11-23,3.4762191772460938,3.4925993824523274,3.410698790345376,3.4501320873418964,3952500
2016-11-25,3.490778923034668,3.5089790045008358,3.4440656843517568,3.5089790045008358,1351500
2016-11-28,3.4616589546203613,3.505946343412374,3.44103193378884,3.473186151027071,2221500
2016-11-29,3.441638946533203,3.4974522291936623,3.3894656369851552,3.447099014682868,1993500
2016-11-30,3.37975811958313,3.4592315431308758,3.375511087044461,3.4464915303252224,1819500
2016-12-01,2.8798625469207764,3.374905376982326,2.825262301784633,3.367625214120254,10963500
2016-12-02,2.9914896488189697,3.0036236888298875,2.8392156586978694,2.868335879381714,6096000
2016-12-05,3.1006901264190674,3.127384276560803,3.006656578409302,3.066716897493438,6199500
2016-12-06,3.229304313659668,3.2384043539727725,3.1310237481008936,3.1322367830624023,4474500
2016-12-07,3.4337522983551025,3.451952382776757,3.1892648447636076,3.2153510683331326,6499500
2016-12-08,3.521718740463257,3.5763191975188477,3.442245318014944,3.442245318014944,7072500
2016-12-09,3.4774324893951416,3.627280418475981,3.4058460532231476,3.6218203496389654,5371500
2016-12-12,3.3985655307769775,3.4549858709384975,3.313024973055559,3.4349656942458062,3918000
2016-12-13,3.513226270675659,3.582992820339256,3.4167657891053307,3.445886008170294,6130500
2016-12-14,3.5053391456604004,3.572679622846084,3.4683319216099266,3.518686219642561,5143500
2016-12-15,3.6897664070129395,3.7352668203143624,3.5283915528735075,3.538098651957597,7221000
2016-12-16,3.569645881652832,3.7722728197179554,3.5235386244670175,3.761353119491795,4263000
2016-12-19,3.680666446685791,3.721920048134843,3.591486141475897,3.6400194711776233,4107000
2016-12-20,3.783893346786499,3.8099537938180283,3.7368561982413797,3.8099537938180283,5374500
2016-12-21,3.783893346786499,3.8302935495732005,3.768638245822298,3.814403548714901,2376000
2016-12-22,3.8449137210845947,3.9364438715296255,3.797241445693612,3.9199169250399635,3078000
2016-12-23,3.9021201133728027,3.905298022539467,3.808682764325303,3.8201241465983036,1362000
2016-12-27,4.044500350952148,4.067382660323659,3.909111421632279,3.912925367179111,4866000
2016-12-28,3.8093175888061523,4.126496331141326,3.8035968977828816,4.123953549221819,8050500
2016-12-29,3.808683395385742,3.8105901412016694,3.687913734312091,3.7711806512314925,5998500
2016-12-30,3.6294357776641846,3.9065687826741238,3.597653730444499,3.890042745518272,5214000
2017-01-03,3.6351561546325684,3.7921557770415038,3.539812061117699,3.7266867571887428,6211500
2017-01-04,3.668208360671997,3.7158804091516373,3.6141807210165124,3.6840994981350597,3565500
2017-01-05,3.5671439170837402,3.727958188389852,3.549346941625961,3.677743125706091,3568500
2017-01-06,3.6529541015625,3.681557337242247,3.5175653617510396,3.5919339109093684,4870500
2017-01-09,3.7705447673797607,3.8144030921579626,3.68600579936911,3.686641835778368,5397000
2017-01-10,3.8277525901794434,3.8512700334723657,3.762282643121809,3.7692740451276583,3775500
2017-01-11,3.863983392715454,3.863983392715454,3.7794443965865474,3.816311106807878,3205500
2017-01-12,3.7641892433166504,3.8385577901376697,3.5932056439261646,3.8385577901376697,5007000
2017-01-13,3.8353796005249023,3.8671609701855783,3.764825005341859,3.7756303527808877,4092000
2017-01-17,3.6510462760925293,3.7997831031147773,3.614180485366121,3.7997831031147773,4072500
2017-01-18,3.8035974502563477,3.810589987891535,3.6612170997240345,3.6618531362736673,3651000
2017-01-19,3.751476526260376,3.8773308293260866,3.7425770161654732,3.7489335168240623,2694000
2017-01-20,3.8970344066619873,3.9631403705448123,3.8461842247662608,3.851904915693179,4134000
2017-01-23,3.8201239109039307,3.876694327672305,3.7317712219742867,3.8398274011580864,4033500
2017-01-24,4.047042369842529,4.061025621847228,3.862709583531871,3.862709583531871,4725000
2017-01-25,4.225019931793213,4.2517161969135655,4.112513723486962,4.20404435986103,5010000
2017-01-26,4.151286602020264,4.250444658426684,4.095350845170744,4.2409100200938,3685500
2017-01-27,4.308920383453369,4.310192456173002,4.2103983967814305,4.218025832098544,3610500
2017-01-30,4.240274429321289,4.245360449264266,4.079461270995575,4.242181629970327,7095000
2017-01-31,4.075011253356934,4.180525582205351,3.9980999298090283,4.169084198230517,6417000
2017-02-01,4.268876552581787,4.280317934337767,4.143658298980072,4.234552407313847,5668500
2017-02-02,4.258071422576904,4.306379279261965,4.110605525174722,4.182431728365563,4839000
2017-02-03,4.331803798675537,4.352144690080141,4.281589652484191,4.317184507555392,2787000
2017-02-06,4.376935005187988,4.383926861851488,4.27650531997934,4.36231525522192,4750500
2017-02-07,4.425241470336914,4.471006547149705,4.351508972870897,4.448759817927645,4060500
2017-02-08,4.446854114532471,4.5021538415699,4.378842292557782,4.474821541740384,3667500
2017-02-09,4.330533027648926,4.4703714972434,4.312100243940989,4.4703714972434,5070000
2017-02-10,4.320362091064453,4.422062903331205,4.191329898711959,4.422062903331205,5946000
2017-02-13,4.350874423980713,4.438591116401184,4.327991650432178,4.36612930325528,4624500
2017-02-14,4.305108070373535,4.3476952399414355,4.23391835152222,4.335617819985084,3199500
2017-02-15,4.412528991699219,4.425877575001868,4.279683286913929,4.327990237298445,3541500
2017-02-16,4.429055213928223,4.455116799741442,4.348966438601018,4.427148468221352,2700000
2017-02-17,4.500246047973633,4.500246047973633,4.314007357644319,4.375027769414128,3577500
2017-02-21,4.693477630615234,4.69538437646077,4.564444493062413,4.5885988802887985,4737000
2017-02-22,4.694112777709961,4.714453218694411,4.63563514647114,4.696655560151312,2751000
2017-02-23,4.460836410522461,4.661059209594414,4.372483727965965,4.647711083607809,7501500
2017-02-24,4.45320987701416,4.454480586131674,4.200865231737264,4.2447235637077405,5176500
2017-02-27,4.581606864929199,4.586692430118302,4.426513948216359,4.462108812810533,3328500
2017-02-28,4.4042649269104,4.601945866776043,4.374390764208511,4.601945866776043,4711500
2017-03-01,4.610844612121582,4.6273706484709125,4.433504557134422,4.570164193785909,4848000
2017-03-02,4.467830181121826,4.673137743150047,4.454482048050499,4.647077513729694,4126500
2017-03-03,4.459563732147217,4.48181136349775,4.378203823779668,4.474819055943419,3142500
2017-03-06,4.466558456420898,4.490711934094761,4.309557896403014,4.388375967382537,3381000
2017-03-07,4.497702121734619,4.5841480619536465,4.403630109552733,4.441767743550373,4263000
2017-03-08,4.530755996704102,4.638177520453868,4.500881829082648,4.562537364647759,4267500
2017-03-09,4.552367687225342,4.576521618254288,4.44367545223164,4.518679118311682,2389500
2017-03-10,4.7093682289123535,4.739878439478299,4.632457802423651,4.632457802423651,4827000
2017-03-13,4.818695545196533,4.821873454696813,4.726529350140132,4.748776989824853,4614000
2017-03-14,4.774200439453125,4.777379257736691,4.65279613179144,4.7716585668811256,4156500
2017-03-15,4.889884948730469,4.914038418791835,4.7227142210683715,4.808524120992372,4375500
2017-03-16,4.8708176612854,4.954084805742699,4.841578618847836,4.954084805742699,2938500
2017-03-17,4.897514343261719,4.927388970213396,4.86128389635928,4.916583621660482,2268000
2017-03-20,5.00684118270874,5.060233696803857,4.894335008423711,4.923574047584127,3282000
2017-03-21,4.6585164070129395,5.0780308196275525,4.62737017366902,5.069767347664292,8511000
2017-03-22,4.807253837585449,4.81996638400251,4.619108423394876,4.664873499568988,4558500
2017-03-23,4.770389080047607,4.837765782177552,4.731616299612193,4.8053488226031185,3840000
2017-03-24,4.8708176612854,5.047522170518259,4.817425141205984,4.969339681583509,5841000
2017-03-27,4.896242141723633,4.930565838554511,4.670594648053876,4.709367418320612,7363500
2017-03-28,4.945185661315918,4.997942593666099,4.853019470534215,4.924844768274783,4147500
2017-03-29,4.90386962890625,4.945186091177479,4.862554075908162,4.945186091177479,3456000
2017-03-30,4.987771987915039,5.014468700026384,4.895606705148256,4.895606705148256,5355000
2017-03-31,4.978239059448242,5.053243650373954,4.926118149760852,4.99985066733446,3334500
2017-04-03,4.891793251037598,5.027816866962077,4.791999166415445,5.006841300877731,4821000
2017-04-04,4.816789150238037,4.910226515898332,4.767846157914004,4.800898237669861,3976500
2017-04-05,4.712545394897461,4.951540975431226,4.703645885706694,4.870816630455786,5608500
2017-04-06,4.730342864990234,4.762760269873106,4.590505753553657,4.709367298274747,5905500
2017-04-07,4.793270111083984,4.83522169995068,4.702375986918696,4.732250155484728,2850000
2017-04-10,4.68203592300415,4.806618614405988,4.647076190430222,4.797083976563442,3631500
2017-04-11,4.568258285522461,4.624829623400457,4.357865664644088,4.624829623400457,7803000
2017-04-12,4.327354431152344,4.546009996813663,4.300022144467367,4.5390181433741805,8232000
2017-04-13,4.2440876960754395,4.437318688112724,4.240909786563859,4.261249771347638,4864500
2017-04-17,4.4099860191345215,4.411258092104381,4.283497047842733,4.283497047842733,5293500
2017-04-18,4.462744235992432,4.473549582964981,4.319092269473166,4.348966437418898,3120000
2017-04-19,4.5358405113220215,4.659152942541034,4.5129581998935295,4.568893496668512,3657000
2017-04-20,4.753225326538086,4.773566219316063,4.56952943849487,4.6349984620461315,5005500
2017-04-21,4.6864848136901855,4.7157243108194296,4.569530007629284,4.706825709001619,5757000
2017-04-24,4.887979030609131,4.9324724878155966,4.826322590313531,4.89052090336618,7372500
2017-04-25,5.040530681610107,5.06023463246807,4.921668212019429,4.982688174462972,4311000
2017-04-26,4.910862922668457,5.037987959613794,4.857469943422063,5.022733082478608,5542500
2017-04-27,5.119983196258545,5.139052017199233,4.981416794465455,5.016375617568553,5331000
2017-04-28,4.858740329742432,5.080574777147404,4.814881996702762,5.080574777147404,7579500
2017-05-01,5.000485897064209,5.005570552558883,4.819966987905945,4.913404352169247,5449500
2017-05-02,4.839670181274414,4.957896564304995,4.760851683314516,4.957896564304995,4305000
2017-05-03,4.893064975738525,4.91404054617641,4.76530389778995,4.77992273879457,2863500
2017-05-04,4.880986213684082,4.932472434576676,4.823145083649201,4.913403615421219,2571000
2017-05-05,4.933108806610107,4.938829498736744,4.804077034017165,4.919125094583478,2940000
2017-05-08,4.878443241119385,4.955353627606944,4.847933501058221,4.92102994271993,1861500
2017-05-09,5.026546478271484,5.063413415688823,4.878445419803099,4.878445419803099,4875000
2017-05-10,5.344995498657227,5.371056174865573,5.194351678454941,5.196894460668285,6981000
2017-05-11,5.39902400970459,5.472120927975071,5.196894420540552,5.306221779683357,3789000
2017-05-12,5.447966575622559,5.467670974929522,5.355799942321446,5.419999158447893,3030000
2017-05-15,5.697768688201904,5.709210071126034,5.469578884771466,5.4854688861455925,3984000
2017-05-16,5.952019214630127,5.953289923451626,5.697767428314351,5.760694565846116,4143000
2017-05-17,5.170832633972168,5.775314579117334,5.170832633972168,5.717472997436732,14551500
2017-05-18,5.467036724090576,5.507717150818645,5.148586984808183,5.224862273457158,12283500
2017-05-19,5.646918296813965,5.700945931868875,5.59988115223428,5.618949970002383,6928500
2017-05-22,5.827435493469238,5.833792219862751,5.711115402068902,5.728277472203985,5236500
2017-05-23,5.7600603103637695,5.847776974067513,5.613866022403042,5.840149082290769,4482000
2017-05-24,5.867480754852295,5.900533736687718,5.790569445808798,5.8541326276111185,3240000
2017-05-25,5.966002941131592,6.021938688349797,5.847776537689409,5.950112940798159,3831000
2017-05-26,6.037829875946045,6.041643821725408,5.831250769370234,5.964732506736651,4323000
2017-05-30,6.158597946166992,6.202456272021756,6.03147295039443,6.0340157321844945,4041000
2017-05-31,6.1566925048828125,6.323863280462007,6.065161888418849,6.290810292645355,6340500
2017-06-01,6.1719465255737305,6.216440891116054,6.061347557462441,6.184023944348323,3088500
2017-06-02,6.355643272399902,6.384882764433204,6.148429047208835,6.278731960605181,5817000
2017-06-05,6.410943984985352,6.505017384816797,6.337211480098129,6.356915429202589,4200000
2017-06-06,6.4745073318481445,6.598454903864145,6.306701423167757,6.325134208847311,5025000
2017-06-07,6.626420974731445,6.689348125123318,6.512008056680135,6.548874986949384,6444000
2017-06-08,6.97347354888916,6.97855820333679,6.600360205241734,6.754817950000604,7707000
2017-06-09,6.094400405883789,7.1876806992940185,5.685056161823707,7.119032861630626,32179500
2017-06-12,5.992064952850342,5.992064952850342,5.4778414824561255,5.842691846693426,22534500
2017-06-13,6.1077494621276855,6.29271698460649,5.884007805583428,6.289539075018545,14511000
2017-06-14,5.910704612731934,6.223433198320553,5.717474067633628,6.180846935986125,11181000
2017-06-15,5.76832389831543,5.829979887807196,5.596704058759125,5.6024247503867715,8821500
2017-06-16,5.701582431793213,5.90752595321216,5.650096665097604,5.786121182349656,8154000
2017-06-19,6.026388168334961,6.054355587087373,5.8751087832151985,5.878286237693067,11425500
2017-06-20,5.82616662979126,6.143979863659025,5.8185387375579065,6.095672001151743,8809500
2017-06-21,6.024481773376465,6.032109210331212,5.831886376109076,5.905618872853668,6385500
2017-06-22,5.9793524742126465,6.06071332602926,5.8954492946802635,6.055627761324578,7081500
2017-06-23,6.034651279449463,6.133809326996499,5.925323921813974,5.956469252506016,5433000
2017-06-26,5.8846435546875,6.236146252228435,5.784214797065645,6.181481663620354,11284500
2017-06-27,5.409193992614746,5.789299710562207,5.40283817346563,5.765146233885878,13833000
2017-06-28,5.685691833496094,5.707939472542145,5.3443593579544,5.521699887439063,9801000
2017-06-29,5.259184837341309,5.607508671315575,5.030995057182278,5.566829162633284,18418500
2017-06-30,5.180367469787598,5.391396569185666,5.107271006197193,5.3113073409075895,8343000
2017-07-03,4.957897186279297,5.324019125410208,4.957897186279297,5.273804071649408,6811500
2017-07-05,5.272533893585205,5.291602713351082,5.021460872682887,5.021460872682887,9180000
2017-07-06,5.202613830566406,5.334823923701178,5.046884485502336,5.08947164404972,8092500
2017-07-07,5.458136558532715,5.522334407986238,5.246472374927241,5.308127897342133,7816500
2017-07-10,5.653908729553223,5.688868904770094,5.420632974394019,5.517884246623636,6774000
2017-07-11,5.78675651550293,5.795656025586588,5.587169714723554,5.642469429105459,7659000
2017-07-12,6.062620162963867,6.100121770518132,5.889728691231675,5.943121665794701,14623500
2017-07-13,6.0117692947387695,6.205000290659267,5.949477720694421,6.099485963932929,13311000
2017-07-14,6.252035617828369,6.2558495633960645,6.056898359420491,6.101391814770118,9894000
2017-07-17,6.1719465255737305,6.3149628950892565,6.104570759334758,6.29653011260113,8266500
2017-07-18,6.229790210723877,6.229790210723877,5.989522954940455,6.060077553125017,5998500
2017-07-19,6.396960735321045,6.401410718742187,6.267928492300214,6.324499383909949,6400500
2017-07-20,6.452259063720703,6.478955321365377,6.24440878487645,6.41920698724305,5653500
2017-07-21,6.286995887756348,6.32259074603144,6.1859310951843876,6.306064707965462,6243000
2017-07-24,6.225339412689209,6.305428633161118,6.194194084621993,6.304157469507191,5100000
2017-07-25,6.2215256690979,6.260299344257122,6.021938875219448,6.19673615849543,6889500
2017-07-26,6.407128810882568,6.503108938110152,6.307971229250285,6.35755024738467,7546500
2017-07-27,6.117919921875,6.502474729919534,5.8992633667377445,6.473871269324085,19879500
2017-07-28,6.058169841766357,6.126817683140747,5.962825743923184,6.024481730252726,4975500
2017-07-31,5.922145366668701,6.152243748484141,5.863668193965602,6.070247317335675,6486000
2017-08-01,6.021303176879883,6.021303176879883,5.87320214143211,5.964732752174454,4021500
2017-08-02,5.892906188964844,6.162411965199069,5.765145155240162,6.120460384208011,8943000
2017-08-03,5.8229875564575195,5.935493733661934,5.736542509744363,5.887821455151522,5614500
2017-08-04,5.829342365264893,5.9685452198699265,5.780399389917323,5.852225125942198,3673500
2017-08-07,6.132537841796875,6.138258532634213,5.868751845388686,5.869387881825261,6843000
2017-08-08,6.068340301513672,6.290173835458191,6.006684312737644,6.129360708409178,6391500
2017-08-09,6.0085906982421875,6.028930226472881,5.847776671558811,5.912610565851499,4788000
2017-08-10,5.507080078125,5.908796431835733,5.498181477978123,5.883372249675939,10722000
2017-08-11,5.5979766845703125,5.63166571588347,5.393939842259641,5.444790952937994,5586000
2017-08-14,6.031473636627197,6.04927129263669,5.796926653836754,5.796926653836754,6805500
2017-08-15,6.0759687423706055,6.109020824163591,5.943758142015598,6.088681291354037,3964500
2017-08-16,6.103298187255859,6.176396002577854,6.011768045589664,6.128087695339718,4659000
2017-08-17,5.6170454025268555,6.068976968032233,5.6170454025268555,5.9876170110516185,8376000
2017-08-18,5.668529987335205,5.793749170468016,5.573821918215277,5.7270085238215485,5275500
2017-08-21,5.547125339508057,5.691412892637891,5.425084972224525,5.688871019583027,6723000
2017-08-22,5.810274124145508,5.84459826855571,5.6570875471500015,5.681877055456323,4810500
2017-08-23,5.887185573577881,5.9316790276863935,5.6094158665281135,5.6672579024329615,4038000
2017-08-24,5.880193710327148,5.974902680508686,5.7765870488495015,5.974902680508686,3655500
2017-08-25,5.792477607727051,5.974903256012735,5.758789493126096,5.927866102680984,3156000
2017-08-28,5.837606430053711,5.859853156628897,5.747983032689569,5.8096381034550495,2274000
2017-08-29,5.878923416137695,5.917697097320259,5.613866649779199,5.617044559510877,3357000
2017-08-30,6.178304195404053,6.197373017271734,5.905619542595985,5.924052782531734,6849000
2017-08-31,6.359457015991211,6.3797965432019135,6.203728561129779,6.257756197482281,6339000
2017-09-01,6.44272518157959,6.5418832411845615,6.389332660030201,6.435733780043601,4966500
2017-09-05,6.170040130615234,6.395688516412412,6.0066842238256175,6.311785344513908,7698000
2017-09-06,6.206907272338867,6.287632082986121,6.109655968571927,6.255850260532138,3603000
2017-09-07,6.235509872436523,6.306064458960635,6.152243194244828,6.260935419681244,2992500
2017-09-08,6.004776954650879,6.229153264857299,5.943120967495203,6.198008389620604,4530000
2017-09-11,6.356914520263672,6.395688194908244,6.14779309217389,6.1592344745518615,6217500
2017-09-12,6.442089557647705,6.496117198540526,6.327040602175801,6.441453521147212,4447500
2017-09-13,6.468148708343506,6.521541667815831,6.327675137633455,6.386152751176662,3481500
2017-09-14,6.558409214019775,6.667736568669857,6.356914760388744,6.378526362282711,4311000
2017-09-15,6.890842437744141,6.915631949918758,6.599725019800906,6.610530366531899,6129000
2017-09-18,7.164164066314697,7.295103053775744,7.014791381923026,7.018604874002493,7929000
2017-09-19,7.238530158996582,7.314169393885407,7.091700307164076,7.23535225000971,4869000
2017-09-20,6.933429718017578,7.255057344927419,6.653118096941011,7.255057344927419,12088500
2017-09-21,6.848889350891113,6.925800652760821,6.665828622800934,6.916902053642203,4734000
2017-09-22,6.946777820587158,6.977288024762722,6.738291955796781,6.7554535762533385,3871500
2017-09-25,6.542519569396973,6.8507986552356215,6.448446161261429,6.838722597498833,10708500
2017-09-26,6.531076431274414,6.766894106390419,6.459885812295892,6.752274815359986,7134000
2017-09-27,6.9887285232543945,7.065639833168852,6.720493902504325,6.7382911026031085,7663500
2017-09-28,7.145729064941406,7.146364192121258,6.906096534719994,6.970295753808655,4728000
2017-09-29,7.326246738433838,7.343408810700181,7.115218580819169,7.19403572390402,6090000
2017-10-02,7.453373432159424,7.559523792412279,7.302729611298963,7.3910818598902965,6615000
2017-10-03,7.527106285095215,7.588761361628656,7.416506859753509,7.499773992366485,4030500
2017-10-04,7.576685428619385,7.576685428619385,7.366291920629344,7.500409695125829,4509000
2017-10-05,7.592574119567871,7.687283074572335,7.467991458381569,7.659951240755966,4539000
2017-10-06,7.691099166870117,7.691099166870117,7.468629112031899,7.468629112031899,2910000
2017-10-09,7.851912498474121,7.881787575908514,7.7489400461301745,7.769916067597609,4219500
2017-10-10,8.004463195800781,8.044507584384982,7.760381554247907,8.039422929049767,5818500
2017-10-11,8.16146469116211,8.165278183103364,7.913569529515821,7.921196513398333,4752000
2017-10-12,8.078832626342773,8.24409576350684,8.059763348187229,8.136038642262951,4723500
2017-10-13,8.237737655639648,8.317190837582427,8.125231491735093,8.150656582698621,4167000
2017-10-16,8.355963706970215,8.357234870538022,8.183708313711273,8.326724217091847,4827000
2017-10-17,8.337532043457031,8.351514844577043,8.204049848944173,8.35024459011192,2974500
2017-10-18,8.41952896118164,8.457667516765458,8.083281546109534,8.380755732896185,6814500
2017-10-19,8.345793724060059,8.351513960276193,7.955518310297418,8.196421998636156,7495500
2017-10-20,8.465926170349121,8.597501594479239,8.434781755355031,8.507878202901887,4353000
2017-10-23,8.601953506469727,8.738612705991649,8.471649216595221,8.586697722514312,7243500
2017-10-24,8.777386665344238,8.806625250347976,8.563815696185676,8.673143962919546,5085000
2017-10-25,8.434782028198242,8.70492337516749,8.169725335388765,8.61339323538114,12625500
2017-10-26,8.586060523986816,8.63182604868986,8.444315786743948,8.478004348498851,5766000
2017-10-27,9.1123628616333,9.152407251837484,8.639455343948153,8.803447305693732,9070500
2017-10-30,9.198168754577637,9.30686140255167,8.803443444595407,8.803443444595407,7716000
2017-10-31,9.40475082397461,9.492467482475295,9.18990870522264,9.280166781800734,5248500
2017-11-01,9.317032814025879,9.64883012622678,9.064053093893571,9.64056665426352,7902000
2017-11-02,9.440345764160156,9.515349880915986,9.135244642145828,9.328476080173356,6831000
2017-11-03,9.943761825561523,9.94694064383518,9.346907779401722,9.542681522211948,11805000
2017-11-06,10.367090225219727,10.376624861499819,10.011138957310589,10.1999203911462,10276500
2017-11-07,10.33848762512207,10.402686845088454,10.12300992879471,10.325139497523367,8470500
2017-11-08,10.442732810974121,10.459258850203295,10.178946309589909,10.265392725083501,5565000
2017-11-09,9.80710220336914,10.164325527847597,9.428902861886474,10.13635720208434,17956500
2017-11-10,9.993339538574219,10.021307861948353,9.81345809206735,9.884647790754922,6489000
2017-11-13,10.074702262878418,10.118561046724338,9.788670432216485,9.840156198106552,5070000
2017-11-14,10.046733856201172,10.139536987141353,9.821722430005098,10.000333654640594,6117000
2017-11-15,9.78040885925293,9.911983417807674,9.534420455076857,9.783586769055415,8970000
2017-11-16,10.220900535583496,10.341670219161678,9.915798416352649,9.915798416352649,7363500
2017-11-17,10.085508346557617,10.404594078795423,10.036564906641384,10.37217667637854,6295500
2017-11-20,10.441458702087402,10.494851210166441,10.164960616184288,10.171317343431914,6471000
2017-11-21,10.815844535827637,10.841270537606475,10.581934048483438,10.678548854441681,9874500
2017-11-22,10.604814529418945,10.920084881166328,10.556505772935516,10.909915573772803,6756000
2017-11-24,10.888310432434082,10.909922042004002,10.691265436495877,10.695078929029378,6757500
2017-11-27,10.478324890136719,10.694439062330726,10.424296801724683,10.693802571277555,10698000
2017-11-28,10.468791961669922,10.606724141754345,10.290816304353303,10.587654866691024,9736500
2017-11-29,9.092658996582031,10.428113053371987,8.793278076274508,10.408409103694796,36519000
2017-11-30,9.261096954345703,9.528060378698925,9.077401102475445,9.404112847216712,14869500
2017-12-01,8.943920135498047,9.108547648064452,8.263162902900289,8.980786609019786,19072500
2017-12-04,8.29494571685791,9.276990781304393,8.120148855003631,9.254744503138127,23742000
2017-12-05,8.305750846862793,8.771030453134834,7.949799513754648,8.197693737532685,16374000
2017-12-06,8.38965129852295,8.43287540587601,7.9637815004246,8.073745331689713,10795500
2017-12-07,8.63500690460205,8.713823609341746,8.470378456884033,8.5911481148659,9966000
2017-12-08,8.501523971557617,8.948369849314668,8.480547951367688,8.90832546381185,9871500
2017-12-11,8.649624824523926,8.7227231065848,8.463386601442146,8.542839793112476,5599500
2017-12-12,8.390289306640625,8.580977513985687,8.365499794222112,8.580977513985687,5977500
2017-12-13,8.389019012451172,8.621659286018618,8.371857390256741,8.471015450209435,4125000
2017-12-14,8.369950294494629,8.532670180742642,8.302573153907122,8.37821195035668,5094000
2017-12-15,8.742426872253418,8.819337734768364,8.358508141553692,8.453851787717076,10255500
2017-12-18,9.33165454864502,9.337375695683223,8.942015520455366,9.073590991055495,15397500
2017-12-19,9.298002243041992,9.393424540091235,9.138963867929059,9.295456908301853,8127000
2017-12-20,9.49266529083252,9.621803957784692,9.243294354311399,9.558824889908603,8721000
2017-12-21,9.185402870178223,9.549918086124329,9.145324542490004,9.549918086124329,6909000
2017-12-22,9.161230087280273,9.177769759197014,8.970384568929827,9.040996910206724,3942000
2017-12-26,8.896590232849121,8.914403027955963,8.658033097849234,8.842518471346194,4524000
2017-12-27,8.986286163330078,9.120514571561502,8.843152268976938,8.8463337097578,2980500
2017-12-28,9.043538093566895,9.123692909536596,9.002188473584704,9.095702425549357,3168000
2017-12-29,8.772537231445312,9.100791599096398,8.771265929425383,9.068348371957896,4132500
2018-01-02,9.495842933654785,9.495842933654785,8.878139371365787,8.92203432866701,9237000
2018-01-03,9.96850872039795,9.985048394952777,9.569004825582665,9.59063426078592,9871500
2018-01-04,10.143449783325195,10.24714238561717,9.894077924789363,10.17589302317171,8502000
2018-01-05,10.326658248901367,10.437348899315307,10.093190932303784,10.254137604168047,7713000
2018-01-08,10.558855056762695,10.655550470370496,10.23250894585946,10.315845220484402,6538500
2018-01-09,10.255410194396973,10.6180171036986,10.201338439619482,10.611019935795202,9009000
2018-01-10,9.876263618469238,10.01621697395128,9.635161200546422,9.902981895331687,13269000
2018-01-11,10.0512056350708,10.064564774837468,9.845728779121544,9.99967739453892,5524500
2018-01-12,10.207064628601074,10.272588122457368,9.962782538196446,10.046754933346435,5019000
2018-01-16,10.316481590270996,10.669546019306809,10.125000879740334,10.4367147648183,9804000
2018-01-17,11.203913688659668,11.25289841422378,10.547404795212726,10.583665577237465,11496000
2018-01-18,11.363588333129883,11.530259983600509,11.097676837792875,11.123122905193323,9171000
2018-01-19,11.394124984741211,11.548073612654552,11.179740804848485,11.49654536794014,9315000
2018-01-22,11.658125877380371,11.658125877380371,11.269437716668744,11.439289890054106,5620500
2018-01-23,11.922765731811523,11.92403794408448,11.674030031986716,11.80698531474158,6738000
2018-01-24,11.102128982543945,11.675937633452545,10.850212767505285,11.58305977306811,18628500
2018-01-25,10.524503707885742,11.541711246675131,10.52386851170073,11.527079893863354,13167000
2018-01-26,11.522625923156738,11.530260107468147,10.878203940809346,10.941820020017039,12733500
2018-01-29,11.485729217529297,11.715379918257906,11.06077936824263,11.370585814089766,9184500
2018-01-30,10.786598205566406,11.18228537421434,10.752245741434278,10.884565838448871,11923500
2018-01-31,11.063323974609375,11.28915804214562,10.870570157509373,11.148568570332037,6891000
2018-02-01,10.899833679199219,11.381400660031193,10.69372070722442,10.750974816119191,6895500
2018-02-02,9.98949909210205,10.649188480304586,9.987590773682566,10.56267167512632,13788000
2018-02-05,8.652942657470703,10.231872748050687,8.524440117920918,9.733129137097361,16929000
2018-02-06,9.542284965515137,9.563278290926883,8.128755014983653,8.136388289661953,20614500
2018-02-07,8.907405853271484,9.590633108888113,8.906132730744769,9.408693070543755,12523500
2018-02-08,7.780141353607178,9.091887759481047,7.762330381785355,9.065805587838636,17155500
2018-02-09,8.488814353942871,8.622406635438583,7.462701122713528,8.356494284554234,20676000
2018-02-12,8.936667442321777,9.10397612294859,8.540345046020306,8.725465611303218,14100000
2018-02-13,8.923307418823242,8.96593017257235,8.672028189662147,8.707651955451214,7440000
2018-02-14,9.522561073303223,9.575362424533626,8.715284270198632,8.715284270198632,11127000
2018-02-15,9.874353408813477,9.874353408813477,9.192398580408186,9.785293101471277,12339000
2018-02-16,9.762393951416016,10.119275017875507,9.687327958076162,9.692416807784683,7677000
2018-02-20,10.268132209777832,10.546766681755381,9.627526092618753,9.637705609522122,11586000
2018-02-21,9.920157432556152,10.465976506872217,9.90107333955051,10.452617368761357,9901500
2018-02-22,9.846365928649902,10.151718738906304,9.756667676115086,10.04166326834513,5809500
2018-02-23,10.485695838928223,10.485695838928223,10.073469999853254,10.10273178803,8178000
2018-02-26,11.153022766113281,11.164473588524075,10.630742229039296,10.719166457060393,8653500
2018-02-27,11.04996395111084,11.612958809504553,11.04296678390076,11.114215218336827,10837500
2018-02-28,10.745884895324707,11.383945824221133,10.71725738629491,11.259896015161539,10170000
2018-03-01,10.227418899536133,10.880747151006593,9.860358398487465,10.765602852743815,14397000
2018-03-02,10.756064414978027,10.812681511584493,9.788476732435159,9.788476732435159,9610500
2018-03-05,11.049328804016113,11.202641310111076,10.432897338787043,10.597024559713834,8790000
2018-03-06,11.54870891571045,11.63268130237919,11.180377043543848,11.310787911834979,12933000
2018-03-07,11.639678955078125,11.695660851862664,11.196280164379592,11.212820745941693,9990000
2018-03-08,11.68929672241211,11.877597776802592,11.476185710280445,11.768815444393633,8625000
2018-03-09,12.417691230773926,12.420872671334363,11.869963831220865,11.89095715281375,12120000
2018-03-12,12.804472923278809,13.00422481650369,12.564007506026867,12.67215283266197,12079500
2018-03-13,12.206490516662598,13.29558352168496,12.034092993192896,13.03984971442931,22048500
2018-03-14,12.201399803161621,12.385883316457184,11.864875098392218,12.356620615180905,13102500
2018-03-15,12.165776252746582,12.41705639129388,11.981291812413396,12.296187118312975,7572000
2018-03-16,12.156234741210938,12.370618009169828,12.10152596583462,12.219849913749634,4693500
2018-03-19,11.452011108398438,11.970475762619012,10.943725971072993,11.840064011486042,17712000
2018-03-20,11.719834327697754,11.819074181463346,11.467281949597503,11.514357451516718,8823000
2018-03-21,11.79935073852539,12.235752294461983,11.52707821068609,11.637768864958527,9939000
2018-03-22,10.830490112304688,11.59069139157811,10.813313430080408,11.242715925321024,15714000
2018-03-23,9.747125625610352,10.838762963044108,9.747125625610352,10.768149719477723,16557000
2018-03-26,10.972989082336426,10.980622355260468,10.052477157233273,10.478063063530655,18847500
2018-03-27,9.749669075012207,11.30887809827327,9.47930484960725,11.298064293676482,23146500
2018-03-28,9.131330490112305,9.8310983103756,8.99010489559345,9.6307102858465,20061000
2018-03-29,9.721677780151367,9.976774526767755,9.10651859018836,9.340622925477131,17752500
2018-04-02,8.595687866210938,9.669512174706073,8.324686682502321,9.427774597844149,19338000
2018-04-03,9.088071823120117,9.147234248489363,8.62877039634023,8.962749804340891,15993000
2018-04-04,9.434775352478027,9.504752501091128,8.285884636877608,8.30878537221948,16759500
2018-04-05,9.144688606262207,9.665061669495124,8.94493671035411,9.631345312726642,13840500
2018-04-06,8.31005859375,9.064535227129472,8.19555127558358,8.750912087198857,13326000
2018-04-09,8.462096214294434,9.182856255731124,8.448737076934593,8.631948363590405,16462500
2018-04-10,9.275736808776855,9.418234604750854,8.87686910925912,9.063261872176772,18669000
2018-04-11,9.279552459716797,9.523835409737698,9.042904603165756,9.136418572768,10633500
2018-04-12,9.808195114135742,9.884533303365581,9.45512985141899,9.532104146724594,13927500
2018-04-13,9.57790756225586,10.188614052940595,9.462765069759532,10.169529958556469,14283000
2018-04-16,9.639616966247559,9.785296218715676,9.394062661722847,9.759849238481884,8299500
2018-04-17,10.182888984680176,10.245868042488476,9.796745258032319,9.82537185430252,12387000
2018-04-18,9.867358207702637,10.043572359378253,9.586815362622872,9.98822657176221,12802500
2018-04-19,8.59314250946045,9.351436391017694,8.498992449045348,9.348891056933844,33981000
2018-04-20,8.284612655639648,8.715287545695244,8.167560000510846,8.588057190140708,16249500
2018-04-23,7.95127010345459,8.434109396704935,7.888291025638311,8.411843854744253,16278000
2018-04-24,7.757876396179199,8.381304974343962,7.544129273089529,8.153563516851454,21633000
2018-04-25,7.730520248413086,7.902281619228187,7.357736173983568,7.874291133472185,20535000
2018-04-26,8.20254898071289,8.222906202615865,7.942362390246951,8.07404640626161,17655000
2018-04-27,8.02124309539795,8.52316719518884,7.906098794286282,8.496448919689637,13656000
2018-04-30,7.7553300857543945,8.16183186915046,7.655455069014259,8.01551656216629,11466000
2018-05-01,8.138932228088379,8.165015311749874,7.678993785352662,7.697442684768945,13552500
2018-05-02,8.02696704864502,8.238805817984705,7.9289994440223035,8.140838213361988,10189500
2018-05-03,8.172012329101562,8.27634102173119,7.64782262121338,7.8246728777542485,15442500
2018-05-04,8.761088371276855,8.788443666381214,7.929001447756151,7.997706373564167,19219500
2018-05-07,9.000922203063965,9.122427629244044,8.850790168001655,8.908043385766119,14211000
2018-05-08,9.192400932312012,9.192400932312012,8.8692362249135,8.903587780527225,10398000
2018-05-09,9.589354515075684,9.591263742764806,9.189851806206258,9.274459349552698,12400500
2018-05-10,10.101462364196777,10.101462364196777,9.708319633426601,9.708319633426601,12277500
2018-05-11,9.860359191894531,10.146627875373722,9.80501431956552,9.90298194187026,11790000
2018-05-14,10.248414039611816,10.581122171624695,10.176529484836811,10.22551239507227,13374000
2018-05-15,9.885807991027832,10.114823547169939,9.673333018566177,10.011130031101892,10774500
2018-05-16,10.284673690795898,10.330476974823185,9.91506961781819,9.91506961781819,10854000
2018-05-17,10.164440155029297,10.432259927567875,9.94369496289727,10.170165109800076,8755500
2018-05-18,9.736944198608398,9.954507911721262,9.63261553887354,9.916974929252886,9588000
2018-05-21,10.041025161743164,10.329837307380911,9.771296196180357,10.18161459854705,13068000
2018-05-22,10.210245132446289,10.429718168492368,10.090012861328013,10.309484987350848,12891000
2018-05-23,10.373734474182129,10.375007596481554,9.834914354183832,9.923338567527763,9612000
2018-05-24,10.481245040893555,10.55694622462283,10.095736494295398,10.347652736026854,10362000
2018-05-25,10.739524841308594,10.765606107943471,10.409361122353031,10.464706916986664,9672000
2018-05-29,10.534046173095703,10.814589030411545,10.315210167868937,10.544860888619336,10375500
2018-05-30,10.742704391479492,10.974899535161237,10.586847452023788,10.680996629870123,12159000
2018-05-31,10.509870529174805,10.834308299594317,10.455161764681542,10.66954407997078,9567000
2018-06-01,11.214092254638672,11.219181104016469,10.665093497013848,10.743340016336312,17115000
2018-06-04,11.488273620605469,11.52644271963031,11.181648616108214,11.32351029764708,11950500
2018-06-05,11.640951156616211,11.748461296576554,11.447561217957732,11.577972091556997,9339000
2018-06-06,11.865511894226074,11.86932944115323,11.514355818406482,11.664487790243063,8950500
2018-06-07,11.550616264343262,11.94630248931298,11.29424729258832,11.895410358641337,9597000
2018-06-08,11.245899200439453,11.309515276766357,10.955178663950816,11.139026085058346,9820500
2018-06-11,11.162562370300293,11.348318995574179,11.056325375002857,11.171467855399621,6118500
2018-06-12,11.333687782287598,11.364859713082705,11.048692212286223,11.238901597673921,7593000
2018-06-13,11.294881820678711,11.650490579564805,11.259256242158223,11.33559442750025,8608500
2018-06-14,11.488273620605469,11.661942429653484,11.292338366264083,11.466008085335202,8094000
2018-06-15,11.466009140014648,11.488274677332969,11.148569391757787,11.202005953303207,10308000
2018-06-18,11.1135835647583,11.196282852330086,10.802505711781706,11.196282852330086,12819000
2018-06-19,10.746485710144043,10.759871748442187,10.25311263032219,10.645133886520044,14991000
2018-06-20,10.915401458740234,11.072846917599362,10.772616805994314,11.005279367395195,7033500
2018-06-21,10.506168365478516,11.147425852267283,10.46409811020763,11.140413687127955,9858000
2018-06-22,10.262665748596191,10.697395253842702,10.188724355776568,10.641938981264287,5146500
2018-06-25,9.356241226196289,9.896785369672784,8.969320071882871,9.88021148868872,16000500
2018-06-26,9.454404830932617,9.591453008990204,9.306520166554462,9.500300323147941,7869000
2018-06-27,8.758965492248535,9.683241785318362,8.754502873857968,9.594002183477073,12337500
2018-06-28,8.980156898498535,9.027964559089527,8.656978061232925,8.711160502101848,10029000
2018-06-29,9.01967716217041,9.348592464383547,9.01967716217041,9.18222265284688,8799000
2018-07-02,9.186047554016113,9.194334494925288,8.585585371980827,8.782552498407762,8422500
2018-07-03,8.666540145874023,9.336482074037848,8.652515811034647,9.272101440942961,7272000
2018-07-05,9.367714881896973,9.377913982605339,8.939359946987421,8.966770315095912,10789500
2018-07-06,9.721488952636719,9.75973489192833,9.216005714371763,9.32819307347639,14602500
2018-07-09,9.903158187866211,10.017259534781351,9.553844716574108,10.017259534781351,10915500
2018-07-10,10.212952613830566,10.281159396369194,9.909535471191788,9.943956188133875,11608500
2018-07-11,9.419983863830566,9.899333324517844,9.402772598796929,9.70172885297457,16504500
2018-07-12,9.622052192687988,9.654561661099052,9.163738171472799,9.38301477298783,13414500
2018-07-13,9.499028205871582,9.674959759418803,9.451221451943514,9.637988582986104,6973500
2018-07-16,9.460144996643066,9.652649524347895,9.440384178408797,9.51177698459374,6094500
2018-07-17,9.879573822021484,9.880210296907677,9.235128410069068,9.26381354899436,10303500
2018-07-18,10.093111038208008,10.149842094748548,9.896144895009492,9.994946203990935,9042000
2018-07-19,10.019172668457031,10.149208696771836,9.81965600644166,9.969452849656328,7416000
2018-07-20,9.872559547424316,10.050404104524658,9.720851490970867,9.937578458289401,6780000
2018-07-23,9.913993835449219,9.964351031908183,9.340941249789694,9.753361445621943,8800500
2018-07-24,9.594002723693848,10.249921037815149,9.551931555141016,10.080364325801334,10236000
2018-07-25,9.74443531036377,9.74443531036377,9.206442690010043,9.548743934683051,14748000
2018-07-26,10.27414321899414,10.286892777094758,9.901882930996232,9.912082030363662,16359000
2018-07-27,10.126260757446289,10.560989558518482,9.89997202984687,10.294543638772163,12807000
2018-07-30,9.838141441345215,10.20785224791233,9.681970725155681,10.106500446726168,10194000
2018-07-31,10.021718978881836,10.426489602176853,9.963713144974799,10.008332947068286,7806000
2018-08-01,9.966902732849121,10.292631113490584,9.85407705645387,10.089927510450858,6054000
2018-08-02,10.276055335998535,10.310476954273394,9.606114480130632,9.709378423100107,7603500
2018-08-03,10.326415061950684,10.364661006511954,10.135185339144332,10.279244790101876,4069500
2018-08-06,10.512545585632324,10.516369906493829,10.102675775418318,10.283706395502827,5463000
2018-08-07,10.77006721496582,10.787915867906406,10.538041109724325,10.627919025619997,5655000
2018-08-08,10.852293014526367,10.900738040058433,10.636202559294405,10.716519648096732,4932000
2018-08-09,10.516368865966797,10.731183701305758,10.503620219167942,10.723534148484388,6726000
2018-08-10,9.724039077758789,10.00195974277959,9.585078745248389,9.927380026941638,16897500
2018-08-13,9.762286186218262,10.030646082811405,9.739976736946776,9.774397446956588,9745500
2018-08-14,9.732962608337402,9.997498155684623,9.687068029325063,9.937579245242153,5463000
2018-08-15,9.332018852233887,9.586354409011015,9.019676540465845,9.523885946657408,12493500
2018-08-16,9.266999244689941,9.550018980844163,9.198156014692419,9.53153385595993,8014500
2018-08-17,9.055373191833496,9.130589391642973,8.656339885569164,8.994816888060207,12708000
2018-08-20,9.034337997436523,9.19433394134713,8.727733056376156,9.115291593682091,8164500
2018-08-21,9.56914234161377,9.632248179437658,9.099991115245155,9.140787508393737,10276500
2018-08-22,9.694718360900879,9.726590437752577,9.317995391243523,9.481816571426782,8587500
2018-08-23,9.727862358093262,9.940764996975455,9.64945833039528,9.69280335739624,7741500
2018-08-24,10.146018981933594,10.153668534130498,9.841963643824027,9.844513190604637,8875500
2018-08-27,10.621545791625977,10.852296205450582,10.306653033078941,10.345536359877391,16623000
2018-08-28,10.744571685791016,10.874607724379514,10.432230238433453,10.764969889115031,11250000
2018-08-29,10.83381175994873,10.919227978864264,10.627920310610993,10.743296446350891,7524000
2018-08-30,10.529115676879883,10.876516013611184,10.490869743151988,10.731181830187177,9526500
2018-08-31,10.708874702453613,10.749032808195496,10.453901734071572,10.453901734071572,4807500
2018-09-04,10.954920768737793,10.977868512870003,10.508080792258275,10.566724925945584,8767500
2018-09-05,10.797475814819336,11.020576645239208,10.5189168743752,10.900101449091368,6303000
2018-09-06,9.931205749511719,10.714610585998688,9.904433682789504,10.701224552637582,13224000
2018-09-07,9.810728073120117,10.246732407584723,9.736785758910308,9.816465464179535,8241000
2018-09-10,10.130722999572754,10.131998685096443,9.843241476528647,10.051681560999244,5392500
2018-09-11,9.827940940856934,10.044667002575,9.667307642760717,9.96052557750459,8391000
2018-09-12,9.490738868713379,9.501575355329011,8.8475691327286,9.501575355329011,19008000
2018-09-13,9.82475471496582,10.172792521042451,9.703643018640113,9.789695706086588,13285500
2018-09-14,10.143471717834473,10.249922605151719,9.891684790265224,9.994948743676012,9342000
2018-09-17,9.68897819519043,10.10330956557952,9.666030454480033,9.960524028650351,6747000
2018-09-18,9.961164474487305,10.135183815224991,9.82347891239799,9.82347891239799,6496500
2018-09-19,10.01789665222168,10.141558808327995,9.87447459372314,9.956702960960039,4318500
2018-09-20,10.362747192382812,10.486408421765148,10.177891367241536,10.177891367241536,9111000
2018-09-21,10.269683837890625,10.504895983172908,10.191278877607965,10.360198235656464,5826000
2018-09-24,10.378682136535645,10.394617715286838,9.954152519205765,10.022994839472352,5310000
2018-09-25,9.861054420471191,10.304663361612457,9.799690376213762,10.277178516922627,10809000
2018-09-26,9.582998275756836,9.923055759641095,9.551676638266123,9.760697865392945,5340000
2018-09-27,9.70700454711914,9.799051069333395,9.579164085541489,9.658424641371317,3802500
2018-09-28,9.882782936096191,9.965880256298131,9.574046266858614,9.640524488777487,7743000
2018-10-01,9.965242385864258,10.211336744958162,9.88981590131404,9.964603224862651,6400500
2018-10-02,9.981224060058594,10.371140685003695,9.88278593355488,9.899405951272117,8142000
2018-10-03,9.997844696044922,10.192164334390633,9.715954485473969,10.106510331403706,7701000
2018-10-04,9.460271835327148,9.843796912885333,9.20458905988418,9.818227720947304,15123000
2018-10-05,8.79229736328125,9.489672343679398,8.53086129786372,9.358635187650064,22242000
2018-10-08,8.480364799499512,8.808278183190207,8.258558547889505,8.629299378303886,12891000
2018-10-09,8.4733304977417,8.585192799827329,8.30010600571811,8.416441519736571,7024500
2018-10-10,7.348968029022217,8.157565316499925,7.338100919070686,8.15628699433978,26956500
2018-10-11,7.11501932144165,7.771484949339737,6.948185907936364,7.331710507726604,20209500
2018-10-12,7.511326789855957,7.819423935785868,7.191083753943995,7.709480908767739,13690500
2018-10-15,7.3106160163879395,7.555432096772202,7.223683246845358,7.405857423224017,8487000
2018-10-16,8.02652645111084,8.05656976211417,7.5253885520382235,7.587390828310526,10891500
2018-10-17,7.924890995025635,8.250886824871444,7.759975597422606,8.181213715527315,9156000
2018-10-18,7.331710338592529,7.830292169659083,7.244138400364659,7.825177965906273,15177000
2018-10-19,6.985897541046143,7.591866591316213,6.903439818393557,7.480644334158417,14745000
2018-10-22,7.1220479011535645,7.247333055893271,6.931563753691152,7.127161189055972,8202000
2018-10-23,7.007629871368408,7.127160740915255,6.338379896371528,6.561462154578253,20764500
2018-10-24,5.621829509735107,6.67971844784472,5.593064972854871,6.6579846834057825,29644500
2018-10-25,6.004077434539795,6.13895052924255,5.71451633013626,5.753508370413292,15933000
2018-10-26,5.68447208404541,5.995765486847393,5.393631836552265,5.598817638237899,19084500
2018-10-29,5.517000198364258,6.106988030313918,5.1929217054838634,6.00918951170522,15058500
2018-10-30,6.203507423400879,6.210538652157542,5.458192146030387,5.485677442809393,18321000
2018-10-31,6.426591396331787,6.571051391592885,6.254005115110778,6.48795497055571,14517000
2018-11-01,7.311253547668457,7.375174682041936,6.509687524357438,6.514801727167673,19780500
2018-11-02,6.983340740203857,7.36303032603634,6.719348458451816,7.304223389534247,18301500
2018-11-05,6.80372428894043,6.963526456346433,6.4611092393731715,6.9481852178482715,12534000
2018-11-06,7.05045747756958,7.11821358194805,6.757061050423033,6.757061050423033,7428000
2018-11-07,7.303584098815918,7.358556528345817,7.04214890695772,7.341936510063154,13149000
2018-11-08,7.207703113555908,7.364309479541867,7.003156919021055,7.094563362544775,8494500
2018-11-09,6.8056416511535645,6.976949630084459,6.617714568974835,6.903440158901605,8788500
2018-11-12,5.913946628570557,6.479644823788076,5.823178448260609,6.4770877225022705,15409500
2018-11-13,6.132556438446045,6.4924302243564815,6.009189193162405,6.009189193162405,10953000
2018-11-14,6.2041473388671875,6.492429560487935,6.0379526561620995,6.359474911596108,10629000
2018-11-15,6.831849098205566,6.903440633787053,6.104431584804171,6.13511360616812,14431500
2018-11-16,6.587671756744385,6.6765210890148685,6.089090003697963,6.126802792804379,12009000
2018-11-19,5.821260929107666,6.555710431159909,5.8135905396912495,6.426591218723998,13630500
2018-11-20,5.848747253417969,6.083975429040598,5.327793523163689,5.343134759493681,21753000
2018-11-21,5.918421268463135,6.180496035118956,5.908193777617386,6.059046295813431,10492500
2018-11-23,5.915864944458008,6.072470389682092,5.752866973717849,5.816788114107487,5686500
2018-11-26,6.250171661376953,6.252727848942678,5.9855397261832834,6.168352171021979,10636500
2018-11-27,6.290441036224365,6.436818995034019,6.052655719608041,6.142144679608694,7797000
2018-11-28,6.722543239593506,6.723182857798597,6.117853949178453,6.4790050647303055,11701500
2018-11-29,6.562743663787842,6.76089734207564,6.512885435032989,6.6260251914848745,6813000
2018-11-30,6.832489013671875,6.84591231287792,6.363310873854456,6.5800025162863305,9060000
2018-12-03,7.384763717651367,7.5375337392201445,7.171907522281893,7.476169700389942,18288000
2018-12-04,6.3076982498168945,7.240940495231135,6.2961924377009,7.213454286910327,18252000
2018-12-06,6.2041473388671875,6.2041473388671875,5.695338085037882,5.789941240251349,21013500
2018-12-07,5.509328365325928,6.206703380570516,5.424313542720757,6.162598066601566,19045500
2018-12-10,5.742639064788818,5.80272477694779,5.424953155215577,5.479924664454107,14008500
2018-12-11,5.844274044036865,6.241861559344523,5.742640101075731,6.012386236205463,23953500
2018-12-12,6.103151321411133,6.354359881628891,5.972114172816324,6.124245005946629,17592000
2018-12-13,6.035396575927734,6.303863894382695,5.967640470921959,6.217570746094176,13446000
2018-12-14,5.777795791625977,6.145979090944332,5.773960367951024,5.832767302054115,10413000
2018-12-17,5.5611042976379395,6.0168585802996715,5.456912818537028,5.720906444813904,15946500
2018-12-18,5.780992031097412,6.045623940226683,5.699813081519179,5.7010914037745595,13204500
2018-12-19,5.050378799438477,5.8743180016040375,4.967921054536226,5.72538200026439,29062500
2018-12-20,4.921258449554443,5.279853891969327,4.7326917492732665,5.024809864375192,19387500
2018-12-21,4.695617198944092,5.1916427464483315,4.638727751071514,5.016499361114492,19287000
2018-12-24,4.2878031730651855,4.720546288840927,4.282689884717802,4.572250868438495,13795500
2018-12-26,5.02480936050415,5.028644783970858,4.243058252883281,4.461028628309074,17737500
2018-12-27,5.137268543243408,5.139833966491619,4.622129627838036,4.769679319630358,12370500
2018-12-28,5.245683193206787,5.5298756769195245,5.11353111872807,5.248891462785254,17269500
2018-12-31,5.345119476318359,5.476629635703813,5.187306275588733,5.4253087881491835,12660000
2019-01-02,5.486893653869629,5.60236657464145,4.978811976546139,4.985227597659839,13147500
2019-01-03,4.5117878913879395,5.185380819974414,4.496391686107044,5.1148131201840865,28599000
2019-01-04,5.0949273109436035,5.154588646875777,4.702318975910585,4.736319201493847,17604000
2019-01-07,5.393874645233154,5.5369335844327106,5.081456475354076,5.195005017361784,16641000
2019-01-08,5.311117649078369,5.564517714041361,5.098776275823183,5.557460163504294,14445000
2019-01-09,5.721689701080322,5.794822379183111,5.4586680057002726,5.463799769262896,17928000
2019-01-10,5.882710933685303,5.90580524893114,5.540140439627089,5.543348709921716,12975000
2019-01-11,6.046939373016357,6.207959946111573,5.741577837032678,5.791616208804205,12399000
2019-01-14,5.760822772979736,5.887201172405424,5.668444143511912,5.821766596646144,10731000
2019-01-15,5.798671245574951,6.007805278937421,5.727462983905969,5.801237586021211,14590500
2019-01-16,5.656896591186523,5.9462204098909,5.649198487002664,5.8698799207995584,10257000
2019-01-17,5.8525590896606445,5.943013308903045,5.441347150974108,5.575424115385379,15876000
2019-01-18,6.254148960113525,6.366415018825395,5.928900006387692,6.027051878316696,15720000
2019-01-22,5.728105068206787,6.083504915772528,5.594027197583123,6.077089293907536,18655500
2019-01-23,5.608781814575195,5.894897756844744,5.447119369402553,5.838444240978787,15681000
2019-01-24,6.567849159240723,6.639699343419933,5.959050216675375,5.959050216675375,32491500
2019-01-25,6.987401962280273,7.0650258485502,6.511396953280151,6.634568451555589,17100000
2019-01-28,6.561437129974365,6.730797757471835,6.1656204030307995,6.209885086419412,14305500
2019-01-29,6.277885913848877,6.6461170777297625,6.251583786182116,6.598644127893212,9061500
2019-01-30,6.82253360748291,6.896308223341715,6.405547945027372,6.616606428906399,14400000
2019-01-31,6.82766580581665,6.999592763580677,6.639701625211435,6.799439265794947,10894500
2019-02-01,7.066309452056885,7.159971949173044,6.83857181473328,6.83857181473328,10723500
2019-02-04,7.172801494598389,7.174084435590967,6.896307980203198,7.0823477307396665,4450500
2019-02-05,7.272877216339111,7.367822178089295,7.1298187621559155,7.184989805607097,9172500
2019-02-06,7.857298851013184,8.02216960037752,7.53076745754774,7.537823632324467,17931000
2019-02-07,7.332540035247803,7.666770065693721,7.1426514380159585,7.56990158477295,18687000
2019-02-08,7.30238676071167,7.33702891391477,6.913627725251487,6.998948790968507,10705500
2019-02-11,7.406954288482666,7.456351643295474,7.2080846814098924,7.41529432211861,8164500
2019-02-12,7.873978614807129,7.924658447952516,7.6379000678359406,7.685373007782114,13083000
2019-02-13,7.942621231079102,8.123529667844197,7.866281657183603,8.017678781740738,12480000
2019-02-14,8.004847526550293,8.179339383027497,7.829070894043365,7.829070894043365,11575500
2019-02-15,8.13443374633789,8.25375641642987,7.981753698106696,8.210775146999396,10102500
2019-02-19,8.081831932067871,8.251192077579786,7.987528425070001,7.9913781658457435,7548000
2019-02-20,8.304437637329102,8.448137124092804,8.149831316663564,8.152398116362633,9694500
2019-02-21,8.12160587310791,8.365382132348072,8.043982425918946,8.326250591157736,11476500
2019-02-22,8.375003814697266,8.404514210222938,8.203719264419416,8.316626329528418,12757500
2019-02-25,8.585421562194824,8.872821441915603,8.56360973065909,8.789423856318459,12519000
2019-02-26,8.407719612121582,8.611721863036243,8.336510898324233,8.496248942765522,8319000
2019-02-27,8.110698699951172,8.289681793479325,7.84318626528134,8.289681793479325,15036000
2019-02-28,8.130584716796875,8.196019283713499,7.929148335335605,8.009980026689169,7447500
2019-03-01,8.342926979064941,8.450701343509916,8.08375459393984,8.374361780492888,10362000
2019-03-04,8.34677505493164,8.59055121157974,8.033715515578209,8.530249331007436,14767500
2019-03-05,8.227455139160156,8.382060532132463,8.129302817363804,8.324965072800204,7974000
2019-03-06,7.825223922729492,8.23322850758444,7.813676536582901,8.202436089658452,14940000
2019-03-07,7.558994293212891,7.737336398476344,7.420426570812542,7.698203944960694,15607500
2019-03-08,7.5468058586120605,7.56540941955253,7.101592783434413,7.161895594847162,12711000
2019-03-11,8.085040092468262,8.191531549854414,7.6468840277140835,7.6872994271667485,12825000
2019-03-12,8.179342269897461,8.307004085148947,7.943905143959188,8.138926872526474,10372500
2019-03-13,8.279417991638184,8.470589955582565,8.243492892522266,8.309568938874332,8331000
2019-03-14,8.138283729553223,8.39681560649836,8.123529908407088,8.285191482898796,6633000
2019-03-15,8.839460372924805,9.030633217517202,8.39104048558789,8.434663221826236,22909500
2019-03-18,8.781725883483887,9.030634772356077,8.623912222512157,8.895274412558383,10273500
2019-03-19,9.137308120727539,9.215068666129234,8.981784271936396,9.025485507231663,13689000
2019-03-20,8.877032279968262,9.281906765628047,8.709298800879612,9.125097677239475,13167000
2019-03-21,9.797316551208496,9.97597623806227,8.904022713585839,8.904022713585839,21321000
2019-03-22,8.96379280090332,9.711204018476252,8.939370812363617,9.650793956781072,18607500
2019-03-25,8.621896743774414,9.016488507913257,8.40724806150369,8.815336499095174,23959500
2019-03-26,8.884099960327148,9.110316549639313,8.678450604882556,8.983712042003036,17310000
2019-03-27,8.494648933410645,8.981783050928126,8.299280462092847,8.900807622142255,19968000
2019-03-28,8.45030689239502,8.764566750578526,8.278074221198167,8.57048437938095,11520000
2019-03-29,8.839115142822266,8.88345807323641,8.674594725728014,8.747215306691743,12793500
2019-04-01,9.490129470825195,9.513907007818588,9.115459509912498,9.23242303833263,18229500
2019-04-02,9.520332336425781,9.590381550953564,9.346814449045448,9.475345876982995,8290500
2019-04-03,10.168774604797363,10.419411366410394,9.8461598707905,9.868010490861725,30327000
2019-04-04,10.207330703735352,10.406553906224996,10.055662554513441,10.060161750900162,14100000
2019-04-05,10.440618515014648,10.456684714885297,10.218902014945737,10.403987836721788,7863000
2019-04-08,10.5158109664917,10.539589423568252,10.234326988083541,10.298592715589296,7659000
2019-04-09,10.161062240600586,10.34678975120274,10.019035050337367,10.34678975120274,16965000
2019-04-10,10.421981811523438,10.50745554636661,10.141141378554735,10.159778024850914,13528500
2019-04-11,10.39627456665039,10.60899356949668,10.295377260077435,10.475321255164047,9259500
2019-04-12,10.828783988952637,10.834568409659422,10.579433351202768,10.693826430186563,12208500
2019-04-15,10.598068237304688,10.860915483812162,10.407198030833342,10.824925584800317,9196500
2019-04-16,11.607684135437012,11.613467635965318,10.77030110543939,10.796007390890432,19468500
2019-04-17,12.135948181152344,12.592236125835605,11.859606072864288,12.274762306129324,16183500
2019-04-18,12.159083366394043,12.265765088545942,11.973998489288546,12.147515446658796,9463500
2019-04-22,12.164226531982422,12.245201979163767,11.85060928053089,11.98556774628024,4671000
2019-04-23,12.529253005981445,12.648146168520059,12.237487350130687,12.317819251185282,8796000
2019-04-24,12.892356872558594,13.266384157805323,12.500335555009544,12.500335555009544,11011500
2019-04-25,12.190574645996094,12.785033181203561,11.858320771629314,12.785033181203561,12978000
2019-04-26,11.885315895080566,11.889171563237792,11.126336719693414,11.499078888111846,13794000
2019-04-29,11.822975158691406,11.96885893424464,11.666166992648215,11.925800306172755,4995000
2019-04-30,12.085179328918457,12.166154772690454,11.750354083128514,11.769634257136374,6696000
2019-05-01,11.78891658782959,12.634654714220588,11.769637328120599,12.468206424327326,12915000
2019-05-02,12.1815767288208,12.551104767407134,11.699583475129206,11.727216671424872,13312500
2019-05-03,12.425786972045898,12.443138391648928,12.00227590527647,12.400079769208158,8863500
2019-05-06,11.815261840820312,11.842253345570217,11.067849974772718,11.18802744328163,17829000
2019-05-07,10.952813148498535,11.4322349510792,10.565290231327916,11.376324118931477,24256500
2019-05-08,10.689969062805176,11.182246028381442,10.626989486198717,10.724672826523935,12007500
2019-05-09,10.309514999389648,10.457325669578008,9.596806865703545,10.186124471085051,18993000
2019-05-10,10.339720726013184,10.529947428868313,9.614802899348389,10.101937117611943,20788500
2019-05-13,8.880244255065918,9.503623026771802,8.752355445027607,9.314681561841757,24391500
2019-05-14,9.515832901000977,9.646934770354047,9.085894779666644,9.209285315133808,17139000
2019-05-15,9.749116897583008,9.93998619333966,9.170725510136746,9.179080374165089,14703000
2019-05-16,9.25427532196045,9.57753184119421,9.078186007439305,9.318541058965062,21981000
2019-05-17,8.707368850708008,9.365449463419168,8.596831474176316,8.82561664064798,24265500
2019-05-20,7.663693904876709,8.071781439140675,7.499816555764057,7.927826416403888,26760000
2019-05-21,8.145686149597168,8.266505314034687,7.948389826629214,8.161753266244238,19236000
2019-05-22,7.636059284210205,7.8841260546106575,7.553799534319469,7.694541500280628,15225000
2019-05-23,7.24982213973999,7.282597606262199,6.897002882024977,7.2022647783126414,20860500
2019-05-24,7.061522960662842,7.525522228624604,7.047385055622671,7.434907620685631,13459500
2019-05-28,6.8693695068359375,7.262033022345693,6.839807090845824,7.188770283121084,13249500
2019-05-29,6.962554931640625,7.0589535068788365,6.654721182750808,6.700350255395093,20284500
2019-05-30,7.121291160583496,7.299307810997957,6.966411273662578,7.033247441769384,19113000
2019-05-31,6.8121724128723145,7.1630633866225955,6.794177461793501,6.855872729595078,18478500
2019-06-03,6.87772274017334,7.262031298848705,6.7575457306383155,7.0679489563753926,23410500
2019-06-04,7.75045108795166,7.76523206164983,7.06280761048851,7.262030828877743,32151000
2019-06-05,7.596214294433594,8.011371425536868,7.29673544160138,8.00558792532147,25533000
2019-06-06,7.911758899688721,7.99337695403426,7.544802178373081,7.593643845215192,14176500
2019-06-07,8.159826278686523,8.231160716996287,7.931039229158432,7.9676708247572,14091000
2019-06-10,8.79605770111084,9.08461036145973,8.470871604915024,8.532566878109447,21726000
2019-06-11,8.862250328063965,9.318538304938537,8.670096704572922,9.290903264763713,18606000
2019-06-12,8.236947059631348,8.62446927521581,8.210597236860607,8.600690817119194,11925000
2019-06-13,8.393110275268555,8.486295327992844,8.193886108069114,8.45287770929424,11455500
2019-06-14,7.727959632873535,7.850064021596541,7.569222732405631,7.6476263466148815,14856000
2019-06-17,7.572436809539795,7.818575766843907,7.556371068474879,7.744026425841067,8601000
2019-06-18,8.560200691223145,8.71443839243504,7.802507018724031,7.851349141306974,26061000
2019-06-19,8.576911926269531,8.754285516710913,8.440025605951393,8.701587712487376,13185000
2019-06-20,8.814693450927734,9.208642584355953,8.686162027872928,9.130237588896193,19162500
2019-06-21,8.632820129394531,8.913662327243898,8.602615568758885,8.686161447830125,12225000
2019-06-24,8.690017700195312,8.804410758718488,8.60582920434365,8.689375089046099,9433500
2019-06-25,8.320859909057617,8.85310156518085,8.289967493584545,8.7128009282806,12205500
2019-06-26,9.102811813354492,9.261776814829572,8.825429090094401,8.870480190960707,19284000
2019-06-27,9.504406929016113,9.655005062283314,9.270787314476149,9.270787314476149,13567500
2019-06-28,9.543664932250977,9.805602819027321,9.484456073023098,9.77535485488483,11226000
2019-07-01,10.315962791442871,11.043852839017468,10.078481051945475,10.792856874072962,21082500
2019-07-02,9.883475303649902,10.194325474639196,9.753472131813886,10.194325474639196,12142500
2019-07-03,9.729660034179688,9.92144712976452,9.534655266013793,9.92144712976452,9478500
2019-07-05,9.574556350708008,9.606734915072412,9.256627310580864,9.412373698012948,9699000
2019-07-08,9.34286880493164,9.440049888681465,9.187122393628197,9.310689314984906,8194500
2019-07-09,9.558466911315918,9.584854588286545,9.131129613437933,9.205785140810347,9168000
2019-07-10,9.759263038635254,10.166007174965538,9.710994274364324,9.87639550999007,16626000
2019-07-11,9.833276748657227,9.954269527152206,9.660796604084286,9.904714605980773,8664000
2019-07-12,10.395123481750488,10.405421876186129,9.913082024056168,9.938824327544006,12400500
2019-07-15,10.637109756469727,10.779984543100122,10.458193355117885,10.5547308956426,8479500
2019-07-16,10.292792320251465,10.554086644026155,10.135758864593372,10.483292329698235,9934500
2019-07-17,10.379033088684082,10.547007562218829,10.282495548147905,10.518690202820292,7201500
2019-07-18,10.85464096069336,10.911275684134859,10.401559490560187,10.4221535169706,13081500
2019-07-19,10.782556533813477,11.101772599566509,10.764536650691547,11.001373872022809,9180000
2019-07-22,11.413909912109375,11.468614942160404,10.947314304819027,10.971126920138278,13075500
2019-07-23,11.848328590393066,11.848328590393066,11.46282379239172,11.652036751523083,10419000
2019-07-24,12.928258895874023,13.00741916718154,12.07937516492078,12.099325656055468,23553000
2019-07-25,12.272446632385254,12.691416949698809,12.173334057897655,12.688199277989792,14809500
2019-07-26,12.263435363769531,12.54081984124589,12.246059015815092,12.52022398026842,8842500
2019-07-29,12.35804557800293,12.417897970635904,11.895310196599782,12.163684344274408,7939500
2019-07-30,12.274378776550293,12.361262368152534,11.895952916556137,12.024669007577938,5961000
2019-07-31,11.088902473449707,12.077443214727538,10.724635270233096,12.077443214727538,21309000
2019-08-01,10.423439025878906,11.88629964587239,10.142838668241964,10.97048382436218,25618500
2019-08-02,9.934962272644043,10.364231096952908,9.685896001930589,10.091352207845382,16612500
2019-08-05,8.636858940124512,9.103455511711099,8.40066428878697,9.06162300770616,22728000
2019-08-06,8.983749389648438,9.33128381350038,8.694137676655236,9.091227021188777,20334000
2019-08-07,9.172962188720703,9.239894381801534,8.55962960224343,8.57958009293904,19701000
2019-08-08,9.92273235321045,9.92273235321045,9.228307247394312,9.452273768303597,18787500
2019-08-09,9.367965698242188,9.721935378764133,9.176821260588314,9.602872314210373,17550000
2019-08-12,9.032015800476074,9.367965594321237,8.883992770360786,9.13563219775178,12654000
2019-08-13,9.829413414001465,10.050804897293308,8.817703691407774,8.99726267700626,19845000
2019-08-14,8.907805442810059,9.384698520642642,8.760425930833913,9.15172248471958,27957000
2019-08-15,8.83443832397461,9.145288517472835,8.619483061067884,9.145288517472835,14976000
2019-08-16,9.55717945098877,9.631834975304544,9.151723263792864,9.214794246704452,16189500
2019-08-19,10.10615348815918,10.343635173346883,9.956198004990453,10.22457210322903,15972000
2019-08-20,9.945900917053223,10.160213511031811,9.78500535781599,10.033428034991477,8716500
2019-08-21,10.227790832519531,10.361654274928233,10.070756468875473,10.265117669398359,9754500
2019-08-22,10.216848373413086,10.382892210087952,9.891196964443017,10.284424085824359,9760500
2019-08-23,8.893003463745117,10.075262786656277,8.791317655689296,9.821047345866587,31515000
2019-08-26,9.113109588623047,9.350591336557146,9.002413357080686,9.33385851713981,11319000
2019-08-27,9.017857551574707,9.42846287463677,8.8621111810943,9.34157928726917,11251500
2019-08-28,9.18326187133789,9.221876713635709,8.68899133753555,8.876273736972673,10600500
2019-08-29,9.80495834350586,9.989665624577517,9.589358646077683,9.589358646077683,18906000
2019-08-30,9.972289085388184,10.23165280427097,9.817829768466996,10.079124090713776,10582500
2019-09-03,9.453563690185547,9.752828392929038,9.290736580586902,9.65436025406788,12528000
2019-09-04,10.22650146484375,10.240016606209515,9.896344421887262,9.910503097572828,19119000
2019-09-05,11.181580543518066,11.536837399010528,10.837263775550657,10.879740739131474,17769000
2019-09-06,11.226627349853516,11.346333958403452,11.005880313522965,11.236925741867603,7131000
2019-09-09,11.384307861328125,11.66619623325857,11.243362754712665,11.442873184805547,9319500
2019-09-10,11.534261703491211,11.534261703491211,10.980137969046694,11.206035158948133,7002000
2019-09-11,12.051056861877441,12.051056861877441,11.487923638993525,11.699662150614396,9793500
2019-09-12,12.157246589660645,12.489977830836677,11.906893280406477,12.357400530176445,11793000
2019-09-13,12.047194480895996,12.263437713161757,11.855408320360773,12.16110836756502,6118500
2019-09-16,11.80199146270752,11.964174132273953,11.476339054518196,11.713177253260454,6535500
2019-09-17,11.909465789794922,11.931346876642392,11.52074253249081,11.722827033066963,5451000
2019-09-18,11.932636260986328,11.946151403514849,11.424206357953725,11.866346696444015,8751000
2019-09-19,11.751145362854004,12.121848770003053,11.697728328908743,12.040113462551265,7227000
2019-09-20,11.095983505249023,11.893379870045516,10.940879714713505,11.893379870045516,11719500
2019-09-23,11.435147285461426,11.615994253407624,11.03033470542514,11.03033470542514,8188500
2019-09-24,10.881531715393066,11.706124813805605,10.704235428399835,11.693875158254444,18163500
2019-09-25,11.437918663024902,11.545586844724681,10.439896724639718,10.702941430976248,11985000
2019-09-26,11.474023818969727,11.57266570662735,11.132323819423322,11.448879844557968,10096500
2019-09-27,10.637828826904297,11.351530352494592,10.395415319759195,11.225165776424546,17278500
2019-09-30,10.974369049072266,11.007894659893026,10.654589634083091,10.831242146988059,7299000
2019-10-01,10.673927307128906,11.59200453435872,10.551432652790805,11.192279699426818,14653500
2019-10-02,10.17040729522705,10.479871036680338,9.967321484329657,10.356729841203437,19338000
2019-10-03,10.690693855285645,10.715192238207187,9.811944062855316,10.188458098762608,17961000
2019-10-04,11.270295143127441,11.282544797290889,10.769995177273929,10.796427573624207,13695000
2019-10-07,11.01369857788086,11.375384346380836,11.009184964672611,11.172943168114225,9079500
2019-10-08,10.000846862792969,10.694562571362662,9.97183394331478,10.670062342297301,25107000
2019-10-09,10.505016326904297,10.701654540001094,10.319982175517476,10.412177377300795,15838500
2019-10-10,10.8106107711792,11.137482448717504,10.54498735658763,10.581090722064408,18492000
2019-10-11,11.536561012268066,11.929839240446201,11.375382438665234,11.41148672690198,27876000
2019-10-14,11.534629821777344,11.604904405353444,11.363780233758058,11.49659151416664,7069500
2019-10-15,12.290882110595703,12.37469476001808,11.698387844447659,11.732557205428002,19419000
2019-10-16,11.756410598754883,12.273472872269831,11.679689328796572,12.113583631822973,15471000
2019-10-17,11.87955379486084,12.283145906288262,11.646810343447804,12.181280642620893,12418500
2019-10-18,11.483051300048828,11.885999634363527,11.134904536835027,11.801541393449092,14661000
2019-10-21,12.136149406433105,12.14324262238441,11.71450470803222,11.758345965795993,11613000
2019-10-22,11.8524751663208,12.2812121911706,11.835068149275106,12.204490906494314,9618000
2019-10-23,11.163272857666016,11.475960947801632,10.94406932062271,11.194864462902878,15555000
2019-10-24,11.973036766052246,11.990444703997369,11.541076424450692,11.604903378274805,14469000
2019-10-25,12.709946632385254,12.739603299034576,12.033637951663724,12.045888527080534,18265500
2019-10-28,13.376585960388184,13.431387536058283,12.950427621872375,12.959454848776767,15250500
2019-10-29,13.025858879089355,13.698943379789164,12.981373873003168,13.441057802876328,10779000
2019-10-30,13.02779483795166,13.290839659829484,12.739606954803724,13.290839659829484,8559000
2019-10-31,12.78279972076416,12.906584668447845,12.291525183430569,12.86596768925751,9952500
2019-11-01,13.664129257202148,13.664129257202148,12.992334978165824,13.147711557267606,10477500
2019-11-04,14.558996200561523,14.633137873423873,14.147021571657755,14.182480271701774,12294000
2019-11-05,14.64280891418457,14.967746645631054,14.477117620018955,14.73435945275374,9777000
2019-11-06,14.312713623046875,14.570600105730204,13.873661010117438,14.564798074893494,11104500
2019-11-07,14.593810081481934,15.05607266255665,14.391368915784112,14.999337082970891,12427500
2019-11-08,14.826552391052246,14.826552391052246,14.156692214620898,14.415223364135032,7299000
2019-11-11,14.585428237915039,14.675688505602738,14.263070139030402,14.43456437095459,6657000
2019-11-12,14.714370727539062,15.047044453087981,14.51386450750292,14.80205231042188,13849500
2019-11-13,14.705992698669434,14.847830280815414,14.248242754695028,14.398462893584412,12061500
2019-11-14,14.584783554077148,14.629268556657617,14.256622502470913,14.559639576274117,11265000
2019-11-15,14.963878631591797,15.344261684648039,14.777556048201031,15.10507153809574,14211000
2019-11-18,14.872973442077637,15.159228211290442,14.63636380984883,14.974194959740377,8130000
2019-11-19,14.64280891418457,15.14826719764582,14.408133303295235,15.05413890077773,12429000
2019-11-20,14.13928508758545,14.667951443935467,13.814991136074303,14.404907605919869,17808000
2019-11-21,13.656393051147461,14.063855030951196,13.498437793248439,13.93233217212138,15439500
2019-11-22,13.649300575256348,14.01292034300435,13.539053685362619,13.871727443109666,10084500
2019-11-25,14.64216423034668,14.66408393609774,14.039998085660844,14.05482642028724,14046000
2019-11-26,14.444236755371094,14.597680239930481,14.254689898029968,14.567377053921959,10887000
2019-11-27,14.753701210021973,14.77239848965783,14.558997905208427,14.667953620772026,7248000
2019-11-29,14.276609420776367,14.57446914019565,14.22954481459457,14.54094352832611,4399500
2019-12-02,13.648653984069824,14.388789634499151,13.573222052653353,14.288213725943855,13189500
2019-12-03,13.024568557739258,13.031659928179437,12.552635042007347,12.720261241983158,14646000
2019-12-04,13.636407852172852,13.77437649542792,13.474583645089634,13.602882235505527,8785500
2019-12-05,13.800164222717285,14.006472489796925,13.624801042856058,13.845293896751162,7833000
2019-12-06,14.441657066345215,14.523535702946004,14.242439248435273,14.270807499746999,9769500
2019-12-09,14.197953224182129,14.55641654437738,14.190861853109322,14.441656966544047,4908000
2019-12-10,14.355911254882812,14.651836061447806,14.214072756792522,14.386212596010807,7432500
2019-12-11,15.297195434570312,15.329430782850398,14.474536471506537,14.528692446872943,11976000
2019-12-12,16.53827476501465,16.58533844459317,15.202421607990171,15.216605271094974,20947500
2019-12-13,16.266204833984375,17.032128227790903,16.05409454291136,16.491855963602056,21313500
2019-12-16,16.727825164794922,17.17461390066533,16.71235307973012,16.81421835127323,10213500
2019-12-17,16.947669982910156,17.075323867922368,16.698163320714013,16.985062688123108,9778500
2019-12-18,16.923168182373047,17.084994183139933,16.756188510811665,17.000534114417974,7486500
2019-12-19,17.320959091186523,17.33707676228229,16.89222129293241,17.08563703518005,7558500
2019-12-20,17.87735366821289,17.965679931142887,17.443458395052485,17.61430981207015,10882500
2019-12-23,17.997909545898438,18.316731659424846,17.94240658694595,18.30963199286334,11043000
2019-12-24,18.13150978088379,18.13150978088379,17.812041322123203,18.077295642204884,3774000
2019-12-26,18.199914932250977,18.27090790502187,17.961768665341047,18.228958015602863,5878500
2019-12-27,17.99727439880371,18.38450647678747,17.852060753900126,18.38450647678747,7303500
2019-12-30,17.61842155456543,17.94498774808126,17.207311166192035,17.919818553329396,9241500
2019-12-31,17.73652458190918,17.794608893054345,17.298952534779477,17.344130041877698,5722500
2020-01-02,18.842721939086914,18.844657036769163,18.154093055490364,18.401922197395212,10438500
2020-01-03,17.824947357177734,18.282525994592017,17.69135359092834,17.909493408635587,14713500
2020-01-06,17.25958251953125,17.422221161720852,16.872995151532837,17.167936832858793,11313000
2020-01-07,18.14957618713379,18.399342292963667,17.54484888121428,17.816556559161352,10441500
2020-01-08,18.189590454101562,18.51292904410762,17.895939366094897,18.22573320594483,10024500
2020-01-09,18.503894805908203,18.86079479656249,17.955314881011585,18.844658517960987,11472000
2020-01-10,18.125701904296875,18.76334448702615,17.990815582735948,18.757535499228165,11304000
2020-01-13,18.836271286010742,18.878867449488908,18.316089943664807,18.516160258864847,8160000
2020-01-14,18.957597732543945,19.379035370441507,18.609090003444315,18.849173187778153,9610500
2020-01-15,18.274139404296875,18.996972398395105,18.070843317132113,18.94856909567996,11518500
2020-01-16,19.189943313598633,19.1912339944975,18.6839594718897,18.725909370804356,10807500
2020-01-17,19.56233024597168,19.590082653181877,19.117013975066985,19.436480557467,11839500
2020-01-21,19.526187896728516,19.748846015760773,19.297074527632926,19.31901794632647,6961500
2020-01-22,19.992155075073242,20.61172607978768,19.81273754596799,19.9753762272326,10747500
2020-01-23,20.448448181152344,20.458773627670567,19.60234505040258,20.22385310117306,9354000
2020-01-24,19.757240295410156,21.36231933981103,19.32031247183689,21.250020862557275,19885500
2020-01-27,17.465469360351562,18.196694614256625,17.36478885694782,17.99275224546112,19500000
2020-01-28,18.71558380126953,18.874350476065896,17.748147384888192,18.135381195499406,14221500
2020-01-29,17.68360710144043,18.62909996008982,17.621650734684668,18.50712047793412,12270000
2020-01-30,17.617780685424805,17.786226538467563,16.596132010236744,17.3292922809382,17106000
2020-01-31,15.722275733947754,17.213118968712948,15.522205462947383,17.19117555135885,22954500
2020-02-03,16.322486877441406,16.399933265596463,15.879105705151764,15.942354604368875,13681500
2020-02-04,17.84494972229004,17.8804462043141,17.32089653100948,17.557107671220173,15466500
2020-02-05,19.013103485107422,19.09119612725692,18.224440365562977,18.793673002338124,19452000
2020-02-06,19.02536964416504,19.0937812717373,18.341905171533742,19.0724822670397,12234000
2020-02-07,17.682964324951172,18.541974270221687,17.65133987505317,18.46581856218215,16014000
2020-02-10,18.48388671875,18.48388671875,17.264104800029788,17.271850730867268,11137500
2020-02-11,19.593307495117188,19.880505196957944,18.973736418625403,18.985998809009324,16857000
2020-02-12,20.45425796508789,20.549773888506042,20.136080204534903,20.225790833761657,11917500
2020-02-13,20.499433517456055,20.935070619957873,19.859855914236977,19.906324118032853,13008000
2020-02-14,20.367773056030273,21.207422736882645,20.005065916326593,20.959593569294974,11269500
2020-02-18,19.52167320251465,19.63526235915406,19.104107445896048,19.2970780976195,16186500
2020-02-19,21.038330078125,21.11448577943082,20.2683827172166,20.320013638560635,13075500
2020-02-20,20.098005294799805,20.975086693710168,19.14283123664561,20.78146978162094,20755500
2020-02-21,18.293500900268555,19.71657900597365,18.070842760291736,19.695281848870067,25333500
2020-02-24,15.683555603027344,16.471574497747746,15.426046285226569,15.70420834498368,30187500
2020-02-25,14.243048667907715,16.38250601584325,13.990701214041742,16.354753612289993,38751000
2020-02-26,14.362444877624512,15.268568235786256,14.069438214965663,14.587685267334367,33132000
2020-02-27,12.335284233093262,13.884213762016433,12.254611147107124,13.011004534666492,38827500
2020-02-28,13.230436325073242,13.42340693691984,11.081296947655396,11.10065900449146,45580500
2020-03-02,14.540574073791504,14.541219414214973,12.605057812265668,14.037171614132461,36516000
2020-03-03,13.06844425201416,15.317618830096842,12.699282790492077,14.724507644341163,32919000
2020-03-04,14.981372833251953,14.995571245669689,13.297557817259221,13.850009836884952,20538000
2020-03-05,13.637673377990723,14.798080144142824,13.29561902397814,13.737709430943195,23968500
2020-03-06,12.818035125732422,13.132983392275559,11.8105849226787,12.585049704527117,26310000
2020-03-09,9.570446968078613,11.416255463885669,9.551731171625779,9.811821840001027,31191000
2020-03-10,11.397538185119629,11.397538185119629,9.616270140620195,10.772804288693951,33006000
2020-03-11,9.463956832885742,10.777319535132506,9.119320159482571,10.377178975590766,33735000
2020-03-12,6.585531711578369,8.630762849160618,6.584240107447227,7.525860602954597,47734500
2020-03-13,8.384868621826172,8.454569990032702,6.3247928310661985,7.81628319819638,43620000
2020-03-16,5.148899078369141,6.870791413459742,5.098558835024923,5.79428562991842,47341500
2020-03-17,5.6606903076171875,5.80073978525765,4.240839474641816,5.150189606622245,73488000
2020-03-18,4.195015907287598,5.095976561512104,3.4528214385943867,4.453816768660431,67953000
2020-03-19,4.513192176818848,4.904296572201484,3.7271104208718393,4.080782307722063,67534500
2020-03-20,4.1272501945495605,5.259259795177134,4.1175696277057,5.05402679262537,63204000
2020-03-23,4.511256217956543,4.781028354515273,3.956868654031398,4.388632309694901,63927000
2020-03-24,6.056704998016357,6.072858151096865,5.3763431372812,5.398311850638797,67669500
2020-03-25,5.819580078125,6.79715518321882,5.531411319701157,6.167191031424519,65236500
2020-03-26,6.983237266540527,7.042680384658915,6.073504214613876,6.269923546233559,55215000
2020-03-27,5.908099174499512,6.605259405131248,5.862224917568247,6.278970578618881,51672000
2020-03-30,6.543877124786377,6.589105763438054,5.9675401008053255,6.135531394987224,39718500
2020-03-31,6.121316432952881,6.864351682911962,5.974001708998783,6.553569083810675,50964000
2020-04-01,5.1308183670043945,5.96624814587683,4.9492595987563845,5.512027265696696,47541000
2020-04-02,5.600546360015869,5.6186367995328075,5.015809469396111,5.0242093117427675,43654500
2020-04-03,5.267795085906982,5.776936635313914,5.047469751542547,5.605714979289377,43627500
2020-04-06,6.883735179901123,6.958038381322321,5.937172906300846,5.944280144933873,51997500
2020-04-07,6.797154426574707,7.733378596571831,6.7654955829167385,7.665536566807728,79462500
2020-04-08,7.478163719177246,7.5615128400209315,6.846260877882198,7.165442420678467,50287500
2020-04-09,6.987760066986084,7.975673187134358,6.770664631925583,7.792822266823843,75898500
2020-04-13,7.23974609375,7.291435442381727,6.74869681960937,6.939301523758476,36957000
2020-04-14,8.20116901397705,8.230891036503968,7.695905722361017,7.746302929821373,51487500
2020-04-15,7.535667896270752,7.72821127932464,7.273990331183839,7.726919600143496,37128000
2020-04-16,8.090039253234863,8.174681006080975,7.59252910492256,7.905896117721431,47277000
2020-04-17,8.300025939941406,8.614038483674268,8.01185807283541,8.58367131213519,47445000
2020-04-20,7.764392375946045,8.30260794237296,7.75340825275472,7.947890269020515,35502000
2020-04-21,6.6737470626831055,7.534375487520901,6.558737715659816,7.4070903370034005,60042000
2020-04-22,7.791529655456543,7.93109106416522,7.184825031269953,7.2642977183503366,37150500
2020-04-23,7.5938191413879395,8.07970037119443,7.514346896910805,7.831590728375919,42906000
2020-04-24,8.077113151550293,8.119757505691238,7.391583299551806,7.621600594147301,34429500
2020-04-27,8.403403282165527,8.64246604001319,8.280640625979023,8.399526858584393,42303000
2020-04-28,8.272239685058594,9.001706900153112,8.239934310950467,8.851161379743472,55147500
2020-04-29,9.459160804748535,9.546386818664141,8.656035775740333,8.694802790338542,42030000
2020-04-30,8.464784622192383,9.357717963514856,8.40081901162153,9.327997791739204,55264500
2020-05-01,7.178364276885986,7.914937812493363,7.094368639702223,7.882631513798599,65224500
2020-05-04,7.379953384399414,7.400629029551966,6.914102293976808,6.986467745219521,35217000
2020-05-05,7.754055023193359,8.174677473660946,7.605447697851818,7.802514014002851,47706000
2020-05-06,8.022839546203613,8.39112657092642,7.960812150807542,8.011856346640343,46401000
2020-05-07,8.258027076721191,8.54813310342083,8.128157646392557,8.444109269319338,32518500
2020-05-08,8.979737281799316,8.995889966384677,8.426015194507851,8.511949029289228,38311500
2020-05-11,8.95518684387207,9.190374090021555,8.663787761645192,8.686403004178393,27099000
2020-05-12,8.195999145507812,9.224617391801834,8.195999145507812,9.143853028290486,34702500
2020-05-13,7.754702091217041,8.470600148423195,7.390291431678337,8.417618656720718,53503500
2020-05-14,8.374330520629883,8.39952912927612,7.1719054705150915,7.572498001490197,54496500
2020-05-15,7.849679946899414,7.938844157334206,7.404505427447878,7.54665158496047,55647000
2020-05-18,8.948079109191895,9.061795834569667,8.399525516161113,8.399525516161113,42394500
2020-05-19,8.840825080871582,9.461744254768021,8.826610602531163,8.902852483625153,40813500
2020-05-20,9.846183776855469,9.995436257982941,9.373225882036708,9.378395371304393,39808500
2020-05-21,9.08117961883545,9.851352091377862,9.036597978284066,9.842952249993548,37935000
2020-05-22,9.21298599243164,9.238831583594509,8.755535758284198,9.158066306371259,25134000
2020-05-26,9.49857234954834,10.067801208699631,9.448175146316316,9.93340928293316,41682000
2020-05-27,9.904333114624023,9.911441739527595,8.767166638354823,9.612288879702486,41941500
2020-05-28,9.254339218139648,10.096876190799314,9.110254398751673,9.743449731444299,33565500
2020-05-29,9.957315444946289,10.058109848389531,9.27178465712921,9.37903976629145,38440500
2020-06-01,9.833909034729004,9.957317785756937,9.562539920890886,9.761543567994076,21564000
2020-06-02,10.467103958129883,10.467103958129883,9.762835149967525,9.916611989036477,34992000
2020-06-03,11.384589195251465,11.510582203293968,10.873509462301298,10.873509462301298,30483000
2020-06-04,11.684388160705566,11.934435985407326,11.124204244319142,11.284441779589962,31461000
2020-06-05,12.535325050354004,13.051573387047993,12.431300283103022,12.528863419676584,26946000
2020-06-08,12.459083557128906,12.851923171050425,12.073350720467541,12.851923171050425,25800000
2020-06-09,12.480403900146484,12.608982119146068,11.902775179820345,12.030706403928766,22317000
2020-06-10,12.595413208007812,12.970160952481042,12.459082147110385,12.747896033577664,23647500
2020-06-11,10.191856384277344,11.78130563272994,10.177641906462215,11.631406158638159,47562000
2020-06-12,10.614418983459473,11.241153807333115,9.943102506248877,11.137774171721619,35401500
2020-06-15,11.080266952514648,11.108695904995997,9.803538205967488,9.944392675843373,29254500
2020-06-16,11.667588233947754,12.232294588419041,11.080267560647638,12.023599002882705,30856500
2020-06-17,11.990647315979004,12.27816999856348,11.759983469006654,11.916989720068903,21156000
2020-06-18,11.93508243560791,12.095966046638868,11.728971105240515,11.830411593763463,13989000
2020-06-19,11.694725036621094,12.46360448190304,11.635927992573146,12.346657388664152,29616000
2020-06-22,12.007448196411133,12.065599183523151,11.347116771926476,11.752878767414428,19461000
2020-06-23,12.11242961883545,12.489307168353085,12.044553245964112,12.24107199085867,18909000
2020-06-24,11.298556327819824,12.10531877377132,11.023170611899568,11.886174271537069,31200000
2020-06-25,11.57652759552002,11.627595778858012,10.753603363175149,11.285627413766028,21685500
2020-06-26,10.883539199829102,11.641171774741297,10.819541211359404,11.442067435472373,21492000
2020-06-29,11.257830619812012,11.266881111593047,10.505369200605937,10.906811730242925,17931000
2020-06-30,12.166728973388672,12.265635191644616,11.390350069244482,11.390350069244482,32251500
2020-07-01,11.657979965209961,12.18095355743925,11.625657309782524,12.174488656455264,21469500
2020-07-02,12.091745376586914,12.415613735942843,11.954698894940341,12.147339276570237,24289500
2020-07-06,13.061412811279297,13.182298431812852,12.691000101821603,12.7078073672087,21822000
2020-07-07,12.578516006469727,13.200394870947902,12.50869951882482,12.895273941718983,17728500
2020-07-08,13.098904609680176,13.122822246222592,12.561709351348439,12.89656735989706,14014500
2020-07-09,13.619937896728516,13.85912350642957,12.673543368121685,13.25211176516431,25341000
2020-07-10,13.484185218811035,13.767327716724242,13.072399424155666,13.64644211605697,16764000
2020-07-13,12.811236381530762,14.507506714836712,12.734955914470008,14.053056825293995,24480000
2020-07-14,13.49000072479248,13.538484237132845,12.025157618129311,12.599200221838482,25491000
2020-07-15,13.354897499084473,13.779611279342674,12.73495682910107,13.769267992011772,20254500
2020-07-16,13.191991806030273,13.347784722166756,12.72849144316063,12.929534964833415,13903500
2020-07-17,13.436347961425781,13.578565606562004,13.187467313623946,13.43376237100891,12028500
2020-07-20,14.264444351196289,14.326503149066458,13.213971420426908,13.499700449688602,16717500
2020-07-21,13.962553977966309,14.579261700177376,13.813872351973545,14.511385325805598,16822500
2020-07-22,14.129983901977539,14.451266661191733,13.78607537492168,14.092490063045906,13956000
2020-07-23,13.471901893615723,14.487466455994934,13.100196473147875,14.110588930219821,22534500
2020-07-24,12.82998275756836,13.413722338723039,12.247536896382115,12.75887439661562,19546500
2020-07-27,14.045299530029297,14.060813997981041,13.299302100869651,13.316755761722082,17731500
2020-07-28,13.214617729187012,13.799649168681869,13.142215649767737,13.799649168681869,20592000
2020-07-29,14.070510864257812,14.208203732190523,13.531376399404602,13.62381773407683,19687500
2020-07-30,14.894079208374023,14.908947277246957,13.86558576890459,13.876576377099317,25672500
2020-07-31,14.64261531829834,15.00591670387783,14.009099360646264,15.004623908530204,26299500
2020-08-03,15.514021873474121,15.590301420788816,14.923171876203378,14.923818273860864,16984500
2020-08-04,16.180505752563477,16.20377791744853,15.400893777391886,15.443559721263243,12100500
2020-08-05,16.14883041381836,16.339533452061907,15.773246540242601,16.13008395615975,12822000
2020-08-06,16.09000015258789,16.1675734068379,15.59805740286919,16.035699059562113,10840500
2020-08-07,15.543111801147461,16.225757671814765,14.97553396233458,15.974936882822064,17872500
2020-08-10,15.55280876159668,15.740278881274905,14.8695174149033,15.635553211586164,11625000
2020-08-11,15.037590980529785,15.974289517551918,14.916705384009664,15.508849038189311,15201000
2020-08-12,16.552207946777344,16.634952378071322,15.296166936392625,15.422869173421638,18397500
2020-08-13,16.010488510131836,16.559319788436937,15.775183158957526,16.559319788436937,12742500
2020-08-14,15.954249382019043,16.548332264858626,15.813970924620754,16.14818346623951,12001500
2020-08-17,16.558029174804688,16.75713444029591,16.270360960997124,16.34728875200203,11739000
2020-08-18,16.284584045410156,16.84763616068839,16.121678891729836,16.7519619108515,11410500
2020-08-19,15.96847152709961,16.417750231678095,15.824312838525715,16.302684059253632,10309500
2020-08-20,15.55280876159668,15.78682136286782,15.217303403723404,15.494628347739772,16498500
2020-08-21,15.89542293548584,15.902532383977599,15.288411232178442,15.558624834888843,10789500
2020-08-24,16.335006713867188,16.53087907176472,15.974936407466808,16.377025335088593,11776500
2020-08-25,16.861207962036133,16.8637935520944,16.364739530497246,16.364739530497246,11626500
2020-08-26,17.05126190185547,17.181843434045486,16.735795903270134,16.97368865948045,11527500
2020-08-27,16.386722564697266,17.220636672575438,16.08612635002903,17.128195323637417,17893500
2020-08-28,17.315011978149414,17.330527367695524,16.384778465950372,16.489502259283228,13989000
2020-08-31,17.26653480529785,17.641471367056333,16.859920132265916,17.29950386248845,12093000
2020-09-01,18.238788604736328,18.26205892386245,17.328593986060756,17.576829218334616,10255500
2020-09-02,19.874937057495117,20.12963437227116,18.541319782601207,19.032618977276382,18729000
2020-09-03,16.483043670654297,19.005470648439292,16.099055686455348,18.97767277252049,37044000
2020-09-04,16.026002883911133,16.836644629024757,14.225656167944866,16.11198023485419,26686500
2020-09-08,13.744054794311523,15.139082483302287,13.702682575271174,14.262503564077559,21556500
2020-09-09,14.880504608154297,15.210838749894716,14.221778291712042,14.747983852695105,19171500
2020-09-10,14.262504577636719,15.59159333520251,13.989058964297682,15.36921775765087,19227000
2020-09-11,14.212730407714844,15.005917742662819,13.760865111572127,14.573446227569644,14871000
2020-09-14,15.111285209655762,15.373095657543487,14.74863026286086,15.081549070538658,11850000
2020-09-15,15.888313293457031,16.17986177919035,15.60969646090315,15.663997567503316,11725500
2020-09-16,15.409944534301758,16.27294736961864,15.353056916410184,16.088710165064807,10791000
2020-09-17,15.33948040008545,15.486869227061005,14.113176285627619,14.301937333794013,14704500
2020-09-18,14.624512672424316,15.711186566827564,14.079560655967965,15.528889497075072,17329500
2020-09-21,14.55405044555664,14.576029814458588,13.472549532400942,13.758924026770933,25779000
2020-09-22,15.081547737121582,15.104173500632353,14.10994194870651,14.891492988174141,13864500
2020-09-23,13.9586763381958,15.30780627708218,13.830033956453962,14.995574013539423,14178000
2020-09-24,14.366581916809082,14.939978217161189,13.639978284141556,13.667129758317582,24952500
2020-09-25,14.986520767211914,15.078316621651956,13.7925384341186,14.444154357598881,15505500
2020-09-28,16.210241317749023,16.225111237404512,15.283886936793207,15.554746037353672,15123000
2020-09-29,16.34535026550293,16.748084695327623,16.10422635586391,16.10422635586391,19848000
2020-09-30,16.367324829101562,16.870904549079498,16.096464855653316,16.194077351837375,20143500
2020-10-01,17.383541107177734,17.530283558361358,16.814670438175668,16.990501710818496,18271500
2020-10-02,15.834012985229492,16.922626311439167,15.790056089260874,16.165639995177962,24060000
2020-10-05,17.379655838012695,17.38159595531135,16.260015809500516,16.28134785232484,14751000
2020-10-06,17.08293914794922,18.316356311562107,16.872846070777243,17.32083194379695,16638000
2020-10-07,18.113372802734375,18.213570897934446,17.794030213622587,17.813422140456844,13549500
2020-10-08,18.742361068725586,18.843206476152044,18.377766987795532,18.5885073675998,11172000
2020-10-09,19.725608825683594,19.87429139175561,19.318994160906882,19.41208282649801,18609000
2020-10-12,20.58214569091797,20.89955004488096,20.170359885309242,20.449624004986443,15901500
2020-10-13,20.55757713317871,21.018492776815652,20.202032607164224,20.60606157051697,14068500
2020-10-14,20.231775283813477,20.93769146994233,19.87299776227434,20.691396389520214,11320500
2020-10-15,20.072099685668945,20.197508209636037,18.981546554617633,19.2000455742096,10518000
2020-10-16,19.785724639892578,20.573094211772457,19.746291614016418,20.56856850405148,8916000
2020-10-19,19.467025756835938,20.617696550493257,19.243355573197228,20.2337086876013,11283000
2020-10-20,19.404966354370117,19.89820372684517,19.241415760237764,19.743057225212393,6909000
2020-10-21,18.995119094848633,19.63574614340245,18.95633339753579,19.543950305591746,8161500
2020-10-22,19.061708450317383,19.31640759861985,18.33898230113644,19.127644704237717,9789000
2020-10-23,18.782445907592773,18.8884625203638,18.263996151967113,18.8884625203638,6975000
2020-10-26,17.582643508911133,18.552955660351543,16.872199837533298,18.310538990704536,13960500
2020-10-27,17.400989532470703,18.099148779745093,17.188956353196915,17.954991962769792,7834500
2020-10-28,15.669164657592773,16.567076498890486,15.605813999599174,16.55673413823594,15634500
2020-10-29,16.91680908203125,17.35445275267194,15.642667486048678,15.773894560342061,10749000
2020-10-30,16.093238830566406,16.66340421058653,15.52178250447984,16.3828453802878,11187000
2020-11-02,16.352458953857422,16.872199605829877,15.925805103279986,16.622026168435454,10897500
2020-11-03,17.325359344482422,17.70546892802239,16.770063965512836,16.807556880969273,12472500
2020-11-04,19.141216278076172,19.36294633180656,17.728735153979333,18.388108662664543,17590500
2020-11-05,21.665584564208984,21.808450453570313,20.679758881625773,20.68622100804563,20565000
2020-11-06,22.780052185058594,22.96170375383595,21.268665709304216,21.477465973094482,15370500
2020-11-09,21.90993881225586,24.822171390475738,21.869860316747108,24.204816449758873,16741500
2020-11-10,19.939577102661133,21.61645435453686,19.7876635115771,21.328786185801082,16570500
2020-11-11,22.112276077270508,22.21699986873579,20.847182788577467,20.877566244879528,11782500
2020-11-12,21.25638771057129,22.39283613320431,20.9260553996647,22.149773976448667,11928000
2020-11-13,22.04505157470703,22.60487265264004,21.60288412162207,21.972649486299975,10963500
2020-11-16,23.670856475830078,23.705118323089312,22.39930083856807,22.564144249330184,12468000
2020-11-17,23.094226837158203,23.481445781346807,22.57513169782512,23.423266303748637,9009000
2020-11-18,22.604219436645508,23.712226145419404,22.5667265316079,23.193131030778524,10455000
2020-11-19,23.65340232849121,23.665684807463474,21.992687625349348,22.528589142754463,8220000
2020-11-20,23.2694149017334,24.220980606493313,23.18279207427896,23.63142345303938,11338500
2020-11-23,24.32246971130371,24.52480786722746,23.35345041788699,23.69283410328729,11436000
2020-11-24,24.715505599975586,24.791140576870767,23.571946177942117,24.75881700452214,9943500
2020-11-25,24.45111656188965,25.076875725284463,24.156338888656563,24.597213527950654,6964500
2020-11-27,25.292789459228516,25.798309454515095,24.940477741766646,24.941123214725444,8937000
2020-11-30,26.243703842163086,26.327095600295706,24.50218305694725,25.440173419259526,10632000
2020-12-01,27.636146545410156,28.055041764245047,26.6981543118004,26.90437085810169,12735000
2020-12-02,27.846240997314453,28.2192392326123,27.215312547739064,27.362700448972333,7210500
2020-12-03,27.88825798034668,28.78552247516956,27.765433203423708,28.34464607329383,7801500
2020-12-04,30.209646224975586,30.247139139962744,28.099650686498183,28.348531363840173,10473000
2020-12-07,30.6046199798584,30.773341774811264,29.75713077000965,30.773341774811264,8889000
2020-12-08,30.99054718017578,31.29437810491434,30.099746527765674,30.496664258242166,6286500
2020-12-09,28.34012794494629,31.185773862774102,27.74992342361601,30.647934024655388,19231500
2020-12-10,28.285175323486328,28.91739837276329,27.2806013877646,27.751859423337116,11490000
2020-12-11,27.30904769897461,27.983934909965015,26.4395790811104,27.551464379852142,13248000
2020-12-14,28.33754539489746,28.782943943036702,27.926405001358646,28.10934942831192,10854000
2020-12-15,29.519241333007812,29.756484984658446,28.848232504129136,29.362802009095365,7351500
2020-12-16,29.45395278930664,29.79010362695251,28.795224540574473,29.77846661919766,6372000
2020-12-17,29.611682891845703,30.050619253453966,29.265189715037657,29.981448233076474,6106500
2020-12-18,29.225107192993164,29.930377823593297,28.66076048424907,29.801089058338604,8797500
2020-12-21,28.64977264404297,28.793284014981907,27.312280697554176,28.1203350700195,11620500
2020-12-22,28.543807983398438,28.91943690179167,27.88565321679986,28.803062688320242,6235500
2020-12-23,27.950952529907227,28.898748995663105,27.913453451542754,28.728067426281086,4338000
2020-12-24,28.75780487060547,28.7642714403435,28.152017135464146,28.28520146637018,2637000
2020-12-28,28.59423828125,29.804522777884557,28.480451798509396,29.696553618900683,7542000
2020-12-29,28.374418258666992,28.96404322953137,27.429207813854564,28.96404322953137,7833000
2020-12-30,29.841371536254883,29.957743895863462,28.705437912683312,28.775262438271643,7807500
2020-12-31,30.158811569213867,30.24091813573896,29.265322544443197,29.84460398740192,5871000
2021-01-04,29.742454528808594,32.63756718001236,29.026113568999218,30.7148206120091,17731500
2021-01-05,31.46542739868164,31.52296803436253,29.52393221461574,29.52393221461574,8538000
2021-01-06,31.233976364135742,33.12827832238729,30.338548701507793,30.57517413462659,16782000
2021-01-07,34.67604064941406,35.02968580703684,32.59942089430494,32.629160456228995,10443000
2021-01-08,34.70513153076172,36.79532804550842,33.58277478498826,36.373795019304666,13090500
2021-01-11,35.969078063964844,36.72938465215826,33.87823402158027,33.90862098113876,9625500
2021-01-12,36.675724029541016,37.587314302581824,35.59668363325723,36.527022519425365,10501500
2021-01-13,36.77334976196289,37.756704955105086,36.269711970144634,37.45348644497881,6897000
2021-01-14,39.16611099243164,40.35506085489158,38.03470546132892,38.03470546132892,11373000
2021-01-15,36.6808967590332,39.09499532774167,35.983946273253544,38.977331869843596,16302000
2021-01-19,40.40742492675781,40.53220233097188,38.220248572532924,38.3198144967233,13351500
2021-01-20,40.07059097290039,42.206042427165336,39.71371253505297,41.858863843820764,11220000
2021-01-21,41.85433578491211,42.20474762228314,39.85529657159434,41.10760612849822,11056500
2021-01-22,39.5572624206543,41.19230962679484,39.5417433912301,40.730693414499065,12573000
2021-01-25,39.727294921875,40.86646197528972,37.459955464782354,40.743623030299794,12499500
2021-01-26,37.8750114440918,39.80616287060835,37.82135149604112,39.80616287060835,7641000
2021-01-27,32.142333984375,35.928995334980414,31.555292989810972,35.752496448188026,25056000
2021-01-28,34.07218551635742,35.47125435233778,33.14055195367166,33.94288373190903,16110000
2021-01-29,32.391239166259766,34.73875188360164,31.906350034686852,34.269378079618264,15256500
2021-02-01,36.21928024291992,36.39319323941633,33.58988709259791,34.025640679148125,13749000
2021-02-02,37.86790084838867,37.97651553719149,36.33435836704491,37.95000926180756,10789500
2021-02-03,35.52556610107422,38.59394236760116,35.466086976896065,38.273917451860406,14184000
2021-02-04,36.403526306152344,36.47076677569819,34.45556516816487,35.23850082473087,8400000
2021-02-05,35.61284637451172,37.174833732422705,35.479663891973566,37.174833732422705,8242500
2021-02-08,38.920433044433594,38.920433044433594,36.31366929101758,36.32918831830599,17278500
2021-02-09,38.42455291748047,39.31480858272119,37.86337088755007,38.43877345028018,8659500
2021-02-10,38.787899017333984,40.063481708120506,37.21685919492788,39.437652407090205,15432000
2021-02-11,42.82992935180664,42.82992935180664,39.649058053799294,39.649058053799294,20781000
2021-02-12,44.38868713378906,44.62272662362639,41.70434326715369,42.17371334100438,15841500
2021-02-16,45.17422103881836,46.4064875267737,44.42619638501961,45.90607926546245,14367000
2021-02-17,42.68059158325195,44.35895510651372,40.865168586494704,43.7370027514432,19341000
2021-02-18,41.39531326293945,41.95843019563563,39.78095692319105,40.92788159390583,15594000
2021-02-19,44.41455078125,45.11214488884304,42.886823791966705,43.29542736295536,23602500
2021-02-22,39.573421478271484,43.577959598286306,38.965693382840925,42.67347957225646,22419000
2021-02-23,38.77044677734375,39.51264846968286,34.00947893871341,37.33323307694272,27033000
2021-02-24,42.42327117919922,42.50860917340338,36.91622189126157,37.80453906311348,17964000
2021-02-25,35.124080657958984,41.70952439498906,34.62432351628523,40.79599182387095,35817000
2021-02-26,37.54076385498047,38.500845983173974,34.72129508658075,36.796620020906495,29536500
2021-03-01,41.271827697753906,41.271827697753906,38.354734843272254,39.36524375489514,24520500
2021-03-02,37.38495635986328,41.690774798118476,37.28798000019903,41.64228291887536,19687700
2021-03-03,33.951927185058594,37.811646997949474,33.76767069124103,37.72436682731808,21749000
2021-03-04,29.07395362854004,34.12649779463628,27.5804959755902,33.77738070647453,34294300
2021-03-05,31.760238647460938,31.963891198257883,26.891951241386515,31.24625734323707,30945800
2021-03-08,26.68830108642578,31.934801900509882,26.668905075169082,31.721449476097046,28761200
2021-03-09,31.46930503845215,32.08026637345808,29.093347579571706,29.423072333449934,19994900
2021-03-10,29.79159164428711,33.156722010825696,29.694615284500134,33.156722010825696,19953500
2021-03-11,33.42825698852539,33.98103028725451,31.857213582169617,32.29361452837956,19094300
2021-03-12,32.409996032714844,32.574860303130315,30.887445917474647,31.537197593247726,17047600
2021-03-15,34.49501419067383,34.55320222106155,32.177244621684466,32.7785061380482,15325300
2021-03-16,35.862403869628906,37.42374764554841,35.135070088256036,35.71693933300088,27404900
2021-03-17,37.25887680053711,37.96681814453103,33.467044173054035,34.21377383363386,21743500
2021-03-18,32.69123458862305,35.80422289920705,32.43909378907597,35.64905847654462,25749000
2021-03-19,33.69979476928711,34.57259668911918,31.401421312943334,32.982157224157355,20615000
2021-03-22,35.881805419921875,37.04554038963948,34.54351001977606,34.85383885177922,23763800
2021-03-23,33.015830993652344,36.38241865042889,32.51132767757841,36.25629189615765,26947000
2021-03-24,31.61875343322754,35.053255292000024,31.57994462441377,34.568156284863065,26195900
2021-03-25,31.83219337463379,32.19116554943387,29.202956190653392,30.008220346900888,30291400
2021-03-26,36.56675338745117,36.61526623777938,31.735168835428162,31.83219083507372,35670300
2021-03-29,34.7233772277832,35.8099976360458,33.47182128287658,35.29579402964673,28422700
2021-03-30,34.461429595947266,34.71367941962717,33.25838258044533,34.07334895842761,17926000
2021-03-31,37.07126235961914,37.81831521674375,35.26669360098197,35.344311212584664,25362500
2021-04-01,41.146087646484375,41.17519239552181,38.85642029659856,38.85642029659856,27795500
2021-04-05,43.65890121459961,43.94995981582809,41.63118765459221,43.20290706203474,26445800
2021-04-06,42.08718490600586,43.62979967721042,40.816224355814796,42.805129261830444,17961500
2021-04-07,42.08718490600586,42.68870655296911,41.07817822651118,42.679006202652,12421800
2021-04-08,43.455169677734375,43.658910371223946,42.30063167927008,43.41636086916159,12957100
2021-04-09,43.1544075012207,43.17381190574919,41.84464165414761,42.5237810085977,10748500
2021-04-12,41.80582809448242,42.48496737175847,40.55427190220373,42.417053814132,14926000
2021-04-13,41.417747497558594,42.81483485836064,40.331126873276915,42.688708093619056,14056400
2021-04-14,40.04006576538086,42.17450177834225,39.419139732739964,41.12668632250242,12838600
2021-04-15,42.17449951171875,42.35883576118609,40.37963136275516,41.087875311985556,13642000
2021-04-16,41.47595977783203,42.33943530736077,41.214005903534904,42.213308545437435,11016200
2021-04-19,38.419837951660156,41.02967284738466,37.11007217869892,40.525169461226064,20268200
2021-04-20,36.58616256713867,38.35192248025411,35.936131739139746,37.84741911921951,13892000
2021-04-21,39.53555679321289,39.5549611915885,36.22718274088875,36.79959953943213,15160200
2021-04-22,36.84811782836914,39.39973948225767,36.1592781696538,39.16689034498172,20962100
2021-04-23,38.95343780517578,39.36091904877558,37.158569900862766,37.17797429832138,13212600
2021-04-26,40.95206069946289,41.194610223199604,38.80792379787328,38.895241774458974,13528500
2021-04-27,40.10798263549805,41.631193091843556,39.73930638525177,41.505066324467734,12557200
2021-04-28,38.24519729614258,39.477349004146134,38.13847864197845,39.46764865413524,12753600
2021-04-29,39.10867691040039,39.99155681138036,37.33321305731356,39.9721524101377,14812500
2021-04-30,35.80030059814453,38.00264636557118,35.47043319536069,37.207084459035606,19385800
2021-05-03,34.548736572265625,36.66376760231517,34.034533036862506,36.59585406748872,13899900
2021-05-04,32.95762252807617,33.42331705731372,31.046331557258863,33.38450825462448,24428000
2021-05-05,33.52033233642578,34.723379204089596,32.74417485777693,34.02483562280023,16034800
2021-05-06,34.345008850097656,34.345008850097656,32.171763817468644,33.18077057193967,15387300
2021-05-07,35.82940673828125,36.43092836634054,34.83980449153213,35.421921718555815,16784600
2021-05-10,30.97842025756836,34.92712554380044,30.929909250676328,34.92712554380044,25439800
2021-05-11,31.153057098388672,31.347097430657165,27.83498000003659,28.155145252925575,29951300
2021-05-12,27.29166603088379,29.64924721689033,26.981202999896293,29.202957072472213,34045700
2021-05-13,28.45589828491211,29.591029660669474,27.456593994124006,28.649938563872695,25520000
2021-05-14,30.97842025756836,31.706068706397534,28.69845474780247,29.581334717674746,21881300
2021-05-17,30.173154830932617,30.173154830932617,28.552924276218224,30.056730269594393,19224800
2021-05-18,29.387290954589844,31.12394582826529,29.31937555715958,30.764969993364286,15262600
2021-05-19,31.094839096069336,31.211261797082766,27.37898155470984,27.611828807242166,29208700
2021-05-20,33.6076545715332,33.937522004667656,31.696363529459045,31.773981137731276,28593200
2021-05-21,33.12255096435547,34.28678901761622,32.80238762778994,34.24798021893835,25100300
2021-05-24,35.44133377075195,36.0331551765628,33.869613957672485,33.95693193067756,21577500
2021-05-25,35.83910369873047,36.6249652117978,35.159968231770605,36.217483931621885,19468200
2021-05-26,36.07195281982422,36.557051697227976,35.11145541412006,35.9264216761988,13436700
2021-05-27,36.731693267822266,37.11977020913477,35.615964196899796,35.780899765241365,16449400
2021-05-28,37.624271392822266,38.09966996718776,36.751095549493094,36.935431808404445,15891400
2021-06-01,37.19739532470703,39.331831886210075,36.61527794475713,38.34222937948561,18159400
2021-06-02,38.022056579589844,38.40043689144184,36.780204379700685,37.12947623617238,12370500
2021-06-03,36.01374053955078,37.13916981575515,35.431623352242276,36.70258377577919,16945800
2021-06-04,38.5556640625,38.798213524213985,36.91602733266637,36.94513578475958,15960500
2021-06-07,37.75039291381836,38.264596518052805,37.013044279425365,38.08996063340515,11453800
2021-06-08,37.03245162963867,38.7788107898457,36.18838050287943,38.6138752242656,13475800
2021-06-09,36.57646179199219,37.730995967628914,36.49884418303612,37.41083258321339,11721000
2021-06-10,37.87651824951172,38.19668155882899,36.401817334357446,36.673471499961245,17601900
2021-06-11,38.31311798095703,38.31311798095703,37.42053395857567,37.88622852203105,7971500
2021-06-14,39.94303512573242,39.94303512573242,37.89592121093087,38.62356944208615,18513300
2021-06-15,38.846717834472656,40.36022391827639,38.55565925689583,39.58406647773465,13301400
2021-06-16,38.01234436035156,39.67138145960022,36.935424372800924,39.28330461880499,18089300
2021-06-17,39.10867691040039,39.94304395776816,37.49814861737062,37.53695371884483,18466200
2021-06-18,36.207786560058594,38.40043596099784,35.654774034381745,38.11907767221169,21346600
2021-06-21,36.98394012451172,37.022748925829696,35.49953863370365,36.43092765926907,12722000
2021-06-22,37.44963836669922,37.67278714599424,36.28540381930819,36.77050278105825,10500400
2021-06-23,37.8862190246582,38.448935460902995,37.44962932429767,37.44962932429767,8615400
2021-06-24,39.85572814941406,40.00125560154213,38.69149002733469,38.69149002733469,12716800
2021-06-25,39.448246002197266,40.447548643125636,39.08927381970058,39.94304529693534,9244100
2021-06-28,42.34914016723633,42.76632556378316,40.21470402930142,40.26321318450218,18209300
2021-06-29,43.309635162353516,43.35814431882968,41.602088427717284,42.01927383523282,13090200
2021-06-30,43.21261215209961,43.396948407075854,42.36853737691916,43.04767659679581,9830900
2021-07-01,41.30132293701172,43.047678358885285,40.87443720753498,42.83423734465249,11578200
2021-07-02,42.028968811035156,42.3976450149245,40.9908574509615,42.27151826340771,10933300
2021-07-06,41.75731658935547,42.824532750011066,40.127383896019246,42.3394338222565,10020300
2021-07-07,40.01095962524414,42.60138602168454,39.47734786476904,42.49466366958952,10623800
2021-07-08,38.59446716308594,39.17658806163227,36.6346671699006,37.40112431743063,14764300
2021-07-09,40.52516174316406,40.69009358939463,38.080262891726804,38.98254712384094,9799600
2021-07-12,42.03868103027344,42.03868103027344,40.56397962917633,40.90354744807529,9021800
2021-07-13,41.349830627441406,42.02896985109287,40.84532730990064,41.47595738207936,9289300
2021-07-14,40.903533935546875,43.45515486366648,40.61247537249763,42.242407766785924,15361500
2021-07-15,38.24519729614258,40.554269204897885,37.40112620677407,40.54456885488699,14968000
2021-07-16,35.66447067260742,39.24450304100645,35.49953881766782,38.83701802707806,14425600
2021-07-19,35.742088317871094,35.82940627088669,33.67556589717598,34.16066481370462,17527800
2021-07-20,37.19739532470703,37.91534354758981,34.78160042578965,36.13017889446153,12487200
2021-07-21,40.6027717590332,40.6027717590332,37.449629273294335,37.517542815367875,12599700
2021-07-22,39.52587127685547,40.37964291970175,38.710904744311684,39.681102821101334,8148900
2021-07-23,40.31172180175781,40.369935007828666,38.75940664998094,40.059471977473294,8740400
2021-07-26,40.21470260620117,40.54457003130892,39.3706314923415,39.3706314923415,7703500
2021-07-27,37.98324203491211,39.632575190135924,35.61595724090138,39.58406604457238,17917400
2021-07-28,39.9527473449707,40.263210357671866,37.85712015873232,38.36162347962448,12983000
2021-07-29,42.155094146728516,42.38793954061968,40.001253897675745,40.001253897675745,15318400
2021-07-30,43.06708526611328,43.173807629944626,40.81622637789146,40.932649092520485,13599200
2021-08-02,43.862648010253906,45.49258084669037,43.54248461435287,43.843243607318776,17018600
2021-08-03,44.599998474121094,44.609698824638464,42.31033084685113,43.94026360860225,10801400
2021-08-04,46.191131591796875,46.71503944789951,44.677621241171046,44.78434362308217,13768900
2021-08-05,45.76422882080078,46.75383102895075,45.05598486517609,46.73442662867201,8580700
2021-08-06,45.240325927734375,45.86125194785073,44.82314056402913,44.94926731843121,6202000
2021-08-09,44.77462387084961,45.86124422302388,44.18280270104609,45.502272122048616,5943700
2021-08-10,43.125301361083984,45.18212006194965,42.203612531121536,44.988079723903084,9994500
2021-08-11,42.85363006591797,43.7753186089338,41.16548816280393,43.71710911635016,10016600
2021-08-12,41.349830627441406,42.203605757203555,40.321423292579595,42.14539255482965,9746100
2021-08-13,42.184207916259766,42.30063063810085,41.029673647224364,41.23341433569915,7655800
2021-08-16,41.72820281982422,42.13568779174042,40.680391193916584,41.63118452704022,6658600
2021-08-17,39.25421142578125,40.69980811967121,38.16759066790471,40.6804037149398,13983700
2021-08-18,37.507850646972656,39.739305075640814,37.43023673953781,39.08927425945528,10760100
2021-08-19,38.44894027709961,39.06016223315686,36.03314609983741,37.04215271128087,14855300
2021-08-20,39.22509765625,39.53556065859243,37.84741484497091,38.76910350236728,10732300
2021-08-23,42.38794708251953,42.484969098079226,40.16619659086884,40.16619659086884,12229000
2021-08-24,42.426753997802734,43.11559362302369,42.08718621100686,42.669303474374445,8557100
2021-08-25,43.445465087890625,44.289540009359214,42.795434206886625,42.86334777054341,10125800
2021-08-26,43.34844970703125,43.979079927747506,42.407356402550285,43.1932181651489,9529400
2021-08-27,45.89035415649414,46.08439445228487,43.3581373639016,43.51336886033202,12358300
2021-08-30,46.31724548339844,47.539693106257374,45.725424221954704,46.35605058336991,10291100
2021-08-31,45.1627082824707,46.54039112669987,44.01787454607287,46.34635082034226,9620800
2021-09-01,44.590293884277344,45.890359197574035,44.46417082401787,45.82244564173856,7246900
2021-09-02,44.9201545715332,45.327639546402786,44.338037408588846,44.96866371827679,7168600
2021-09-03,45.83214569091797,46.4239632399458,44.5902899904887,44.76492589053327,7374000
2021-09-07,45.37614822387695,45.99707417819897,44.551477933721884,45.94856503195706,5660800
2021-09-08,43.61039352416992,44.98807267656637,42.455855729206476,44.72611881639006,11787400
2021-09-09,44.19251251220703,44.88135211593384,43.55218206207865,43.57158646372026,8643000
2021-09-10,45.201515197753906,47.180719578192594,45.12389759804532,45.25002434706634,14399600
2021-09-13,46.44336700439453,46.73442560014814,44.56118463091104,46.37545345541905,11356400
2021-09-14,46.44336700439453,47.51058679017224,45.73512306435676,46.95757434793712,10129200
2021-09-15,47.14190673828125,47.24862907822904,45.36644315771838,46.62770313781706,9321800
2021-09-16,47.607608795166016,48.05389892347059,45.6187039181468,46.31724756315301,9094400
2021-09-17,45.35675811767578,47.20013586382561,44.60000483500946,47.190431810912976,14478900
2021-09-20,42.00956344604492,42.88274293493938,39.933340773574585,42.446153190492154,19454600
2021-09-21,42.300621032714844,43.19320490017782,41.08787382763689,42.72751041754917,9972400
2021-09-22,44.881351470947266,45.1821141405532,42.698406281288115,43.13499605942217,11093200
2021-09-23,46.66651916503906,47.103108975728865,45.03658633913808,45.492580552637584,11819600
2021-09-24,46.5209846496582,46.7926388458279,45.385851313786084,45.463468913269345,7465000
2021-09-27,46.26873016357422,46.74412869772266,44.202211585140965,45.13360055297095,10241300
2021-09-28,40.97145462036133,44.42536028683752,40.796818711881514,43.56188479547124,23988000
2021-09-29,38.92433547973633,41.408043229872206,38.59446807308556,41.29162052782222,19889700
2021-09-30,38.846717834472656,40.69979534295819,38.807909037192914,39.83631995904235,14470200
2021-10-01,38.87582778930664,39.48705347479849,36.92573172741889,39.29301316341889,16368700
2021-10-04,35.91672134399414,38.34221573215411,35.4801316139232,38.13847509179124,20555400
2021-10-05,37.498146057128906,38.2160903490331,36.14956802042346,36.47943541700429,15194100
2021-10-06,37.895931243896484,37.97354515124268,35.81970463246946,36.20778527223426,16403200
2021-10-07,39.18629837036133,40.77742256895304,39.06987564146755,39.32212550423938,13234300
2021-10-08,38.15788650512695,39.84602883703136,37.91533702172598,39.68109696480417,10297000
2021-10-11,37.2361946105957,39.186290665432956,37.21679020942679,37.6048671297718,9446400
2021-10-12,35.945831298828125,38.138480615880496,35.38311844379561,38.04145860569471,19847400
2021-10-13,36.527950286865234,37.15857666451091,36.130169319084985,36.576459438836274,11660600
2021-10-14,39.82662582397461,39.85573427968621,38.16758818786311,38.4586468378984,14800900
2021-10-15,40.593074798583984,41.029664534788644,40.0691671151384,40.77741104231005,10988500
2021-10-18,41.58268737792969,41.68940975138961,39.23480626484648,39.913945613309146,8498200
2021-10-19,43.10588836669922,43.15439751629067,41.35953307433076,41.82522757222829,11476200
2021-10-20,42.882755279541016,43.396959070462664,42.32974267771647,42.81484171096691,9908200
2021-10-21,44.231319427490234,44.357446182271424,42.00956549801179,42.038673949737316,10019700
2021-10-22,42.73720932006836,44.852240670210264,42.46555513964997,43.50366641597524,12691700
2021-10-25,43.71711349487305,44.30893103447336,42.84393400855974,43.27081970130689,9706700
2021-10-26,43.620094299316406,45.06569071934186,43.2126129801884,44.648505349180674,12067800
2021-10-27,42.776023864746094,44.25072505845674,42.261820182436544,42.91185097320438,13076300
2021-10-28,45.599300384521484,45.69631869216918,44.21191711929451,44.47387099115672,15904400
2021-10-29,46.22993469238281,46.22993469238281,44.26043029908813,44.60000180876519,12735000
2021-11-01,48.4710807800293,48.4710807800293,46.0358859515613,46.3657533487453,14647400
2021-11-02,50.27565383911133,50.27565383911133,48.3255577290048,48.33525807935864,12421100
2021-11-03,52.07050704956055,52.2063378318888,49.887562297210955,50.51819226162722,11472200
2021-11-04,57.31929016113281,58.04693854110041,52.94369583036147,53.76836251392033,20539200
2021-11-05,59.09474563598633,60.540341932272135,57.445408697576234,58.25067461789234,19536100
2021-11-08,61.6463737487793,62.78150348389021,59.657468849005134,60.249286442782875,15603900
2021-11-09,61.51054763793945,63.674084785098714,59.579852210543486,63.324812952925676,16385900
2021-11-10,56.22296142578125,60.637360532332934,55.36918635320299,58.26037525926333,17648300
2021-11-11,59.80299377441406,60.14256523623257,57.60064425157555,58.910413545428064,13055700
2021-11-12,61.46202850341797,62.3352079946422,59.346997025573366,60.36570766567192,13052700
2021-11-15,61.31650161743164,62.810603414646486,59.434315519325416,62.80090676611527,11837400
2021-11-16,64.17858123779297,64.45023541752201,60.161959531882985,60.52093535625136,12693000
2021-11-17,62.597164154052734,64.1591833378391,61.801605887087604,64.03306027777761,11636600
2021-11-18,65.95407104492188,66.84665153329321,64.06218028145581,65.84734866022266,14102700
2021-11-19,66.56526947021484,67.78772073074687,64.88682407429269,65.8376211440446,14527400
2021-11-22,63.48004913330078,70.32964396457366,63.28601251337553,67.46756310955205,16809800
2021-11-23,62.81060791015625,64.62488058828698,59.521637729358055,62.89792956733953,16233700
2021-11-24,64.88683319091797,64.90624129414142,59.38581284866066,61.11276763542983,14762200
2021-11-26,59.541038513183594,63.043456897501365,58.06633739910645,61.21948027894622,14919700
2021-11-29,66.37122344970703,66.63317355303025,61.33589537920305,62.044139205285276,18352700
2021-11-30,62.74268341064453,67.27350488796952,61.01573269094608,65.2748999969056,22246300
2021-12-01,61.27769088745117,68.84523273871251,61.17096854079445,65.52715814817138,24798700
2021-12-02,61.365013122558594,62.81060582552779,57.90140714437016,59.43431780061348,21014200
2021-12-03,61.0545539855957,65.92494417414301,58.89101311829773,63.936042925486746,18842800
2021-12-06,60.734378814697266,61.403817643465885,55.0878280993166,60.21047483258758,13816300
2021-12-07,69.84455108642578,70.35875483576322,64.73161094634574,64.77041975411012,21654500
2021-12-08,68.58328247070312,69.07807800207728,66.44884294355833,68.81612786205693,12500700
2021-12-09,63.936031341552734,69.45645134474789,63.703185960906595,67.36082811489025,14533000
2021-12-10,65.58537292480469,68.35043530615833,63.22779186238271,67.38994151095594,12329100
2021-12-13,60.48213195800781,66.66229100561137,60.15226455274266,65.99285214436125,13561500
2021-12-14,59.68657302856445,60.5112397324379,57.183460763329705,58.21187183138145,13311200
2021-12-15,66.08988952636719,66.30332686576635,57.47453036719268,59.997043652499435,19005700
2021-12-16,57.464813232421875,67.42874473273257,56.29087482387875,66.95334989998868,27692100
2021-12-17,57.202857971191406,59.74477871956422,55.16544419371217,55.63113866567855,17729000
2021-12-20,55.83488845825195,57.00882703013313,53.81687874884585,54.46690956598275,15681400
2021-12-21,61.622554779052734,61.806935893734924,57.03240271769285,59.36144193701398,20477000
2021-12-22,63.44696044921875,63.59252700289834,59.78842820763446,60.6230018846535,13011600
2021-12-23,65.41695404052734,66.71733193828939,63.97100217031205,64.04863866075782,14507000
2021-12-27,70.83197021484375,70.84167662717826,65.98950699517975,66.08654890705506,15598000
2021-12-28,68.43501281738281,71.88005700220384,67.51310333887717,71.88005700220384,14401800
2021-12-29,68.90080261230469,70.09443949270685,67.54219375608626,68.33794920841349,10702000
2021-12-30,66.3388671875,69.23075628965714,65.88276203419686,68.4155953037037,11188200
2021-12-31,65.99922180175781,68.02742541205916,65.8245433766361,66.66881626153749,10152000
2022-01-03,69.96829223632812,69.97799864972025,66.36798286555796,67.00847288060409,15794800
2022-01-04,68.96874237060547,72.01590446260549,64.08746065647243,70.43409974727544,21988000
2022-01-05,62.11747360229492,69.30838467234383,62.04953982617171,67.53248892732012,20821000
2022-01-06,63.602237701416016,64.42710502277247,60.021334297102456,62.195104126092204,19343100
2022-01-07,57.97372055053711,64.09715955305953,57.39145801213185,63.155837522213446,22625900
2022-01-10,58.226036071777344,58.41041718664977,52.22875406023134,55.644681954005016,25112700
2022-01-11,61.41876220703125,61.56432507038087,56.16871497426592,57.34293910074589,22053900
2022-01-12,62.670623779296875,64.43681320200939,60.78797962183227,63.06849783300928,19392000
2022-01-13,58.42012023925781,67.13461602592382,57.81845227098733,65.50428681352321,28866500
2022-01-14,62.573585510253906,62.63180917910656,56.828614495073296,57.02269832713124,23880600
2022-01-18,54.324893951416016,59.56523894301473,53.859086083571306,59.109133786163675,29055200
2022-01-19,49.317447662353516,56.440432226318144,49.23010846830568,55.78053691615925,28683300
2022-01-20,44.63025665283203,51.627084177571234,44.455578254823955,50.57901378952279,32438800
2022-01-21,42.417659759521484,47.48332529056306,42.116827656063876,43.88301684468161,45826500
2022-01-24,44.10622024536133,44.13533207692457,35.53728737429719,39.78778877236833,53548700
2022-01-25,39.00173568725586,42.0683065514467,38.215686626119506,40.53502297030699,40326300
2022-01-26,40.87467956542969,45.70744050291407,38.91440241616774,42.48559987792448,46405000
2022-01-27,35.284976959228516,42.1653534120762,34.935620165269974,42.11683245778452,50033700
2022-01-28,37.27437210083008,37.27437210083008,32.121365908946345,35.29468572974243,43946700
2022-01-31,43.26194381713867,43.426915798562085,37.16761657995129,37.83721832126418,39362500
2022-02-01,44.5526237487793,44.73700487177395,41.03965378756646,44.533214625004305,37795600
2022-02-02,47.881202697753906,48.036471953973134,45.08635238389673,47.036926348431294,40548600
2022-02-03,41.36959457397461,46.386735621091056,40.90378678695904,44.23237506888293,32875300
2022-02-04,42.175052642822266,43.20371381773667,39.17641201127462,40.835856645677225,30575600
2022-02-07,42.12654495239258,44.174161535529926,41.59280692739247,42.3497443555049,28382000
2022-02-08,45.22221374511719,45.49393772729333,41.28225487363048,41.486045083829204,33686800
2022-02-09,49.51154708862305,49.71533735648169,45.328974881035855,46.99812267929647,35302800
2022-02-10,45.047542572021484,50.6663560796177,44.23238160080058,46.17324951760106,51371000
2022-02-11,38.37095260620117,46.24117116590431,37.28406410562358,45.183398196069156,51212800
2022-02-14,38.41947937011719,40.61265841927081,36.74062911835946,38.57474865057132,43218400
2022-02-15,44.649662017822266,44.921386026560185,40.43797875245567,40.66118180667625,39910800
2022-02-16,44.73699951171875,45.12517453688663,41.7674742662566,42.767019958483516,35357600
2022-02-17,39.66163635253906,43.07756446032469,39.467548813090986,42.81554683735657,41858900
2022-02-18,38.45829391479492,40.127437593574136,36.65328638952007,39.92364737669764,46904100
2022-02-22,37.46845245361328,40.3312331212387,35.74108134314265,37.099686545094215,49765600
2022-02-23,34.84828186035156,40.07892008802418,34.57656154782154,38.88528681266665,52830600
2022-02-24,38.75912857055664,38.86587689168965,30.617188755045166,30.869501790751336,68362100
2022-02-25,40.54472351074219,40.6029508721933,37.03175414523854,38.81735250871592,40949000
2022-02-28,39.79749298095703,40.98142353459955,37.41993286533425,39.01144388385671,43350600
2022-03-01,35.498470306396484,40.07891534128774,34.304833470495424,39.57428931927466,46635000
2022-03-02,38.933807373046875,39.67133921658801,36.12925396974724,36.362159736631696,41485400
2022-03-03,36.439796447753906,39.66163707475974,35.731380062493606,39.44814410919996,45902800
2022-03-04,33.74199676513672,36.31364511201919,32.37368472418592,35.54700492594683,46799000
2022-03-07,28.705434799194336,34.54744549310554,28.627800160931738,33.79050823278413,50665800
2022-03-08,30.238719940185547,33.32470001428048,27.63795681230791,28.79277366257269,68456500
2022-03-09,33.89725875854492,34.605675110122725,32.09225098788092,33.11120591270072,46482400
2022-03-10,31.781709671020508,32.21840565879087,29.88936285862325,32.09224821745466,43831500
2022-03-11,29.782617568969727,33.40233380096336,29.59823460561792,33.15002261021561,34118300
2022-03-14,27.084808349609375,29.937884359929857,26.49284311439463,29.122719785552576,49351500
2022-03-15,30.578372955322266,30.78216318949038,27.18185424487395,27.608845686740793,42082900
2022-03-16,35.226749420166016,35.323795030184954,31.11211180506222,32.06313657177877,55754000
2022-03-17,35.85753631591797,35.906057274555266,33.305293910948045,34.20779780886684,37147500
2022-03-18,38.01189422607422,38.4971111778612,34.54744548646813,35.527585802148295,39797700
2022-03-21,37.846923828125,38.78824593871832,35.78960490272118,37.55579438521408,38312100
2022-03-22,38.42637634277344,39.8143462767259,37.49459341863892,37.64989057266134,34654100
2022-03-23,35.61160659790039,38.81461599691195,35.514547277810955,37.37811288207336,38313200
2022-03-24,40.8528938293457,41.00819097249946,36.20368028372694,36.708396924620665,44687200
2022-03-25,40.775245666503906,41.124665183610915,38.581672935053255,40.83348348688046,36316000
2022-03-28,41.45466995239258,41.55173298133926,38.16430917390736,39.98905338976936,35741000
2022-03-29,44.24032211303711,44.64797576671395,41.84291875117391,43.52207043896073,40148500
2022-03-30,40.1346435546875,43.871486970610746,39.484337903292065,43.39588737128376,38435700
2022-03-31,37.64017868041992,40.61024062158981,37.290759192920426,40.04728618004599,38547400
2022-04-01,35.22336959838867,38.1740191747364,33.6024521110398,37.921658989843216,57428500
2022-04-04,36.84428405761719,37.09664424712997,35.10689460067009,35.50484749202304,28200500
2022-04-05,31.913591384887695,36.14544276556032,31.573876370706742,35.99985008768625,57649600
2022-04-06,29.613252639770508,31.15651777840822,28.69117422646819,29.943259533923673,69146900
2022-04-07,29.613252639770508,30.49650584138987,27.81762732776956,29.360894317695262,55657300
2022-04-08,27.45850372314453,29.0794174543442,27.322617331824933,28.982358126486215,71608900
2022-04-11,25.71140480041504,26.895545852620177,25.565813975754306,26.24524029255476,60558200
2022-04-12,25.468759536743164,27.99234128555014,25.099929226752792,27.21585544805027,66793200
2022-04-13,27.206144332885742,27.701154660993748,25.536697300532172,25.983177966610896,50484000
2022-04-14,24.857271194458008,27.77880146394399,24.789328931423796,27.710857349621953,51193200
2022-04-18,26.18700408935547,26.8567241454562,24.42049777876874,24.51755895159735,49251700
2022-04-19,27.904983520507812,28.04086806523897,25.449344304239418,25.89582500323734,45358800
2022-04-20,27.66233253479004,29.943262078968953,27.409974191265448,29.186187048395176,51891900
2022-04-21,25.43963623046875,29.67148794227117,25.05139337876393,28.729998795475986,53808500
2022-04-22,23.731367111206055,25.779348798839802,23.653718542735884,25.33286999295829,57459200
2022-04-25,24.915510177612305,25.00286505533438,22.984000267079455,23.187827080905592,58210600
2022-04-26,21.77073860168457,24.168139790527736,21.693090032649227,23.983723744835828,55039200
2022-04-27,21.30484390258789,22.89664024802548,20.848657009965436,20.984543373291604,52406400
2022-04-28,24.828155517578125,25.526992694193915,21.741621414437624,22.518109017521006,63555800
2022-04-29,21.586326599121094,25.187284059404874,21.450442040679985,23.585779014745448,48104400
2022-05-02,23.779897689819336,23.828427352752755,21.168961465923438,21.722207769031524,57669900
2022-05-03,24.37196922302246,24.925215526555448,23.051941655794298,23.614894262179018,53115700
2022-05-04,27.19643783569336,27.312909764245713,22.615166683441046,24.934921167349252,77054200
2022-05-05,23.28489112854004,25.83759180062316,22.081337149991782,25.7502369121465,64302700
2022-05-06,22.663698196411133,24.139022867519095,21.295141002549432,22.556930719164868,73607500
2022-05-09,19.140392303466797,21.935744848981262,18.752149408614276,21.17866981555273,72482100
2022-05-10,20.470125198364258,21.498969277124367,19.140391272424452,20.8195447105533,72934500
2022-05-11,18.587148666381836,21.353382705277777,18.412438875314326,19.926589163707142,76546000
2022-05-12,18.83950424194336,19.4024569008247,17.432121669095938,17.965957267994817,79889100
2022-05-13,21.828975677490234,22.236631148511556,19.586871512516975,19.965408074433913,65885900
2022-05-16,20.741893768310547,21.8483862955647,20.5768903343088,21.217491466012557,49300800
2022-05-17,23.857545852661133,24.01284299293377,22.168688063730247,22.401633774139203,65619700
2022-05-18,20.237180709838867,23.634309304013176,19.926586391720466,22.712230802222024,61497800
2022-05-19,19.90717124938965,21.392202226514918,19.315099748805235,19.945994608567286,62522000
2022-05-20,19.761579513549805,21.01366287348659,17.140937167579274,20.90689725214007,86718200
2022-05-23,20.023645401000977,20.21776777230215,18.878329334446075,19.344220804023134,54498700
2022-05-24,18.53861427307129,19.29568737328337,17.898013103066628,19.1112731752403,57291400
2022-05-25,19.596582412719727,20.11100363522599,18.16978700378875,18.179493309100547,54536300
2022-05-26,21.87751007080078,22.158985490687805,18.90744759778991,19.03362770255409,60520000
2022-05-27,24.517559051513672,24.692268793059586,22.896643567920204,22.90634987037141,54680400
2022-05-31,24.129314422607422,24.847564089203676,23.051938997069158,24.40108346595923,48671900
2022-06-01,23.013120651245117,24.964043450165875,22.042512404097774,24.59521313081674,52378500
2022-06-02,25.429933547973633,25.507582123715874,22.61516851191915,22.712229694418973,49439000
2022-06-03,23.226652145385742,24.216672852384516,22.809290365888923,23.82842813108364,42093200
2022-06-06,23.207239151000977,24.828154726077326,22.789877378483112,24.507854132261667,40514000
2022-06-07,23.8769588470459,24.012843384176445,21.87750674499255,22.34339817340126,37067500
2022-06-08,22.236631393432617,23.741073205923964,21.761033647217364,23.449891516825005,38501600
2022-06-09,20.470125198364258,22.867526564814035,20.411889230095436,21.731915001487707,37937200
2022-06-10,18.25713539123535,19.907169680198795,18.111544566041587,19.392746789807184,58924000
2022-06-13,15.092957496643066,16.89828839166949,14.889129740297818,16.432396906105545,77061300
2022-06-14,15.296781539916992,15.743260309050822,14.762946981389145,15.53943352782566,52253400
2022-06-15,16.121801376342773,16.917699734129645,15.015307792437781,15.869443044385559,77001800
2022-06-16,13.171152114868164,14.74353718477395,12.60819946980229,14.695007518468726,90753100
2022-06-17,13.297330856323242,13.607926079430129,12.40437132547348,13.248800265933664,64012800
2022-06-21,14.364998817443848,14.976481978410208,14.064109925294456,14.112640511208092,57522800
2022-06-22,13.887818336486816,14.548680529086308,13.547668460452643,13.644854404129221,49362200
2022-06-23,13.61569881439209,14.179375055972159,12.964555410009279,14.169656276364336,47625300
2022-06-24,15.365039825439453,15.403914018391733,14.159937990251002,14.227968523042895,60548200
2022-06-27,15.355319023132324,15.996742658949817,14.937420808808868,15.850964686286806,43426900
2022-06-28,14.15021800994873,16.11336584917147,14.111343822840372,15.549689672683396,56957600
2022-06-29,13.168646812438965,13.644855951420615,12.663281330947779,13.60598175490852,61516700
2022-06-30,12.731310844421387,13.440765105326783,12.031574436735745,12.663280310879834,70274900
2022-07-01,11.273528099060059,12.245383937708892,10.8167555953816,12.138479202283792,92067100
2022-07-05,11.516491889953613,11.565083939706799,10.233641571489619,10.437731331688395,82942200
2022-07-06,11.749736785888672,12.148197516124117,11.195779275740266,11.584521225522671,77177800
2022-07-07,13.324143409729004,13.499077754972175,12.546658563667503,12.546658563667503,75926300
2022-07-08,13.518512725830078,13.771195431898674,12.595249990246641,12.76046553445812,77437200
2022-07-11,12.546656608581543,13.071458635699708,12.29397391078996,12.877087686180719,52520600
2022-07-12,12.604971885681152,13.071462295123125,12.362007899054946,12.80906167152053,53368400
2022-07-13,12.915963172912598,13.178364676235017,11.788610625676771,11.837203599643948,70014100
2022-07-14,13.67401123046875,13.858664357181656,12.187072070195823,12.799341354269133,78227900
2022-07-15,14.684738159179688,14.723612347103927,13.64485293708094,14.334870467861522,74112400
2022-07-18,14.500089645385742,15.72462826325225,14.218251480337164,15.38447833823356,83926600
2022-07-19,16.472957611083984,16.68676523351666,15.06376586897112,15.170669680187457,78348500
2022-07-20,17.687776565551758,17.92102173859405,16.03562093941737,16.356333284059005,85890600
2022-07-21,18.56244468688965,18.581882246237072,17.18240948557322,17.99876844148816,80210800
2022-07-22,17.15325355529785,18.37779201834985,16.66732568203917,18.309762412680474,65689500
2022-07-25,16.81310272216797,16.881134177656545,15.96758930858239,16.74507312034702,43336800
2022-07-26,15.96759033203125,16.754792973607447,15.79265599975482,16.453518208946782,48959700
2022-07-27,18.20285987854004,18.58188492580061,16.686765250501622,16.832543259293555,78797600
2022-07-28,18.824848175048828,18.97062617829126,17.085225355841235,18.32920148109026,69548100
2022-07-29,19.271900177001953,19.427396954587692,17.804397716577224,18.047361663263416,61313500
2022-08-01,19.446834564208984,20.029948408458853,18.49441633567929,18.863720719959115,61205100
2022-08-02,19.3593692779541,20.282633108960304,18.57216653116367,18.883160117368877,60816500
2022-08-03,20.943492889404297,21.10870845855093,19.31077661354503,19.41767949687431,57214600
2022-08-04,21.448856353759766,21.643228247472873,20.622778585980694,20.865742526288198,56294600
2022-08-05,20.953208923339844,21.49744946427582,19.99107197750802,20.370095117289974,60067800
2022-08-08,19.9619197845459,20.787995763177666,19.01921843617596,20.068822666136747,59477700
2022-08-09,17.192127227783203,18.68878398753263,16.43407914198747,18.68878398753263,65153600
2022-08-10,19.34964942932129,19.4565541638078,17.87242812266428,18.54300916447151,69125300
2022-08-11,19.22330665588379,20.99208375561574,19.12612071392395,19.893885762704585,70069200
2022-08-12,20.992084503173828,21.108706154744567,19.417677377627005,19.670360094253915,57238400
2022-08-15,21.167016983032227,21.351668224148476,20.21459702560403,20.64221403585745,48991600
2022-08-16,20.545028686523438,21.128142471061043,19.816136919268338,20.875459769305827,48777200
2022-08-17,18.999778747558594,19.63148645391304,18.183419787460494,19.612048894466014,67988800
2022-08-18,20.302064895629883,20.75883825908285,18.95118607140588,19.164993657198824,50790800
2022-08-19,18.630477905273438,19.80642266891201,18.358357582620886,19.495429073690836,49700800
2022-08-22,16.560422897338867,17.639181521141282,16.29802139952163,17.590589475027457,51389400
2022-08-23,16.842260360717773,17.551714625442305,16.531266811998407,16.599296419072296,49723200
2022-08-24,16.920005798339844,17.09494010241624,16.298018809328173,16.764509051086925,42087500
2022-08-25,18.776254653930664,18.83456548568165,16.9297289166941,16.968602186638783,58659800
2022-08-26,15.530255317687988,18.785972634892374,15.501099903053985,18.708224244645756,84676900
2022-08-29,14.626428604125977,15.598283386179801,14.529242662503679,15.044325928700664,61062700
2022-08-30,14.062752723693848,15.131793474476632,13.567106077153378,15.06376386971636,77063100
2022-08-31,13.644857406616211,14.286282180889367,13.275552036948687,14.276563399016368,86870500
2022-09-01,12.84793472290039,12.886808920209443,11.633114898450042,12.663281590556913,113345600
2022-09-02,12.498064041137695,13.742040011703873,12.274537673715948,13.450483114638867,100737200
2022-09-06,12.070449829101562,12.66328156875232,11.730299908107572,12.546658977025972,79919100
2022-09-07,12.624405860900879,12.945118181481078,11.885795274847268,12.0704483847776,79632700
2022-09-08,13.265830039978027,13.41160895223999,12.02185499357862,12.284256479549855,103258300
2022-09-09,14.237688064575195,14.432059979220655,13.790634329191798,13.858664870051301,81908900
2022-09-12,14.36402702331543,14.626428507868452,13.897536730999597,14.412619993806786,67153300
2022-09-13,11.749736785888672,13.110334536961007,11.613676640047872,12.779903416229004,85975600
2022-09-14,12.109322547912598,12.381441895384269,11.603957118631351,11.93438821826388,65846900
2022-09-15,11.57480239868164,12.313413027142019,11.263808840102076,11.885795957261205,94630600
2022-09-16,11.720580101013184,11.759454291777995,10.865346977353529,11.147185092106861,87622100
2022-09-19,11.91495132446289,12.08988472344623,11.24437036005293,11.292963331317017,75532200
2022-09-20,11.407931327819824,11.739444016315716,11.144671853340377,11.554187417968523,70577400
2022-09-21,11.115421295166016,12.597477963784275,11.09592103893037,11.466435206084936,125021300
2022-09-22,10.247636795043945,11.037416067202935,9.994127008727526,10.891160921949059,112096100
2022-09-23,9.779620170593262,9.886874828261437,9.214098824249415,9.818621610690503,120047000
2022-09-26,9.311602592468262,10.101381961717324,9.26285056143455,9.662615542149217,96464800
2022-09-27,9.565113067626953,10.02337977319743,9.155597466574562,9.78937112398684,115839400
2022-09-28,9.91612434387207,10.091631265668319,9.21409758655463,9.331101891129611,119412700
2022-09-29,9.058091163635254,9.49685750515083,8.580323390204239,9.457856073235389,128122600
2022-09-30,8.638825416564941,9.370102991450713,8.52182111616732,8.677826850030815,109534300
2022-10-03,9.45785903930664,9.750370335340408,8.658328969366416,8.863086783603276,126786100
2022-10-04,10.764408111572266,10.822910738913881,10.27688962657376,10.315891068178933,114533100
2022-10-05,11.134921073913574,11.368929698371073,9.955126429939163,10.267137929215828,110030200
2022-10-06,10.910662651062012,11.622440081326776,10.7741580783106,11.008166714342444,117138000
2022-10-07,8.98008918762207,10.023378291905628,8.775331417355734,9.92587516741111,134873300
2022-10-10,8.073304176330566,8.863084367322724,7.663789124433952,8.843583185631982,163448700
2022-10-11,7.3810296058654785,7.8197964960966075,7.020265594359751,7.615038242041682,186475200
2022-10-12,7.156770706176758,7.429780766804483,7.049516521320391,7.30302586333185,110516500
2022-10-13,7.800296306610107,8.151309305655161,6.054980045200807,6.259737860444034,284532700
2022-10-14,6.75700569152832,8.063555778679946,6.698503532091769,8.053805186306938,177216100
2022-10-17,7.147021293640137,7.478534029749136,7.020266369253298,7.2835263464769495,113321500
2022-10-18,7.215272426605225,8.005052180303842,6.864259047761247,7.839295849601581,185506400
2022-10-19,7.3810296058654785,7.605288114667923,7.020265594359751,7.0885183457113925,134272400
2022-10-20,7.507784366607666,8.20981123448471,7.400530636323164,7.507784366607666,170614600
2022-10-21,8.365818977355957,8.424321617628928,7.3615309366353205,7.45903456220034,178616600
2022-10-24,8.463321685791016,8.590076610793389,7.87829909806741,8.424320241933959,147205700
2022-10-25,9.02884292602539,9.23360073509915,8.531573828293723,8.580325864714668,127146900
2022-10-26,8.785082817077637,9.428607031448667,8.336565799505758,8.521822403998035,143571600
2022-10-27,8.3073148727417,9.2043479694105,8.268312503888446,8.9313378965113,129662300
2022-10-28,9.262849807739258,9.321352426193029,8.278062394485078,8.346315604325738,129291600
2022-10-31,8.6973295211792,9.116595700140401,8.531573168095361,9.067843667492035,118351000
2022-11-01,8.872836112976074,9.282351683105286,8.716829428748282,9.17509702958195,108638200
2022-11-02,8.034305572509766,9.526113022037363,7.99530412525944,9.038594466474374,174985600
2022-11-03,7.693041801452637,8.083056694522256,7.3420288161304645,7.585788066182243,135668700
2022-11-04,8.765583038330078,8.833836265557307,8.209812205848394,8.502323512895316,173041700
2022-11-07,9.350605010986328,9.448108153401524,8.658328701407122,9.038593467469305,105846700
2022-11-08,9.91612434387207,10.296389031141425,9.370103325987937,9.857621726650803,147373300
2022-11-09,9.0093412399292,9.574862599370574,8.950839543362271,9.496859717369537,107444900
2022-11-10,11.778444290161133,11.86619774960298,10.296388860271987,10.530397465538556,196270300
2022-11-11,12.889988899230957,13.075245512886815,11.534687187169466,11.973453634137725,166468400
2022-11-14,12.451221466064453,13.172748537696434,12.412219097996918,12.66572891123009,108739600
2022-11-15,13.523763656616211,14.079534472820178,12.977743433997384,13.982031326572137,159797700
2022-11-16,11.82719898223877,12.66573047178671,11.57368913777041,12.607228772212626,112310400
2022-11-17,12.06120777130127,12.26596558177051,11.027669055498636,11.056919905603452,128795400
2022-11-18,12.178210258483887,12.704730130023542,11.76869469952331,12.665728692497183,117064100
2022-11-21,11.593189239501953,11.895450162045396,11.44693314451555,11.768695251670911,84238200
2022-11-22,12.577975273132324,12.616976710806082,11.554187301729263,11.836947957330917,86949600
2022-11-23,12.987492561340332,13.406758769508082,12.51947524699584,12.57797694635503,113790600
2022-11-25,12.538973808288574,12.928989114048678,12.509722962563544,12.802234209416715,41754500
2022-11-28,11.54443645477295,12.441470431317306,11.310427833900752,12.051455133329377,87803100
2022-11-29,11.437183380126953,11.875950766980093,11.212925320062219,11.65169177704763,75056000
2022-11-30,13.475011825561523,13.504263606766306,11.232427339124778,11.544438899700088,133385800
2022-12-01,13.163000106811523,13.77727355671353,12.616978952498256,13.73827211211028,112133900
2022-12-02,12.704730987548828,12.802235052879722,11.992954472183428,12.178211080470906,98017700
2022-12-05,12.275714874267578,12.831485616704255,11.895450143729628,12.48047266303914,71095100
2022-12-06,11.427433013916016,12.28546561894098,11.095920310853225,12.22696299433733,86923400
2022-12-07,11.407931327819824,11.632190294100775,11.047167793241243,11.125170669373498,86276700
2022-12-08,12.30496597290039,12.402470038068419,11.359179888294179,11.593189458723906,101888300
2022-12-09,12.012455940246582,12.66573082626984,11.875951350841454,12.178212310125186,88787400
2022-12-12,12.655980110168457,12.685231890358544,11.64194164360622,11.836949792069076,73482200
2022-12-13,13.289752960205078,14.537799922603314,12.81198510591005,14.352543322116466,180078900
2022-12-14,12.675480842590332,13.679768679755679,12.226963790965504,13.172749929583286,139612300
2022-12-15,11.115421295166016,12.070958027273626,11.037418410487973,11.924701921101498,107181700
2022-12-16,10.832660675048828,11.193424251459879,10.501148877979997,10.920414153340008,88813800
2022-12-19,10.423142433166504,10.871659374707487,10.09163071973839,10.842408532613023,82876800
2022-12-20,10.186344146728516,10.519039498790548,9.941715321175247,10.02978184768401,88304000
2022-12-21,10.900660514831543,11.027867612743266,10.372262302913168,10.401617499912831,83240400
2022-12-22,9.569878578186035,10.333121120712313,8.914273306961707,10.313550368408382,135617300
2022-12-23,9.560093879699707,9.599234450076597,9.03169477983448,9.383960846411298,92378600
2022-12-27,9.070837020874023,9.383961609346823,8.933844546824732,9.374176232660826,78142100
2022-12-28,8.669645309448242,9.227399670636453,8.552223584246756,8.904489693036135,83917300
2022-12-29,9.462242126464844,9.61880441027726,8.982769898993118,9.080620859783467,90966000
2022-12-30,9.462242126464844,9.491597321383466,8.865348186133806,9.070836416933806,64369800
2023-01-03,9.158903121948242,9.990641522915656,8.99255544175476,9.951500947175127,97509800
2023-01-04,9.853647232055664,10.049351008011119,9.374175033971284,9.6677297647197,114576600
2023-01-05,9.36439037322998,9.785152217188221,9.32524980168862,9.589449359481424,83312800
2023-01-06,10.636460304260254,10.832163161160407,9.354605891675629,9.736226229334719,123492600
2023-01-09,11.282280921936035,12.006382938666404,11.037652101831357,11.282280921936035,136968300
2023-01-10,11.712828636169434,11.732398457304043,10.949586015036138,11.135504448332041,90401400
2023-01-11,12.133588790893555,12.162944920441904,11.399702349512456,11.722612309065351,80469400
2023-01-12,12.544565200805664,12.798979389656962,11.566049951240545,12.319507141334421,135343400
2023-01-13,12.671772003173828,12.720697951161416,12.006382283371076,12.104233246161414,74389800
2023-01-17,12.77940845489502,13.141458953662362,12.397787204915225,12.603275426722073,74500500
2023-01-18,12.544565200805664,13.464370057980398,12.534780757530509,13.161029920013872,82050400
2023-01-19,11.51712417602539,12.251010564816598,11.370346338356269,12.211869061556992,99618400
2023-01-20,12.515210151672363,12.583705921327635,11.497554317493913,11.849819475530152,89921600
2023-01-23,14.423314094543457,14.589661756318076,12.847904928943349,12.896830876497912,125178200
2023-01-24,14.1297607421875,14.530952805331772,13.855776715198054,13.982983818167957,75816000
2023-01-25,14.217827796936035,14.31567970536644,13.043609561695988,13.41544550727258,93424800
2023-01-26,14.91257381439209,14.971285146404325,13.992769789556787,14.697301107778806,111443300
2023-01-27,14.658156394958496,15.02999226129962,14.041692676039661,14.18846957422324,101402600
2023-01-30,13.503511428833008,14.305893682286353,13.43501472274888,14.041695034543022,81286700
2023-01-31,14.208043098449707,14.23739829717966,13.346949492496547,13.376304691226501,97363300
2023-02-01,16.43906021118164,16.908749085558178,14.364608325968806,14.41353335608061,150219900
2023-02-02,17.534992218017578,18.004679059643234,16.644543547547006,16.957668108630777,116420900
2023-02-03,16.566267013549805,17.740484444106745,16.24335698685038,16.41949006802645,94867600
2023-02-06,15.754097938537598,16.497769848812574,15.519253538903142,15.773668694000877,77254800
2023-02-07,17.212087631225586,17.466501882779443,15.783454044249343,15.87152058772453,119100900
2023-02-08,16.13571548461914,17.30993447557574,15.99872395334307,16.957668405014832,72392900
2023-02-09,16.22378158569336,17.515421322759362,15.861730148427483,16.95766796960537,84793400
2023-02-10,15.460542678833008,15.871518266297933,14.922359051011979,15.71495595999035,78447700
2023-02-13,16.06722068786621,16.26292448695018,15.23548234131396,15.646458826294499,60332300
2023-02-14,16.957670211791992,17.153374019926154,15.333334949935875,15.714955322790676,111460800
2023-02-15,17.16316032409668,17.212085345588157,16.077007676382507,16.448842692279555,74638200
2023-02-16,15.930229187011719,16.801107175673614,15.832377287232125,16.292278789915535,81774100
2023-02-17,15.166986465454102,15.77366674527495,14.716869410442262,15.636673340326524,82871000
2023-02-21,13.708998680114746,14.981068673532265,13.591576963778722,14.472240302891318,68114400
2023-02-22,13.532866477966309,14.100405275366485,13.24909707926622,13.806850499735553,70471500
2023-02-23,14.756011009216309,15.010425217385366,13.973198563488017,14.804936962046503,94198000
2023-02-24,14.002553939819336,14.227612004240008,13.660073221665836,13.982983186468903,74689200
2023-02-27,14.188470840454102,14.687513831910298,14.188470840454102,14.638587883754523,61896900
2023-02-28,14.335248947143555,14.941929261770099,14.002554524947765,14.090620119150083,59300500
2023-03-01,14.364603996276855,14.893002187609895,14.168900202076962,14.491811089232845,63832600
2023-03-02,14.687514305114746,14.912572367423488,13.366518328272974,13.708999043212655,73485400
2023-03-03,15.343117713928223,15.431184225953206,14.335246446514255,14.726653062938096,72055200
2023-03-06,14.844078063964844,15.900874576551633,14.716870955370235,15.489898051302886,56252700
2023-03-07,14.335248947143555,15.088706185292216,14.17868664653732,14.86364717828206,66744300
2023-03-08,15.47032642364502,15.558392011760501,14.530951751749509,14.540736194972435,71670200
2023-03-09,14.589661598205566,16.18464243200098,14.482025261299878,15.411614522023033,87945700
2023-03-10,13.748138427734375,14.922356453860184,13.513295009146171,14.785363993091336,128656300
2023-03-13,13.718782424926758,14.227609801870338,12.8674734496594,13.317590442009552,121199400
2023-03-14,14.893003463745117,15.20612806819986,14.22761274609386,14.44288637824896,107012500
2023-03-15,14.3743896484375,14.530952883602577,13.454585657711672,14.286324053462364,126199700
2023-03-16,16.06722068786621,16.165072587408197,13.992768442966044,14.168900555682793,108646600
2023-03-17,15.783451080322266,16.536908314622647,15.48989723477736,16.13571718807202,79179200
2023-03-20,16.253137588500977,16.429270617910433,15.440969137993365,15.79323426362749,62536400
2023-03-21,16.33643913269043,17.17923142787849,15.621045694556184,16.66963599966323,76051300
2023-03-22,15.915040969848633,17.659424236694665,15.875842332971208,16.346237190598337,95075000
2023-03-23,17.140029907226562,17.80642360191847,16.297237661682896,16.67943514492275,97514400
2023-03-24,16.23843765258789,16.87543092199674,15.719044032064877,16.75783314229391,90583300
2023-03-27,15.650446891784668,16.581437581422005,15.493648577899432,16.42463926753677,64605200
2023-03-28,15.317248344421387,15.562245916914515,14.601854946753834,15.552445789712813,75621600
2023-03-29,16.73823356628418,17.120429169551336,15.973840490566785,16.013040998175253,90012500
2023-03-30,17.59082794189453,17.924024818227814,17.22823068146715,17.404629247665156,80622200
2023-03-31,17.93382453918457,17.973025054505975,17.081233891961922,17.208631828389596,68287500
2023-04-03,17.453622817993164,17.79661972015523,16.787229263891486,17.56142232503395,57147300
2023-04-04,16.45403480529785,17.5418225537878,16.179636902239263,17.512424046834134,64093400
2023-04-05,15.601445198059082,15.983640805830275,15.072250488798426,15.92484191290773,86953300
2023-04-06,15.346647262573242,15.689644226080212,14.788053115607955,15.140849271387367,65901100
2023-04-10,16.062042236328125,16.16984177966457,14.837055157308859,14.915454315412624,63177700
2023-04-11,15.885641098022461,16.454037238967114,15.787643568105311,16.385436351168813,52220200
2023-04-12,15.0232515335083,16.40503773541974,14.964452637669124,16.326638584573104,76962300
2023-04-13,15.35644817352295,15.630845197584055,14.73905416844177,15.082051149461842,59431400
2023-04-14,15.268247604370117,15.866042238726514,14.778252492716156,15.327047428988855,56858500
2023-04-17,15.268247604370117,15.307447175918774,14.650853651535146,14.797852745786237,56761700
2023-04-18,15.464245796203613,16.03264099782603,15.101649517897117,15.699444165168295,56833200
2023-04-19,14.954649925231934,15.072248631174775,14.6802520101072,14.895850104964794,53185600
2023-04-20,14.895852088928223,15.581845098923896,14.454856649258973,14.494056223127538,65191000
2023-04-21,14.562655448913574,14.788053702776988,14.19025902461997,14.788053702776988,68276000
2023-04-24,14.337258338928223,14.739054216254722,14.07266050678155,14.484256511504205,48740200
2023-04-25,12.935873031616211,14.131461575620982,12.906473581441574,14.131461575620982,89382800
2023-04-26,13.102470397949219,13.514066404971004,12.916272649340122,13.34746797667211,68911200
2023-04-27,13.269067764282227,13.327867589690083,12.269478209080805,13.063269777242004,87997600
2023-04-28,13.945261001586914,13.984461509336445,13.269068130963786,13.484666250628477,65456800
2023-05-01,14.366658210754395,14.49405706689158,14.033461346178926,14.170660330001652,57191000
2023-05-02,14.062860488891602,14.61165450659566,13.631664254675451,14.366656943615608,61126500
2023-05-03,13.563066482543945,14.327458687603036,13.533667033970186,13.837463516612814,71240700
2023-05-04,13.327869415283203,13.719865189724384,12.955472962268258,13.229870004377084,62383900
2023-05-05,14.180459976196289,14.386257977646796,13.171069289057732,13.347467843041477,62636200
2023-05-08,14.35685920715332,14.40585891482589,13.788464841171564,14.170661439507581,41012800
2023-05-09,13.661063194274902,13.837461732152585,13.465065338072755,13.788462034454172,57414300
2023-05-10,14.023661613464355,14.347058337910203,13.631664932451013,14.092260635440269,78346700
2023-05-11,13.788461685180664,14.141258751999377,13.367066538668222,14.043259359084963,54962200
2023-05-12,13.739463806152344,14.08245983420926,13.318067697971369,13.896262097217395,46243600
2023-05-15,14.80765438079834,14.83705476525414,13.690465940044446,13.817864802244596,64054000
2023-05-16,14.74885368347168,15.25844813557097,14.670454536994866,14.680253729360809,54294600
2023-05-17,15.81704330444336,16.013042117823982,14.83705391049829,15.170249837143809,77302900
2023-05-18,17.316431045532227,17.443828979526128,15.993443585643897,16.013043842930163,91302200
2023-05-19,17.042030334472656,17.287027903946655,16.718633617534305,17.2380291377251,49521200
2023-05-22,17.17923355102539,17.365430393852346,16.55203838140696,16.581438768308654,43944400
2023-05-23,16.58143424987793,17.198827253106437,16.454036346386733,16.855832178636692,41287200
2023-05-24,15.709244728088379,15.905241660916413,15.180049084168166,15.572045753598893,87475800
2023-05-25,18.766815185546875,19.00201264971757,17.277229376615836,17.796624944899015,124768700
2023-05-26,22.422176361083984,22.79457370720323,19.62920561110506,19.64880399575627,112964600
2023-05-30,22.412376403808594,24.303755894999707,22.13797847848546,24.078358600546565,99439100
2023-05-31,20.726791381835938,22.21637686441724,20.667992495971195,21.275585344666936,73938700
2023-06-01,21.716585159301758,22.294779592781065,20.413198119414194,21.050191448228443,74757400
2023-06-02,21.579387664794922,22.43197821106258,21.099192624068138,22.235981265213837,65015000
2023-06-05,20.550395965576172,21.314789074248257,20.24659949524553,21.314789074248257,35747700
2023-06-06,21.295190811157227,21.618587566381663,20.02120404674176,20.13880184726883,49445200
2023-06-07,21.206987380981445,22.637774048405536,21.059989224463695,21.70678260848817,65066100
2023-06-08,21.834184646606445,22.020381458559516,21.03059102719122,21.35398962193566,43045900
2023-06-09,21.9517822265625,23.01997179727729,21.647985758588973,22.56917715894129,50142100
2023-06-12,24.107759475708008,24.18615861753214,22.667172674562973,22.7357735591942,52761000
2023-06-13,25.04854965209961,25.558145018201376,24.22535771276076,25.273948824648905,82626800
2023-06-14,26.106943130493164,26.16574389911738,24.342961193799475,24.803555999589314,84622000
2023-06-15,25.430749893188477,26.03834285300539,24.911354343707448,25.234751078883086,64797200
2023-06-16,24.73495101928711,26.253936864551303,24.627151505269243,26.234336613060265,55392600
2023-06-20,24.156763076782227,25.038754066254157,23.50016943155182,24.362562033529578,43349100
2023-06-21,22.358646392822266,24.03701617813082,22.280126201791496,23.722935414007747,59099400
2023-06-22,22.672727584838867,22.947547322598613,21.80900359513067,21.86789514356695,44637500
2023-06-23,21.485105514526367,21.867893054518106,21.121950360873623,21.543997057336714,44294000
2023-06-26,21.68140983581543,22.88865854513547,21.64214880198268,21.90715516414634,47524300
2023-06-27,23.919233322143555,24.037012655394083,21.602885218104017,21.87770678246983,54471000
2023-06-28,23.28125762939453,23.98794120434854,22.68254188869836,22.751246820248003,55584500
2023-06-29,23.36959457397461,23.664046706432625,22.741433020041402,23.664046706432625,45213700
2023-06-30,24.3707275390625,24.704438820070123,23.840716715859763,24.115536449346724,47598800
2023-07-03,25.01852035522461,25.27371145279432,24.223503159917996,24.792775032321476,25289900
2023-07-05,23.408855438232422,24.71425482812445,23.38922492179637,24.527768666120135,38292000
2023-07-06,22.55494499206543,22.623649922338373,21.63233325401598,22.181974568268473,49420400
2023-07-07,22.53531837463379,23.585528641525325,22.4077237494976,22.653099612664267,41284000
2023-07-10,23.870161056518555,23.98794228165682,22.653097133078788,22.73161732581461,39943500
2023-07-11,23.88979148864746,24.28239245094494,22.849398470541882,24.223502774617582,44231000
2023-07-12,25.214820861816406,25.37186124354259,24.537583045579098,24.969445031360614,54237000
2023-07-13,26.775409698486328,26.94226532814079,25.72519963415008,26.019651736400313,42645500
2023-07-14,25.744831085205078,27.511538146765293,25.420935071396052,26.834300346230428,47910200
2023-07-17,27.540983200073242,28.002290968061967,25.293341524634737,25.793908452753044,50068600
2023-07-18,27.737281799316406,28.02191676556649,26.588922933125733,27.236714922046744,45800100
2023-07-19,26.785226821899414,27.913955278991732,26.5398509889633,27.884509505094545,49085500
2023-07-20,23.840715408325195,25.57797477938673,23.42848395863439,25.31297031835394,67340600
2023-07-21,24.459060668945312,25.116667910682878,24.04682923573566,24.54739610978087,43146400
2023-07-24,24.43943214416504,24.969444832317702,24.056646450767452,24.44924740195331,29911500
2023-07-25,25.646677017211914,26.098169449042963,24.84184471706606,24.84184471706606,39288500
2023-07-26,24.59646987915039,25.254077103683215,23.762191777568624,24.73388160133779,54225500
2023-07-27,25.970579147338867,27.531169708027758,25.519088480507705,26.50059188360415,83083300
2023-07-28,27.629316329956055,27.913953173283307,26.647813072251974,27.47227595848891,60636000
2023-07-31,27.884511947631836,28.21822325942184,27.433021274074303,27.933586369690108,37007400
2023-08-01,28.002288818359375,28.188773090779563,26.932450109974447,27.295605269587586,36908400
2023-08-02,24.812402725219727,26.99133925672708,24.3314663594754,26.99133925672708,81886500
2023-08-03,24.684804916381836,25.126482101823978,23.624781543389467,23.840713443858412,51031600
2023-08-04,24.419801712036133,25.470011834141975,23.63459980698121,24.360912037174266,59250900
2023-08-07,25.185375213623047,25.303156436538668,24.51795265192894,24.989073799453358,40030800
2023-08-08,24.007572174072266,24.095907629501735,22.996624874042585,24.0468332085161,52987700
2023-08-09,22.662912368774414,23.987942257941885,22.52550249963984,23.948681225578255,49811500
2023-08-10,22.388090133666992,23.958495815075715,21.89733847523108,23.222368327421847,65350400
2023-08-11,20.748981475830078,21.593075006983383,20.621386856317436,21.524370067855873,66258400
2023-08-14,22.50587272644043,22.535316629616116,20.277859612116178,20.474161036276662,55110100
2023-08-15,21.396772384643555,22.397906255781447,21.29862354682418,22.20160670807362,45574800
2023-08-16,20.1502628326416,21.3771419217001,20.09137128847717,21.30843512017493,54398900
2023-08-17,19.541732788085938,20.36619580413953,19.345431356808724,20.238601184257774,50769000
2023-08-18,19.777294158935547,20.052115799100722,18.756531543593532,18.864495650172955,63687900
2023-08-21,21.475292205810547,21.622519204125208,20.012852457241916,20.130633681479832,60272400
2023-08-22,20.955095291137695,22.39790443113125,20.709719472440696,22.28993847184251,59640500
2023-08-23,22.181974411010742,22.466609387562027,20.51341809305862,20.56249438009776,67010200
2023-08-24,20.032482147216797,23.477558945231458,19.865626511800624,23.448113172368966,87095000
2023-08-25,20.277860641479492,20.77842761363675,19.041166099456127,19.96377984453436,73315300
2023-08-28,21.023801803588867,21.190657447747075,20.376009743226195,20.866761417565737,57976500
2023-08-29,22.643280029296875,22.87884058830351,20.58212279790266,20.699904013440435,62384100
2023-08-30,22.967180252075195,23.261632408989684,21.95623290125577,22.49605904749512,58519900
2023-08-31,23.41866683959961,23.830898256520324,22.711983340839083,22.741429110643697,57584100
2023-09-01,23.57571029663086,24.056646700841604,23.07514337663951,23.89960631873479,50183300
2023-09-05,23.57571029663086,24.125351634004705,22.947546896134583,23.31070394979973,39873800
2023-09-06,23.00644302368164,23.840721389758357,22.240869604446054,23.42848983664218,45032300
2023-09-07,21.46548080444336,21.642149849030584,20.61157199796026,21.45566554551031,61690800
2023-09-08,21.10232162475586,21.779559447590145,20.82750001802349,21.318251683715484,40693000
2023-09-11,21.053247451782227,21.89733905357904,20.20915397791635,21.828634119114433,55474600
2023-09-12,20.55267906188965,21.57344149238796,20.46434361754945,20.611568734093474,49005100
2023-09-13,20.837316513061523,21.46547995544722,20.405456369503476,20.493789952268735,56098900
2023-09-14,21.24954605102539,21.52436764871724,20.660643697153695,21.455662717311522,54201500
2023-09-15,19.423952102661133,20.876576604452005,19.090240815483625,20.84713083014726,77383000
2023-09-18,19.561363220214844,19.806739072205357,18.844866181699146,18.933201638181266,41631100
2023-09-19,19.102237701416016,19.475826696850493,18.758141439068556,19.426670891589616,50047300
2023-09-20,18.168262481689453,19.583971806613267,18.12893821233884,19.328357492726067,58695600
2023-09-21,17.126144409179688,17.824166613416725,17.09664980013174,17.460409144361144,68048000
2023-09-22,17.5390625,18.060122762814515,17.332603952404007,17.59804985280994,65378900
2023-09-25,17.912647247314453,17.971636461069725,17.04749273914764,17.312938575525315,56510100
2023-09-26,16.949182510375977,17.61771205982783,16.70339969808774,17.440748134952454,70947400
2023-09-27,17.38176155090332,17.77501369285663,16.605086929768177,17.342435399120927,80980900
2023-09-28,18.325565338134766,18.89578137064661,17.057327039605838,17.2736152329124,88909800
2023-09-29,18.55168914794922,19.328361928824147,18.345230592158934,19.10224217143296,75732800
2023-10-02,18.758142471313477,19.24970805166779,18.11910759188765,18.630336245497862,65982800
2023-10-03,17.58821678161621,19.062913599531683,17.234290820434797,18.286240917186667,77741000
2023-10-04,18.325565338134766,18.492697720517928,17.470242226954,17.87332587708268,74018800
2023-10-05,18.089614868164062,18.551687761987612,17.519398810504974,18.266578795571032,63584100
2023-10-06,19.141565322875977,19.456168907233334,17.362098233324367,17.71602609374258,92805900
2023-10-09,19.053081512451172,19.200552690125352,18.13877108687999,18.60084206809385,62652500
2023-10-10,19.711780548095703,20.27216692822713,18.964602458268512,19.230046467076637,67622800
2023-10-11,20.164020538330078,20.3311529123747,19.485659505422618,19.967393554098557,62660000
2023-10-12,20.331151962280273,21.206138063356413,19.751104448594756,20.321320426010747,83392100
2023-10-13,18.65983009338379,20.53761057234473,18.53202385994373,20.449128612588538,88671200
2023-10-16,19.475828170776367,19.662623620217126,18.777805932342137,18.807298667661158,65688500
2023-10-17,18.974430084228516,19.42667137972186,17.607878411762155,18.315732151243342,90214600
2023-10-18,17.971637725830078,18.473034826993793,17.676697261818227,18.060119677516255,81406400
2023-10-19,17.135976791381836,18.61067356344328,16.939349805037413,18.443541187602698,115930900
2023-10-20,16.35930061340332,17.48990285846284,16.290481737653344,17.126143532846747,83690500
2023-10-23,16.113521575927734,16.968846640974203,15.562968567202812,16.074197298605892,89594500
2023-10-24,16.75255584716797,16.841035926305988,16.14301370359426,16.378964956701346,79093400
2023-10-25,14.717473983764648,16.241327495792557,14.461859652696853,16.1036878558798,107436500
2023-10-26,14.481521606445312,15.415496963009279,14.235738815262573,14.874774634889862,101804700
2023-10-27,14.845280647277832,15.307351609828112,14.678148277815161,15.04190668853188,91507300
2023-10-30,14.284896850585938,14.855112902599208,13.783500623875666,14.570004876592574,104353000
2023-10-31,14.648653030395508,14.776460186040559,13.773666950529437,14.294726171553972,75873100
2023-11-01,15.68094253540039,15.749762357323439,14.67814919364304,14.697811330201784,100044400
2023-11-02,16.791879653930664,17.11631285237508,16.103687111691563,16.614915750202105,89974100
2023-11-03,18.069950103759766,18.443540998958223,17.204795498075892,17.30310899024253,88065900
2023-11-06,17.9421443939209,18.325564961735324,17.430915720052365,18.138771383923856,52668800
2023-11-07,18.286239624023438,18.56151514378943,17.755347907033872,17.853661396310514,56719500
2023-11-08,18.355056762695312,18.640163791859408,17.971636253581178,18.345225227182944,50269100
2023-11-09,18.079784393310547,19.367687773958515,17.971641223117935,18.71882125210612,75784400
2023-11-10,20.252504348754883,20.42946827573757,18.512361566990556,18.738481306946625,95598900
2023-11-13,19.682287216186523,19.859251133492382,19.249708960013752,19.770769174839455,57461900
2023-11-14,21.76651954650879,22.012302294324556,21.01933976812803,21.147147847089418,94381100
2023-11-15,22.248260498046875,22.78898383825158,21.805852538069363,22.228599297175577,78026200
2023-11-16,22.336740493774414,22.52353594937238,21.766524464999442,21.992646069217603,61404400
2023-11-17,22.739824295043945,22.897127015414533,21.992646217947094,22.09095783981448,54090800
2023-11-20,23.772113800048828,24.008065073787456,22.66117444329199,22.70050059316878,56824400
2023-11-21,22.454715728759766,23.201895631532246,22.071295178390233,23.172401021821564,63297900
2023-11-22,22.612016677856445,23.71312440202857,22.435052769045402,22.83813639459328,64858200
2023-11-24,22.70050048828125,22.759487837649846,22.36623571656915,22.582523914370025,21933500
2023-11-27,22.582523345947266,23.1429097139526,22.21876584629399,22.40556130229577,40671500
2023-11-28,22.159778594970703,22.503873021770755,21.599392224523502,22.120452446094134,53548300
2023-11-29,22.828306198120117,23.890087838144915,22.749655775717315,23.064257465328517,69262600
2023-11-30,22.425220489501953,23.074086883530285,21.81568024065052,23.054425686115646,58913500
2023-12-01,22.680835723876953,22.808643825691174,21.471584838443917,22.002474693561933,54913400
2023-12-04,21.933656692504883,22.06146479945044,20.93086428698247,21.98281437793547,55773300
2023-12-05,21.560070037841797,21.71737089822687,20.980022411981523,21.314287209093347,51980900
2023-12-06,21.107824325561523,22.503870581327032,21.048836983817566,22.444883239583074,60117400
2023-12-07,22.788982391357422,23.005270588602475,21.451923307945037,21.648550305567102,77337000
2023-12-08,23.300209045410156,23.634473787002793,22.562860681633556,22.621848025687004,69286800
2023-12-11,25.6695556640625,25.93499965705679,23.899918418115096,23.97856883736783,80772700
2023-12-12,26.20044708251953,26.269265969059376,25.168160034073868,25.315629344541243,55752100
2023-12-13,27.44902229309082,27.920924803818437,25.974325540686603,26.249602942864655,80992700
2023-12-14,29.68073272705078,29.97567134964101,28.12738543938258,28.137216976825457,86502800
2023-12-15,30.054319381713867,31.0571136189776,29.838031200708976,29.94617435362448,66922000
2023-12-18,29.7790470123291,30.191960344784736,28.963046259597977,30.044491029597143,46100400
2023-12-19,30.231285095214844,30.457404826373068,29.7790456328984,29.818369906712267,39361100
2023-12-20,27.62598419189453,30.103475005583444,27.57682651195601,29.690559869968624,59562600
2023-12-21,29.81639862060547,29.964199294273957,28.919739070377428,29.313874826622577,62019200
2023-12-22,30.062734603881836,30.62437830828184,29.441969124733085,30.171122644866955,42657600
2023-12-26,31.68854331970215,32.05311817159592,30.45686796716588,30.476575223859445,48619700
2023-12-27,31.87575912475586,32.260045022313214,31.383090824417543,32.082683456909876,47991500
2023-12-28,31.74766731262207,32.299455503576304,31.580157498385862,32.112242190041854,34883800
2023-12-29,30.939687728881836,31.87575996747605,30.437163906749355,31.698398397383688,53294900
2024-01-02,27.628942489624023,29.461674141483055,26.86037639085253,29.451820513107947,79763800
2024-01-03,25.865182876586914,26.65345436488029,25.50060613863406,26.20019872895847,62304900
2024-01-04,25.20500373840332,25.944008932312002,24.436437660158827,24.59409195117502,75067000
2024-01-05,25.54987335205078,26.22975866059436,25.027642335432176,25.273977401488374,73944700
2024-01-08,28.013225555419922,28.24970700633142,26.0425449184366,26.101664811317598,73206500
2024-01-09,28.003372192382812,28.71281655184796,26.949058342296222,27.09685901559469,67616000
2024-01-10,27.757034301757812,28.259558043633493,26.692866930546764,28.220143532402144,62528400
2024-01-11,28.042783737182617,28.61428290930699,26.38741362950108,27.83586317849272,77551200
2024-01-12,27.688060760498047,28.555159333513032,27.205244274691285,28.16102361850622,48992100
2024-01-16,28.762086868286133,29.392704124330415,27.29392989444075,27.73733194782651,77707000
2024-01-17,28.013225555419922,28.131465341181915,26.564774084429175,27.954105662538925,77075400
2024-01-18,30.73276710510254,30.851006898732827,29.372996322640777,30.26965592178561,99590300
2024-01-19,34.34896469116211,34.477059987212606,31.432356321290683,31.944731867330056,91848600
2024-01-22,34.74309539794922,36.0338924725452,33.71834439943134,35.156940255568244,73322100
2024-01-23,35.39342498779297,35.4821057732019,33.71834933260806,34.71354147217469,50847400
2024-01-24,36.871429443359375,38.34943978198463,35.72843493184017,36.5561208718213,97248200
2024-01-25,36.57583236694336,38.95050243590149,35.984629666476025,38.920943428510654,82851400
2024-01-26,33.51142120361328,35.028846133961245,33.20596812302464,34.35881444416539,70933100
2024-01-29,34.52632522583008,34.615006003724886,33.018752001618296,33.72819822477678,54398800
2024-01-30,33.03845977783203,34.6150065475326,32.56549687455437,34.05336286496694,55768200
2024-01-31,31.62942123413086,33.37347396697899,30.6834954749242,31.452061563820177,85888800
2024-02-01,31.97429656982422,32.24033892752991,30.742621076061926,31.80678674810939,60671300
2024-02-02,33.15670394897461,33.422742533088346,31.69839693785616,31.87575849978205,67828900
2024-02-05,34.58544158935547,35.07811171888346,32.93006965343942,34.04350519862963,65899800
2024-02-06,33.33406448364258,34.959873739493766,32.181214366651744,34.85148570401536,62828900
2024-02-07,34.841636657714844,34.969731960378944,32.96948842040975,33.935121547840446,63261800
2024-02-08,36.60539627075195,37.39366781546511,35.11753020625411,35.21606649857777,59516900
2024-02-09,38.74357604980469,38.96035209485851,36.62509313343655,37.30498027155097,65860900
2024-02-12,38.57606887817383,40.72411073383792,38.08339879676049,38.83225566664802,72207900
2024-02-13,36.2999382019043,37.403518327996125,34.64456613337901,35.18650256751852,86489300
2024-02-14,38.546512603759766,38.6943151565651,37.05865036138134,37.58087953275008,62424100
2024-02-15,38.53665542602539,39.53184736390246,37.93559730881939,39.41360759357859,60937300
2024-02-16,37.768096923828125,40.18217774261185,37.41337380108151,39.255959178931874,77150800
2024-02-20,35.8860969543457,37.11777250207216,34.15189943700807,36.6940795717277,80980100
2024-02-21,35.610198974609375,35.6200544828372,34.0730704632752,34.5952996360977,64615200
2024-02-22,40.81279373168945,41.43355917786006,39.285517006847456,39.85701618939897,96865500
2024-02-23,39.581119537353516,42.054325888404726,38.83226253501366,41.52224120426123,68430000
2024-02-26,40.60587692260742,41.187227908109634,39.80775360538893,40.61573243150722,49475100
2024-02-27,40.50733947753906,41.541946018898706,40.18217538120539,41.19707842470378,48124600
2024-02-28,39.21654510498047,39.906284100446925,38.576076133942074,39.157427089707,46281900
2024-02-29,42.21197509765625,42.49772466303757,40.172321146702714,40.60586948954791,67431600
2024-03-01,47.62150192260742,48.232411900015975,43.59145965588486,43.74911396485401,90615500
2024-03-04,49.04038619995117,50.656343658185385,48.28167373309245,49.26701401335964,81255500
2024-03-05,46.153343200683594,48.28167825504477,44.59650360783943,47.30618963235725,76835800
2024-03-06,49.48379135131836,51.08989334316988,48.005780892880175,49.04038746203191,91762300
2024-03-07,54.5090217590332,55.23817519026581,51.33622498441858,51.38549500342293,91590800
2024-03-08,48.23240661621094,56.15454323129393,48.0846040732798,55.11993294832559,129037200
2024-03-11,46.08436584472656,47.089413392241966,44.43884560477907,46.251871889925006,76456400
2024-03-12,48.85316848754883,48.9615527512183,45.32564879857814,47.72987751212651,89505900
2024-03-13,45.40447998046875,47.335745945234855,44.428991490789855,47.19779891329081,79513600
2024-03-14,42.89186096191406,45.66066848743388,41.56165309436095,44.83298250619921,77822900
2024-03-15,42.11344909667969,43.4929233603651,41.0098651752011,41.19708225124624,72496500
2024-03-18,41.9163818359375,44.59650518829234,41.7094612524746,44.04471696572461,65139200
2024-03-19,40.846405029296875,41.36906803214302,38.41061268436455,40.146238166504894,83450200
2024-03-20,42.79898452758789,43.19344294348738,40.05748029201633,41.014048627892066,79396800
2024-03-21,45.66868591308594,48.08475453323982,45.42214799169308,46.960542213587615,82495700
2024-03-22,45.78702163696289,46.84220360673339,44.62336238325655,45.04740789580394,57152800
2024-03-25,45.25450134277344,46.526637950756914,43.528735851311744,43.883751068597384,54917700
2024-03-26,44.406410217285156,46.71400536499149,44.2584897181745,46.171622677845306,55697600
2024-03-27,45.856056213378906,45.89550318608877,43.30192303940621,45.58979479039291,56643600
2024-03-28,45.88563537597656,46.6449726029528,45.37283606314053,45.6686845696048,45684700
2024-04-01,47.32542037963867,49.2977237230192,46.07300730516763,46.08286716666169,63270000
2024-04-02,45.2446403503418,45.520761618277554,43.7654128231943,45.195333518477575,57411500
2024-04-03,45.55034637451172,46.526638227861866,43.59776642968167,43.676660372601795,54158200
2024-04-04,41.78324508666992,47.818495998585746,41.39864653835442,47.46348079648834,82719300
2024-04-05,43.01593780517578,43.91333573726022,41.359202582578305,42.108680010923536,71151400
2024-04-08,43.39067459106445,44.56419375414043,42.89759874343872,43.883750438690186,42780900
2024-04-09,44.76142883300781,45.21505775038487,42.57217067072734,44.74170534592135,66283900
2024-04-10,42.49327850341797,44.15001372274644,41.60574043525259,42.513001989585014,74894000
2024-04-11,45.165748596191406,45.412286529316766,42.06923275803617,43.10469132478861,64703800
2024-04-12,40.935150146484375,42.94690025857142,40.46179784279384,42.720085848169894,79978400
2024-04-15,39.22910690307617,42.79897817237856,38.55852355756465,42.39465619304393,62077800
2024-04-16,39.97859191894531,40.599864798463344,38.66700831622221,39.19953115169792,62696200
2024-04-17,36.546783447265625,40.28429554054975,36.13259777606191,40.037757614935934,85426600
2024-04-18,34.42655563354492,36.29038174123599,34.05181693490682,35.54090810582997,91529700
2024-04-19,30.36361312866211,34.10112914472412,29.781783448689737,33.48971235433257,105240100
2024-04-22,31.625885009765625,32.39508213906219,30.077627127434205,31.1426708980207,65096900
2024-04-23,33.63762664794922,34.18000919447093,32.13867598866808,32.365490371327375,66511500
2024-04-24,34.9985237121582,36.960963388923275,34.12084558372664,36.398857249398,80370100
2024-04-25,36.891937255859375,37.65127456381623,34.16029642444172,34.79143295004991,80677600
2024-04-26,39.24884033203125,39.73205636241404,36.49747594612979,36.803184354075675,59041700
2024-04-29,40.04762268066406,40.264577266814904,38.17393287378214,39.05160731867187,51120700
2024-04-30,37.65127182006836,40.9154352678011,37.59210136440309,39.524961535563556,56304200
2024-05-01,33.8940315246582,37.53293356020827,33.18400488703164,35.58035372346264,97290300
2024-05-02,35.94523239135742,36.39886129794425,33.64749698569169,35.48173986052673,56653400
2024-05-03,38.43033218383789,39.03188531070052,37.57237751345835,38.21337761038052,58599400
2024-05-06,40.728065490722656,40.80695943442155,38.93326965214598,39.41648565262599,48404800
2024-05-07,39.80107879638672,41.329613009361026,39.72218486344545,40.95487435162953,51508400
2024-05-08,39.85039520263672,39.93914901759509,38.420474300249914,38.51909174013182,53735100
2024-05-09,39.4066276550293,40.05748773599089,38.765631199373495,39.84053688358424,39132700
2024-05-10,40.46179962158203,41.6550459365795,39.95886395238498,40.58014052410947,47048400
2024-05-13,40.69847869873047,41.487399259606896,40.51111124110668,41.02390678427388,30565400
2024-05-14,42.61161422729492,42.838428667792115,40.481526697114546,40.60972747195912,41581500
2024-05-15,46.3491325378418,46.41816285982086,43.38081740713065,44.0513971403744,58063500
2024-05-16,45.61937713623047,47.364866140635286,45.57007030236214,46.309684095997895,46325500
2024-05-17,44.77128982543945,46.723869789763235,43.71610778050494,46.368854566818854,40965800
2024-05-20,47.58182144165039,48.61728001598581,45.17561255099881,45.323533054835096,55103200
2024-05-21,47.3155632019043,47.522654178321694,45.76730516738654,45.90536581833147,36437200
2024-05-22,48.696170806884766,49.30758379258924,47.433894103722814,48.567970035700405,55487800
2024-05-23,48.13406753540039,52.463273049771324,46.89151424276202,52.41396621539972,81175900
2024-05-24,50.72764205932617,51.34891868322851,48.66658485724905,49.32730845197349,48477400
2024-05-28,53.29164123535156,54.1298687143678,51.033352835066864,52.60133426105388,50658400
2024-05-29,50.274009704589844,51.200990883597434,49.94858162248279,50.44165743805766,42965600
2024-05-30,49.30758285522461,50.62902622621943,48.301707713553625,50.13595039766718,38260500
2024-05-31,47.917110443115234,50.0176145819158,43.76541275917633,49.60342891874788,72522600
2024-06-03,47.917110443115234,50.2247055325647,45.48131458151021,50.10636838388963,53127300
2024-06-04,46.93095779418945,47.976279911277075,45.787022015546604,47.78890868770408,46692500
2024-06-05,52.778839111328125,53.12399069946059,48.88353916787375,49.33716804423933,66560100
2024-06-06,51.78282928466797,53.04510614483595,50.52055618637056,53.04510614483595,43947600
2024-06-07,51.15168380737305,52.16742254062326,50.106365490999515,51.506698994771575,50248700
2024-06-10,53.202884674072266,53.82416129497089,49.72176663419157,49.82038406077002,43759400
2024-06-11,53.41983413696289,53.72554250881457,50.984042071103005,52.6407771769939,37695700
2024-06-12,57.90683364868164,58.62672399570344,56.023283901851855,56.45718933020362,73759300
2024-06-13,60.01719665527344,60.63847331677372,57.49264679793341,59.23813586280631,45660700
2024-06-14,59.26771926879883,59.71148831315455,57.54195368887026,58.13364700196802,39112000
2024-06-17,61.802127838134766,62.275483984531526,58.133645917587536,60.15525623542021,54196500
2024-06-18,64.33654022216797,65.27338893034843,62.226176008253866,62.541744277893144,47069100
2024-06-20,59.18882369995117,64.91836625838869,57.97585759696558,64.61265412446724,60852900
2024-06-21,57.3940315246582,59.3466115015692,55.254080311168515,57.61098234751255,50012300
2024-06-24,52.482994079589844,56.69386224201819,52.295622851128606,55.66826358285927,54326400
2024-06-25,54.687294006347656,54.83563356620868,51.769978251057324,53.62914954513871,43610200
2024-06-26,54.173057556152344,55.597105326828505,52.26444090873479,54.54884835923988,41093400
2024-06-27,53.203914642333984,54.96419544934114,52.23477314170082,53.72804499867152,35417000
2024-06-28,54.74663162231445,57.93095638224363,53.490702314966185,54.26205898702584,55584600
2024-07-01,54.74663162231445,54.93452513225848,51.67108870535405,54.74663162231445,43335000
2024-07-02,56.96181106567383,57.11015062822635,53.6785957815686,53.75771122091176,45011700
2024-07-03,59.72089767456055,60.838378695310844,56.54646434459292,57.45626923056191,40242700
2024-07-05,60.13624572753906,61.68885032066408,59.12754655330718,61.17461130404989,38395400
2024-07-08,63.597469329833984,63.785366622613665,61.510850427766556,61.5701832381753,42861600
2024-07-09,63.53813552856445,65.41708579246753,61.728409390680035,64.40838276206539,41789800
2024-07-10,67.83003997802734,68.23550092389203,64.28971102650692,65.15995817721162,48280800
2024-07-11,61.30317306518555,69.30353870517789,60.541703956547735,69.23431458370459,75368500
2024-07-12,63.2315673828125,66.5543442169095,60.96694259242196,62.1437564799151,51046400
2024-07-15,63.42934799194336,66.02032191670489,62.35142470463933,64.2204872567927,48228700
2024-07-16,64.57649993896484,64.86328019239626,61.54051108475147,64.29959591157241,39846400
2024-07-17,50.97883987426758,58.64297207354677,50.65249814228523,57.950727120415905,99429800
2024-07-18,51.08762741088867,53.569815940334976,48.57576870436416,53.55992839626352,94172600
2024-07-19,46.4792594909668,51.78976106163247,46.23202938729144,51.20629786606135,75969100
2024-07-22,52.34355545043945,52.36333431051788,48.26920458508014,49.49546373048771,73675300
2024-07-23,49.970149993896484,51.49308841856885,49.446023353527394,49.94048358706267,50181600
2024-07-24,42.424686431884766,48.24942695174442,41.78188666650424,47.893415006144856,90534800
2024-07-25,39.33924865722656,43.215818227449724,36.975729723964754,41.0500803379038,143325900
2024-07-26,41.45553970336914,42.523575503527326,40.258946972490726,41.77199768938148,82759200
2024-07-29,41.346763610839844,44.501418353848244,40.802854368569456,42.88947703275012,80788400
2024-07-30,36.827396392822266,42.197230553762054,36.37249015366993,41.910446512309825,108596000
2024-07-31,43.89817428588867,44.26407376371696,40.961079602212436,41.83133057745573,96880500
2024-08-01,34.612213134765625,42.938920883847665,33.04971713105749,41.58410102599633,163864400
2024-08-02,29.014923095703125,31.239993873679037,27.828217926296293,30.22140523850124,198233900
2024-08-05,27.580989837646484,29.815950207312323,23.23962980885754,23.259408669897343,220042200
2024-08-06,28.263343811035156,30.458746331017515,26.868966254446697,28.283122670925348,137309500
2024-08-07,25.92949104309082,31.58611668392937,25.65259455071918,30.97298523356266,146256500
2024-08-08,31.111433029174805,31.2498831595714,26.572290398326103,28.253453846658548,149988600
2024-08-09,30.666419982910156,31.437778527478986,29.25226359430856,30.369742749053284,96949800
2024-08-12,31.061988830566406,32.2289151749629,29.895062486169913,30.765313472526856,89135100
2024-08-13,34.88911056518555,35.037450134414975,31.833346373001305,32.2981401689837,103380000
2024-08-14,34.66166305541992,36.234046814241644,32.90138575812942,35.77914428588627,112421600
2024-08-15,39.47770309448242,40.02161236738527,36.45160889035043,36.936177804932,107522700
2024-08-16,39.2898063659668,39.78426655749283,37.64819868099764,38.36022256397333,82364600
2024-08-19,41.13908386230469,41.28742341949109,37.470190375201774,38.84478901839337,77684200
2024-08-20,39.64582061767578,41.45554306245171,38.6667877215345,40.595183335342895,83644600
2024-08-21,41.26764678955078,41.89066768198346,39.88316052822821,40.298505274895426,83611500
2024-08-22,37.09440231323242,42.4049075443277,36.69883641915383,42.03900428245429,107889900
2024-08-23,39.9523811340332,40.75340415275374,38.162434055132124,38.72611831735454,87128100
2024-08-26,36.955955505371094,39.84360512986756,36.501053011815536,39.30958719094648,86603000
2024-08-27,38.06354904174805,38.53823039584501,35.12645415506401,36.105483269003976,74033300
2024-08-28,36.19448471069336,38.42944690130018,34.899001416094514,37.667977749451445,101998500
2024-08-29,35.789024353027344,38.49866763899343,35.23523139854637,36.64938773147869,97333200
2024-08-30,38.36022186279297,38.78545792152708,36.649390084076735,38.251440019056545,85280800
2024-09-03,29.736833572387695,36.40215815583554,29.074256885841553,36.39226684012311,140077900
2024-09-04,29.96428680419922,31.33888741707599,28.411682107078377,28.747915187677076,108759900
2024-09-05,29.420381546020508,30.854316863254105,28.510574713518462,28.728136519863057,100075900
2024-09-06,25.67237091064453,28.846806156863916,25.217468463355836,28.787471465090572,156147600
2024-09-09,27.126087188720703,27.42276255767863,25.860268382987158,26.87885708585043,84474500
2024-09-10,28.0358943939209,28.075450230043316,25.94927169596881,27.234869378727733,81557500
2024-09-11,31.863012313842773,32.060793349942706,26.779960842257154,28.569906003224855,143140900
2024-09-12,31.457555770874023,32.32780484798502,30.013732966840443,31.398221078079516,98895800
2024-09-13,33.05961227416992,33.34640012158145,32.00146765193095,32.15969477939382,78147300
2024-09-16,31.803680419921875,32.2783617667945,30.498305772914158,31.675119709592206,79670100
2024-09-17,31.803680419921875,33.188170510957704,31.012544841800835,32.94094040701788,86913700
2024-09-18,30.794979095458984,33.62329190005248,30.705976113061578,32.17946909443385,113735500
2024-09-19,34.73088455200195,36.03625922181711,33.5046253275972,34.295760919540925,123984300
2024-09-20,33.178279876708984,34.01886451085426,31.68501167806628,33.67274009475958,108589600
2024-09-23,33.5441780090332,33.99908425807169,32.82226657291447,33.59362704676029,59731600
2024-09-24,34.74289321899414,35.3670181128592,33.26679293020189,34.51503893881536,83369600
2024-09-25,35.406646728515625,36.11992855847301,34.326813249941395,34.38625119795308,73587500
2024-09-26,39.280174255371094,40.13214960700666,36.36759408474286,39.82504348716567,138171800
2024-09-27,37.308738708496094,39.63681835245746,36.753960561996735,39.62691328694718,85253500
2024-09-30,36.33787536621094,37.0610659922326,34.72307778804395,35.91188579786556,74316700
2024-10-01,33.514461517333984,36.64498730949214,32.43462805027632,36.24871669109574,124928300
2024-10-02,34.63391876220703,35.7137522211355,32.85070855108096,33.53427139459623,81729100
2024-10-03,34.881587982177734,36.26853139796622,33.663060905604326,33.75222160774954,86857200
2024-10-04,36.33787536621094,37.17994565947981,35.11934838435665,36.96200023271267,100846900
2024-10-07,36.07039260864258,36.89265275798347,35.23822739518081,35.58496132615804,73150200
2024-10-08,37.110599517822266,37.47715114848132,35.32738936161518,36.08029897277229,66629700
2024-10-09,38.2498779296875,38.39847658422603,36.189276663857996,36.94219011834065,67182800
2024-10-10,37.47715377807617,38.06164710118983,36.020863555086386,36.75395930960926,79999000
2024-10-11,38.30931091308594,38.68576759151997,36.5161957719588,36.58554255757607,58434500
2024-10-14,40.43925857543945,40.67702168192201,38.9829685236352,39.072129216176606,69661800
2024-10-15,34.14849090576172,40.80580921673138,33.32623070919076,40.11234131494459,131664200
2024-10-16,34.138580322265625,35.41654901177641,33.68287178742372,35.41654901177641,70233000
2024-10-17,34.881587982177734,37.01153598947075,34.881587982177734,36.8233057409882,97549000
2024-10-18,34.9410285949707,35.99114307793541,34.52494407186519,35.91188744339468,56704300
2024-10-21,34.7627067565918,35.05000275949241,33.4153912193774,34.51503857046023,59115800
2024-10-22,34.36643600463867,34.70326488754565,33.5342707515224,34.07914378204589,51493100
2024-10-23,33.484737396240234,34.554665754719984,31.988823242198972,34.08904836399825,81658300
2024-10-24,33.97016906738281,34.41597255496984,33.21725567076548,34.25746506817407,60128300
2024-10-25,34.95093536376953,36.526105275455976,34.84196075052128,34.86177466012249,82300500
2024-10-28,35.02027893066406,35.75337840188578,34.42587681386974,34.97074605078395,51661100
2024-10-29,37.62574768066406,38.09136504645981,34.61410184666613,35.12925209030654,72288200
2024-10-30,33.692779541015625,35.367018955665266,33.59371377479162,34.643828280703126,89440100
2024-10-31,29.809343338012695,32.71201481141098,28.957364164371338,32.70210596755935,135437800
2024-11-01,30.54244041442871,31.53311315169796,30.09663692683423,30.40374683586967,80726000
2024-11-04,30.066917419433594,31.374605107048556,29.730088543586316,30.324492553290824,60422400
2024-11-05,31.087308883666992,31.19628348668949,29.967849550062034,30.076824153084537,63174900
2024-11-06,33.801753997802734,34.17821071015422,32.09779939596543,32.93986974239501,97893100
2024-11-07,35.872257232666016,36.030764712054925,35.10943880713301,35.43636260912562,77945800
2024-11-08,35.07971954345703,35.94160371925872,34.51503641664389,35.22832195750949,62666300
2024-11-11,32.46434783935547,34.08905061317749,31.18637903100152,34.02960888519006,99155700
2024-11-12,31.37460708618164,32.24639830306542,30.096638290223837,32.0680768999496,75694800
2024-11-13,29.413074493408203,30.92880259245827,29.195125278966156,30.54244082439583,92269200
2024-11-14,29.32391357421875,30.552347548938673,29.10596436141537,30.30467936315905,68994200
2024-11-15,26.411334991455078,28.22426602281176,26.183480715661652,27.748743563010272,113560200
2024-11-18,27.411914825439453,27.570422312871724,26.054692338547564,26.450962946686534,70256700
2024-11-19,27.59023666381836,27.768558062430035,26.83732514165703,27.114714193892784,57030600
2024-11-20,26.876951217651367,27.30294080789425,25.75749182733074,27.084993480365526,90911700
2024-11-21,28.224266052246094,28.65025563151354,26.223106669880007,27.788369518861,106013200
2024-11-22,28.224266052246094,28.42240135548249,27.580329151065246,27.986504822097395,52604100
2024-11-25,29.05643081665039,29.819249264928526,28.47193376039138,29.304098996775114,70536000
2024-11-26,27.867624282836914,29.96785139373759,27.203873449112294,29.759811018322797,73204200
2024-11-27,26.728349685668945,27.491168137945564,25.341408247612176,27.421821349476467,84235700
2024-11-29,27.798274993896484,28.76913566062761,27.243498819734544,27.293031698128967,54303400
2024-12-02,29.918317794799805,30.512719932934143,28.19454554762362,28.29361320049878,89389800
2024-12-03,29.452699661254883,29.997570793749073,29.125777737581675,29.30409913041402,59730300
2024-12-04,30.59197425842285,31.265632043300226,29.95794429127161,31.245820023995513,67498800
2024-12-05,28.848390579223633,30.58206784772231,28.610627462446825,30.46318628933391,59282100
2024-12-06,29.333820343017578,29.581488527232025,28.63044171727824,28.92764467207055,49152300
2024-12-09,28.95736312866211,30.037196543752536,28.343147100912002,28.798855644755097,54963000
2024-12-10,26.80760383605957,29.254566715069625,26.312267465676424,29.155499063081336,77681700
2024-12-11,28.848390579223633,29.353632006089118,27.53079593074697,28.065758219599118,77277400
2024-12-12,28.194543838500977,28.56109356505173,27.48126018224326,28.184638774416378,59937600
2024-12-13,30.413654327392578,31.017963422905208,29.214939311545418,30.086732393899414,103693900
2024-12-16,32.20677185058594,32.642670311850566,30.106546521522358,30.82973911922259,85469700
2024-12-17,30.839643478393555,31.790690350376305,30.26505332912258,31.28544699487897,64499000
2024-12-18,27.57042121887207,32.177048904891905,26.74816295186018,31.483579147282313,102912200
2024-12-19,26.0546932220459,27.748744649565158,25.816931982835158,27.709116831584186,86520100
2024-12-20,27.045366287231445,28.10538775490256,25.35131673108307,25.57917101824483,108080200
2024-12-23,29.39691925048828,29.56581004094517,27.678208314893535,27.70801134591942,79330900
2024-12-24,30.281112670898438,30.370525558097977,29.466463605216312,30.06254888824561,39963700
2024-12-26,30.37052345275879,30.897065763666006,29.56580941865004,29.704895280250806,45184100
2024-12-27,29.496267318725586,29.98306974294368,28.40344466062855,29.7843740251432,59316300
2024-12-30,27.757686614990234,28.59220560376609,27.141731401406982,28.055728298880407,64859000
2024-12-31,27.13179588317871,28.38357434130036,26.754276298143342,28.01598973151629,61199500
2025-01-02,27.48944854736328,28.860442975288812,26.863560239917526,27.94644605837084,80996300
2025-01-03,29.625417709350586,29.923461281025997,27.976249722082706,28.13520553568182,72119600
2025-01-06,32.27799987792969,33.410560612277074,31.60243477485362,31.60243477485362,95159500
2025-01-07,30.946739196777344,33.50990406818686,30.400328822582214,33.35094825406091,79205700
2025-01-08,29.98307228088379,30.80765635821857,28.989597397593556,30.599025647378078,69523500
2025-01-10,27.876901626586914,28.90018132592491,27.260948327880744,28.870376400541286,85395000
2025-01-13,27.66827392578125,27.68814387682134,26.078713845727755,26.26747459080296,68286400
2025-01-14,27.936511993408203,28.771029075634864,27.002645158067573,28.28422665479315,79759400
2025-01-15,29.74463653564453,30.26124200008208,29.10881136457066,29.456527929315257,69461300
2025-01-16,29.794309616088867,31.51302059943208,29.794309616088867,31.254716918915893,78881100
2025-01-17,32.27799987792969,32.49656177012277,31.27458814675817,31.820998561949615,69688900
2025-01-21,33.47016525268555,34.30468425136276,32.2879315836452,33.112517501657315,60897500
2025-01-22,34.9206428527832,35.91411771300684,34.185469788703145,34.4636415368279,57709400
2025-01-23,34.692142486572266,34.692142486572266,32.79460553553429,33.22180005554129,44900600
2025-01-24,32.436954498291016,34.712008963509575,32.09917290675988,34.712008963509575,60111500
2025-01-27,24.8964786529541,27.89677308754927,23.68444004525868,27.47951358409628,198431800
2025-01-28,25.204458236694336,25.631650838245992,23.59502811666357,25.27400117427477,103185300
2025-01-29,25.512434005737305,26.128387340837133,24.68784997043066,25.93962848696295,94141700
2025-01-30,26.972843170166016,27.48945057321368,25.96943329325139,26.406562780053495,87140400
2025-01-31,26.84368896484375,29.05913726570919,26.52577733896744,27.44970729108193,102136600
2025-02-03,25.44289207458496,26.317149128060393,24.151373604231217,24.638176064051994,103914300
2025-02-04,26.07871437072754,26.426430941317815,25.035566553859585,25.174652424134546,60520500
2025-02-05,27.519254684448242,27.76762340219632,25.37334911469708,25.91975953578168,70330700
2025-02-06,27.509319305419922,27.61860025109444,26.545647481934438,26.992711925293982,59735100
2025-02-07,26.158191680908203,28.095468319065816,25.631649349253887,27.688143798411602,87930800
2025-02-10,27.171537399291992,27.37023123142018,26.72447296092352,26.744342912607205,53330500
2025-02-11,27.221210479736328,27.71794790416547,26.505909270723407,26.505909270723407,43880500
2025-02-12,27.36029624938965,27.36029624938965,25.78067120344958,26.009169947226383,57999300
2025-02-13,28.28422737121582,28.363705280817335,27.221209619707,27.310622504871557,61026300
2025-02-14,28.363706588745117,28.631945256608006,27.92657901323106,28.304098627521004,43089600
2025-02-18,29.794309616088867,30.03274334543392,28.522661164679068,29.009465493857583,60222200
2025-02-19,31.2646541595459,31.68191368985484,29.56581300429711,29.993007510911383,58412700
2025-02-20,31.493154525756836,32.42701955075566,30.499679643491987,31.850806089741127,50903200
2025-02-21,28.622011184692383,31.75145672390288,28.214686629472446,31.70178373713088,61966500
2025-02-24,26.58538818359375,29.069075399233267,26.486040315987577,28.969727531627093,63724100
2025-02-25,24.906414031982422,26.744342872074238,24.658045321021444,26.486039185286472,90907500
2025-02-26,26.118453979492188,26.823820193546908,25.353477911788428,25.820410395955516,75869500
2025-02-27,21.608078002929688,26.72447310510257,21.588208051138803,26.605257184163065,144841600
2025-02-28,22.581684112548828,23.068486588107653,20.88284293630699,21.65775214866867,110939400
2025-03-03,20.376169204711914,23.57515750874785,19.58138819542212,23.56522253295515,141822100
2025-03-04,20.515254974365234,22.11475006591027,18.87602187474917,20.14767034637099,154119800
2025-03-05,21.806774139404297,22.015402952406838,19.988715204355724,21.111340972923298,117702400
2025-03-06,19.104520797729492,20.88284167826499,18.885957014187234,19.58138826813236,164277600
2025-03-07,20.74375343322754,20.95238413103232,18.627652897795247,19.372759013707057,139349200
2025-03-10,17.87261199951172,19.670800914780447,16.98842000543922,19.21380340163376,169215200
2025-03-11,17.296398162841797,18.37928597455656,16.402271116033162,17.93222150370073,161267000
2025-03-12,18.180587768554688,18.98530370700915,17.783198234387356,18.419023383957857,137654500
2025-03-13,17.971960067749023,19.14426068608357,17.46528767025344,18.26006678697031,117160200
2025-03-14,19.670799255371094,19.79995203377586,18.8660852399439,18.93562816912983,99718700
2025-03-17,20.654342651367188,21.141145091294323,19.372759209493477,19.38269418519438,82794200
2025-03-18,19.79995346069336,20.266885943808276,19.39262893619032,20.058257141215282,79140900
2025-03-19,20.24701690673828,21.230558690204308,19.33301995551253,19.760214450473892,83249700
2025-03-20,19.79995346069336,20.435776738960964,19.462171870387984,19.48204182155956,80380600
2025-03-21,19.154193878173828,19.3628226662949,18.25013200651044,18.697194507442468,84348300
2025-03-24,20.862972259521484,21.230558794994153,20.23708392549313,20.346364872604248,91671300
2025-03-25,20.479293823242188,20.9476779328972,20.279983094287513,20.758331124722066,57784400
2025-03-26,18.725353240966797,20.439434834766406,18.13738300514297,20.230156358917185,94328400
2025-03-27,17.698894500732422,18.346657706003953,17.300271136010412,18.10748368717075,103112800
2025-03-28,15.974847793579102,17.5294799182836,15.685844656517018,17.27037424736848,138232400
2025-03-31,15.895122528076172,15.925019044508081,14.350455239995044,15.018150126130802,111345600
2025-04-01,15.895122528076172,15.934984866783093,14.77897609388928,15.67587918999155,106085000
2025-04-02,16.204055786132812,16.831887360707203,14.978287251560182,15.137736600683398,141655200
2025-04-03,11.370742797851562,14.071418856399118,11.360776975585509,13.762485969296437,302517400
2025-04-04,8.699963569641113,10.394115400277597,8.151856630733826,10.015422694040804,499158100
2025-04-07,9.118517875671387,10.942221450805665,7.205124280170803,7.85288796715422,723467300
2025-04-08,8.221614837646484,10.802703769043243,7.57385114933806,10.37418293398558,488735500
2025-04-09,12.72606372833252,13.064893118923933,8.211649056358693,8.450823079267838,787748800
2025-04-10,9.596866607666016,11.101671446909306,8.321270912007417,10.882428124870264,686331800
2025-04-11,10.194802284240723,10.354252587797594,8.879344170246593,9.317830841840046,412972900
2025-04-14,10.433977127075195,11.121602691143487,9.935697429798923,11.111636869103616,358849500
2025-04-15,10.563529968261719,10.98208499023693,10.374183150971785,10.563529968261719,230001400
2025-04-16,9.30786418914795,9.716453357770812,8.301339049120442,9.098586694195626,362439300
2025-04-17,9.168346405029297,9.517142579565649,8.869378391197154,9.517142579565649,233659100
2025-04-21,8.680032730102539,8.709929247088052,8.12195902747851,8.640170390657476,255318100
2025-04-22,9.148415565490723,9.367657948473516,8.819551040623432,8.929172232114828,249211900
2025-04-23,10.254596710205078,10.86249763302124,10.065250832735504,10.543598912906946,368456100
2025-04-24,11.958712577819824,12.048403074216367,10.812669669269326,11.011981355487706,339636700
2025-04-25,12.2975435256958,12.546683383346387,11.470399274327308,11.589986291952414,274438500
2025-04-28,12.24771499633789,12.486889024406675,11.410604947704039,12.118162160202356,203468900
2025-04-29,11.819193840026855,12.227783981922729,11.580019818229086,11.769366631613797,184045100
2025-04-30,12.118162155151367,12.167990315243204,10.713013552841558,10.952187580810651,229393200
2025-05-01,12.058368682861328,12.76592586921754,12.008540524589723,12.496854384786708,203349500
2025-05-02,13.244274139404297,13.642897511765348,12.845650767043248,12.845650767043248,223410600
2025-05-05,13.00510025024414,13.363861289072709,12.825719255633308,12.885513237301284,127572300
2025-05-06,12.596510887145996,12.905443762279619,12.078299554105866,12.28757706161929,158548700
2025-05-07,13.234308242797852,13.353895253831174,12.18792070826492,12.566613385066985,189249300
2025-05-08,13.613001823425293,14.290662548,13.333965445821121,13.79238282708169,203277000
2025-05-09,14.061452865600586,14.420214859733619,13.692725999714053,14.161109186280452,149644500
2025-05-12,17.071062088012695,17.409892444061697,16.443230487560868,16.831888054469797,263806000
2025-05-13,18.5360050201416,18.795110689440026,17.22054693046205,17.30027160557032,212931800
2025-05-14,18.775178909301758,19.303356066054874,18.36658971473684,18.904730792618317,179343100
2025-05-15,18.406450271606445,18.84493691214227,17.758687082660895,18.256966751201485,141287600
2025-05-16,18.32672691345215,18.536005377639004,17.698895322464026,18.466246523172128,113068600
2025-05-19,17.997861862182617,18.14734538895564,17.031199948316655,17.090992978868627,123632000
2025-05-20,17.908170700073242,17.93806816463062,17.379995465062223,17.559376450834304,84252500
2025-05-21,16.941509246826172,18.52603879315104,16.592713088057813,17.499581960383853,149964800
2025-05-22,16.453195571899414,17.370030276416667,16.423298106252727,16.911611973764956,144981100
2025-05-23,15.675878524780273,15.944950012428686,15.048046954386805,15.157668143580743,179062600
2025-05-27,17.230512619018555,17.44975499867197,16.293746268160906,16.682403818705748,136539700
2025-05-28,16.981372833251953,17.50954809081356,16.841853226813452,17.37003038516124,126785300
2025-05-29,17.140823364257812,18.147346739820666,16.841854387670736,18.11745117271238,179820200
2025-05-30,16.114364624023438,16.841852486946348,15.187564132536341,16.841852486946348,194058700
2025-06-02,16.841854095458984,17.041166743058895,15.984814272666435,16.004744016797403,103937000
2025-06-03,18.237035751342773,18.316760425089065,16.522954315404455,16.87175047583928,158644000
2025-06-04,19.02431869506836,19.193733865511064,18.157311199088355,18.61572950178645,146325300
2025-06-05,18.745283126831055,19.921223607335413,18.35662554119486,19.422943871581793,187397100
2025-06-06,19.1140079498291,19.881359077925552,19.084110486121148,19.33325031466264,114398700
2025-06-09,20.509193420410156,20.9875415005816,19.61229029489213,19.642185861911404,162686000
2025-06-10,21.81468391418457,22.023962369460044,20.618813815418097,20.76829734016564,142811000
2025-06-11,21.56554412841797,22.52224211069011,20.917780918980228,22.28306809031861,160395000
2025-06-12,21.615373611450195,21.99406534172979,21.01743759977899,21.166921127500245,100384500
2025-06-13,19.971052169799805,20.987541358065037,19.771739520688655,20.25008759761186,166989600
2025-06-16,21.82465171813965,22.143550440107674,20.71847201391135,20.758333403764194,121972300
2025-06-17,21.346302032470703,22.452483554431318,21.26657735796456,21.535648847217605,122379500
2025-06-18,21.5356502532959,22.30299958272349,21.156956599076914,21.64527049990767,113893800
2025-06-20,21.13702392578125,22.25317128823457,20.29991577992402,22.063824470335497,137078900
2025-06-23,21.50575065612793,21.904374015213698,20.210224263902653,21.10712729704216,125143700
2025-06-24,23.943044662475586,24.023021350795894,22.623426444998547,22.653418418166655,137608000
2025-06-25,24.572860717773438,24.59285536644894,23.863067850944873,24.392912693283197,107621600
2025-06-26,25.19268226623535,25.35263564704744,24.582858810142564,25.172687616935164,92382200
2025-06-27,25.102706909179688,25.83249440846949,24.272948075528156,25.202676336746812,113655600
2025-06-30,25.102706909179688,25.49259301571637,24.67283150618047,25.482595691600736,78035000
2025-07-01,24.702821731567383,25.16268910988898,23.573150794315957,24.37291766079532,107277300
2025-07-02,26.04243278503418,26.382334181579118,24.44289904458108,24.502881083149415,107157100
2025-07-03,26.42232322692871,26.71223799957766,26.222380557878356,26.392331254532774,62695800
2025-07-07,24.96274757385254,26.04243384604381,24.61285074561972,25.722527084919683,93297600
2025-07-08,26.362340927124023,27.022149058925116,25.352634081356992,25.622554203061377,90457500
2025-07-09,26.64225959777832,27.40203909804375,25.88248009751289,26.62226494879365,86818700
2025-07-10,27.362051010131836,27.72194514871833,26.652256243607365,27.382043751812745,87602500
2025-07-11,27.282073974609375,27.532001356977897,26.542287244819295,26.842201247738284,71855400
2025-07-14,26.4923038482666,26.762225892275897,25.312646239747203,26.632262579177482,99670600
2025-07-15,27.282073974609375,28.45173229357124,27.202095381728626,28.041851539030432,108926200
2025-07-16,27.02215003967285,27.04214278166927,24.902764937685024,26.592274624637962,125700900
2025-07-17,27.31206512451172,27.502010476555657,26.41232689362179,26.952169069437875,85334100
2025-07-18,27.32206153869629,27.891895669047564,26.752227408345014,27.651965609257267,68274300
2025-07-21,27.49201202392578,28.491721552068537,27.432029986139707,27.55199406171186,79860300
2025-07-22,26.312355041503906,27.272077200693936,25.33264014048495,27.112123825294706,118871600
2025-07-23,25.772512435913086,25.902473836156613,24.832784941401634,25.64254912887495,105639200
2025-07-24,25.612560272216797,25.7825109770463,24.94275477751167,25.652547663873605,77503300
2025-07-25,25.592565536499023,25.612560185657202,24.82278870506135,25.162690113571628,68037900
2025-07-28,26.8721923828125,26.982161045605782,26.33235020694346,26.372337598180764,88108400
2025-07-29,27.02215003967285,28.15182100124355,26.492303287477228,27.402038832730046,101714500
2025-07-30,27.60198211669922,28.121829649186566,26.922179297144957,27.741940847738732,96772200
2025-07-31,24.97274398803711,26.732233016867493,24.192971762924472,26.692245626582178,133413800
2025-08-01,24.07300567626953,24.8227878321834,22.56344404021425,23.573150905660285,132665200
2025-08-04,24.992738723754883,25.17268674765306,24.232959237737376,24.58285796122887,85963800
2025-08-05,24.51287841796875,25.67254133369566,23.603142887644964,25.41261662406106,99733400
2025-08-06,23.9830322265625,24.112995537768896,22.943335270884685,23.833076173227532,103447500
2025-08-07,24.992738723754883,25.87248228784141,24.52287592219436,25.47259884962026,117228400
2025-08-08,25.702531814575195,25.82249780049524,24.89276760669755,25.152692320528757,71389900
2025-08-11,25.602561950683594,26.882188942590087,25.44260857669528,26.022440034101567,75943500
2025-08-12,27.991867065429688,28.071843752201985,25.672541242238367,26.20238607705687,125315900
2025-08-13,29.261499404907227,29.32148144486316,28.30177723163893,28.641678636047008,89497100
2025-08-14,29.411455154418945,29.651385218559238,27.941882796511642,28.111833496960347,84286800
2025-08-15,27.362051010131836,28.701660042484015,27.062137003382695,28.701660042484015,93664700
2025-08-18,27.522005081176758,27.641969161478084,27.02215029740032,27.09212966204187,50310400
2025-08-19,26.232378005981445,27.851908293918136,26.092419281061535,27.561991613104468,75595100
2025-08-20,25.792505264282227,26.10241659331272,23.6531274675658,26.10241659331272,117636500
2025-08-21,25.34263801574707,25.89247751728614,24.902765270439005,25.39262273159801,67871100
2025-08-22,27.442028045654297,28.31177429064181,25.33264027456941,25.5525756902088,117140900
2025-08-25,27.292070388793945,27.57198975371707,26.80221293027448,27.34205701117022,55018700
2025-08-26,27.931884765625,28.211802213310893,27.51200668730155,27.522004011403848,57544300
2025-08-27,28.171815872192383,28.22180058776959,27.272077644239936,27.601981724715657,61375200
2025-08-28,28.521713256835938,29.10154470144835,27.95187722943195,28.401747275594417,74466400
2025-08-29,26.032438278198242,27.342057289051766,25.662544896033207,27.312065315321185,108411300
2025-09-02,25.242666244506836,25.272658217580048,23.793086628144028,24.073005989776714,101906700
2025-09-03,24.90276527404785,25.40262005980842,24.112995704079392,25.40262005980842,79482200
2025-09-04,25.642549514770508,25.722526202307314,23.973034493994387,24.402909904552708,81641200
2025-09-05,26.442317962646484,26.96216547166643,25.592564476563957,26.81220942278001,110749400
2025-09-08,27.072134017944336,27.422032735085224,26.67225058698101,26.952168035258033,72341700
2025-09-09,27.17210578918457,27.362051136993564,26.562282355415753,27.162108464900452,55882300
2025-09-10,28.591693878173828,28.821626619993015,28.061847123430127,28.471727891645088,86721600
2025-09-11,29.161527633666992,29.601400369326566,28.961584961059554,29.051558973053435,69919800
2025-09-12,29.291488647460938,29.54141603150683,28.781638461986578,29.361469916701267,52502600
2025-09-15,29.991287231445312,30.021279205122845,28.91160096738507,29.131536387302912,61268000
2025-09-16,30.471145629882812,30.641096324096765,29.78134743583317,30.321189583645697,54148200
2025-09-17,30.461149215698242,31.2409233489337,29.15153024281344,30.271205774628864,80483900
2025-09-18,33.63022994995117,34.13008474424554,32.42058226302025,32.75048444418803,104513300
2025-09-19,33.01041030883789,33.59023987373328,32.110670174495844,33.550254389443126,66106100
2025-09-22,34.41999816894531,34.739904901802845,33.18035671893057,33.19035594947621,62948200
2025-09-23,34.29999923706055,35.29999923706055,33.66999816894531,34.70000076293945,63661700
2025-09-24,34.20000076293945,34.38999938964844,32.810001373291016,33.959999084472656,58369900
2025-09-25,33.849998474121094,34.060001373291016,31.360000610351562,32.439998626708984,79969600
2025-09-26,34.02000045776367,34.22999954223633,32.83000183105469,33.93000030517578,60944500
2025-09-29,34.02000045776367,35.4900016784668,33.9900016784668,35.029998779296875,56593700
2025-09-30,34.84000015258789,34.959999084472656,33.56999969482422,34.06999969482422,60696800
2025-10-01,36.86000061035156,36.97999954223633,33.97999954223633,34.18000030517578,67094700
2025-10-02,39.08000183105469,39.31999969482422,38.13999938964844,38.959999084472656,68834400
2025-10-03,38.22999954223633,40.060001373291016,37.619998931884766,39.47999954223633,69252500
2025-10-06,41.709999084472656,43.369998931884766,41.65999984741211,42.83000183105469,99880300
2025-10-07,38.83000183105469,43.02000045776367,38.70000076293945,42.779998779296875,96375900
2025-10-08,42.779998779296875,42.939998626708984,38.68000030517578,38.869998931884766,77149800
2025-10-09,42.2400016784668,42.84000015258789,41.0099983215332,42.58000183105469,63095700
2025-10-10,34.209999084472656,42.84000015258789,34.16999816894531,42.52000045776367,204858900
2025-10-13,39.13999938964844,39.470001220703125,37.369998931884766,38.22999954223633,89274100
2025-10-14,36.630001068115234,39.0099983215332,35.95000076293945,36.619998931884766,100358200
2025-10-15,39.97999954223633,40.16999816894531,37.709999084472656,39.54999923706055,96059800
2025-10-16,40.56999969482422,41.93000030517578,39.279998779296875,41.45000076293945,89397000
2025-10-17,40.290000915527344,40.79999923706055,38.31999969482422,39.61000061035156,92083400
2025-10-20,42.2400016784668,43.040000915527344,41.130001068115234,41.15999984741211,62424500
2025-10-21,41.5099983215332,42.029998779296875,40.52000045776367,41.810001373291016,54386700
2025-10-22,38.38999938964844,40.810001373291016,35.970001220703125,40.08000183105469,110646700
2025-10-23,41.16999816894531,41.470001220703125,37.54999923706055,37.72999954223633,72467000
2025-10-24,43.13999938964844,44.15999984741211,42.959999084472656,43.43000030517578,69872500
2025-10-27,46.84000015258789,47.15999984741211,45.13999938964844,45.4900016784668,72684100
2025-10-28,46.959999084472656,47.61000061035156,45.939998626708984,46.439998626708984,53995000
2025-10-29,49.380001068115234,50.7599983215332,48.04999923706055,49.369998931884766,88268800
2025-10-30,47.38999938964844,49.970001220703125,47.27000045776367,48.5,76956300
2025-10-31,47.779998779296875,49.9900016784668,46.709999084472656,48.77000045776367,75650400
2025-11-03,48.58000183105469,50.189998626708984,48.029998779296875,49.5,52610600
2025-11-04,42.79999923706055,46.880001068115234,42.529998779296875,44.77000045776367,87734300
2025-11-05,46.83000183105469,48.43000030517578,43.209999084472656,43.220001220703125,76488900
2025-11-06,43.0099983215332,46.9900016784668,42.150001525878906,46.459999084472656,106419600
2025-11-07,41.7400016784668,41.7400016784668,37.040000915527344,41.099998474121094,143013500
2025-11-10,44.959999084472656,45.52000045776367,43.459999084472656,45.060001373291016,74223300
2025-11-11,41.810001373291016,44.040000915527344,41.650001525878906,43.720001220703125,80862700
2025-11-12,43.709999084472656,44.630001068115234,42.849998474121094,44.0099983215332,77730900
2025-11-13,39.220001220703125,42.63999938964844,38.0,42.16999816894531,126123700
2025-11-14,38.86000061035156,40.599998474121094,35.150001525878906,35.7400016784668,125398600
2025-11-17,36.84000015258789,40.08000183105469,35.529998779296875,37.900001525878906,101936600
2025-11-18,34.349998474121094,36.0099983215332,33.150001525878906,35.310001373291016,153515800
2025-11-19,35.959999084472656,37.29999923706055,34.20000076293945,34.720001220703125,120458900
2025-11-20,30.809999465942383,39.189998626708984,30.40999984741211,38.790000915527344,228883600
2025-11-21,31.729999542236328,33.040000915527344,28.1200008392334,30.850000381469727,205537900
2025-11-24,35.86000061035156,36.310001373291016,32.650001525878906,32.689998626708984,108832500
2025-11-25,36.16999816894531,36.45000076293945,32.04999923706055,34.34000015258789,108634700
2025-11-26,39.189998626708984,40.150001525878906,37.29999923706055,37.439998626708984,104203900
2025-11-28,41.2599983215332,41.33000183105469,39.25,39.650001525878906,57190400
2025-12-01,41.310001373291016,42.36000061035156,39.459999084472656,39.58000183105469,79426200
2025-12-02,43.79999923706055,44.61000061035156,42.029998779296875,42.790000915527344,111736200
2025-12-03,46.58000183105469,46.68000030517578,43.150001525878906,44.45000076293945,94299300
2025-12-04,45.15999984741211,46.099998474121094,44.439998626708984,45.88999938964844,77656900
2025-12-05,46.5,48.04999923706055,46.29999923706055,46.470001220703125,77049800
2025-12-08,47.9900016784668,48.599998474121094,46.70000076293945,47.560001373291016,69225000
2025-12-09,47.790000915527344,48.04999923706055,46.470001220703125,47.040000915527344,56373300
2025-12-10,49.650001525878906,50.09000015258789,47.0099983215332,47.650001525878906,91153100
2025-12-11,48.790000915527344,48.900001525878906,44.65999984741211,48.0099983215332,88063000
2025-12-12,41.709999084472656,47.380001068115234,41.060001373291016,46.91999816894531,138088200
2025-12-15,41.18000030517578,43.41999816894531,40.79999923706055,43.11000061035156,78218600
2025-12-16,40.4900016784668,41.65999984741211,39.2400016784668,40.75,94566700
2025-12-17,36.0099983215332,41.31999969482422,35.70000076293945,41.0,126113900
2025-12-18,38.58000183105469,40.41999816894531,38.11000061035156,39.970001220703125,97164000
2025-12-19,41.720001220703125,42.36000061035156,39.5,39.599998474121094,92529100
2025-12-22,43.2599983215332,44.560001373291016,42.72999954223633,44.45000076293945,62717400
2025-12-23,43.70000076293945,43.79999923706055,42.220001220703125,42.619998931884766,44455700
2025-12-24,44.209999084472656,44.36000061035156,43.59000015258789,43.720001220703125,30717800
2025-12-26,44.209999084472656,44.790000915527344,43.810001373291016,44.75,38006400
2025-12-29,43.81999969482422,44.33000183105469,42.349998474121094,42.97999954223633,54612100
2025-12-30,43.66999816894531,44.75,43.56999969482422,44.150001525878906,40697400
2025-12-31,42.029998779296875,44.150001525878906,42.0099983215332,43.88999938964844,44754800
2026-01-02,47.2400016784668,48.09000015258789,45.08000183105469,45.130001068115234,132719700
2026-01-05,49.220001220703125,51.220001220703125,48.630001068115234,50.349998474121094,94987500
2026-01-06,54.0099983215332,54.29999923706055,51.06999969482422,51.11000061035156,92678600
2026-01-07,52.290000915527344,52.7400016784668,50.84000015258789,52.20000076293945,65698500
2026-01-08,49.650001525878906,51.810001373291016,48.130001068115234,51.79999923706055,79844800
2026-01-09,53.95000076293945,54.7599983215332,50.310001373291016,51.09000015258789,87214400
2026-01-12,54.650001525878906,55.150001525878906,52.349998474121094,52.38999938964844,53193700
2026-01-13,56.06999969482422,57.630001068115234,55.43000030517578,55.689998626708984,61895400
2026-01-14,55.380001068115234,55.439998626708984,53.0,54.88999938964844,70434900
2026-01-15,58.08000183105469,61.66999816894531,58.0099983215332,60.959999084472656,89664300
2026-01-16,60.75,62.189998626708984,59.5,61.189998626708984,58559500
2026-01-20,57.939998626708984,61.04999923706055,57.220001220703125,57.34000015258789,71408300
2026-01-21,63.47999954223633,65.11000061035156,59.459999084472656,60.2400016784668,103027300
2026-01-22,63.720001220703125,66.95999908447266,63.040000915527344,66.9000015258789,62594200
2026-01-23,61.599998474121094,63.36000061035156,60.150001525878906,62.47999954223633,58613600
2026-01-26,60.70000076293945,61.959999084472656,59.599998474121094,60.75,42592400
2026-01-27,64.95999908447266,65.98999786376953,62.540000915527344,63.310001373291016,61155400
2026-01-28,70.08999633789062,70.93000030517578,67.9800033569336,69.0,74205500
2026-01-29,70.47000122070312,71.9800033569336,62.650001525878906,70.4000015258789,78058200
2026-01-30,61.790000915527344,69.86000061035156,60.290000915527344,67.12000274658203,83504200
2026-02-02,65.19999694824219,66.94000244140625,59.099998474121094,59.459999084472656,66961000
2026-02-03,61.20000076293945,67.62000274658203,57.02000045776367,66.80999755859375,101338500
2026-02-04,53.189998626708984,61.029998779296875,49.33000183105469,59.439998626708984,139149400
2026-02-05,53.25,55.4900016784668,50.0099983215332,51.310001373291016,109350300
2026-02-06,61.75,62.25,55.66999816894531,56.400001525878906,108594200
2026-02-09,64.02999877929688,65.05000305175781,59.290000915527344,59.9900016784668,66670500
2026-02-10,63.34000015258789,65.20999908447266,61.41999816894531,64.66999816894531,58273900
2026-02-11,68.05000305175781,69.0999984741211,63.22999954223633,67.20999908447266,89724200
2026-02-12,63.099998474121094,70.86000061035156,62.77000045776367,69.66999816894531,90896100
2026-02-13,64.58999633789062,66.25,61.43000030517578,63.93000030517578,79931300
2026-02-17,64.3499984741211,65.95999908447266,59.560001373291016,62.02000045776367,79420400
2026-02-18,66.29000091552734,68.44999694824219,64.06999969482422,65.26000213623047,69349000
2026-02-19,65.2300033569336,65.51000213623047,62.959999084472656,64.33000183105469,68827500
2026-02-20,67.11000061035156,68.22000122070312,63.58000183105469,63.7599983215332,81017900
2026-02-23,65.86000061035156,67.6500015258789,63.470001220703125,65.8499984741211,66926300
2026-02-24,68.52999877929688,70.0,66.3499984741211,68.11000061035156,66892100
2026-02-25,71.86000061035156,72.36000061035156,70.4800033569336,70.88999938964844,52929300
2026-02-26,65.33999633789062,71.11000061035156,61.630001068115234,71.02999877929688,97787900
2026-02-27,62.77000045776367,63.7599983215332,60.65999984741211,61.5099983215332,70112700
2026-03-02,62.7599983215332,62.81999969482422,58.04999923706055,58.11000061035156,81699800
2026-03-03,53.41999816894531,55.86000061035156,51.36000061035156,55.119998931884766,131198300
2026-03-04,56.619998931884766,57.720001220703125,54.380001068115234,55.959999084472656,78143300
2026-03-05,54.79999923706055,57.689998626708984,51.130001068115234,55.31999969482422,110055800
2026-03-06,47.88999938964844,53.36000061035156,46.79999923706055,50.09000015258789,125241500
2026-03-09,53.31999969482422,53.779998779296875,44.529998779296875,45.5099983215332,114897700
2026-03-10,54.59000015258789,57.779998779296875,53.36000061035156,53.36000061035156,104717600
2026-03-11,56.09000015258789,57.7400016784668,55.349998474121094,55.5,83007700
2026-03-12,50.279998779296875,53.880001068115234,49.529998779296875,53.529998779296875,105674400
2026-03-13,50.720001220703125,53.959999084472656,50.040000915527344,51.880001068115234,83244300
2026-03-16,53.689998626708984,55.68000030517578,53.0099983215332,54.060001373291016,79819200
2026-03-17,54.95000076293945,55.400001525878906,53.29999923706055,55.099998474121094,59567700
2026-03-18,54.02000045776367,56.47999954223633,54.0,55.029998779296875,75470000
2026-03-19,54.849998474121094,56.11000061035156,48.5,49.529998779296875,93732700
2026-03-20,51.13999938964844,55.36000061035156,49.0,54.689998626708984,101773000
2026-03-23,53.029998779296875,56.810001373291016,52.279998779296875,54.630001068115234,115257400
2026-03-24,54.959999084472656,56.09000015258789,51.540000915527344,51.540000915527344,92153500
2026-03-25,57.040000915527344,58.25,55.59000015258789,56.63999938964844,84440300
2026-03-26,48.970001220703125,54.439998626708984,48.869998931884766,54.189998626708984,116603800
2026-03-27,46.61000061035156,49.380001068115234,45.959999084472656,48.040000915527344,99401400
2026-03-30,40.619998931884766,48.290000915527344,39.52000045776367,47.86000061035156,139746200
2026-03-31,47.90999984741211,48.18000030517578,42.61000061035156,42.880001068115234,138002100
2026-04-01,52.2599983215332,54.09000015258789,49.619998931884766,50.040000915527344,121955600
2026-04-02,52.75,53.06999969482422,46.04999923706055,46.060001373291016,104471700
2026-04-06,54.810001373291016,55.599998474121094,52.880001068115234,53.75,68780400
2026-04-07,56.54999923706055,56.599998474121094,52.130001068115234,54.31999969482422,107326500
2026-04-08,67.5,67.9800033569336,63.560001373291016,66.33000183105469,111697300
2026-04-09,71.9800033569336,72.27999877929688,68.12000274658203,68.12000274658203,79331600
2026-04-10,76.38999938964844,78.30000305175781,74.30000305175781,74.30000305175781,78863600
2026-04-13,80.55999755859375,80.73999786376953,75.25,75.58999633789062,64504600
2026-04-14,85.30999755859375,85.56999969482422,80.70999908447266,83.2699966430664,61657000
2026-04-15,85.95999908447266,85.9800033569336,79.76000213623047,84.66000366210938,68425400
2026-04-16,88.37000274658203,89.38999938964844,83.30999755859375,85.01000213623047,63777500
2026-04-17,94.68000030517578,94.75,90.66000366210938,93.19999694824219,67081400
2026-04-20,95.94000244140625,96.93000030517578,92.02999877929688,95.97000122070312,49367800
2026-04-21,98.08999633789062,99.94999694824219,95.31999969482422,97.97000122070312,65206900
2026-04-22,105.63999938964844,106.08999633789062,99.5999984741211,102.94000244140625,58165200
2026-04-23,112.7699966430664,116.7699966430664,107.45999908447266,108.62000274658203,96510200
2026-04-24,128.32000732421875,130.1199951171875,120.23999786376953,125.20999908447266,83092400
2026-04-27,123.38999938964844,129.58999633789062,117.79000091552734,128.3300018310547,73334600
2026-04-28,109.55999755859375,115.62000274658203,103.98999786376953,108.75,94099700
2026-04-29,117.97000122070312,118.31999969482422,112.30000305175781,114.76000213623047,55503700
2026-04-30,126.9800033569336,127.44999694824219,117.5,122.80999755859375,58536700
2026-05-01,130.39999389648438,131.3800048828125,121.66000366210938,124.38999938964844,40940300
2026-05-04,127.55000305175781,133.6699981689453,123.80000305175781,132.1999969482422,46455700
2026-05-05,144.16000366210938,147.25999450683594,134.02000427246094,135.0,52130100
2026-05-06,165.85000610351562,166.0,149.05999755859375,157.83999633789062,65579200
2026-05-07,152.10000610351562,162.89999389648438,147.61000061035156,162.1199951171875,72375200
2026-05-08,176.94000244140625,177.5,161.50999450683594,163.0,47016500
2026-05-11,190.4199981689453,191.2899932861328,178.94000244140625,181.0,50496000
2026-05-12,172.52000427246094,182.24000549316406,150.5800018310547,177.6199951171875,91705600
2026-05-13,184.24000549316406,188.49000549316406,172.25999450683594,183.83999633789062,59522300
2026-05-14,186.19000244140625,189.55999755859375,178.27999877929688,182.6699981689453,43319000
2026-05-15,164.17999267578125,174.39999389648438,161.13999938964844,167.0,62126600
2026-05-18,151.75,174.61000061035156,142.69000244140625,172.9499969482422,75610500
2026-05-19,151.88999938964844,160.60000610351562,135.02000427246094,141.24000549316406,85384000
2026-05-20,173.1999969482422,173.6999969482422,161.0,161.0,58913200
2026-05-21,178.38999938964844,179.97000122070312,168.22999572753906,171.25999450683594,52278700
2026-05-22,190.55999755859375,195.27000427246094,183.33999633789062,184.8000030517578,45133000
2026-05-26,225.7899932861328,228.5,209.88999938964844,211.3800048828125,52533000
2026-05-27,217.97999572753906,242.66000366210938,204.0,242.66000366210938,74732700
2026-05-28,224.6300048828125,231.88999938964844,207.55999755859375,219.0,47153500
2026-05-29,224.33999633789062,239.07000732421875,218.55999755859375,231.82000732421875,37035700
2026-06-01,227.02999877929688,234.05999755859375,210.13999938964844,217.27000427246094,37499600
2026-06-02,266.32000732421875,267.0799865722656,238.82000732421875,243.17999267578125,42799700
2026-06-03,280.5400085449219,284.5799865722656,257.260009765625,281.4700012207031,49817200
2026-06-04,262.70001220703125,274.5,228.5500030517578,242.0399932861328,59036000
2026-06-05,182.5399932861328,233.69000244140625,181.80999755859375,230.85000610351562,108280300
2026-06-08,211.44000244140625,222.19000244140625,201.69000244140625,210.6199951171875,68180500
2026-06-09,201.67999267578125,231.02000427246094,157.55999755859375,227.05999755859375,124754300
2026-06-10,180.64999389648438,212.99000549316406,177.3000030517578,191.5399932861328,94924200
2026-06-11,223.99000549316406,225.6300048828125,192.3000030517578,192.3000030517578,72493400
2026-06-12,234.67999267578125,242.39999389648438,214.74000549316406,222.22000122070312,50419100
2026-06-15,272.5,274.8800048828125,261.6000061035156,265.989990234375,39914100
2026-06-16,226.19000244140625,274.92999267578125,226.0,267.1300048828125,54771900
2026-06-17,233.86000061035156,259.7900085449219,233.3000030517578,247.4199981689453,49127300
2026-06-18,279.2900085449219,286.1499938964844,265.0,266.0400085449219,49319800
2026-06-22,300.7699890136719,302.0,286.239990234375,299.260009765625,36399600
2026-06-23,231.4199981689453,252.97999572753906,223.0,236.0,70699700
2026-06-24,229.57000732421875,237.0,211.1300048828125,233.11000061035156,57018500
2026-06-25,252.61000061035156,268.3999938964844,225.74000549316406,268.04998779296875,57401800
2026-06-26,215.60000610351562,231.25,212.10000610351562,226.24000549316406,51987400
2026-06-29,236.52000427246094,238.64999389648438,192.3000030517578,216.36000061035156,48952600
2026-06-30,266.7099914550781,272.0,240.58999633789062,241.4499969482422,36721000
2026-07-01,217.5500030517578,246.47000122070312,215.3800048828125,237.7899932861328,60156300
2026-07-02,181.47000122070312,226.1300048828125,168.8800048828125,219.22999572753906,91060900
