Date,Close,High,Low,Open,Volume
2021-01-04,120.58524322509766,124.47817861500397,119.71340065687626,121.87862937921979,2487600
2021-01-05,123.05065155029297,123.05065155029297,120.39681510136157,120.4894332032772,1670700
2021-01-06,122.6514663696289,125.06259234727847,121.53691340174522,121.70617113565513,3215100
2021-01-07,127.27893829345703,127.59189994915977,124.44624644630346,124.44624644630346,1809000
2021-01-08,127.34600067138672,129.69325704600078,125.85142157959693,129.10244833463108,2119800
2021-01-11,128.6361846923828,129.65493275218964,126.14522456847646,126.24102229310105,1627500
2021-01-12,129.41539001464844,130.6672655939006,128.28806753270842,129.46329617660757,4503900
2021-01-13,129.626220703125,130.89724759398413,129.11844733144784,130.6130266608308,1200000
2021-01-14,132.37261962890625,133.89273755267502,131.23570714387026,131.23570714387026,1748400
2021-01-15,129.68048095703125,132.37264103746688,128.93637841302413,132.2257356059398,2403900
2021-01-19,134.12908935546875,134.21851323150497,131.50398620098963,131.81376091624344,2517000
2021-01-20,133.6500701904297,136.0420458158211,133.337108521532,135.58536562268324,1851000
2021-01-21,135.58218383789062,136.12508645333676,133.52873805932367,134.91792961593836,2540400
2021-01-22,133.2827911376953,135.0615908130382,133.21253265843285,134.4803722074375,1668300
2021-01-25,133.47438049316406,134.74221984562152,130.90357255406386,134.39731596624821,1683300
2021-01-26,131.30601501464844,133.54788389496292,131.29323808413866,133.54788389496292,1224900
2021-01-27,124.49095916748047,129.03537911460006,123.98318592481016,129.01941526416545,5391300
2021-01-28,127.22142028808594,129.0481406702185,125.99830003606216,126.99788255189729,3369900
2021-01-29,125.00191497802734,128.1060505015154,124.58675254881558,127.64937036749146,2761800
2021-02-01,129.93914794921875,130.33514499657645,126.71047385400207,127.13202475689657,1923300
2021-02-02,132.0469207763672,132.21299164095242,130.26491899992823,132.10760388894582,2429400
2021-02-03,129.3643341064453,132.9315241434504,129.019430107695,132.55149089835595,2767800
2021-02-04,130.424560546875,130.52676134358816,128.04856379548136,128.95553556330873,1832400
2021-02-05,129.53350830078125,131.3985294577188,129.3386968006766,131.3985294577188,1462800
2021-02-08,133.4201202392578,133.51911950483517,130.3990345589335,130.4054084041479,1947300
2021-02-09,133.0272979736328,133.96619734655062,132.28638247315448,133.03368643647383,1383300
2021-02-10,133.2891845703125,134.82846808909292,131.57744176922682,134.12908481158448,2220300
2021-02-11,137.90386962890625,138.0028688929063,134.39095998036123,134.39095998036123,2112600
2021-02-12,139.60922241210938,139.88066634482956,136.7957107275161,137.4982809538517,1925100
2021-02-16,140.31179809570312,141.78402463316158,139.7113994750172,141.27304988300733,3152400
2021-02-17,137.90707397460938,139.6220186183048,136.01649771426273,139.1078568412746,2785200
2021-02-18,136.4891357421875,137.12146216224858,134.78057963889535,136.19532484861955,2247600
2021-02-19,139.77847290039062,140.6087977436677,138.27430402517555,138.55853948994255,2254500
2021-02-22,134.71348571777344,138.93216633094843,134.24084180330846,137.96132465083895,2652000
2021-02-23,133.701171875,134.7103446755836,128.40627468952985,132.2385350128029,4029300
2021-02-24,138.0380096435547,138.1849150905238,131.67007003981786,132.8676513131494,3144900
2021-02-25,130.1754608154297,137.33220601765808,129.63574532720762,136.4284212285697,5339700
2021-02-26,133.1422882080078,134.37179710574134,129.67409774265178,132.30877637369343,4558800
2021-03-01,137.38648986816406,137.53020836306152,134.13546377847135,135.16058553797637,2316600
2021-03-02,133.26681518554688,137.94216131635974,133.1167082359942,137.94216131635974,3177600
2021-03-03,129.18869018554688,133.69477994795204,127.9783319359254,133.40737212627948,4425900
2021-03-04,122.97083282470703,129.37708833163097,121.14731367057296,128.77031579412014,7243500
2021-03-05,126.65943145751953,127.08735637666551,119.93380894873778,125.80036545763244,6307800
2021-03-08,119.8251724243164,127.01066622433821,119.77726625726402,126.49650455164995,7349100
2021-03-09,127.26932525634766,128.12520388952333,123.79793379740487,124.16520464257401,4132800
2021-03-10,124.86778259277344,129.50482765200053,124.86778259277344,129.46330994847997,4082400
2021-03-11,130.12437438964844,130.86527533654734,127.90484385228983,128.5818894029642,3689400
2021-03-12,128.7511444091797,128.98745907449756,126.82223783138608,127.74197187739965,3153600
2021-03-15,131.4656524658203,131.64448557508095,128.50203421397208,129.44094823958906,3894900
2021-03-16,133.1646270751953,135.27875530689087,132.38859687762846,133.02092319376055,6785100
2021-03-17,134.8412322998047,135.89829635073994,130.328755272942,131.3251362338259,5773800
2021-03-18,129.2620849609375,133.22847215413077,129.11199264409822,132.96660367535978,6042900
2021-03-19,130.85890197753906,132.0149654657017,127.86972937239135,129.52080380861514,6614100
2021-03-22,133.627685546875,135.19252275062405,131.96384909475813,132.46523379961212,3130200
2021-03-23,130.1147918701172,134.38137929726815,129.51440784575684,134.14504999444097,5638800
2021-03-24,128.32962036132812,132.81655920682383,128.26893725704713,132.28004513139322,6608100
2021-03-25,128.46588134765625,129.08979136298467,125.04553686787783,126.34776850722393,5580000
2021-03-26,134.80743408203125,135.05380225783367,128.47869686282797,128.56508170920347,6493800
2021-03-29,132.74050903320312,134.05873474506558,131.15032777521594,133.54681153049478,6540600
2021-03-30,132.42379760742188,132.7021537277576,130.85920333229726,131.69428633977222,4263600
2021-03-31,135.65853881835938,136.68559293470295,133.4124447128911,133.67480685350205,5968200
2021-04-01,140.64669799804688,140.72668236274566,137.96864981132006,138.01983921886855,7380000
2021-04-05,143.48468017578125,143.90381806452467,141.2481796176085,142.95994127442856,6504000
2021-04-06,141.88169860839844,143.51987643425358,140.47068745587686,142.63999004479425,5913000
2021-04-07,141.78890991210938,142.51521352669494,140.71385928978225,142.028877615055,3296400
2021-04-08,143.4047088623047,143.56789980676902,142.09289797189484,143.3119234886571,4276500
2021-04-09,142.9567413330078,143.09752314762818,141.6449161136688,142.24323882580532,2466000
2021-04-12,141.4209442138672,142.20804521425205,140.20511190564335,142.20804521425205,2607900
2021-04-13,141.19699096679688,142.7007874750896,139.7891727441181,142.49920817630968,3328500
2021-04-14,139.6451873779297,141.99686757046234,138.88048084820414,140.92821762067464,4996200
2021-04-15,141.98410034179688,142.27846504446552,139.99396763858223,141.07862643153814,5672400
2021-04-16,141.318603515625,142.27526689297005,141.00824484994928,141.98410974738403,2712600
2021-04-19,137.60386657714844,140.74903361983797,136.34002319465304,140.2786917199414,8922300
2021-04-20,135.64254760742188,137.72225790405565,134.8426455119787,137.15274471917243,5374500
2021-04-21,139.20046997070312,139.2516593705007,135.18820233981637,135.7481367473304,4321800
2021-04-22,136.17044067382812,139.09804901574435,135.34175841964557,138.9124783241363,5433000
2021-04-23,138.65333557128906,139.22605633975783,136.56082423585198,136.72719344560664,3996300
2021-04-26,141.1938018798828,141.3697791807614,138.58295196727232,138.83252776477303,3577800
2021-04-27,140.13473510742188,141.84970445084937,139.70919668598947,141.74732565392597,4878300
2021-04-28,138.00704956054688,139.42444687326656,137.84706618849614,139.35726352367428,2356200
2021-04-29,138.90289306640625,140.05152738173942,136.88715877228657,139.96835011104704,3237000
2021-04-30,135.0314178466797,137.67106242279354,134.7050653051482,136.8647745037868,3900000
2021-05-03,133.6268310546875,136.1320947587516,132.88132583374576,135.99131290838437,3222900
2021-05-04,131.37429809570312,131.93742533428937,128.94582652576372,131.8862212969897,6061800
2021-05-05,132.19659423828125,133.83157916541924,131.204735604708,133.0220836719319,4808700
2021-05-06,133.28126525878906,133.3132677885543,130.449649202934,131.95023830342268,3656400
2021-05-07,135.11141967773438,136.0329021661729,134.0011735190901,134.63788474435273,2871600
2021-05-10,129.10263061523438,133.9307798672689,128.87546391247125,133.9307798672689,6354600
2021-05-11,129.27540588378906,129.63376100660471,124.71601910518834,125.16396667032483,6719400
2021-05-12,124.00890350341797,127.32045482286578,123.5097812345705,126.57175677312857,7754100
2021-05-13,125.58952331542969,127.5348674238454,124.33209459689554,126.159051290552,4862400
2021-05-14,129.4769744873047,130.64801806089952,126.18141702471554,127.41965858609902,4663500
2021-05-17,128.34750366210938,128.45628294829731,126.20378864344622,128.2771127573808,3365100
2021-05-18,127.31404876708984,129.80011022110673,127.24045028704157,129.55374205535705,2354700
2021-05-19,129.7969207763672,129.93130209950513,124.31925976241558,124.84719161990955,4127400
2021-05-20,133.2108612060547,133.76118749202453,130.6704025124357,130.7663954458004,5020800
2021-05-21,132.47496032714844,134.20273055187897,132.25419416263045,134.1515265108019,5250000
2021-05-24,135.82168579101562,136.5543897275224,133.7419613384454,133.8603486953955,3373800
2021-05-25,136.22488403320312,137.25514591439548,135.4569843407145,136.8199993378093,4363500
2021-05-26,136.58961486816406,137.1815371351206,135.34818043090877,136.32404515112404,2492400
2021-05-27,137.16551208496094,137.853427205899,135.98168233960106,136.33682979856263,3302700
2021-05-28,138.43899536132812,139.10450161571706,137.44072133327583,137.68389665660916,2179500
2021-06-01,138.05181884765625,140.58587718172276,137.33831625109497,139.485224546469,3373500
2021-06-02,138.89329528808594,139.4564225888057,137.50788612830954,137.94622554403836,2140500
2021-06-03,136.50645446777344,137.93345995567952,135.8665355847589,137.33513704501084,3247500
2021-06-04,139.82115173339844,140.09950775522626,137.67743688052786,137.67743688052786,2821500
2021-06-07,138.7333526611328,139.41485282306274,137.92704994429624,139.15889114608257,2376300
2021-06-08,137.93983459472656,140.05794797806553,136.8999794204933,139.8147873430722,2534400
2021-06-09,137.26153564453125,138.79733490893108,137.26153564453125,138.39738382734487,2607000
2021-06-10,138.83819580078125,139.37957464848645,137.19165272229648,137.479960897619,2165100
2021-06-11,139.53973388671875,139.53973388671875,138.469807163211,139.25463712043396,1765200
2021-06-14,141.52267456054688,141.52267456054688,139.0720764593522,139.89214412578477,3673800
2021-06-15,140.36306762695312,142.00639993333124,139.9017685023833,141.1446864818651,2388300
2021-06-16,139.0432586669922,141.2055487013279,137.9380940705855,140.79871157898216,3614700
2021-06-17,140.54244995117188,141.57074607139972,138.55634740682504,138.66205995503566,3873000
2021-06-18,137.17886352539062,139.68071206452385,136.42286276673934,139.5782109433334,2889900
2021-06-21,137.6850128173828,137.92526724732537,136.1697998052043,137.33583444300587,2233200
2021-06-22,138.33531188964844,138.73252944986976,137.11801192927288,137.89004050689147,1737900
2021-06-23,138.91192626953125,139.69355981641283,138.63643428136427,138.68129136295275,1889400
2021-06-24,141.27279663085938,141.6475929419581,140.11638159546848,140.26373979141633,1428300
2021-06-25,140.88839721679688,142.0992742379344,140.4911796963782,141.87183611988604,1343100
2021-06-28,144.25196838378906,144.8510061113439,141.75972449595182,141.75972449595182,2651100
2021-06-29,145.38278198242188,145.59420708662228,143.60810446919916,144.08220524905096,1748100
2021-06-30,145.50450134277344,145.7832047245146,144.53387861622244,145.24823383254991,1317300
2021-07-01,143.4190673828125,145.35711572550187,142.9321504067903,145.35711572550187,2264100
2021-07-02,144.2936248779297,144.64278862914955,143.1660243649818,144.30963793140631,1827000
2021-07-06,144.04693603515625,145.15210047522726,142.21138879075627,144.68440795271545,2001900
2021-07-07,141.8654327392578,144.96631915930118,141.26640969381359,144.95350285228238,1888200
2021-07-08,140.04269409179688,140.7122067896581,137.81314070193523,138.8766595035447,2000100
2021-07-09,142.32672119140625,142.5925935543632,139.49170736562752,140.5039902490672,1833000
2021-07-12,144.15264892578125,144.15264892578125,142.39078810467694,142.93536380079885,3949800
2021-07-13,143.57606506347656,144.1975240731372,142.81367064697665,143.55044710949173,2122200
2021-07-14,142.9129638671875,145.78320096681924,142.5029299958115,144.55629609770102,2256600
2021-07-15,139.74156188964844,142.53171825581205,138.68124000202087,142.22418560897734,2657100
2021-07-16,136.70472717285156,140.8851587902951,136.37798477136752,140.17719736846365,2571600
2021-07-19,136.56704711914062,136.79127385833795,134.0651834964428,134.83721209923272,4068000
2021-07-20,138.42819213867188,139.47890930330115,135.5034934233218,137.2237086252742,3201000
2021-07-21,142.67909240722656,142.74637068715785,138.95676173279026,138.95676173279026,2039400
2021-07-22,141.8366241455078,142.61504627524363,140.78592143961092,141.96475790652113,1185000
2021-07-23,142.56056213378906,142.70151216728894,140.80189812341948,142.49969201424494,1312500
2021-07-26,142.6053924560547,142.92253000455753,141.66038796279548,142.01276301668753,1123200
2021-07-27,139.9882354736328,142.19856422539215,137.03149624637192,142.19856422539215,2508000
2021-07-28,142.2754669189453,142.87450462978325,139.8216720218054,140.49759291097246,2289600
2021-07-29,145.1777801513672,145.62305161465,142.76241891958168,142.8168809059025,2303700
2021-07-30,146.3662109375,146.66412410991586,143.86436204144687,143.86436204144687,2320200
2021-08-02,147.29196166992188,149.11790392590805,146.92998169426338,147.7692737301886,2864100
2021-08-03,148.4131622314453,148.4131622314453,145.89208923554793,147.61872721910993,1769100
2021-08-04,149.92518615722656,150.6459495130112,148.4804480366624,148.70149269049332,1626000
2021-08-05,149.95079040527344,151.00149284258066,149.09868204919843,150.64592101346457,1420200
2021-08-06,149.20445251464844,149.9540453808241,148.81364302530127,149.0699105813341,1233000
2021-08-09,148.6982421875,149.89310597897972,148.07037523415036,149.8066179183763,1065900
2021-08-10,146.97169494628906,149.1756312412756,145.89855616721508,148.91936367133903,2695500
2021-08-11,146.46875,147.57712619183945,144.74851964920705,147.37210922368297,1296900
2021-08-12,144.89590454101562,145.98826787828347,143.69463187661788,145.98826787828347,1531500
2021-08-13,145.8055877685547,145.8280089702354,144.43773316242084,144.56267013973923,1060200
2021-08-16,145.26422119140625,145.63901749120257,144.0469360691913,145.2546162938607,1143900
2021-08-17,142.45167541503906,144.05657350559542,141.1190725654123,144.05657350559542,1850700
2021-08-18,140.5680389404297,143.12433443873658,140.382231854475,142.25301637068037,1879200
2021-08-19,141.72129821777344,142.49652355590774,138.60439847602754,139.687141889409,2175600
2021-08-20,142.78485107421875,143.0379218959647,141.0838596974146,142.09932506623397,1798200
2021-08-23,146.80506896972656,147.00048099940733,144.2679826486084,144.2679826486084,2181000
2021-08-24,146.80506896972656,147.67640191311781,146.5520128841644,147.22791913390748,1662900
2021-08-25,147.92306518554688,149.01541345071033,147.3016062439474,147.38488291523913,2274300
2021-08-26,148.060791015625,148.63740749477228,146.84991400617514,147.7468648270897,2284500
2021-08-27,150.88621520996094,151.06559954403525,147.93588328169992,148.14411164300586,2404500
2021-08-30,151.18727111816406,152.65121848073116,150.64589228873277,151.50119722614275,2519400
2021-08-31,149.97962951660156,151.55248653044933,148.81038350824647,151.35068102770296,2107800
2021-09-01,149.16278076171875,150.88299622723517,149.16278076171875,150.73244126398038,1632600
2021-09-02,149.7201385498047,150.1814228971003,149.1403253733394,149.87069347855456,1501500
2021-09-03,150.84136962890625,151.4275911095643,149.41264448489864,149.74580985600076,1356000
2021-09-07,150.2871551513672,150.92462712193958,149.39661243944084,150.91821896838925,1640700
2021-09-08,148.36195373535156,149.75221540111366,147.0677850648614,149.5984636758846,3087900
2021-09-09,148.8840789794922,149.76500213805784,148.17292056785055,148.26262005449945,3921000
2021-09-10,150.06613159179688,152.3469504422924,150.05331528414843,150.10777725967057,2959200
2021-09-13,151.5044708251953,151.81841175639252,149.45430119603563,151.57815727385082,2835900
2021-09-14,151.51084899902344,152.6608706094287,150.81891505310588,151.8920534846351,2581500
2021-09-15,152.38218688964844,152.3853836345544,150.34481924286513,151.62938279223079,3770400
2021-09-16,152.67367553710938,153.18301372822887,150.65233582338,151.28020285076423,1655100
2021-09-17,150.23912048339844,152.27008016270918,149.56000276016206,152.27008016270918,2426700
2021-09-20,146.51995849609375,147.60591316552907,144.36086546354647,147.03570484586567,3124800
2021-09-21,146.952392578125,148.05436014145204,145.6165787815998,147.61549702819218,2214000
2021-09-22,150.0020751953125,150.34804220614913,147.56748981091246,148.10886886711884,1309200
2021-09-23,152.00099182128906,152.48150073677894,150.1718523989422,150.71321678316022,2407200
2021-09-24,151.8266143798828,152.15093630711652,150.606338980098,150.8471806813987,1191900
2021-09-27,151.45729064941406,152.05136872598405,149.31220633700866,150.20170647288552,1339800
2021-09-28,145.53262329101562,149.45994269172238,145.53262329101562,148.59613763294388,5448000
2021-09-29,143.2366180419922,146.28406585529413,142.9572333795529,145.85697746307528,6776400
2021-09-30,143.17881774902344,145.53906395335258,143.1402748372209,144.5949684115837,4524900
2021-10-01,143.27191162109375,144.01691273152858,140.91808971920767,143.74717120360924,3114900
2021-10-04,139.5821990966797,142.61679828961627,139.15511084281374,142.5300988154887,4161900
2021-10-05,141.6952362060547,142.67787474191073,140.01576763812955,140.25018558854313,3156000
2021-10-06,142.2475128173828,142.3567030018521,139.63357800417393,140.11848061794464,3410700
2021-10-07,143.910888671875,145.8183501151244,143.72784669553897,144.0843022757006,1913400
2021-10-08,142.43698120117188,144.61418471494738,142.32138189772832,144.42793812610836,1672200
2021-10-11,141.48324584960938,143.8820343456167,141.4318700136346,141.87180592752685,1532100
2021-10-12,139.71710205078125,142.58472677304607,139.12944764655538,142.37598943557683,3201900
2021-10-13,140.52313232421875,141.3965805461451,140.06392484841544,140.7286504176022,1756500
2021-10-14,144.8838653564453,144.89671298472163,142.71629112862857,143.11449410617664,2486100
2021-10-15,145.85047912597656,146.28721037295878,145.1119020551797,145.94682165686586,1639500
2021-10-18,147.02581787109375,147.07398914650756,144.15176993584586,144.98348515187075,1352700
2021-10-19,148.82730102539062,148.82730102539062,146.69184512677586,147.36297958931246,1394100
2021-10-20,148.51902770996094,149.10025812875202,147.8767783870626,148.29101898396527,1261500
2021-10-21,150.01548767089844,150.2081581017233,147.49789503520117,147.56532307107463,1303200
2021-10-22,148.332763671875,150.76687547741525,148.07586982743203,149.22548301114148,3284400
2021-10-25,149.35073852539062,150.20813430154857,148.55114239934073,149.09062540009504,1684800
2021-10-26,149.4630889892578,151.05585695284807,148.93645377783236,150.51957866938847,1879200
2021-10-27,148.39059448242188,150.13106664143805,147.86394440310605,148.55436506141697,3226200
2021-10-28,151.73667907714844,151.85870219386678,150.102163185417,150.37190468545091,3278100
2021-10-29,152.4142608642578,152.43351761550562,150.28521386656502,150.45540826805146,2135700
2021-11-01,154.89968872070312,154.93501235404273,152.21190272903536,152.59724343830047,2547300
2021-11-02,156.82644653320312,156.8328703493567,154.81623307138108,154.81623307138108,2225400
2021-11-03,158.63438415527344,158.8270545504396,156.4218424196791,157.028768129271,2175000
2021-11-04,163.97146606445312,164.70683887006524,159.552820112657,160.42628295416884,4080900
2021-11-05,165.79222106933594,167.06387236389472,164.14807655098147,164.99262482196548,4534800
2021-11-08,168.03363037109375,169.12864851766523,166.2160725295426,166.81977897132887,2921400
2021-11-09,168.03363037109375,169.90254934409688,166.22249634592626,169.709878952013,2722800
2021-11-10,163.07872009277344,167.1345005241909,162.36904267368666,164.88021118734906,3934200
2021-11-11,166.52760314941406,166.92579166599788,164.49489839964556,165.77617814237286,2283000
2021-11-12,168.15567016601562,168.9520470788968,166.18396993525536,167.1056039301408,1970400
2021-11-15,168.0304412841797,169.41448731710625,166.30280186197996,169.41448731710625,2318100
2021-11-16,170.5480499267578,170.856319671943,167.0702950431262,167.27259384782025,2023200
2021-11-17,169.35989379882812,170.63474964533523,168.53139772654316,170.63474964533523,1575600
2021-11-18,172.1921844482422,173.05600411614256,170.548040036437,172.4394499617156,1997100
2021-11-19,172.670654296875,173.8395391720658,171.3604748378803,172.2178707169408,3405900
2021-11-22,170.1691436767578,176.01356907361665,169.93793030837824,173.66295127777198,4422600
2021-11-23,169.48513793945312,171.12929730819127,166.63678460091944,169.98609286195781,2422800
2021-11-24,171.3476104736328,171.43432465054514,166.47297720795166,168.1556644144536,2117100
2021-11-26,166.57894897460938,169.63603899579104,165.3522645559604,168.11391780203382,2448000
2021-11-29,172.98214721679688,173.36750277218997,168.41257855023403,169.0484041917741,2412300
2021-11-30,169.9507293701172,173.91659095228596,168.49925548863555,172.30134649410786,3264300
2021-12-01,168.59237670898438,175.4868812362288,168.58274833393568,172.44263894258427,3112500
2021-12-02,168.83645629882812,170.01176497625326,165.5802717958164,166.8551275923791,3124500
2021-12-03,168.40931701660156,172.921084498427,166.51790762570732,171.22555002793834,2490900
2021-12-06,168.1942138671875,168.70801637754195,162.93101986896542,168.08181910867836,2091600
2021-12-07,176.68148803710938,177.0283007178507,171.95457216980884,171.95457216980884,2692200
2021-12-08,175.53182983398438,175.89791387603424,173.72069577307528,175.7437716794018,1666500
2021-12-09,171.49534606933594,176.23510905742648,171.3444231088856,174.4946367246827,1674000
2021-12-10,173.11380004882812,175.52542151824963,170.9719053976198,174.69372095431248,2020500
2021-12-13,168.50241088867188,173.87385053772547,168.2065095939761,173.79665441451854,2286600
2021-12-14,167.6918487548828,168.57637219801347,165.50788933216833,166.43422794930635,2888100
2021-12-15,173.84812927246094,174.0057312765369,165.77488416120173,168.03281556376749,2344200
2021-12-16,166.26376342773438,175.04783611856436,165.26666289957848,174.55571272917138,2797800
2021-12-17,165.87135314941406,168.5152649290831,164.07658392863365,164.62660073800117,2702100
2021-12-20,164.57188415527344,165.85524172999607,162.77711529364674,163.4589970095188,2145900
2021-12-21,170.50941467285156,170.5898205286835,165.98068477933396,168.2804306584429,1624200
2021-12-22,172.28170776367188,172.28170776367188,168.75006273493165,169.63136175203428,2134800
2021-12-23,173.94781494140625,175.07355601387133,172.62264198703818,172.62585174342465,2100300
2021-12-27,178.71458435058594,178.75317504897666,174.54287243229572,174.58467288736298,2503500
2021-12-28,176.742919921875,179.56694645157873,175.92594846144357,179.54120950215213,1974900
2021-12-29,177.01307678222656,178.11952989023345,175.92913614031517,176.6753456198342,1254900
2021-12-30,175.01026916503906,177.36857284760788,174.4665335215036,176.6350105915009,1361700
2021-12-31,174.482666015625,176.3551590253196,174.4633578644868,175.19048427931796,1217400
2022-01-03,177.95089721679688,178.12462633157324,174.96520420280547,175.6569394573678,1699800
2022-01-04,177.40394592285156,179.85554997125098,173.13132324207376,178.74234932966965,3504600
2022-01-05,171.3779296875,177.55843750080902,171.2234939449381,176.04627505261138,3751800
2022-01-06,172.70985412597656,173.51740881901458,169.49574756629494,171.35214248884682,2934300
2022-01-07,167.7004852294922,173.1731738546522,167.17605771262623,172.54257362465756,2284500
2022-01-10,167.76162719726562,168.12518299709487,162.1538102814795,165.62531528992795,5377500
2022-01-11,170.9178466796875,171.11732004254773,165.9631486741712,167.19860515061046,3157200
2022-01-12,172.172607421875,173.7587475780585,170.4577609988049,172.56832874982743,3571500
2022-01-13,168.1541290283203,176.26182795342106,167.7262274826977,174.80437944191604,3268800
2022-01-14,172.17904663085938,172.3399036937646,166.79965772274855,166.82217653333103,3401700
2022-01-18,164.483154296875,169.4507240340344,164.12280916933244,169.42820522502583,7686000
2022-01-19,159.644287109375,166.83825914667614,159.53169305656195,165.81835879908903,9931800
2022-01-20,154.63807678222656,162.15377579313622,154.4321674220345,160.87649268234185,8349900
2022-01-21,152.06423950195312,157.92301835173225,151.7264278900101,153.5570937732781,13946100
2022-01-24,153.80160522460938,154.08794316677537,143.7924726148186,148.88550883117324,15465300
2022-01-25,148.06185913085938,151.69102509174135,147.20926669580865,149.84748725334026,10710300
2022-01-26,150.33651733398438,156.61032489964896,148.06185265856416,152.21865665812356,8508000
2022-01-27,143.64447021484375,152.0063273785914,143.16186958158025,151.82293678150288,8400900
2022-01-28,146.3984832763672,146.3984832763672,139.40077538940784,143.52862420685256,7173000
2022-01-31,154.26168823242188,154.49655250556916,146.32129638333117,147.1320619340152,7846800
2022-02-01,155.54539489746094,156.02155945438335,151.66207123851427,155.7706124411329,4068900
2022-02-02,159.47377014160156,159.87594225798279,156.4462640467618,158.6887487863684,5229000
2022-02-03,152.5339813232422,158.03240024286146,151.9484186188013,155.46175066203875,6506400
2022-02-04,153.4091033935547,154.7217778055589,149.76707955540877,151.82294839547293,5061300
2022-02-07,153.3221893310547,155.8831768266671,152.74306282259826,153.78869236130132,3501900
2022-02-08,157.19911193847656,157.51763011775517,152.41814331620915,152.6723157274539,2941200
2022-02-09,162.3565216064453,162.3758150289563,157.27634254224654,159.2710909684395,5061000
2022-02-10,157.29562377929688,163.40213880900103,156.40120434546162,158.39596734492667,4614000
2022-02-11,149.29090881347656,158.7048321571658,148.21953478049647,157.5594656416551,7881900
2022-02-14,149.43247985839844,152.45033940336134,147.48276901045702,149.7992463559569,5697300
2022-02-15,157.67848205566406,158.08709018804745,152.26049197851074,152.6658747223059,4881000
2022-02-16,157.7299346923828,158.31548250251709,154.36458856684553,155.74162299261505,2713200
2022-02-17,151.8068389892578,155.8510342519989,151.57197474558737,155.63547815553179,6003000
2022-02-18,150.11131286621094,152.43745140844845,148.023263975072,151.87763291729988,5866200
2022-02-22,149.1975555419922,152.77845793821325,146.82960524127196,148.489752234995,8370000
2022-02-23,145.64244079589844,152.5018122762337,145.17271222457515,150.92852937339816,6525600
2022-02-24,150.9703369140625,151.2116372189001,139.64209468547634,139.9799210033697,8669100
2022-02-25,153.4862823486328,153.4862823486328,148.82435928947177,150.9638815117805,7065000
2022-02-28,152.55328369140625,153.90778505016917,149.4807251448395,151.4883456769728,4359300
2022-03-01,147.02267456054688,152.82031820597763,145.41079021373847,151.93554546958478,4265700
2022-03-02,151.69749450683594,152.75599656897634,147.90103461246628,148.2452823229541,2850600
2022-03-03,148.5155029296875,152.66909639577227,147.6114368398667,152.62404405124573,4177800
2022-03-04,144.5742645263672,148.36428735288735,142.94629759892135,147.06769594556175,4443300
2022-03-07,137.32240295410156,146.0381694652604,137.29344809349064,145.00541173859725,5869200
2022-03-08,139.95419311523438,145.0665377305178,135.95182414043308,138.25865473439274,7909500
2022-03-09,145.81935119628906,146.91967980555785,143.01706337866125,144.66433826842976,4699800
2022-03-10,142.82725524902344,143.38063764937291,140.01851629201462,143.23907402473463,4805700
2022-03-11,139.76112365722656,145.1662410359148,139.47799642736098,144.89921129160078,6524400
2022-03-14,135.23756408691406,140.06679592913414,134.60054242819737,139.3428949611263,5683800
2022-03-15,141.45343017578125,141.78803105273965,135.7362309580623,136.59203393170984,3980400
2022-03-16,148.73753356933594,148.76005238129594,142.2932062973691,143.8536023786961,4868700
2022-03-17,149.65443420410156,149.65443420410156,145.91588525422492,147.05160482782273,4133100
2022-03-18,152.57583618164062,153.193564579589,147.6919187341415,148.61208264342358,5004600
2022-03-21,152.27333068847656,153.52165889301617,149.55145678407152,151.986978101397,4801500
2022-03-22,153.11627197265625,154.92762913725187,151.84542499954654,151.9966353029794,2886600
2022-03-23,149.2587127685547,153.57316330469894,149.21688581231479,151.71675338211966,3530400
2022-03-24,156.79348754882812,156.9159740802357,150.1790377851904,150.79793341063657,5002500
2022-03-25,156.43890380859375,157.0449029859656,153.84405160043858,156.6194242482433,3103200
2022-03-28,157.6541290283203,157.6541290283203,153.26060929873861,155.50088353012495,2735700
2022-03-29,161.26754760742188,161.52220030327837,158.01189448954096,160.16837107365532,3093600
2022-03-30,156.110107421875,160.58743896264573,155.28168186130958,160.02011434599504,3269100
2022-03-31,152.557861328125,156.6870622811611,152.1484958642687,155.9940345717952,3369300
2022-04-01,149.6020050048828,153.56035067839537,147.36816472617042,153.2025561287371,5391900
2022-04-04,152.032470703125,152.24521742626368,149.4279538421728,149.99206170911634,2705100
2022-04-05,145.03443908691406,150.91718570832452,144.64763489923965,150.7882362234658,4054800
2022-04-06,141.4274139404297,143.9964726384013,140.21863262469952,141.83034596421683,4836900
2022-04-07,141.7368927001953,143.0069100978068,138.77133493863886,141.2340354573325,3511800
2022-04-08,138.2200927734375,140.61186217390394,137.9976811789527,140.56029125088105,4500300
2022-04-11,135.38026428222656,137.31753073792603,135.06759251593613,136.17644848069278,4291800
2022-04-12,134.9677276611328,139.26453906520663,134.26178857091344,138.24271134066143,5894700
2022-04-13,137.8719482421875,138.8260766147844,135.00311491526588,135.84119027913317,3309000
2022-04-14,134.0587158203125,138.80358187970887,133.8846436014854,138.77134081858,5903400
2022-04-18,136.3795623779297,137.58512714630203,133.22383406341206,133.38822657625676,3630300
2022-04-19,139.36766052246094,139.66100250348492,135.14498204773486,135.8347931277595,3036600
2022-04-20,139.05824279785156,142.80062603298032,138.56828192931212,141.57249975532915,3826200
2022-04-21,135.34805297851562,142.33642342498547,134.6485770150175,140.76984752226272,3600300
2022-04-22,132.33740234375,135.88638299865158,132.11497592735537,135.13532126357885,4569000
2022-04-25,134.574462890625,134.60992068219358,130.86430595678985,131.2575731481698,6353700
2022-04-26,128.60787963867188,132.98850180527037,128.4563835770423,132.75642524373242,5844000
2022-04-27,127.90516662597656,131.10280021831502,126.9026838676317,127.18957758509146,4350300
2022-04-28,134.95480346679688,136.39566141791616,128.8303013478853,130.47425581751193,4923300
2022-04-29,129.18812561035156,135.64463019550558,128.81420309721653,133.06267465819926,4188300
2022-05-02,133.5010528564453,133.64933222273334,128.29523566218217,129.30738362229374,4635300
2022-05-03,134.60667419433594,135.66394473939715,132.2213377454941,133.14645685023868,2300100
2022-05-04,139.82864379882812,140.06073520111593,131.4187427067735,135.60596435586848,4259400
2022-05-05,133.0562286376953,137.5270971831673,131.07382397550526,137.32079866526186,4597200
2022-05-06,131.86996459960938,134.80649708571622,129.38148678857394,131.83772355020938,3950400
2022-05-09,125.1556167602539,130.59350976764287,124.4206682488382,129.0204856337794,5058600
2022-05-10,128.0019073486328,130.36789946622338,125.20720504373065,128.9334747836002,4476600
2022-05-11,124.2208251953125,129.89725807738796,123.85979912972893,126.90915391925381,5066100
2022-05-12,124.97511291503906,126.01628519225346,121.62920654843977,122.68649197777387,5345100
2022-05-13,131.35423278808594,132.27291840231845,126.49332938558395,127.16701249517918,4724400
2022-05-16,129.35574340820312,131.39295059596753,128.86578255938977,130.01977647907492,2372400
2022-05-17,135.63818359375,135.9863132633416,132.23103395796636,132.73065972036923,3193200
2022-05-18,128.80128479003906,135.25134006740961,128.2533049150932,133.39788523551823,3581100
2022-05-19,128.021240234375,131.30911978932028,126.90593574846005,128.17273631371467,3303300
2022-05-20,127.95352172851562,130.55158981834603,122.2222873724756,130.54192488051436,4083900
2022-05-23,128.5047607421875,128.84644219051307,125.98082439503597,126.96073125726834,3639300
2022-05-24,125.37480163574219,126.86402859236732,123.94684006488393,126.44175190405412,2865600
2022-05-25,127.6312026977539,128.83030440302676,124.41100727726983,124.52704556987499,2512500
2022-05-26,132.61781311035156,133.2109157012827,126.2322252302425,126.43530698068373,2966700
2022-05-27,138.07186889648438,138.30072879269133,134.7098417674668,134.7098417674668,3165600
2022-05-31,137.3626708984375,138.58113182590034,135.25456350906575,137.83330172678262,2807100
2022-06-01,135.18365478515625,138.75842773998,133.31407206501495,138.06216853354772,2466000
2022-06-02,139.89308166503906,140.03169608256053,134.45195670797898,134.71305763602265,2005800
2022-06-03,135.7091064453125,137.63670877757747,135.0805311649347,136.86308560860806,2065500
2022-06-06,135.94439697265625,139.01952985824317,135.04183918483696,138.56181013064244,2241900
2022-06-07,137.03067016601562,137.4174742613191,133.29472161632094,134.32944544248485,1866600
2022-06-08,134.11349487304688,136.83406478776635,133.1013469531539,136.27963661705084,3396000
2022-06-09,130.3066864013672,135.2750292101813,130.30346481084868,132.95712438799305,2517000
2022-06-10,125.67732238769531,129.2704155635972,125.41584154482597,128.1631046358138,3599100
2022-06-13,118.42658996582031,122.65242288469531,117.9713998905562,121.06087580558496,4042800
2022-06-14,119.08515930175781,120.26025665157913,117.68731408225005,119.72759324091682,2831100
2022-06-15,121.13190460205078,123.2625731665647,118.41690891378678,120.48947800846538,3811200
2022-06-16,113.83271789550781,117.71312330965215,112.39935408572414,117.59367324676668,3921300
2022-06-17,114.29438781738281,115.12082931187945,111.67301038943526,114.08777744375865,3400200
2022-06-21,117.28697967529297,119.04962536616576,116.62195039385786,116.70588906964758,2830200
2022-06-22,116.0634765625,117.72281739728469,115.09498957894522,115.26609594093082,4106700
2022-06-23,115.27577209472656,116.8511815808679,113.46147723828561,116.75110538367218,2178900
2022-06-24,120.3829345703125,120.3829345703125,116.82535275850397,117.08039042178737,3783600
2022-06-27,120.05364990234375,121.7710976532942,119.13036121084417,121.47086904209007,2497500
2022-06-28,117.12557220458984,122.1713877710988,116.94155733990789,120.76385582490016,3039900
2022-06-29,114.36216735839844,115.6567073174849,112.9417193695696,115.52111973850764,3393600
2022-06-30,112.86424255371094,115.11436099139789,111.08545167937918,112.75770839668367,3285600
2022-07-01,108.87083435058594,111.5858295252909,107.46330236344053,110.98536500499667,3875100
2022-07-05,109.72956848144531,109.72956848144531,105.46822465313284,106.11388012204007,3391200
2022-07-06,110.26545715332031,111.55677543714918,108.63516994431478,109.83609897775267,2672100
2022-07-07,115.20149993896484,115.77936894130983,112.85453471738828,112.85453471738828,2866200
2022-07-08,115.75032806396484,116.54125803765527,113.19029429035633,113.53249220277904,2334000
2022-07-11,113.08375549316406,114.56553918932102,112.34770341930013,113.9973570855029,2490000
2022-07-12,113.40013885498047,114.65594592618788,112.57369740625869,113.81981753859125,4494300
2022-07-13,114.03936004638672,114.94974031696006,110.85949444851933,111.08547133163523,3564600
2022-07-14,116.45733642578125,116.95449585993491,112.0765493197844,113.73589023482941,3186900
2022-07-15,119.23688507080078,119.42735052271769,116.38307315971494,118.23611573095992,2984100
2022-07-18,118.85594940185547,122.14234857106314,118.10053075841174,121.21260197998092,2959200
2022-07-19,124.09546661376953,124.76694660423277,120.38615960099955,120.73159392418891,3116700
2022-07-20,127.2591781616211,127.86287170463083,123.14311605051864,123.9082216207376,4845300
2022-07-21,129.3382110595703,129.42214975584625,126.09378833529212,127.92099188500016,2753400
2022-07-22,126.15185546875,128.97661337802515,125.00903343441007,128.9217281280602,4548000
2022-07-25,125.3545150756836,125.45136969720524,123.25935040553365,125.183416081485,2862900
2022-07-26,123.26578521728516,125.15110277940589,122.80736620253113,124.52159219155295,2510400
2022-07-27,128.90562438964844,129.94513415387627,125.09946283118795,125.47717216649117,3214200
2022-07-28,130.49391174316406,130.77476640209196,126.3746066333417,129.18967029205433,3532200
2022-07-29,131.49795532226562,131.86597037030765,128.16312097354032,128.6053951717414,3840900
2022-08-01,132.00479125976562,133.14437732377905,129.70624525241826,130.56497656701427,3812100
2022-08-02,131.75294494628906,133.7544982347204,129.96125313545713,130.51328295699957,2124900
2022-08-03,135.4138641357422,135.67858136342525,131.64967175681352,131.7336104523553,2860800
2022-08-04,136.3920135498047,136.80199786974543,134.70684100336769,135.1007025935007,1919100
2022-08-05,135.3299102783203,136.49531322330205,133.38647846929427,133.99985155148207,3279900
2022-08-08,133.2831573486328,134.94573434490988,131.2331915183551,133.46395062684917,3061200
2022-08-09,127.1752700805664,130.33899054144518,125.42553245417224,130.20340294392008,4368900
2022-08-10,132.45350646972656,132.69884979798607,128.82490199391057,130.56495987082738,3456000
2022-08-11,132.28240966796875,136.18863255279084,131.99186062231908,133.5769570663163,2403900
2022-08-12,136.1531219482422,136.52115172670617,132.67949363243548,133.16373711865086,2049600
2022-08-15,136.65997314453125,137.04090405616958,134.61968667001818,135.5462042801387,1325100
2022-08-16,135.26211547851562,136.55666288210523,133.75127816854544,135.95942727972314,1566900
2022-08-17,131.99510192871094,133.2541381292936,130.14852436795405,133.18957330705402,2640000
2022-08-18,135.0038604736328,135.90454629139288,131.8756515973897,132.3534371387364,1698900
2022-08-19,131.35911560058594,133.81908080887064,130.68439925983157,133.14436446811627,2323500
2022-08-22,126.41658782958984,128.93788115053292,125.803214792646,128.69575943711106,2903400
2022-08-23,127.04611206054688,128.9830859766005,126.36171618652133,126.50699809698827,2430600
2022-08-24,127.36572265625,127.8047752282532,125.89363302624233,126.90085302456016,1251900
2022-08-25,132.03382873535156,132.18879019531073,127.41737817710923,127.48840094809566,2679300
2022-08-26,124.54420471191406,132.04352142229257,124.34727388787525,131.73683484032668,2838000
2022-08-29,122.02935791015625,124.64750613542718,121.8292055131779,123.22060013137803,2575200
2022-08-30,120.6089096069336,123.39169883737574,119.12712573200365,123.34327153351472,3212700
2022-08-31,119.34664154052734,121.14479875021695,118.30390291542675,121.14156977097808,2974800
2022-09-01,117.13206481933594,117.14820233071461,113.50346706275549,116.30239427668299,4537800
2022-09-02,115.84717559814453,119.7663140945799,115.34032929765851,118.93664375636178,3841200
2022-09-06,114.51065063476562,116.46376917141608,113.63256044920722,115.82779330207129,2692500
2022-09-07,116.44762420654297,117.43225592187764,114.10388787513924,114.97229851202776,1699500
2022-09-08,118.41043090820312,118.85270498434781,114.6042773699594,115.31772657632511,2823300
2022-09-09,121.25133514404297,121.87761673758274,119.96970375430665,119.96970375430665,2066400
2022-09-12,121.84210968017578,122.44580321799576,120.37969973160348,121.77431589043381,2610900
2022-09-13,114.2750244140625,118.21676677327696,113.92959743308928,117.20953926228498,4065000
2022-09-14,115.57278442382812,116.37340142727236,113.84887135767796,115.1337318609581,2722800
2022-09-15,113.6551742553711,116.14095651119992,112.88361069772584,114.79476020425602,2432700
2022-09-16,114.33634185791016,114.45902091504821,111.55033098674808,112.40582585125715,3392100
2022-09-19,114.93681335449219,115.54372855058698,112.82551130931778,112.87716759673528,2146200
2022-09-20,113.40982055664062,114.37830750825833,112.50912739607739,113.826270241395,2630700
2022-09-21,112.26377868652344,117.29991535838778,112.26377868652344,113.61966192083187,3535200
2022-09-22,109.2098159790039,112.09267387896357,108.56415310735409,111.62134633717237,2936100
2022-09-23,107.74742126464844,108.20906935414914,105.79430212111588,107.91852026206318,3881700
2022-09-26,106.13162994384766,109.02365154706916,105.94013057355183,107.37153580577896,2881500
2022-09-27,107.11837005615234,108.85163378688189,105.57985222113723,108.05965674359823,2977200
2022-09-28,108.63740539550781,109.06260875964082,105.79082729775725,106.23225577147821,4045200
2022-09-29,105.25851440429688,106.85220800827604,103.57718737630543,106.65096909765849,3009000
2022-09-30,103.45384979248047,106.57956843431403,103.29480804308031,103.8985248182697,2722800
2022-10-03,107.03073120117188,108.22844002651013,103.88229458719012,104.63207447167807,3747300
2022-10-04,112.05199432373047,112.18507141360958,110.19538579312255,110.47777251022158,3182400
2022-10-05,112.96731567382812,114.10984113695108,109.21515540107664,110.19538520796883,2505600
2022-10-06,112.51615905761719,114.92779430122252,112.09744870318899,112.8504750679723,2850000
2022-10-07,105.7648696899414,109.47158685628159,105.13193436330214,109.16323546283476,3969000
2022-10-10,102.16849517822266,105.47922723535018,100.70463224203647,105.35264315268036,4665000
2022-10-11,99.29595184326172,101.27914455661339,97.90025071924082,100.34759001866506,4818600
2022-10-12,98.33194732666016,99.69194440173284,98.01711035137006,99.16612155848365,3107400
2022-10-13,101.16230773925781,103.02540223639133,93.42104253058392,94.48566689622017,4911600
2022-10-14,96.94597625732422,102.57746340538569,96.63113188335258,102.57746340538569,3887100
2022-10-17,99.00059509277344,100.36383878992083,98.21835749271982,99.5264179800623,3760500
2022-10-18,99.34139251708984,102.7657301849382,97.58865719395936,102.09709073286697,3558900
2022-10-19,99.97759246826172,100.92537232961169,98.32872280784564,98.63382773370047,3043500
2022-10-20,100.59751892089844,103.66806138816331,100.02625987082915,100.5293571186436,3567300
2022-10-21,104.33670043945312,104.59636161699727,99.89642149847172,100.33461087919632,3703200
2022-10-24,104.78787231445312,105.24228682111601,102.3405255081533,104.68725286150885,3784200
2022-10-25,107.18003845214844,107.9006071785337,105.06052201655291,105.22930327803309,2770800
2022-10-26,106.12513732910156,108.64389229476919,104.45030345780317,104.96638672218201,4811700
2022-10-27,104.2425537109375,107.82269341582874,104.10623012373587,106.8197306970191,3589500
2022-10-28,108.32905578613281,108.48809752226546,104.16467778581101,104.4340784994404,4192500
2022-10-31,105.96934509277344,107.65067202646573,105.42728975274187,107.35206018511151,2394900
2022-11-01,106.8229751586914,108.45237258853496,106.18355439979428,108.09858502747768,2810400
2022-11-02,103.4505844116211,109.37744409911868,103.31426081441082,107.49811744720117,3193800
2022-11-03,102.06465148925781,103.64861326745942,100.45148599384598,101.51611043923191,3752100
2022-11-04,106.78728485107422,107.05993948467713,104.27826938141192,105.7453787885989,4601700
2022-11-07,109.09507751464844,109.51378790594254,106.36859020914072,107.77727754571045,3548700
2022-11-08,111.49696350097656,112.81151675700455,109.23787713067483,111.13667545281757,3901200
2022-11-09,107.93306732177734,110.0428517117309,107.76753256429663,109.60790880214175,3578700
2022-11-10,119.1019287109375,119.39730152801724,113.15559599036504,114.10662231913702,5347500
2022-11-11,122.74696350097656,123.46753966671358,118.31318467158327,119.68292125897798,6114000
2022-11-14,121.4031982421875,123.78886890633956,121.36100106920124,122.08157723057954,3683100
2022-11-15,124.921630859375,126.77824667954467,123.22732554225868,126.43419120456268,4897800
2022-11-16,119.76405334472656,122.31851253873664,119.0077805031317,122.0750764688992,4775700
2022-11-17,120.70209503173828,121.24090387163331,117.0667864753381,117.27776490053395,3961500
2022-11-18,120.97149658203125,122.74695741631609,119.6634362799448,122.72099278371603,3105300
2022-11-21,118.96558380126953,120.082144705089,118.58907063281212,119.65369484318265,1815000
2022-11-22,122.510009765625,122.60414362752638,118.97856727566608,119.98476918473285,3290700
2022-11-23,123.9901123046875,125.18456714779768,122.36395364748775,122.3801861863586,3905400
2022-11-25,122.3379898071289,123.66552919034395,122.3379898071289,123.23383280253654,1164000
2022-11-28,119.28043365478516,122.09780067577505,118.45599896972882,120.81895147577974,3197700
2022-11-29,118.81951141357422,120.30933886209336,118.09244976550289,119.63746041082865,1828200
2022-11-30,125.94733428955078,126.03496770791853,118.15412619056713,119.26420149344624,4166100
2022-12-01,125.04174041748047,126.82369415844364,123.29874476665917,126.69386357428661,4130700
2022-12-02,123.62982177734375,123.82456766544911,121.28309445155334,121.9062976374652,3110400
2022-12-05,122.06533813476562,123.97387604938896,120.96176325517595,122.78915333603675,2709300
2022-12-06,119.49788665771484,122.178929653286,118.29044595769355,122.05233815559413,2182200
2022-12-07,119.2414779663086,120.07889864731061,117.99833297548628,118.2222974302526,2111400
2022-12-08,122.68851470947266,122.77615554489091,119.17005127470651,119.9685211695882,2694300
2022-12-09,121.55249786376953,123.70122528115527,121.11755499652709,122.1464824572089,1749000
2022-12-12,123.70448303222656,123.83756013892982,120.33532847498384,120.95527775635941,2178900
2022-12-13,125.8305435180664,129.85032689713654,124.25518595680593,129.28723837101688,4521000
2022-12-14,123.94274139404297,127.0283678822437,122.49432133567453,125.52461786922224,3972000
2022-12-15,118.69911193847656,121.86611280285044,118.53637021543489,121.3388281302277,3881100
2022-12-16,117.80076599121094,119.09295538983754,116.63876997133119,118.0676639076097,2465700
2022-12-19,116.34258270263672,117.94724072723193,115.14152714393192,117.67708722345563,2231700
2022-12-20,115.63301849365234,116.69411395992148,114.6305160109979,114.8909102330302,2275500
2022-12-21,118.23693084716797,118.62751100523512,116.21564798483058,116.4402308307353,2291700
2022-12-22,113.45874786376953,116.1244936482119,111.06965926871825,115.93896287902308,5403300
2022-12-23,113.55641174316406,113.55966732297432,111.33007194266979,112.4757901911801,2571900
2022-12-27,111.50581359863281,112.75894337957506,110.99153638969628,112.65478719609288,3494400
2022-12-28,109.86209869384766,112.14376804338556,109.41292560827414,110.7864820489809,2682000
2022-12-29,113.36760711669922,113.8948992135015,111.23891270361065,111.6522818749082,3263100
2022-12-30,113.26346588134766,113.45225225568248,110.93948110331515,111.74669352659366,2010000
2023-01-03,112.1600570678711,115.38564356794807,111.47978248863994,115.18058675526504,2844600
2023-01-04,115.04713439941406,115.68509387550216,112.97702540650201,114.29525944175481,3257100
2023-01-05,113.10722351074219,114.72164073912847,112.92169273546828,113.91118027047793,2671800
2023-01-06,118.37036895751953,118.99205051358722,113.0876886209356,114.63701659193924,4898400
2023-01-09,120.55113983154297,123.29175659178865,119.7732277032583,120.5413805432069,4581300
2023-01-10,122.11022186279297,122.27622660526238,119.51282835802695,120.13776547721147,2825400
2023-01-11,123.68558502197266,123.73766683933353,121.15654382180065,122.18508335383869,2682000
2023-01-12,125.18936157226562,125.94449216664717,121.78475528830577,124.35285638501468,3324000
2023-01-13,125.70687103271484,125.71989334986867,123.41217932367518,123.56516175087977,2079000
2023-01-17,125.85009002685547,127.12274591804776,124.68810148486216,125.27722725445528,3017400
2023-01-18,125.18936157226562,128.15456144437675,125.1437983561172,127.2594632723306,3512700
2023-01-19,121.67733764648438,124.14128242356186,121.28349446975542,124.07618573233768,3775200
2023-01-20,125.48554992675781,125.56366893846247,121.73592676300218,122.98580115092072,3352500
2023-01-23,131.78700256347656,132.22640893849902,126.45549583412998,126.65731195937765,5726700
2023-01-24,130.791015625,132.01810843584747,130.0000810988392,130.1791007343569,2370300
2023-01-25,131.1457977294922,131.38013985462004,127.5035716049055,128.48981104707624,3301200
2023-01-26,133.3558349609375,133.52508035529303,130.45573265896132,132.64951592586192,3896700
2023-01-27,132.50631713867188,133.65204259883294,130.71287297787464,131.05139360904997,4289700
2023-01-30,128.98780822753906,131.49082002491994,128.88365947871506,130.69988552097527,4384500
2023-01-31,131.3931427001953,131.45499125164775,128.61672233734353,128.7404194402484,3104100
2023-02-01,138.2446746826172,139.6410275948137,131.92695887042916,132.0441299205216,7244100
2023-02-02,141.44749450683594,142.59971623534088,138.86636407033066,139.66056148918054,7456200
2023-02-03,138.68736267089844,141.87389715255773,137.95176558038605,138.30329367753936,5555400
2023-02-06,136.43495178222656,138.53436066686,135.8230370360323,136.5195819353441,2496300
2023-02-07,140.77374267578125,141.4475060702685,136.61725427810018,136.96227119899243,3285300
2023-02-08,137.74668884277344,140.98529740491784,137.4244535412543,139.83632375895004,3522000
2023-02-09,138.0982208251953,141.76972468962794,137.07619239317256,140.1976150889629,3015600
2023-02-10,135.9011993408203,137.08272903285987,134.4234789181529,136.68562277234918,2947800
2023-02-13,137.899658203125,138.29676436238205,135.3510835582669,136.54237223668645,2122500
2023-02-14,140.40269470214844,140.82583067054966,135.65707261631331,136.68236418973467,3252000
2023-02-15,140.9755401611328,141.0471480069532,137.915951166577,138.94122771393305,2143500
2023-02-16,137.5188751220703,139.88843081242655,137.29429224720872,138.4367550015219,3444900
2023-02-17,135.37716674804688,137.1055147327021,134.15007379920897,136.7051603300979,3064200
2023-02-21,130.99282836914062,134.84336748592858,130.73895272724414,133.2712575849119,2208600
2023-02-22,130.36460876464844,132.2817351450157,129.5769225059187,131.29875883609924,2285700
2023-02-23,134.65130615234375,135.29251377473747,132.0083417538149,134.75220676855963,4617000
2023-02-24,132.2394256591797,132.93597063074702,131.24669002065076,132.26220726438035,2842200
2023-02-27,132.93922424316406,134.46903367995125,132.89041290129646,134.44950020339803,2040900
2023-02-28,133.3948974609375,135.19810082095557,132.34357639731425,132.62999284864688,1582500
2023-03-01,133.43072509765625,135.0581721813912,132.90344040754943,133.88640193728259,1922400
2023-03-02,134.49832153320312,135.13952910968692,130.3353221307463,131.3541024084193,3108300
2023-03-03,136.5717010498047,136.7214279313799,133.45678890578733,134.4690582467504,2408700
2023-03-06,134.9833221435547,138.1308050212895,134.661086766638,136.9525234361436,2177100
2023-03-07,133.56089782714844,135.69609579349694,133.02383903159327,135.12649610712495,1899000
2023-03-08,137.11199951171875,137.26172636760597,134.09797361623507,134.09797361623507,2088300
2023-03-09,134.38763427734375,139.0583993208751,134.18258494890256,136.93620879998147,3889800
2023-03-10,131.7902374267578,135.4584928410097,131.1653003363791,135.11022782538106,3320700
2023-03-13,131.82933044433594,133.45026646479835,129.0496613291466,130.4134586986196,3512700
2023-03-14,135.68312072753906,136.52288152635396,133.48932181524316,134.12728136391792,2743200
2023-03-15,134.1012420654297,134.40720698248876,131.26623536157874,133.7432027687689,3527100
2023-03-16,139.3383331298828,139.64428308785216,132.93272379266898,133.51534584421643,3730200
2023-03-17,138.47579956054688,140.68585382023934,137.7206541069287,139.6052398119304,2828400
2023-03-20,139.94049072265625,140.38965637810878,137.60022829412114,138.74593893818746,2155800
2023-03-21,140.2171630859375,142.56393692703165,138.13728718342003,141.0797054665663,2899500
2023-03-22,138.8240966796875,143.9472923626773,138.7882927464551,140.22045007575073,3313200
2023-03-23,142.60662841796875,144.51880174224428,140.11689253212623,141.23613845200973,4039800
2023-03-24,140.13319396972656,141.83652989482812,138.7137548340849,141.45149319368596,3120600
2023-03-27,138.48861694335938,141.06972382326026,138.00241041812586,140.6389941347308,1806300
2023-03-28,137.45098876953125,138.28306681956724,135.35608794764096,138.16885680663168,2737500
2023-03-29,141.86917114257812,142.85788064718832,139.4838465396683,139.74488938994352,3140400
2023-03-30,144.2055206298828,145.1485520455171,143.18417337764689,143.66710858900817,2602200
2023-03-31,145.09963989257812,145.31827601570023,142.8774890766744,143.10916539488332,2151000
2023-04-03,143.84661865234375,144.7994491441855,142.0682377423561,144.25125307510476,1876800
2023-04-04,141.16433715820312,144.15004823289965,140.37466614063842,144.10764146827086,2324100
2023-04-05,138.717041015625,139.7742825721835,137.25190876853767,139.65680132997417,3343800
2023-04-06,138.00241088867188,139.02050196270747,136.38718948839949,137.45095858268803,1894800
2023-04-10,140.43994140625,140.53783994946374,136.5960269549935,136.8146481143582,1927200
2023-04-11,139.7025146484375,141.31448001168303,139.43492923462324,141.216581451778,1823100
2023-04-12,137.14749145507812,141.12845482485545,137.01369877365883,141.0860331194596,2598900
2023-04-13,138.27651977539062,139.08902994784083,136.3578336525626,137.4574969742946,3013500
2023-04-14,138.06118774414062,139.81671482225133,136.55690476699243,138.14601623696856,1963500
2023-04-17,138.06118774414062,138.14928748893712,136.16532545030205,136.57647252990927,2206500
2023-04-18,138.6582794189453,140.33877635295832,137.60758046748217,139.13795834628976,2765100
2023-04-19,137.14097595214844,137.4705358706241,136.30235552414777,136.8179286622571,1264500
2023-04-20,137.01370239257812,139.06945231547172,135.63015727132125,135.76720627036613,2391900
2023-04-21,136.0086669921875,136.54055154562081,134.8111201370466,136.54055154562081,2157600
2023-04-24,135.39849853515625,136.5373123816871,134.4848334439869,135.76395262184596,2074800
2023-04-25,130.84974670410156,134.60229042786517,130.7649032859519,134.5892352962696,2482500
2023-04-26,131.54803466796875,132.89568560436408,130.87582988815407,132.2104406313851,1926300
2023-04-27,132.10276794433594,132.26918352594734,128.75810005487176,131.37835752683222,3116700
2023-04-28,134.4848175048828,134.51744039504604,132.12885929604332,132.7162206911892,2359200
2023-05-01,135.70196533203125,136.09680094181297,134.67083390620587,135.02323286606554,1803900
2023-05-02,134.73281860351562,136.52751091984794,133.41779036813332,135.75416611220516,2115600
2023-05-03,133.18609619140625,135.59098865146285,133.0882125871159,133.97576727707926,2525400
2023-05-04,132.43885803222656,133.57768673770337,131.25109498906866,132.13213712565056,2102700
2023-05-05,135.38540649414062,135.95318510536234,131.93305681273247,132.60199026742563,1619400
2023-05-08,135.95643615722656,136.05106343256486,134.11279510183525,135.23529715189395,1365300
2023-05-09,133.64295959472656,134.20421080687504,133.09801982995302,134.02474007408205,2348400
2023-05-10,135.00363159179688,135.95971817303558,133.69838751471465,135.14393689055444,2766600
2023-05-11,134.11935424804688,135.33322754578265,132.84674779573413,135.0428031499434,1854600
2023-05-12,133.99534606933594,135.15699871702404,132.73252363184994,134.59901887088498,1383300
2023-05-15,137.63368225097656,137.65979251175443,133.9822937287267,134.3771292682815,1799100
2023-05-16,137.3759002685547,138.93891609708808,137.18664568328995,137.18664568328995,2047500
2023-05-17,140.76953125,141.31119973506424,137.76422191208022,138.63220895117234,1986000
2023-05-18,145.2170867919922,145.56950059485618,141.29158569452014,141.39601179106668,3429300
2023-05-19,144.46987915039062,145.12250136467267,143.5659979064128,144.7929264742852,2877600
2023-05-22,144.96908569335938,145.35086607242903,143.10586181355146,143.167866209401,2299800
2023-05-23,143.1776580810547,144.94625477756878,142.86113839389458,143.9966957160884,1553100
2023-05-24,140.6161346435547,141.20349600243225,139.1314347395062,140.2963586410408,4341000
2023-05-25,149.98117065429688,150.55873306902768,145.48463529651485,147.08028851617047,12973800
2023-05-26,159.7834930419922,160.60580189365334,152.21640237897833,152.26860795992246,8010900
2023-05-30,159.6497344970703,164.13974361678453,159.00038362794467,163.48059393071588,7862700
2023-05-31,155.55125427246094,159.1112861425431,155.4794660049209,156.95112548949126,5358600
2023-06-01,158.22705078125,159.57797327301907,154.89870877040343,156.50087536115032,7343700
2023-06-02,157.8550262451172,159.89119350398013,156.7064286485925,159.43436847901734,3318900
2023-06-05,155.41098022460938,157.36556034539342,154.61478155756961,157.27746061858255,2710800
2023-06-06,157.28726196289062,158.05082281529658,154.07964317018258,154.31459071600779,3235500
2023-06-07,157.05560302734375,160.55508656477392,156.69945183031794,158.326654911803,3906300
2023-06-08,158.6632080078125,159.05530188252175,156.70596943753688,157.51631771899423,2724900
2023-06-09,159.08143615722656,161.5483935979062,158.33317618992223,160.46031597184066,2519400
2023-06-12,164.2048797607422,164.36172328554346,160.75113628427482,160.94718321156552,2638500
2023-06-13,166.40390014648438,167.48218065156595,164.51201070709965,166.8450094595009,4164300
2023-06-14,168.7663116455078,168.84799412662196,164.8159069417806,165.7830837580784,8500500
2023-06-15,167.37106323242188,168.60617219930273,166.17189694610312,166.82212591380818,6561300
2023-06-16,165.82554626464844,169.07343045098398,165.58702028110085,169.05709694787782,4956300
2023-06-20,164.48263549804688,166.51502038021482,163.0351457308519,165.06425493712533,2024400
2023-06-21,160.473388671875,164.26694973703079,160.28713885962017,163.45008007780552,4128300
2023-06-22,161.22164916992188,161.8914873782167,159.16311907468972,159.38205085359712,3656400
2023-06-23,158.38218688964844,159.3885820066612,157.66007251685338,158.6239885581228,2057400
2023-06-26,158.8951873779297,161.94050345504294,158.8886509846974,159.49314022059963,2434800
2023-06-27,164.44667053222656,164.72441490412564,158.8494535895615,159.45394284832227,2763600
2023-06-28,163.1788787841797,164.56103432987413,161.61702476949,161.7934625204695,2912400
2023-06-29,163.22463989257812,163.95655145622524,161.871890586052,163.84218700246916,1674600
2023-06-30,165.74713134765625,166.41043314127322,164.43360054641477,165.02174129928568,1618200
2023-07-03,167.22076416015625,167.62267005826408,165.3844266455825,166.50844690725006,809400
2023-07-05,163.5252227783203,166.44636199321783,163.47293163869563,166.10326869781997,2821800
2023-07-06,161.4634552001953,161.73466319978047,159.42780971643492,160.7478771112832,3454200
2023-07-07,161.5320587158203,164.1003077929029,161.27066282014465,161.76732399638124,1824300
2023-07-10,164.8943328857422,165.03810364193967,161.87517692044253,162.03854190163153,1833600
2023-07-11,164.90081787109375,165.7667178141103,162.5220796987061,165.46610360715678,2370300
2023-07-12,167.97235107421875,168.27622612892017,166.3418570873144,167.2861642259473,4269300
2023-07-13,171.4423828125,171.8312159390282,169.0995869423185,169.75309164039297,2791200
2023-07-14,169.29893493652344,172.99774127019887,168.5996903389352,171.46201771315648,5124900
2023-07-17,173.35061645507812,174.20668956388468,168.31867035453507,169.3609932860145,2926200
2023-07-18,173.6708221435547,174.242629432008,171.25288007823994,172.60561437315815,2669400
2023-07-19,171.6090087890625,174.02042910266235,171.18097229761742,173.8962526008635,2483400
2023-07-20,165.36810302734375,169.1322578673924,164.61658232947838,168.5473778051237,5085600
2023-07-21,166.86135864257812,168.41996696590758,165.92686374111986,167.1685093188501,2527800
2023-07-24,166.85479736328125,168.0409058534204,165.98891228914215,166.85807303837603,1544400
2023-07-25,169.66163635253906,170.67129244502743,167.81876195113895,167.81876195113895,1869300
2023-07-26,167.3188018798828,168.73362437498113,165.48900068403378,167.5442550934214,2618700
2023-07-27,170.46539306640625,174.03024016049707,169.5112890756124,171.6711107985485,3826500
2023-07-28,174.18710327148438,174.77851977676758,172.01420851793088,173.71331194064592,2821500
2023-07-31,174.9092254638672,175.42549589881713,173.82768407406647,174.82426729749463,1628400
2023-08-01,175.02027893066406,175.3895178165527,172.77223843833966,173.30811794756482,1343400
2023-08-02,168.32191467285156,172.84412633770103,167.31879524299592,172.79838654471664,4657800
2023-08-03,167.89060974121094,169.1028489244781,165.68504819581887,166.30587093279155,4354800
2023-08-04,167.62594604492188,169.95568421312694,165.77981125153164,167.2828676517471,4139400
2023-08-07,169.390380859375,169.60603695048857,167.80564214017107,168.83164641052306,2262900
2023-08-08,166.69471740722656,166.88424291028494,164.45974939223254,166.74373288142135,2767500
2023-08-09,163.6363525390625,166.64571137002994,163.30633194587446,166.58036238654378,3228000
2023-08-10,162.97630310058594,166.69471840662266,161.86863115574062,164.94333881451024,3831600
2023-08-11,159.02589416503906,161.08768510046272,158.73835267652606,160.97659632418382,3882000
2023-08-14,163.6134490966797,163.652652495765,157.86918637705745,158.41486299110974,3127200
2023-08-15,160.8818359375,163.28998086980027,160.6955861195062,162.76717410074008,2276700
2023-08-16,157.76792907714844,160.86878250743612,157.64376750268667,160.7086782437283,2840100
2023-08-17,156.22567749023438,158.4181666943548,155.7322769268888,158.06201545860065,2624400
2023-08-18,157.06536865234375,157.62737874828025,154.1997812725119,154.52326539304255,2315700
2023-08-21,161.57778930664062,161.81631529147108,157.55549961348999,157.80709838384388,2757900
2023-08-22,160.15316772460938,163.75394230399652,159.6074911166994,163.55463467830714,2055300
2023-08-23,163.4272003173828,164.00228322369546,159.04874450696127,159.22845791518398,3027300
2023-08-24,158.02603149414062,166.59993910782293,157.66660467628714,166.51172024091906,4848600
2023-08-25,158.70567321777344,160.06494383057682,155.53293493872698,157.98681955287478,3435900
2023-08-28,160.7152099609375,161.15958004988335,159.07819476740428,160.26756419628802,1689300
2023-08-29,164.93678283691406,165.47919875263122,159.6793839666476,159.91137356660275,2730000
2023-08-30,165.71446228027344,166.39411258798884,163.2671139011563,164.4434104558706,3073800
2023-08-31,166.86135864257812,167.8220140764347,165.11651544852734,165.11651544852734,2109000
2023-09-01,167.29591369628906,168.357845631008,166.0869353673532,167.9755489379156,1891200
2023-09-05,167.24038696289062,168.5506571356607,165.80921594758055,166.7045223600406,1871100
2023-09-06,166.03140258789062,167.87753729830288,164.16565869784566,166.77312616440312,2008200
2023-09-07,162.23129272460938,162.69527190519648,160.18583557104236,162.22149561425204,3877500
2023-09-08,161.3915557861328,163.06452848121143,160.71845683798637,161.88821698417738,1333800
2023-09-11,161.30007934570312,163.4468284251,159.12392397404787,163.4174221328416,1422900
2023-09-12,159.93096923828125,162.65932226050404,159.81660480685326,160.23484417797403,1720500
2023-09-13,160.75112915039062,162.3750713185666,159.71532773798597,159.88524404188368,2927700
2023-09-14,161.9012908935547,162.58094119725652,160.3688431676922,162.3097332193802,2022000
2023-09-15,157.228759765625,160.9406382291012,156.4314843549527,160.9406382291012,2901000
2023-09-18,157.76463317871094,158.34299180831164,155.70611800042457,156.0230657688379,1722600
2023-09-19,156.4347686767578,157.37907558789047,155.60155053740823,157.2941174320095,1553700
2023-09-20,153.8665008544922,157.80710832242906,153.81422466652674,157.14708218613387,2122800
2023-09-21,151.02706909179688,152.99736548192578,150.95844443748976,152.0301886299629,2532900
2023-09-22,152.2850341796875,153.80442397253847,151.68708135633665,152.46474759421486,2395500
2023-09-25,153.39923095703125,153.53972598925952,150.87018576015566,151.57269083613406,1587600
2023-09-26,150.61395263671875,152.53880332853296,149.94501628518395,152.1518727941664,2349000
2023-09-27,151.94198608398438,153.08640085751634,149.68265253678916,151.84689338211757,2727300
2023-09-28,154.75552368164062,156.3885217218141,151.0009146054422,151.6272206678952,3674400
2023-09-29,155.3162384033203,157.56245304426903,154.83748746100892,156.99515404248893,2802600
2023-10-02,156.09994506835938,157.32962077003484,154.20789266151016,155.6539924875357,2466600
2023-10-03,152.86997985839844,156.81806079989929,151.79114675440326,154.6472752512445,2685900
2023-10-04,154.8997802734375,155.36541182303034,152.4928914655888,153.61435499562205,3280200
2023-10-05,154.14886474609375,155.5359424872082,152.72571631896434,154.93913249750005,1902300
2023-10-06,157.46080017089844,158.22811661268102,152.34206488104923,153.3553164647029,3818700
2023-10-09,157.06729125976562,157.50997150263026,154.61449956993448,155.81139190471643,2082000
2023-10-10,159.08071899414062,160.49729302693018,156.90664539060697,157.55591787065146,1863300
2023-10-11,160.27757263183594,160.60220882344117,158.37240085235996,159.6250279182158,2983200
2023-10-12,160.68743896484375,162.99266020358183,159.13968701835427,160.54315624047504,3051600
2023-10-13,156.31309509277344,161.1957271568087,156.01141025424204,161.00881405055966,2544900
2023-10-16,158.52651977539062,159.11348280004503,156.68692965193594,156.8410444097327,1732500
2023-10-17,157.36898803710938,158.4904517424474,153.57174864698405,155.3621487681736,2450100
2023-10-18,154.5325469970703,155.85731557369462,153.71604043398062,154.68010209432506,2865900
2023-10-19,152.15188598632812,156.35900725421686,151.60426597706893,155.93927832765291,4398300
2023-10-20,149.95155334472656,153.2143065956022,149.67939455344,152.14201807011798,3013200
2023-10-23,149.09902954101562,151.66659343920614,147.47913567646728,149.06295884754562,2846100
2023-10-24,151.12222290039062,151.41734807614628,149.30231183616243,150.00731891259372,2233500
2023-10-25,145.01319885253906,149.62694445839008,144.25244209166226,149.12522716836924,3244200
2023-10-26,144.1508026123047,147.36106403644743,143.49824284379764,145.6559245957933,4508100
2023-10-27,145.70181274414062,147.07904350308945,145.0361487088671,146.1969553470255,2436900
2023-10-30,143.750732421875,145.59033756498624,142.18986078918317,144.66233165111578,2743200
2023-10-31,145.06565856933594,145.43948477694107,142.05541492682323,143.875325914466,1911600
2023-11-01,148.47923278808594,148.613683526587,145.08204374754928,145.08204374754928,3542100
2023-11-02,151.85348510742188,152.93887819625152,149.8761717339049,151.4271964764312,2726700
2023-11-03,155.84417724609375,156.97548789311153,153.25039011695125,153.5356682737914,2326800
2023-11-06,155.5556182861328,156.52952688239037,154.0832947297153,156.096678617387,1740000
2023-11-07,156.5458984375,157.23124143567765,154.9751950188279,155.2145704660088,1556400
2023-11-08,156.70330810546875,157.43782615427025,155.62118752961806,156.6934761041207,2233800
2023-11-09,155.95240783691406,159.6020923418903,155.63761862681673,157.72641638285532,2383200
2023-11-10,162.24179077148438,162.74676542117805,157.25421855590167,157.90676330699358,2229000
2023-11-13,160.6612091064453,161.212101353128,159.6151592973288,160.96616624223836,1956000
2023-11-14,166.60302734375,167.09816994766095,164.43878613136044,164.7240792960343,2765100
2023-11-15,167.8130340576172,169.06566116083567,166.5472876109888,167.63924028416199,5104800
2023-11-16,167.89498901367188,168.39341893371937,166.54398199382442,167.1079936130343,2275500
2023-11-17,169.07550048828125,169.40342404497457,167.09818718824732,167.37363336902743,1815300
2023-11-20,171.56765747070312,172.1546205468089,168.83613188736888,168.89188159620596,1482000
2023-11-21,168.3606414794922,170.1608886158302,167.49495994094292,170.1608886158302,3018600
2023-11-22,168.89840698242188,171.56762264281673,168.42621575062674,169.48536993937532,2044200
2023-11-24,169.019775390625,169.20996085703737,168.29507419623485,168.88859695408374,516600
2023-11-27,168.7836456298828,170.21662609598954,167.97369884376252,168.39342774463904,1816800
2023-11-28,167.79664611816406,168.68527900964187,166.44891125057393,167.81631012302614,1852200
2023-11-29,169.61654663085938,172.16443109487105,169.33126847135154,170.17399861768612,3665700
2023-11-30,168.43275451660156,170.0526479326036,167.07520289636167,169.8821415265807,2419500
2023-12-01,169.22305297851562,169.53784214777494,166.25215232567908,167.56052905354852,1719600
2023-12-04,167.32772827148438,167.66875615656477,164.91427937765124,167.49823470867915,1810500
2023-12-05,166.37677001953125,166.81945030037556,164.99625180214392,165.7242252713415,2568300
2023-12-06,165.35040283203125,168.88858784027198,165.15694504522367,168.79349511219735,2683500
2023-12-07,169.78379821777344,170.30846691214708,166.24234082084376,166.9080049389651,1916700
2023-12-08,171.1249542236328,171.87259164308088,169.311587860342,169.38372923480478,4207200
2023-12-11,176.96182250976562,177.5127148406516,172.54482183920658,172.72844761260515,3977100
2023-12-12,178.23741149902344,178.26365018707304,175.75838085252477,176.0698977250038,2226600
2023-12-13,180.98204040527344,182.01497108701955,177.60125751837325,178.26364929208012,5724900
2023-12-14,185.9990997314453,186.52376834732502,182.4445235220738,182.4445235220738,3372300
2023-12-15,186.69100952148438,188.7896540432916,186.28767229023512,186.5434394314058,3956100
2023-12-18,186.17291259765625,186.9959787864981,184.47760519745563,186.6877342543295,2272200
2023-12-19,187.1664581298828,187.54355664540606,186.20239666345975,186.43849978226658,1910100
2023-12-20,181.61807250976562,186.84875096685778,181.61807250976562,185.76777597111877,3355800
2023-12-21,186.64505004882812,186.98675017596753,184.68024799728605,185.54437225912272,2589300
2023-12-22,187.2430419921875,188.36343771185932,185.90908930979944,187.53545515291214,2363400
2023-12-26,190.55165100097656,191.30733493543394,188.10058134595872,188.10058134595872,1906500
2023-12-27,191.04119873046875,191.7476107065941,189.98652901913687,191.42233452264622,1877400
2023-12-28,190.68307495117188,191.84946388129393,190.4333611446856,191.48475207659084,1053000
2023-12-29,189.2834014892578,191.1036214763135,188.26485858631045,190.7224857030144,1452300
2024-01-02,182.4657745361328,186.079939084697,180.9149711345271,186.079939084697,3256800
2024-01-03,178.54605102539062,180.25456681056164,177.8396541374533,179.23931774782514,4069800
2024-01-04,177.04452514648438,178.84502719512955,175.33273067170737,175.72699658241962,3737100
2024-01-05,178.0269317626953,179.59088046217485,176.81784348035225,177.3763944386975,3888900
2024-01-08,183.82601928710938,184.3057140223604,179.20317823218681,179.2524652343633,3202200
2024-01-09,183.888427734375,185.30123650150708,181.48008774772688,181.75278307701706,2944200
2024-01-10,183.27072143554688,184.34510874702622,180.9543680206333,184.30568817498227,2821800
2024-01-11,183.94757080078125,185.14352883129078,180.35312410642138,183.53030828282374,3692100
2024-01-12,183.13601684570312,185.0876736874328,182.24891103784796,184.1939802368419,2277000
2024-01-16,185.73167419433594,186.98678582097145,182.4198038505955,183.362769441291,4151400
2024-01-17,184.0297393798828,184.24659017434556,180.9084144925444,183.8358851775087,4971000
2024-01-18,190.10476684570312,190.35446556024422,187.091868044697,189.13880491693536,3552000
2024-01-19,197.5401153564453,197.79638671982,191.52088925619938,192.49999656791536,5326800
2024-01-22,198.1873779296875,200.7764271498458,196.3704366371353,199.17635168650028,5288400
2024-01-23,199.5015869140625,199.73815548223556,196.3769837308099,198.25963577178464,3282000
2024-01-24,202.40609741210938,205.0969995638448,200.22445924263212,201.80483201876217,6283800
2024-01-25,201.84423828125,206.26665236967804,200.82569542460413,206.13193657447454,3916800
2024-01-26,196.40330505371094,199.05806533984142,195.72318347341056,197.7142612081497,5781300
2024-01-29,198.44691467285156,198.44691467285156,195.35188072220737,196.79096479846993,3467400
2024-01-30,195.38148498535156,198.4699468880154,194.56664758651925,197.26084351703642,3059100
2024-01-31,192.5525665283203,196.07472962658903,190.83419937738515,192.34556714014585,6573600
2024-02-01,193.5054168701172,193.98511167715617,190.97222701418326,193.33128046590645,3464100
2024-02-02,195.9761505126953,196.42956985386513,192.9731178336886,193.4988057234477,4801200
2024-02-05,198.65390014648438,199.64287376720134,195.4701586058109,197.64851758013285,4735200
2024-02-06,196.3375701904297,199.37017208799492,194.13293575071322,199.21575352505698,3624000
2024-02-07,199.34059143066406,199.52787299637072,195.67058264402647,197.7273710052147,4839300
2024-02-08,202.76748657226562,204.23286113618042,199.89258200725877,199.96815941856607,2760900
2024-02-09,206.80548095703125,207.13403588412754,202.80362328790434,204.00286005201625,3518700
2024-02-12,206.43092346191406,210.25208730593278,205.59967721756732,206.828483206736,4299900
2024-02-13,202.18922424316406,204.37743477422347,199.46875319603026,200.4445816891615,6551400
2024-02-14,206.7562255859375,206.86137220286116,203.89118707865603,204.78158685958832,3236400
2024-02-15,206.55909729003906,208.35304209979108,205.64242211427222,208.10004949738288,2845500
2024-02-16,205.38937377929688,209.70336197651503,204.78153594211037,208.10984441205932,4103100
2024-02-20,201.93296813964844,204.19346243350563,198.82150970401668,203.46405385463999,5547600
2024-02-21,201.4696502685547,201.51893726268324,198.5947460675502,199.64943058884134,4471500
2024-02-22,211.39878845214844,212.5388870271153,208.4745964631855,209.40113805932626,6676500
2024-02-23,209.11854553222656,213.55739865259744,208.00473753567906,212.46329342393162,5105100
2024-02-26,211.18191528320312,212.1248807685413,209.7132468405946,211.22790846385521,3759000
2024-02-27,210.97164916992188,212.74258224993343,210.4262434127797,212.20047031461556,4560900
2024-02-28,208.59945678710938,209.7132649254066,207.62034942102994,208.63559858653315,2923800
2024-02-29,214.25064086914062,214.68106360683078,210.52477242560744,211.18517608726225,3382800
2024-03-01,223.36817932128906,224.33086253492277,216.48156591194055,216.7279858624487,6123000
2024-03-04,225.56297302246094,228.03046646633527,224.31772800577713,225.84553477969504,7328400
2024-03-05,221.14056396484375,224.38344412430214,218.71578486326953,222.8359345470186,7260000
2024-03-06,226.57496643066406,228.9570313224027,224.0582007694395,225.7469988826292,5531700
2024-03-07,234.3453826904297,235.2916419575026,229.31840947464883,229.45640405106772,4799600
2024-03-08,224.86317443847656,236.57304215415178,224.70546203496272,235.13395783286506,10483000
2024-03-11,221.87655639648438,223.54234283036328,219.33350039359917,222.2708223490617,4499800
2024-03-12,226.47967529296875,226.59795206831816,220.78244666265266,224.71529984583762,3598400
2024-03-13,220.95986938476562,224.11404217100244,219.6193440705797,223.79863241251988,3264600
2024-03-14,217.18470764160156,221.620267234189,214.99649703936922,220.3684645781728,4662100
2024-03-15,215.6273193359375,218.19994435516915,213.9911022097503,214.28679413357384,4105300
2024-03-18,215.45974731445312,220.14172643925102,215.2428965517664,219.3137590036909,3143300
2024-03-19,213.65597534179688,214.5726654939087,209.60483024439122,212.66044403105454,3558700
2024-03-20,217.29312133789062,217.8648174594431,212.44357824917907,214.16851799789944,3386600
2024-03-21,222.18215942382812,226.2275819274232,221.7677527129056,224.34300624593314,4059800
2024-03-22,222.4485626220703,224.07660506994003,220.47518878633556,221.17574312250633,2658900
2024-03-25,221.58030700683594,223.59314186407755,218.75838158218866,219.29118593816034,2283500
2024-03-26,219.91278076171875,223.85952835583058,219.8634434056629,223.17871198694274,4414200
2024-03-27,222.6754913330078,222.75442809131954,218.4524726250367,222.38935875781908,4161700
2024-03-28,222.91229248046875,223.97791609057285,221.91574417692672,222.41894905295646,1794300
2024-04-01,225.2606201171875,228.36867780007137,223.05043606238638,223.05043606238638,3000900
2024-04-02,221.78749084472656,222.26109636392405,219.43917109197372,221.55068055730382,2383500
2024-04-03,222.40908813476562,223.9680551760993,219.1826178955609,219.2122172968305,1860600
2024-04-04,216.11402893066406,226.11903342166775,215.65028488658527,225.46781645904898,3744000
2024-04-05,218.67941284179688,220.0311690175056,215.67001491809629,217.07110844776335,2428300
2024-04-08,219.2418212890625,221.12639683947162,218.36367056983397,219.97197499884402,1866900
2024-04-09,221.59999084472656,222.30054511632443,217.8209784909434,221.45199384294693,3170100
2024-04-10,217.55458068847656,220.45542727022155,216.31134566922563,217.89991203943276,3610500
2024-04-11,222.46827697753906,222.86294568056223,217.13029770475083,218.92607493149202,2455300
2024-04-12,215.1668243408203,218.80768643682435,214.74254113535736,218.5412918079091,3210400
2024-04-15,212.44354248046875,218.9063443352439,211.38779538380172,218.10713039859723,3170800
2024-04-16,214.0518341064453,215.0977196923765,211.65417738369092,212.53232802241104,2452300
2024-04-17,207.5594482421875,214.54519300993627,207.10556566260513,214.20972309126262,4798600
2024-04-18,203.87913513183594,207.43119922011604,203.22791811284097,206.0794428777328,5372700
2024-04-19,195.74880981445312,203.37589519270696,194.8015837837483,202.07347633809073,6406600
2024-04-22,198.97528076171875,200.4059737332588,195.38374110400193,197.7715215580554,4493800
2024-04-23,203.1292266845703,204.106052132715,199.80409665920936,200.34677746373418,3645400
2024-04-24,205.76368713378906,209.6709740272046,203.98766269242984,208.56588947602148,4077600
2024-04-25,209.58216857910156,210.9832621740121,204.17511351318788,205.27033657721867,3902900
2024-04-26,214.01239013671875,214.92015536570847,208.84216023396064,209.32562719639998,3812600
2024-04-29,215.6404571533203,215.84765300204614,212.1081157180492,213.63748365217336,3247300
2024-04-30,211.14111328125,217.0710955159954,211.08189942663958,214.70305322353374,3583500
2024-05-01,204.0073699951172,210.99311477886607,202.85294817422792,207.21410229391404,7023200
2024-05-02,208.59548950195312,209.3355047066097,203.7705909698181,207.50026639683546,3955500
2024-05-03,213.29209899902344,214.51559613853203,211.624595778899,212.97636702938541,3467100
2024-05-06,217.7223358154297,217.74205871344046,214.26893165197794,215.10760648685638,2441500
2024-05-07,215.7982940673828,218.62021914533767,215.7982940673828,218.03806244406692,2859500
2024-05-08,216.00550842285156,216.21271930984454,213.48945365269898,213.71640249455993,3212000
2024-05-09,215.19642639160156,216.4199085545105,214.17026354877387,216.01536329809483,1874300
2024-05-10,217.3079376220703,219.4589079298691,216.35085008345584,217.55460935767923,3079200
2024-05-13,217.7617950439453,219.12342777890694,217.39672571005158,218.2551384921897,1843200
2024-05-14,221.3829345703125,221.57040748990707,217.3868646764166,217.5940604939126,2149400
2024-05-15,227.5990753173828,227.74708739221003,222.4979056291484,223.7312643078022,3106200
2024-05-16,226.48410034179688,229.34550133389476,226.40517864018116,227.5497239813733,2878400
2024-05-17,225.201416015625,228.31933507404355,223.4056386904043,227.92466634937693,1806100
2024-05-20,230.15457153320312,231.59514097322278,225.80329392309054,226.21770059759427,2555300
2024-05-21,229.41455078125,229.78949659667623,227.007047548542,227.115568647064,2178700
2024-05-22,232.10824584960938,232.71012549732944,229.710588708294,231.54582705579716,3488500
2024-05-23,230.8057861328125,237.71259408243816,229.06922269693936,237.62379587929811,4704800
2024-05-24,235.38401794433594,236.16350900493757,231.87141508639866,232.89756280953046,2450100
2024-05-28,239.36036682128906,240.386529608575,235.67016752238163,238.13688472460188,2824200
2024-05-29,234.4170379638672,235.99572771763198,234.1012909797273,234.95971868307956,2061100
2024-05-30,232.78904724121094,235.15710497855022,231.5655650464514,234.48615001682722,1536800
2024-05-31,230.8946075439453,234.20001484576235,224.47128092519606,233.62773460859398,2991000
2024-06-03,231.26954650878906,234.78214953405592,227.1353259062972,234.63415251835832,1815900
2024-06-04,229.46389770507812,231.2399370947987,227.71745771721564,230.88472921685457,2246900
2024-06-05,239.49850463867188,239.65637815445655,232.71997052091797,233.54878389531683,3749400
2024-06-06,237.53500366210938,239.73531117735746,235.7589642763196,239.73531117735746,2261300
2024-06-07,236.8245849609375,238.33421465616243,235.17681970718368,237.6336603592789,2052600
2024-06-10,240.238525390625,240.91934176958068,234.66375035376183,234.98935884176876,1824300
2024-06-11,240.43609619140625,240.7720088454132,236.612755036272,238.983816280186,1662100
2024-06-12,247.21340942382812,248.1322058759796,244.19030091483774,244.71391042391957,3101600
2024-06-13,249.900634765625,251.01701721634657,246.5021022332106,249.0213644944351,3469400
2024-06-14,249.0015869140625,249.73267145235556,246.7194369649294,247.77654507807583,2567600
2024-06-17,252.93362426757812,253.40784863938586,247.5987282208962,250.6712372420906,3057900
2024-06-18,256.1543273925781,257.5078069491443,253.39795294947135,253.90181444705073,3071500
2024-06-20,249.19918823242188,256.98418258233585,247.79630850166367,256.5297364409507,3921500
2024-06-21,246.76882934570312,249.64375208010887,243.9630699771694,247.1244900455764,3156800
2024-06-24,239.7247772216797,246.03774329899858,239.59635466060828,244.54595221776069,3958300
2024-06-25,243.4098358154297,243.54814747941717,238.8751578910984,241.6512953412285,2551800
2024-06-26,242.46139526367188,244.67439689892154,239.78407347142513,243.24188004690507,1933800
2024-06-27,241.21661376953125,243.77538726613577,239.77420768205758,241.9872095324095,2363600
2024-06-28,243.65682983398438,248.42860500710785,241.72045140111234,242.88623409917847,3851300
2024-07-01,243.6469268798828,243.9334392963053,239.0529898702325,243.5185043146138,2330400
2024-07-02,247.07513427734375,247.15417167763852,242.04649839797662,242.24408436129215,1617400
2024-07-03,251.19482421875,252.49891851175008,246.37366413741864,247.69750647133782,1392200
2024-07-05,251.68881225585938,253.73385015647477,250.226658170289,253.19049257540914,1823900
2024-07-08,256.4606018066406,256.76686230033107,253.59556775132248,253.6153157945758,2295500
2024-07-09,256.3420104980469,258.92053167291243,254.03022353619792,257.60657849810985,2374700
2024-07-10,262.2893981933594,262.79325957954734,257.43858666361035,258.713043620022,3075800
2024-07-11,253.6647186279297,264.0183609231543,252.88423378745864,263.9294495083689,4689600
2024-07-12,256.7569274902344,261.23231516405536,253.46705520470294,254.73162304201708,2929500
2024-07-15,257.04345703125,260.4518784681758,255.47262850152626,258.1993656510669,3202200
2024-07-16,258.63409423828125,258.97988097041736,254.484713752017,258.3772189258914,2595100
2024-07-17,240.238525390625,250.6020713461027,239.85322753736233,249.70303799687622,9101600
2024-07-18,240.95973205566406,244.53610250282466,236.76096663186823,244.4274279712151,5274000
2024-07-19,233.58966064453125,240.76213414995354,233.19447369701723,240.6238224870338,4983500
2024-07-22,243.2715301513672,243.46911609410236,236.61277684981985,238.6084295435797,4941700
2024-07-23,239.645751953125,242.12548771116096,238.92454147173677,239.9618864166757,2418700
2024-07-24,226.90127563476562,236.99807248439419,226.58514114433214,236.37566244953567,5738900
2024-07-25,221.84298706054688,229.26244638614202,217.9702456165387,224.9648959538771,8437600
2024-07-26,226.60488891601562,228.42271876449584,224.17455320393822,226.90127536439704,3805500
2024-07-29,226.13067626953125,231.9990705755282,225.28104317009667,228.8080132110135,2926800
2024-07-30,217.9208526611328,227.7805369500355,217.17002008532063,227.2272903073486,8083500
2024-07-31,232.54244995117188,232.75979901138632,226.2097202168641,227.93862360276196,7494100
2024-08-01,215.78689575195312,230.3986074029393,212.99101023224316,228.61041469893524,8576300
2024-08-02,204.31686401367188,208.9009273351258,201.74821654918804,206.53973983910444,13105400
2024-08-05,200.7108612060547,206.16430543134967,190.54490117632406,190.76225022966995,9247100
2024-08-06,202.52865600585938,207.9425885405732,199.3079618299766,202.58793027369168,6602300
2024-08-07,196.8874969482422,210.61004852921405,196.45281393357405,208.9503086327354,5292500
2024-08-08,210.4717559814453,210.68910504593416,198.81401926714636,202.99302159828804,6243200
2024-08-09,209.2269287109375,211.10401762312145,206.2334574565966,208.94043137901716,3454500
2024-08-12,210.43223571777344,212.9514978927431,207.76478785744587,209.5430914559445,4365200
2024-08-13,218.9779510498047,219.30397463111274,212.0821008136584,213.3861951388906,4525400
2024-08-14,218.42469787597656,221.83310419727016,214.86810587434687,220.9538339859818,3769900
2024-08-15,228.92654418945312,229.81568837825162,222.32706583815283,223.34466273511234,4332100
2024-08-16,228.4424591064453,229.4205298306855,225.2810389382292,226.82223032805703,3966100
2024-08-19,232.32508850097656,232.36459965761696,224.91550295657015,227.553313601398,2197800
2024-08-20,229.25257873535156,232.71038530730306,227.49403831331773,231.12966770161768,2587700
2024-08-21,232.50291442871094,233.65880798012188,229.83546661200566,230.39860235683798,1832200
2024-08-22,224.55982971191406,234.63686247481175,223.88801948780647,233.84650371256026,2969600
2024-08-23,230.57643127441406,232.16702297095338,226.93091262940624,228.13620646528528,3452900
2024-08-26,224.78707885742188,230.39861315333476,223.96708286546448,229.66752857530446,2148200
2024-08-27,227.27670288085938,228.027535497377,221.11192193918862,223.1569748987481,2024700
2024-08-28,223.17672729492188,227.91886541373842,220.92421432658128,226.328273661329,3480000
2024-08-29,222.53456115722656,228.23500674500642,221.50710522143953,224.36226502574615,4084600
2024-08-30,228.35354614257812,228.95619303576296,224.5400788508335,227.7805363855466,3249700
2024-09-03,210.92620849609375,224.0955140954865,209.7209146701288,224.06587695835958,7214300
2024-09-04,211.61776733398438,214.86811407864062,207.982137805743,208.56502160377502,4435800
2024-09-05,210.48165893554688,213.77151718299558,208.3180572442195,208.65395488423897,3988300
2024-09-06,201.47154235839844,209.0589650008471,200.41444943692662,208.90089024114556,5596300
2024-09-09,205.4530029296875,206.1643093019074,202.0939816352687,204.74168148262663,4078600
2024-09-10,207.6165771484375,207.84381528821828,202.48915670782586,205.8283996148832,2390600
2024-09-11,217.25894165039062,217.68375067272686,204.67251964151367,209.0392337895303,6521400
2024-09-12,216.30062866210938,218.30615532351857,213.03053391098925,216.0635164922233,4739100
2024-09-13,220.1634979248047,220.75625574163192,217.66399886382305,218.18760838569884,5268000
2024-09-16,217.22927856445312,218.33577176938107,214.4235042486384,217.02180355110949,2469800
2024-09-17,217.4960174560547,220.4796146405696,215.59916546038815,219.96587918085586,2304100
2024-09-18,215.0953369140625,221.50710390974217,214.87798785828755,218.51361738244898,4671900
2024-09-19,224.2535858154297,227.28656838046274,221.4577003441755,223.24587794234753,4624700
2024-09-20,220.97361755371094,222.85072176913107,217.78255998479094,222.00108861527266,4550800
2024-09-23,221.83311462402344,222.8309485013219,220.26228603926614,222.0405896610862,2454200
2024-09-24,224.5203094482422,225.87380395231915,221.26997798410517,223.8188771458008,4314700
2024-09-25,226.0672607421875,227.55278614967176,223.67061489816507,223.79935015762916,2191200
2024-09-26,234.1485137939453,236.07970896503576,228.0677635663149,235.42607414132965,5537400
2024-09-27,230.43470764160156,234.89128412874334,229.23639220419187,234.8615748277528,2303600
2024-09-30,228.3648681640625,229.87020482567863,225.1066223815896,227.5725849152358,2693300
2024-10-01,221.96722412109375,228.9689930905903,220.1845905062099,228.27575088245402,3926500
2024-10-02,224.95806884765625,227.43394464440152,221.1056067123825,222.40297832357615,1762100
2024-10-03,225.76025390625,228.6025543417787,223.03679066727292,223.1853371629624,2110700
2024-10-04,228.85015869140625,230.6327923281368,226.18611385534047,230.24655629947407,2685000
2024-10-07,228.22621154785156,230.01874307824465,226.5723284476672,227.38442290427926,2006800
2024-10-08,230.47430419921875,231.28638352088203,226.73078157992254,228.226204970616,2508500
2024-10-09,232.88084411621094,233.2076614964816,228.65205963106823,230.24652406184913,2019100
2024-10-10,231.24679565429688,232.52434089555499,228.42429124730253,229.7513721375457,1886400
2024-10-11,233.18789672851562,233.9108482424536,229.43446049317475,229.55329769778186,4572900
2024-10-14,237.4860076904297,237.9712696716145,234.52485481925677,234.67341643289117,2142500
2024-10-15,225.16604614257812,238.14953925673694,223.54187224544555,236.93141261177414,6421200
2024-10-16,225.16604614257812,227.89940754656814,224.22521637432965,227.89940754656814,3776600
2024-10-17,226.93875122070312,231.61320555767526,226.93875122070312,231.04871377945267,2407800
2024-10-18,227.14674377441406,229.07792382317828,226.21581208127998,229.06802576040633,1643700
2024-10-21,226.7209014892578,227.32501581552597,223.79937093889762,226.23563948247585,2034300
2024-10-22,225.87908935546875,226.6020408148082,224.0964558632554,225.48294018411815,2476400
2024-10-23,223.85879516601562,226.30496183451868,220.7193862478766,225.45325989595227,2260000
2024-10-24,225.1066131591797,226.00783550669215,223.4032095330303,225.86918707719371,2247900
2024-10-25,227.36460876464844,230.82093652495422,227.15662856621853,227.23585839840396,2209600
2024-10-28,227.50326538085938,229.07791868440952,226.166286470874,227.2853871123944,1508500
2024-10-29,233.09872436523438,234.17821758017388,226.65154993073344,227.70131873671676,3135000
2024-10-30,224.8788299560547,228.5134134217384,224.78968695217526,227.07739352469582,4324400
2024-10-31,216.1538543701172,222.81892287218065,214.47026185647184,222.7297798590312,6120800
2024-11-01,218.45147705078125,220.61043351116356,217.19372790363786,217.89688328523522,2130100
2024-11-04,217.19371032714844,220.31332267320911,216.39152904464714,217.80772264480711,1727700
2024-11-05,219.72901916503906,219.92710131692624,217.0253670411001,217.2927658569106,2273700
2024-11-06,226.13658142089844,226.95857397436265,222.1454709641389,224.17569207941355,3644000
2024-11-07,230.85067749023438,231.15768368735093,229.0878550390415,229.59292828801898,3154600
2024-11-08,229.12744140625,230.93978423220153,227.91921285561565,229.5929072468163,1769200
2024-11-11,223.393310546875,226.96846040069462,220.6302249190578,226.96846040069462,4250400
2024-11-12,220.95703125,222.9773389862769,218.02558804177556,222.6109142520781,3259700
2024-11-13,216.26280212402344,219.98652912915242,215.8666680267552,219.36260356998514,3057500
2024-11-14,216.13404846191406,219.23383453255343,215.7378992868088,218.3722346329616,2523600
2024-11-15,209.1719207763672,213.58887522762436,208.55789323448093,212.4994988225586,4748200
2024-11-18,211.8755340576172,212.26177004911455,208.21124116954417,209.11244840867437,2422300
2024-11-19,212.28160095214844,212.73715364507038,210.41973748138855,211.2714393763588,2363400
2024-11-20,210.6574249267578,211.61805084233492,207.626940229252,211.01395164931458,3995000
2024-11-21,213.99490356445312,215.16350971366077,208.86488093844366,212.97484392182375,4245400
2024-11-22,214.08401489257812,214.60889932391058,212.48955036205533,213.5393192247202,2672600
2024-11-25,216.1736602783203,218.17417209707494,214.78717591574554,216.8570043968558,2787700
2024-11-26,213.37095642089844,218.461356055648,211.70717526940618,217.8770530401748,2783900
2024-11-27,210.5088653564453,212.34101952574625,206.8742814305966,212.18255984494843,3122300
2024-11-29,213.32144165039062,215.91616962801024,212.01418715483172,212.0537945164656,2505300
2024-12-02,218.92681884765625,220.32321629503852,214.43063546441286,214.6088912518003,3707000
2024-12-03,217.68890380859375,218.92684172216934,216.9065336962946,217.53044412888485,1914900
2024-12-04,220.57083129882812,222.15539790443765,219.00607593146415,221.98702504667094,2681200
2024-12-05,216.40142822265625,220.51139083725042,215.78741590183193,220.1845734405565,2422000
2024-12-06,217.7086944580078,218.25339011077926,215.8963517105385,216.49056789747922,1822900
2024-12-09,216.65892028808594,219.4021794972624,215.28233409673922,216.39152149939412,1574800
2024-12-10,211.5091094970703,217.46110904115145,210.14242132056913,217.31254743717994,2566600
2024-12-11,216.82730102539062,218.1048462864395,213.32145243745316,214.63862017368533,3233900
2024-12-12,215.14370727539062,216.0746238752154,213.3808849284926,215.29225377761094,2680200
2024-12-13,221.14524841308594,222.49212556806938,217.88698711884277,220.1548980082907,3720600
2024-12-16,225.24525451660156,226.37425315322568,220.2439829263243,221.84834543322566,4774000
2024-12-17,222.0592498779297,224.350563302101,220.75984807533004,223.0214053616838,2397300
2024-12-18,213.84620666503906,225.32263052235535,212.2194723342882,223.52727304495357,4426000
2024-12-19,210.2554931640625,214.80836356122595,209.73969491844258,214.3421639203449,3255700
2024-12-20,213.08245849609375,216.01850837446264,208.5990137984348,209.1048832688333,4681100
2024-12-23,219.52987670898438,219.807610738731,214.71909952342762,214.71909952342762,3044300
2024-12-24,221.7914276123047,221.87076721681433,219.55962663508708,220.97805288007493,1252300
2024-12-26,221.72198486328125,223.1304974309015,219.8968712659735,220.18451895241168,1303500
2024-12-27,219.84727478027344,220.91854106780696,217.07984822233868,220.39282915846675,1933000
2024-12-30,215.52255249023438,217.53613183911187,213.92557419953462,216.0780205678047,2566900
2024-12-31,213.74703979492188,217.05010729575864,212.90390886632832,216.16729142667802,1354500
2025-01-02,215.0662841796875,218.43877762517056,213.221327965651,215.91931364081535,2409100
2025-01-03,220.67056274414062,221.2359444546989,216.19704712254833,216.4846948111887,2623200
2025-01-06,227.05848693847656,229.9251108438053,225.42182372482324,225.42182372482324,4176500
2025-01-07,223.9636993408203,230.01436577232,222.74365238788047,229.82590015857951,3694800
2025-01-08,221.73191833496094,223.63640197702446,219.3215803474707,223.22971457765829,3141400
2025-01-10,216.43511962890625,219.09345072898748,215.02660689807698,218.95458370300068,4038000
2025-01-13,215.77053833007812,216.07802851751958,211.9318451178489,212.12031075153766,2310000
2025-01-14,217.18896484375,218.96447990116633,214.37192447147254,217.5758097520904,1492800
2025-01-15,221.4045867919922,222.8329267300032,219.8770345080946,220.6804804530287,2900200
2025-01-16,221.73191833496094,225.94754274771358,221.72200466742893,225.41191712895028,3029500
2025-01-17,227.88177490234375,228.45708544272452,225.52102046687955,226.7311538215822,3785500
2025-01-21,230.56985473632812,232.68263134577288,227.94129497815953,229.93503190027778,3201500
2025-01-22,233.9026641845703,236.41219923816448,232.4247256364275,232.93059508684715,3461100
2025-01-23,233.46620178222656,233.4761305837292,229.31009023127746,230.1532210491232,2567100
2025-01-24,228.7744903564453,233.5753388582585,227.8520198352863,233.5753388582585,2229900
2025-01-27,210.83082580566406,217.83371968518964,208.04355647005292,217.2286529687659,16943600
2025-01-28,211.7731170654297,213.03284897861687,207.28967259738232,211.89214160875252,9118300
2025-01-29,212.64599609375,214.4314247180364,210.43402251092,213.81644442013192,2430800
2025-01-30,216.9707489013672,218.2106384017594,214.01484143496583,215.25473093535805,4653800
2025-01-31,216.3656768798828,222.47584068413644,215.711011607344,218.21063301634794,3867800
2025-02-03,212.4674530029297,215.09602771664194,209.25366923701134,210.67209550201966,3646800
2025-02-04,214.64967346191406,215.5126468832589,211.70369467177434,211.99135752401278,3742300
2025-02-05,218.80577087402344,219.25212805606114,212.74519054044876,214.0842772219314,2200500
2025-02-06,218.51812744140625,218.9148860253234,216.117703197357,217.27823794745294,3111700
2025-02-07,215.11585998535156,220.28372598810307,213.64783508161983,219.0239940408234,3297400
2025-02-10,217.9229736328125,218.4685280352298,216.65332800647934,216.68308414339575,2698600
2025-02-11,218.121337890625,219.38106976295234,216.12760117778888,216.12760117778888,1549700
2025-02-12,218.35939025878906,218.43874499258175,214.20327878052524,214.6893208492425,2017500
2025-02-13,221.03756713867188,221.18636295304574,218.11143108041577,218.17094335201764,2546800
2025-02-14,221.26571655273438,221.96005161012474,220.12500918989315,221.01773866542572,1566200
2025-02-18,224.9258575439453,225.63012140374056,221.66247520524564,222.88252217337947,3605000
2025-02-19,228.6653594970703,229.74653941193625,224.4298931057696,225.3126937454424,2635700
2025-02-20,229.2010040283203,231.55182950624317,226.89976201849993,230.12347448433655,2642300
2025-02-21,222.16836547851562,229.97472039807104,221.32524966350186,229.88543684735268,2947000
2025-02-24,216.950927734375,223.5173783299089,216.77237575839376,223.15037584507434,3372800
2025-02-25,212.47738647460938,217.44685804783322,211.8524773351169,216.68308189238346,3514200
2025-02-26,216.17721557617188,218.0221717494833,213.83630360503878,215.19521764775183,2562600
2025-02-27,203.58982849121094,217.72456688828646,203.26249589103452,217.40714795404224,4349100
2025-02-28,206.83340454101562,208.35102803028084,201.47707298887124,203.7088740184224,3722100
2025-03-03,199.52301025390625,209.93808194783898,197.7078253635176,209.799214930668,5067800
2025-03-04,200.6339569091797,205.9406747117833,195.10900221562173,199.17584569475704,5487900
2025-03-05,204.9586944580078,205.61334459741363,198.94771270958023,202.8855877545525,3312100
2025-03-06,196.43817138671875,202.07223728227225,195.73392260938095,197.9657237637141,5088700
2025-03-07,202.201171875,202.88557811844683,194.8907735912902,197.19201561076505,3713300
2025-03-10,192.84742736816406,198.6600292235563,190.01055994108796,197.21184694424852,5410800
2025-03-11,190.56605529785156,194.72216740091565,187.58040677497894,192.94665226341058,3776600
2025-03-12,194.49403381347656,197.08292376769174,192.74827479711843,195.10901417945163,3143000
2025-03-13,193.52195739746094,197.62847077749626,191.6174738242138,194.4841128512583,2504200
2025-03-14,199.49325561523438,200.07849496055053,196.7159152509569,196.89445207350195,3696800
2025-03-17,202.7864227294922,204.5916940850838,198.5906406344762,198.68982271951657,2743100
2025-03-18,200.09588623046875,201.66511174650137,198.81467611741448,200.73152053970952,2470800
2025-03-19,201.72470092773438,205.0220491846824,198.63591189163083,200.12568123081803,2330800
2025-03-20,200.11575317382812,202.33053932909496,198.99345543176074,199.15236779704264,2265900
2025-03-21,198.0201416015625,198.77495259651917,195.03066148613428,196.5899606387249,2873400
2025-03-24,203.89976501464844,205.25048981127958,201.94320008523306,202.1815686333623,3947000
2025-03-25,202.79733276367188,204.30696990828633,202.1716248037578,203.65146777453987,1419100
2025-03-26,197.11634826660156,202.6682183637018,195.10019497441868,201.83395117136078,3595300
2025-03-27,193.23300170898438,195.6960826334869,192.061057169526,194.53406443336212,3545900
2025-03-28,187.39309692382812,192.91518755998746,186.16156406822685,191.97165493065916,4122300
2025-03-31,186.8865966796875,187.01571487247588,180.8778572884611,183.44026238132966,3843000
2025-04-01,186.9859161376953,187.05543082500472,182.54640238392602,186.17150164107287,3108800
2025-04-02,188.18768310546875,190.7103680005237,183.47007958580042,184.1255818172449,2784800
2025-04-03,169.19808959960938,179.90456525591625,168.8306179703242,178.52404611744163,9982600
2025-04-04,156.5548858642578,164.63936620370168,153.55547959933898,162.80197810871692,13988400
2025-04-07,160.1700897216797,169.25767764582156,147.29847452257133,150.9931041095969,18686500
2025-04-08,153.80377197265625,168.69153755222942,150.0793489930343,166.49660427483056,11023300
2025-04-09,182.3676300048828,184.29440081879744,153.88324686620768,155.03533881850765,23539500
2025-04-10,167.45999145507812,174.45196827301325,161.2824139240952,173.36940628518047,14499000
2025-04-11,171.08509826660156,171.92930691854954,163.2985744848155,165.84111162542183,9890900
2025-04-14,172.21731567382812,176.33901960635342,169.62511662628876,176.33901960635342,5657400
2025-04-15,172.92247009277344,175.42528648419662,172.06833518207353,173.13104443985674,3201100
2025-04-16,166.24832153320312,168.42338713667382,160.72624575080675,165.19555365227797,10205000
2025-04-17,165.41404724121094,167.5990390902592,163.68590947133794,167.4202740561601,4921000
2025-04-21,162.52389526367188,162.78211648192988,159.1669436527342,162.02730550606412,4769700
2025-04-22,165.68222045898438,166.87403289274337,163.49721331658935,164.10305345066845,4996000
2025-04-23,171.8896026611328,175.931835800062,171.17451212837318,174.0547269402475,7323800
2025-04-24,181.7816619873047,182.30804596585676,175.33592089173328,176.5873368937174,6873400
2025-04-25,183.5495147705078,184.85057758857423,179.42782559750313,179.96413589975063,4224900
2025-04-28,183.2217559814453,184.49302457114786,179.20931733670608,182.63578369418119,2875400
2025-04-29,181.2652130126953,183.28136649590073,180.01381210561848,180.9970654177838,3527000
2025-04-30,182.5861358642578,183.12246134029704,175.5643639020501,176.78597057902226,3580500
2025-05-01,182.33782958984375,186.07219438954053,182.21865289358695,184.73139593778262,3997600
2025-05-02,188.73391723632812,190.56136405410092,186.54892515814603,186.66810186004315,4581400
2025-05-05,187.2838897705078,189.16099866168292,186.6482402599078,186.90647666226866,3323200
2025-05-06,185.4961700439453,186.96607170299012,183.01322088454305,183.99645905264617,2844600
2025-05-07,188.7438201904297,189.28014559194963,183.54949579520053,185.30742770395753,3001100
2025-05-08,190.43226623535156,193.7097468651643,189.17092387171041,191.19700363312475,3457700
2025-05-09,192.6172332763672,194.29570904411048,190.96855168103335,193.15354353445406,2808500
2025-05-12,206.45220947265625,207.9618464949717,203.59186293345147,205.38951533105282,10675600
2025-05-13,212.3020477294922,213.35483074564576,206.9885464156008,207.27656180695521,5693600
2025-05-14,213.32504272460938,215.22201942538544,211.75583226989386,213.74219149884013,4162800
2025-05-15,211.95443725585938,213.53358899782768,209.4714885465823,211.23934681521027,4216900
2025-05-16,211.6763458251953,212.10340572411013,209.2430439937772,212.10340572411013,2521500
2025-05-19,210.4051055908203,210.94141590997882,206.75019676032454,206.79985877156764,5334700
2025-05-20,210.09718322753906,210.17663940552475,207.98172121319595,208.60741398841915,2968000
2025-05-21,206.25360107421875,212.44110559972356,204.9426119121599,208.319416414319,5007700
2025-05-22,204.34671020507812,208.04133966514888,204.17787148544332,206.11456874562916,5397300
2025-05-23,201.17845153808594,202.27095512840467,198.56638441605324,199.10270987119793,9527500
2025-05-27,207.86253356933594,208.79612473613832,203.86996283920874,205.54843864062366,6057600
2025-05-28,206.81973266601562,209.02459266828413,206.33306918912479,208.40881098932215,6769200
2025-05-29,207.66387939453125,211.7160532096975,206.3330226210147,211.57700869835568,8600400
2025-05-30,203.54222106933594,206.45222990041276,199.74826788298853,206.40258304627983,10781000
2025-06-02,206.61114501953125,207.40569170757004,202.89664796691258,203.0257661607002,6034900
2025-06-03,212.1630096435547,212.67946725049498,205.3001505022732,206.73031631771855,8905100
2025-06-04,215.3213348388672,216.13573420971704,212.08355972613097,213.92094800132364,7339500
2025-06-05,214.41754150390625,218.77759930645956,212.94763995111376,216.9799466697513,10941600
2025-06-06,215.8576202392578,218.72790827300093,215.7285172146407,216.51312232011108,7582100
2025-06-09,220.94273376464844,222.87943089480495,217.6354439786653,217.83407686168078,7712000
2025-06-10,225.7695770263672,226.52438801010075,221.469107862092,222.01534447738086,7676200
2025-06-11,225.01475524902344,228.23266242992923,222.74038075946766,227.3387917467635,10405600
2025-06-12,225.3226318359375,226.44492953798158,223.0681252471089,223.40580264525283,5149200
2025-06-13,219.4529571533203,223.0482622275825,218.7974550217989,220.47593086400505,10484600
2025-06-16,226.3836212158203,227.51832569718755,222.20313182067352,222.5514970773174,5772500
2025-06-17,224.5919952392578,228.57341689936726,224.43273472775303,225.39823069536305,7290000
2025-06-18,225.5076904296875,228.12547968345223,224.05448022210618,225.79635196691802,6657600
2025-06-20,224.06442260742188,228.0159841944494,221.1281276355887,227.727322664562,8202300
2025-06-23,225.4579315185547,226.8315267413254,220.82953528483515,223.9748617893075,7115100
2025-06-24,234.008056640625,234.26684357257906,229.3896082705844,229.49909797024148,7017500
2025-06-25,236.1082305908203,236.13809003392643,233.70942074185632,235.560782154015,5252500
2025-06-26,237.9595947265625,238.53688742516525,236.07835866184976,237.92972009519832,4350100
2025-06-27,237.75057983398438,240.10956715658017,235.2721395414413,238.1984867045141,4520500
2025-06-30,237.59132385253906,239.05449746191047,236.4566193379161,239.05449746191047,4925300
2025-07-01,236.51632690429688,238.0690787775401,232.99277574485387,235.60060183002307,10892900
2025-07-02,241.0153350830078,241.9907790379434,235.89920937744407,235.98878771058864,5979000
2025-07-03,242.20974731445312,243.0657534526068,241.57272055033292,242.02062738343187,3069400
2025-07-07,237.6709442138672,241.00539064076702,236.64572944015873,240.16928062169467,4859200
2025-07-08,242.20974731445312,244.2601767368427,238.99475405083984,239.9403385180301,7276200
2025-07-09,242.9861297607422,245.38493966684618,240.75654362015848,242.87664007077305,4415300
2025-07-10,245.4048614501953,246.3703573424148,243.1354524961727,245.27546039621214,4868500
2025-07-11,245.026611328125,245.9224402070349,242.926411046611,243.87199553997436,2649600
2025-07-14,242.69747924804688,243.60325619609227,239.23364713335533,243.0159850392783,5522600
2025-07-15,245.1162109375,248.79903800174256,244.95696561917558,247.63445883927415,6042100
2025-07-16,244.44932556152344,244.5289558149402,238.1089166139036,243.14541243614963,8348900
2025-07-17,245.38494873046875,245.98216800470792,242.7771226213197,244.39954148434927,4801100
2025-07-18,245.58401489257812,247.21639701678487,243.74261665551833,246.79834960316182,3758500
2025-07-21,245.80299377441406,249.0279504859227,245.80299377441406,246.21109310160733,4672600
2025-07-22,242.40882873535156,245.35508717477882,239.5720751769126,244.8972170434122,6871000
2025-07-23,240.9357147216797,241.2741318971678,237.94964865766565,240.5972975461916,5952600
2025-07-24,240.43804931640625,240.9655864662744,238.34781207766025,240.46790876353703,4166800
2025-07-25,240.41810607910156,240.54750712479006,237.98945196960514,238.98480724310758,3511400
2025-07-28,244.60858154296875,244.85742038482326,242.7771313120199,243.0757409598288,6433000
2025-07-29,245.04653930664062,248.37102257476906,243.36438631269465,246.14142109345642,5299700
2025-07-30,246.79835510253906,248.34115892704403,244.72801415947495,247.20645443966362,5300500
2025-07-31,238.91513061523438,244.15069400742365,236.55614342255038,243.9018551832868,9419300
2025-08-01,236.1381072998047,238.4970946051669,231.25090891521762,234.4161316192268,8549000
2025-08-04,239.28341674804688,239.7412868853838,236.66564254161648,237.65103460419056,6189500
2025-08-05,237.62118530273438,241.32390852650533,234.78443158621033,240.6371108851404,5149700
2025-08-06,235.8295440673828,236.35709639429382,232.58469098007726,235.46126743508287,4966500
2025-08-07,239.72137451171875,242.23962228662373,237.78043465191885,240.91579787252508,6073400
2025-08-08,241.741943359375,242.05050108061576,239.17392479368527,239.89058184401344,5301300
2025-08-11,241.28407287597656,245.36502034029309,240.82620277245195,242.64770472574114,4127900
2025-08-12,248.9980926513672,249.2170720386958,241.58269849077067,243.10559092851787,10091500
2025-08-13,252.70083618164062,252.91981558672737,249.87401527631653,250.95896421530756,6022400
2025-08-14,252.95960998535156,253.87533509183837,248.88861021766812,249.19716794847247,5315700
2025-08-15,247.16664123535156,251.09829172581001,246.4698803585296,251.0186614773756,6840100
2025-08-18,247.8932342529297,248.1818805999693,246.33051918112744,246.39023806755523,4978200
2025-08-19,244.0113525390625,248.8786394845688,243.58335703830153,247.91315878947037,3508000
2025-08-20,242.60792541503906,243.50373918049166,235.9987663095392,243.50373918049166,9423100
2025-08-21,241.23431396484375,242.98613384588532,239.88063013333814,241.34380365665365,4581100
2025-08-22,247.93307495117188,250.81961474732717,241.31396756267057,241.99080194995776,6527700
2025-08-25,247.35574340820312,248.47055168673683,246.12151254013918,247.69417575749765,3654200
2025-08-26,249.6848907470703,250.44135533064858,248.351103061298,248.41083713898215,3762000
2025-08-27,250.172607421875,250.4911284207624,247.66432290126392,248.71939713122342,4195400
2025-08-28,251.37698364257812,253.13876677332124,249.73463828750693,251.14805617656816,5060200
2025-08-29,244.1805877685547,247.78376936419977,243.03591997510088,247.78376936419977,8672600
2025-09-02,241.70211791992188,241.80164433247705,237.04384743794628,237.5614364221471,6659200
2025-09-03,240.55746459960938,242.28938831075604,238.11884712192446,242.10026837134203,5473300
2025-09-04,243.03591918945312,243.3842996445776,237.6410948995199,238.9450080058651,11842200
2025-09-05,245.9025421142578,247.34580433334781,242.99610631647238,246.69882943138526,17105500
2025-09-08,247.69419860839844,248.7592209940266,246.41018163071953,247.25623980013333,10290500
2025-09-09,247.9031982421875,248.52031369208692,246.08169614970157,247.95296904670906,9305200
2025-09-10,252.27281188964844,253.02929168032273,250.69020051902834,251.85476446276297,13398400
2025-09-11,254.00473022460938,255.31860655626417,253.43737039378107,253.6264903373905,10286200
2025-09-12,254.45263671875,255.20910130417434,252.9795150785375,254.6218453028087,7144200
2025-09-15,256.60260009765625,256.6424228173583,253.34779900017588,254.0146852699693,7239200
2025-09-16,257.92022705078125,258.3890290766643,255.92532999420877,257.6309888941719,7543300
2025-09-17,257.870361328125,260.0747140057405,254.17980489575257,257.28187036168976,6566900
2025-09-18,266.8872985839844,268.2937046013745,263.46605758408083,264.3836931445475,12601600
2025-09-19,265.181640625,266.7177198208928,262.9274277392849,266.61796888406894,5839100
2025-09-22,269.1415100097656,269.96940929454223,265.89980244922555,265.969631148368,5721400
2025-09-23,268.82232666015625,271.43563658453746,267.2264031403153,270.09905938808714,6068300
2025-09-24,268.41339111328125,269.0717107605347,264.93227523130275,268.05429383309223,7825500
2025-09-25,267.5555725097656,268.2537986268052,261.1320018159656,263.90490739324855,11157800
2025-09-26,268.1440734863281,268.7325949028152,265.0619611979466,267.8448511048205,7244300
2025-09-29,268.2438049316406,272.10392557111413,268.1839604596884,271.02669463626313,5954900
2025-09-30,270.42822265625,270.7573976955681,267.07681042868137,268.164025601543,7091800
2025-10-01,275.6349182128906,275.99401550593893,268.1939608348819,268.69268509098976,9339600
2025-10-02,280.9712829589844,281.81912030982335,278.89657294001034,280.78176530033636,7250000
2025-10-03,279.2456970214844,283.6145266892576,277.7694925987514,282.22808898630853,8629100
2025-10-06,287.6242370605469,291.763672719146,287.6142832744749,290.247531506072,11275000
2025-10-07,281.1907043457031,290.73629359451877,280.8116690533588,290.2375693550577,9952000
2025-10-08,290.796142578125,291.11530296214903,280.7618131597198,281.28047541850714,9301700
2025-10-09,289.4495849609375,290.8659447960057,286.7365238016898,290.33729830437386,7603500
2025-10-10,271.2959899902344,290.8858918571346,270.76734353747685,290.0779610602733,26691200
2025-10-13,284.1431579589844,285.22041941795845,279.62471733426975,282.0584941834026,8703400
2025-10-14,278.3180236816406,284.04336771264843,276.65227147305296,277.78937725131806,8476000
2025-10-15,286.9060974121094,287.2851022678117,281.1208779236747,285.5196294041158,7595200
2025-10-16,288.24267578125,291.5143056129358,285.210423846608,290.3372932598083,7410400
2025-10-17,287.43475341796875,288.9010039600394,282.99609532783495,286.1580205298858,6261500
2025-10-20,292.22247314453125,294.2472922771892,289.7587742594016,289.86847897766404,5832300
2025-10-21,290.5866394042969,291.9531693306817,288.48203781584783,291.75366746764007,3965200
2025-10-22,283.405029296875,289.0904671243842,277.7494832651791,287.3748545950243,7875300
2025-10-23,290.3173522949219,291.11529890342547,281.5298336170219,281.7692115116306,5374800
2025-10-24,295.1051025390625,297.45909685914256,294.6861912097084,295.5739045579102,4621200
2025-10-27,303.30413818359375,304.2317884585505,299.6435190936593,300.66090564459876,5165000
2025-10-28,303.6731872558594,305.1892979139918,301.60846169637733,302.68569260931423,4156400
2025-10-29,308.8100891113281,311.9919525440654,306.1867944530166,309.07938927194635,4503100
2025-10-30,304.6307373046875,310.3261594785085,304.60081506852674,307.1542806866189,4630700
2025-10-31,305.767822265625,310.5256710417268,303.4836871413727,307.91236086971657,5163900
2025-11-03,307.5931701660156,310.95456670640937,306.34635955372045,309.6080051571882,3750800
2025-11-04,295.50408935546875,303.9724170073532,294.79587903502033,299.57366566302943,5288800
2025-11-05,304.6905822753906,308.3811537530523,296.13248788258034,296.4516482555805,4949400
2025-11-06,296.7409362792969,305.10954401769806,294.5964280378261,304.22180021911106,8548300
2025-11-07,293.6288757324219,293.6987044285372,282.866398574879,291.8933251928793,13798600
2025-11-10,301.22943115234375,302.58594642991557,297.7782680470287,301.66831090443134,6030800
2025-11-11,294.39691162109375,299.25448082915085,293.9380938452256,298.27700080402786,5877900
2025-11-12,298.9053955078125,300.9202304529133,296.74091894088826,299.4539799887934,4145000
2025-11-13,288.64166259765625,296.3718887618231,285.7191456888638,295.1849225672449,10980600
2025-11-14,287.7838134765625,292.0528915899778,278.6970727826134,279.9039768741006,7142000
2025-11-17,282.8365173339844,290.78618374610045,279.5249807378842,285.3401230142495,8188700
2025-11-18,276.2733154296875,280.69200528210337,273.3906744559907,278.826781329577,11103100
2025-11-19,280.8914489746094,284.41247129519286,276.1136927207697,277.4303320064613,5108100
2025-11-20,267.41595458984375,289.2500868876629,266.31875512871164,288.1628716524499,13398300
2025-11-21,270.1389465332031,274.05894202093276,259.7754731116286,267.58548097217465,15355900
2025-11-24,281.97869873046875,283.32522983270934,272.9218494454057,273.0814448556835,6424800
2025-11-25,282.8564453125,283.61451594825235,272.0640751777686,278.2482378998244,5942800
2025-11-26,290.64654541015625,293.3296539849447,285.87871215488065,285.98844732320686,5818300
2025-11-28,295.98284912109375,296.2322112384876,291.0853734827132,292.50176370298334,3038000
2025-12-01,296.16241455078125,298.65603573794704,291.7836011350565,292.1227299637456,3933000
2025-12-02,302.0672912597656,304.06218820146773,297.9278861936761,299.68340524308167,5086900
2025-12-03,308.5706481933594,308.7801342914523,300.7007954884989,303.72306317541455,3867100
2025-12-04,305.49853515625,307.48344799417544,303.81284470203224,307.0545524309567,4639700
2025-12-05,308.6105651855469,312.0318062945861,308.14176316479563,308.5108142458675,4338100
2025-12-08,311.9620056152344,313.2786145137754,309.0793648113171,311.13410630599526,3620900
2025-12-09,311.38348388671875,312.0517878148167,308.6504845753844,309.98706199186597,2775300
2025-12-10,315.5228576660156,316.54027457568833,309.7675910154436,311.2139034569882,5093800
2025-12-11,313.71746826171875,313.97681459341294,305.0097629765343,312.0018557499092,6504700
2025-12-12,298.71588134765625,310.80495203867224,297.1997401786761,310.00697499191637,13813600
2025-12-15,297.2496337890625,302.725616250044,296.47162518564596,301.82791869836524,5241800
2025-12-16,295.87713623046875,298.59417248488495,292.76051161286114,296.3865595702072,5850400
2025-12-17,284.9190979003906,297.85496354800097,284.11995164450894,296.9959156177799,10422000
2025-12-18,291.7216796875,296.6362997278696,290.5229755153393,295.3976611051333,6740400
2025-12-19,299.4831848144531,301.3611403674909,294.1789755047091,294.34880360655274,5075000
2025-12-22,303.5087890625,306.6054159381733,302.2201867189359,306.3956533887644,4019000
2025-12-23,304.6275634765625,304.78739272335366,301.0414804888126,301.8805611712324,2708600
2025-12-24,305.8063049316406,306.16589787906133,304.3778405434424,304.6675329628506,1723200
2025-12-26,305.7063903808594,307.20475521149547,304.95720796554133,307.06489319483376,1860900
2025-12-29,304.9871826171875,306.12592406864405,301.5609289243751,303.03929608887347,3620700
2025-12-30,304.587646484375,307.1448536109666,304.3678850679813,305.74635524247225,2984800
2025-12-31,300.82171630859375,305.7862998303242,300.78175137618683,305.3068425786876,2954200
2026-01-02,313.3480529785156,315.46573711611813,308.22364024846746,308.22364024846746,8491300
2026-01-05,317.7132873535156,322.28831186750364,316.5345809617869,320.350424180073,7923200
2026-01-06,327.9920654296875,328.7911811405355,321.6489815902841,321.71891259816863,7579900
2026-01-07,324.5358581542969,325.5947002294894,321.75885931506906,324.6956569151122,4528500
2026-01-08,319.23162841796875,323.83661913945645,316.0551020931036,323.83661913945645,5408300
2026-01-09,328.421630859375,330.3095854049452,320.7599776931166,322.448138043575,7323100
2026-01-12,329.9898986816406,331.01877468146694,325.1751455435241,325.3449736432851,5159600
2026-01-13,332.9366455078125,336.0532698905967,331.5282094256368,332.4871543595574,3835900
2026-01-14,331.5382080078125,331.6281062456559,326.82335180026865,330.6691612243472,5468900
2026-01-15,336.8524169921875,344.17441356549267,336.8524169921875,342.7260124181152,6531500
2026-01-16,342.0966796875,345.03347727529825,339.849132379551,343.1355545343369,5127300
2026-01-20,336.9822998046875,342.8159306367245,335.5938002507585,335.8335593837973,6232600
2026-01-21,347.7605285644531,350.9470232954782,339.9290476415532,341.46737751758496,7204200
2026-01-22,348.2899475097656,354.21347622815716,346.99134627735435,353.9737171095648,4662000
2026-01-23,344.334228515625,347.6506167520828,341.79701927837544,346.01242034212777,4335900
2026-01-26,342.696044921875,345.12338879164196,340.75815717414076,342.91580633092667,4458700
2026-01-27,350.6972961425781,352.8150108694249,346.27213232593283,347.78049612394886,5293600
2026-01-28,360.0670471191406,361.645341802113,356.33113391970403,358.13915836531555,5364000
2026-01-29,360.7363586425781,363.4034311638997,347.34097242419193,360.7862919468406,8446200
2026-01-30,345.9224853515625,359.7973584619527,343.3353123748479,355.6119235521863,8719100
2026-02-02,352.3055419921875,355.7217968460993,341.52729542379893,341.9967843053964,7758000
2026-02-03,345.26324462890625,356.7307111748402,337.7214563276921,355.52203868887693,8371200
2026-02-04,330.0198669433594,345.0135147200375,322.9775336592365,341.8069919019359,15231400
2026-02-05,330.4693603515625,335.104317081992,323.6867838422614,326.1840586795242,10406500
2026-02-06,348.130126953125,349.17897023860553,335.5038901709758,337.0322212213033,9096100
2026-02-09,352.3854675292969,354.3533214364042,343.5051735364893,344.46411859490445,7091400
2026-02-10,351.04693603515625,354.65301700807214,347.74054635458,353.1346542892384,6252400
2026-02-11,359.807373046875,361.8850923116637,351.0169472729237,358.42887245040293,7497000
2026-02-12,351.1168518066406,364.9817269631525,350.667330129806,363.063806422121,9488000
2026-02-13,354.27337646484375,357.22014227672173,348.29988449634504,352.4153882636525,5963000
2026-02-17,353.7140197753906,356.71074962864,344.9435916242535,349.4286875496366,4068900
2026-02-18,357.5298767089844,361.27578916808017,353.2145782398707,355.432159635028,5681200
2026-02-19,355.4521179199219,355.9316056769787,351.3865470503408,353.793923721619,5576400
2026-02-20,359.0381774902344,360.936100200462,352.4153999858997,353.2045473412967,6013600
2026-02-23,356.4310607910156,359.9871778253108,352.46538701322464,357.1802432642685,6339800
2026-02-24,361.6453857421875,364.34242445761436,357.649745733276,361.2058629024621,6206000
2026-02-25,367.5988464355469,368.4179598769912,365.11157051763377,365.8008207934453,4539900
2026-02-26,356.4110412597656,366.0805122905936,350.02802283030746,365.9806152034137,13329100
2026-02-27,351.9059753417969,353.6440688036069,347.96026906398146,349.21890528629126,6250200
2026-03-02,351.6662292480469,351.94592280953987,342.9657322788741,343.41525394184697,7284000
2026-03-03,334.4150695800781,338.940130403604,330.5293257526987,337.721459053473,17946100
2026-03-04,341.1676940917969,343.4352085792139,336.4228720902981,339.5893993864001,10649900
2026-03-05,337.3918151855469,343.34530961170617,330.2096506167518,338.53055661162705,7239300
2026-03-06,323.1573791503906,334.67481006334503,321.13956146980547,328.0420331274356,8733700
2026-03-09,336.0033264160156,336.80247264617753,315.8752975348355,317.9630156188575,9824600
2026-03-10,338.440673828125,345.1833159130734,335.9433989818478,335.9433989818478,7471000
2026-03-11,341.71710205078125,345.0234915553741,340.07890558024485,340.12883888415337,6215100
2026-03-12,329.830078125,337.1820407088323,328.2817798995309,336.97227815538764,8008100
2026-03-13,330.9588317871094,338.03110038914554,329.43050087609294,333.5160386645708,6450800
2026-03-16,337.46173095703125,341.6671637449102,335.9533976799138,338.5206035369273,8018200
2026-03-17,340.0885009765625,340.99807270714285,336.63015179992993,340.3983513953973,4472100
2026-03-18,338.12945556640625,343.2770052675596,338.12945556640625,340.3683826978374,6363900
2026-03-19,340.0385437011719,342.60730072444926,326.60492026339614,328.6039710070759,8292100
2026-03-20,332.3522033691406,341.08804567917144,327.7843649311706,339.5487680090861,9441300
2026-03-23,336.43023681640625,344.76627464739346,334.9609333190287,339.95856011240903,8151000
2026-03-24,340.8581237792969,343.0570917499109,333.4616422920114,333.63157502282417,5287500
2026-03-25,345.08612060546875,347.5149598396036,341.97761146684303,344.0066466691063,5869000
2026-03-26,328.69390869140625,339.72867680229575,328.364048252962,339.28888321976484,10172400
2026-03-27,323.32647705078125,329.7934074024456,322.0070962441604,326.68486764607786,6334800
2026-03-30,309.6429748535156,327.47450390568406,307.1141768716929,326.59491669407726,13204800
2026-03-31,328.5039978027344,329.023739991931,314.73054000964754,315.4501994655849,14036500
2026-04-01,338.37933349609375,342.48736820052335,332.19226890226656,333.33171198332013,10130800
2026-04-02,339.44879150390625,340.2284505645424,324.8757252350349,324.9556738421526,6521000
2026-04-06,343.9366760253906,345.6058662635494,339.75866741970003,341.3578835632289,3105000
2026-04-07,347.5949401855469,347.77484742506584,338.30934128453566,342.8771793852417,4026000
2026-04-08,370.22418212890625,370.97382613855024,361.95811849701164,367.71539425206737,9868700
2026-04-09,378.4502868652344,378.77014229688996,371.12374899289375,371.12374899289375,6036700
2026-04-10,386.41650390625,389.4150799368162,382.4883766269505,382.4883766269505,5596900
2026-04-13,393.1532897949219,393.3831916020246,384.18754636120696,384.697314040695,4377400
2026-04-14,401.049560546875,401.24947782752054,393.3232487497452,397.6511802975618,5202600
2026-04-15,401.66925048828125,401.8991523044615,392.2037745187281,400.11999836624403,5570200
2026-04-16,405.75732421875,407.28659676974786,397.8010805453288,400.40985754590906,4400500
2026-04-17,415.5126953125,415.5327053424718,409.3855997326685,413.18381455287397,5729100
2026-04-20,417.351806640625,418.6611824369548,411.5945612432744,417.231868476548,3493500
2026-04-21,420.5003356933594,423.14907182533904,416.4722496691921,420.2004597802657,3676800
2026-04-22,431.5650634765625,431.95489301727287,422.6193296038903,427.05722474301007,6557600
2026-04-23,440.7906799316406,446.4280175545639,433.83399202732704,435.1333627828044,10812400
2026-04-24,461.38092041015625,463.64983203624064,450.7559607655573,457.3728138849088,9072000
2026-04-27,455.19384765625,462.78024147491686,448.7169123452067,461.53083477547057,8924600
2026-04-28,438.50177001953125,445.92826676005024,431.53507691509674,437.42229603270664,11014900
2026-04-29,449.7763977050781,450.15622221453606,442.2000090539644,445.0486623718062,5972800
2026-04-30,461.2209777832031,461.92065772616195,449.126715004252,455.48371206207474,5170200
2026-05-01,465.5289306640625,466.6883837276979,454.8540072719928,458.2523873533556,4155900
2026-05-04,461.8406982421875,469.38710271876744,457.5927153440783,467.70790738802214,5233100
2026-05-05,482.5008850097656,485.9492291784396,470.0068180875562,470.91638981986426,7203000
2026-05-06,506.6294250488281,506.6993991462492,487.62843779270827,497.7236502426596,9768600
2026-05-07,492.12628173828125,503.4409159073031,487.898309072255,502.6912719023376,9913700
2026-05-08,520.0530395507812,520.2129977739816,502.5113814497932,504.00066449508904,7754500
2026-05-11,532.5071411132812,533.4866564451293,521.412373001929,523.8312683001212,7492600
2026-05-12,515.7450561523438,524.9007421768235,495.47468403825087,520.6027345288228,14660600
2026-05-13,528.0392456054688,531.997388106734,515.6951314581682,527.3695806768088,7346400
2026-05-14,529.7784423828125,532.8769465176091,521.9621469454717,526.2500886686937,5212400
2026-05-15,508.27862548828125,518.5437399624903,506.0197189149972,511.4271547772472,9388200
2026-05-18,495.6346435546875,519.7132367168153,486.68890973704697,517.7741550461965,9999000
2026-05-19,496.50421142578125,505.7998154606904,477.7231521058496,484.1700722962729,12217000
2026-05-20,520.0630493164062,520.2929206323959,506.3095702925315,507.4890334262058,9457600
2026-05-21,524.4609985351562,526.5300234494382,514.7555848660364,517.9240633261002,6749900
2026-05-22,537.0750122070312,541.6328456921393,529.9183760204185,531.6275864546553,7671100
2026-05-26,569.8194580078125,572.6780859896537,555.1463715564813,556.7256387587931,8926200
2026-05-27,563.7122802734375,584.2225597191764,551.6280531075515,584.1026215591813,11412400
2026-05-28,569.19970703125,575.5267199703048,554.5667013657503,564.052187763683,6763900
2026-05-29,568.8099365234375,581.953659040864,564.3320212093649,576.1664288881567,7323900
2026-06-01,571.6585083007812,577.7156292928883,557.1154271124544,563.4024194059227,6999500
2026-06-02,604.7328491210938,605.1526326879875,581.6537818574874,584.8922342430401,7475400
2026-06-03,615.3877563476562,618.546290597516,597.7261606045107,615.9175340628373,8564700
2026-06-04,602.4338989257812,610.9698845899006,577.2658575468018,587.3611003406327,11445300
2026-06-05,539.5138549804688,580.2245057777428,539.3139376954141,577.5857440298778,22377300
2026-06-08,571.1787719726562,581.1040513515906,560.5237976059141,569.4995767097674,12843000
2026-06-09,561.8732299804688,588.3006843251578,521.9921416223493,585.1721649037813,24548100
2026-06-10,541.2529907226562,572.2382770697443,539.1239968125066,551.3981365842004,16672200
2026-06-11,586.6514282226562,587.720927707765,554.5466776644209,555.1563735091632,12295400
2026-06-12,595.9669799804688,602.4039255671719,578.2554203573512,583.8327277927153,9928200
2026-06-15,628.4500122070312,629.719970703125,618.4500122070312,622.6099853515625,8170800
2026-06-16,591.239990234375,629.6400146484375,590.6300048828125,623.8400268554688,11204900
2026-06-17,599.72998046875,621.989990234375,598.9500122070312,611.5599975585938,8948400
2026-06-18,639.4500122070312,644.4299926757812,626.1500244140625,626.52001953125,9666000
2026-06-22,655.010009765625,655.9500122070312,643.9299926757812,653.9600219726562,7782700
2026-06-23,603.3900146484375,619.9400024414062,598.1900024414062,607.6400146484375,12712200
2026-06-24,601.5,609.6900024414062,586.6599731445312,606.1900024414062,9230700
2026-06-25,625.2000122070312,638.469970703125,598.8300170898438,637.3300170898438,12713200
2026-06-26,589.9400024414062,605.8900146484375,588.510009765625,601.4400024414062,11017500
2026-06-29,614.3499755859375,615.3499755859375,571.5999755859375,593.7100219726562,11036800
2026-06-30,640.760009765625,644.9400024414062,616.1500244140625,616.1500244140625,10112600
2026-07-01,599.7000122070312,622.8900146484375,597.8800048828125,616.8200073242188,9983000
2026-07-02,566.3200073242188,608.1099853515625,554.9099731445312,601.239990234375,16092600
